District,Timestamp,Latitude,Longitude,Temperature,Humidity,WindSpeed,WeatherCode,Rainfall_1Day,Rainfall_3Day,Rainfall_7Day,Rainfall_7Day_Avg,CoastalVulnerability,WaveHeightMax,DamsQuality,RiverDischarge,Urbanization,OsmType,Deforestation,SoilMoisture,DrainageSystems,Elevation,Source,DamName,RiverBasin,DamDischarge,DamStatus
Coimbatore,2026-08-18 13:55:19,11.0168,76.9558,31.3,75,17.4,95,7.3,0.5,20.3,2.9,1.0,0.0,6.5,0.17,9.0,administrative,4.52,0.74,7.5,431.0,"All 5 Live APIs (Static Baseline (Inland District), Open-Meteo Flood REST API (Live Ingested), OpenStreetMap Nominatim REST API (Live Ingested), NASA POWER Satellite REST API (Live Ingested), Open-Meteo Elevation REST API (Live Ingested))",,,,
Chennai,2026-08-18 13:55:24,13.0827,80.2707,35.4,75,2.7,3,8.5,4.9,17.6,2.51,10.0,1.18,3.9,5.0,10.0,administrative,2.34,0.83,2.5,12.0,"All 5 Live APIs (Open-Meteo Marine REST API (Live Ingested), Open-Meteo Flood REST API (Live Ingested), OpenStreetMap Nominatim REST API (Live Ingested), NASA POWER Satellite REST API (Live Ingested), Open-Meteo Elevation REST API (Live Ingested))",,,,
Madurai,2026-08-18 13:55:27,9.9252,78.1198,37.0,75,4.8,1,0.0,0.5,14.7,2.1,1.0,0.0,5.48,1.17,8.5,suburb,3.54,0.73,5.0,141.0,"All 5 Live APIs (Static Baseline (Inland District), Open-Meteo Flood REST API (Live Ingested), OpenStreetMap Nominatim REST API (Live Ingested), NASA POWER Satellite REST API (Live Ingested), Open-Meteo Elevation REST API (Live Ingested))",,,,
Salem,2026-08-18 13:55:31,11.6643,78.146,33.5,75,5.4,2,1.4,1.9,17.9,2.56,1.0,0.0,6.97,1.33,8.0,quarter,4.92,0.54,7.0,284.0,"All 5 Live APIs (Static Baseline (Inland District), Open-Meteo Flood REST API (Live Ingested), OpenStreetMap Nominatim REST API (Live Ingested), NASA POWER Satellite REST API (Live Ingested), Open-Meteo Elevation REST API (Live Ingested))",,,,
Erode,2026-08-18 13:55:37,11.341,77.7172,38.0,75,7.3,2,1.2,3.1,13.3,1.9,1.0,0.0,1.72,238.88,7.5,suburb,4.48,0.51,6.0,177.0,"All 5 Live APIs (Static Baseline (Inland District), Open-Meteo Flood REST API (Live Ingested), OpenStreetMap Nominatim REST API (Live Ingested), NASA POWER Satellite REST API (Live Ingested), Open-Meteo Elevation REST API (Live Ingested))",,,,
Tiruchirappalli,2026-08-18 13:55:43,10.7905,78.7047,37.8,75,14.2,1,1.5,1.8,7.8,1.11,1.0,0.0,5.99,0.56,8.0,administrative,3.86,0.57,5.5,80.0,"All 5 Live APIs (Static Baseline (Inland District), Open-Meteo Flood REST API (Live Ingested), OpenStreetMap Nominatim REST API (Live Ingested), NASA POWER Satellite REST API (Live Ingested), Open-Meteo Elevation REST API (Live Ingested))",,,,
Tirunelveli,2026-08-18 13:55:49,8.7139,77.7567,38.0,75,17.2,1,0.6,0.4,16.0,2.29,4.75,0.5,5.91,4.36,7.0,suburb,4.34,0.83,5.0,50.0,"All 5 Live APIs (Open-Meteo Marine REST API (Live Ingested), Open-Meteo Flood REST API (Live Ingested), OpenStreetMap Nominatim REST API (Live Ingested), NASA POWER Satellite REST API (Live Ingested), Open-Meteo Elevation REST API (Live Ingested))",,,,
Vellore,2026-08-18 13:55:53,12.9165,79.1325,36.0,75,10.9,2,2.6,5.3,13.0,1.86,1.0,0.0,5.0,0.14,7.5,suburb,3.58,0.71,6.0,218.0,"All 5 Live APIs (Static Baseline (Inland District), Open-Meteo Flood REST API (Live Ingested), OpenStreetMap Nominatim REST API (Live Ingested), NASA POWER Satellite REST API (Live Ingested), Open-Meteo Elevation REST API (Live Ingested))",,,,
Thanjavur,2026-08-18 13:56:03,10.787,79.1378,35.3,75,11.2,0,1.1,1.0,4.9,0.7,7.25,0.5,5.5,0.0,6.5,suburb,3.18,0.66,4.5,59.0,"All 5 Live APIs (Open-Meteo Marine REST API (Live Ingested), Static Baseline (Fallback), OpenStreetMap Nominatim REST API (Live Ingested), NASA POWER Satellite REST API (Live Ingested), Open-Meteo Elevation REST API (Live Ingested))",,,,
Kanchipuram,2026-08-18 13:56:06,12.8342,79.7036,35.3,75,9.7,0,2.3,1.8,3.1,0.44,4.0,0.0,5.0,0.02,6.0,village,3.34,0.83,5.0,88.0,"All 5 Live APIs (Static Baseline (Inland District), Open-Meteo Flood REST API (Live Ingested), OpenStreetMap Nominatim REST API (Live Ingested), NASA POWER Satellite REST API (Live Ingested), Open-Meteo Elevation REST API (Live Ingested))",,,,
Cuddalore,2026-08-18 13:56:11,11.748,79.7714,33.9,75,6.3,3,3.3,2.1,7.2,1.03,9.37,0.58,4.4,5.0,7.0,suburb,3.84,0.83,3.0,7.0,"All 5 Live APIs (Open-Meteo Marine REST API (Live Ingested), Open-Meteo Flood REST API (Live Ingested), OpenStreetMap Nominatim REST API (Live Ingested), NASA POWER Satellite REST API (Live Ingested), Open-Meteo Elevation REST API (Live Ingested))",,,,
Tiruppur,2026-08-18 13:56:16,11.1085,77.3411,35.4,75,13.6,1,1.8,4.0,10.8,1.54,1.0,0.0,5.95,2.36,8.5,suburb,4.38,0.56,6.5,304.0,"All 5 Live APIs (Static Baseline (Inland District), Open-Meteo Flood REST API (Live Ingested), OpenStreetMap Nominatim REST API (Live Ingested), NASA POWER Satellite REST API (Live Ingested), Open-Meteo Elevation REST API (Live Ingested))",,,,
Dindigul,2026-08-18 13:56:21,10.3673,77.9803,37.1,75,2.3,0,0.8,2.5,30.3,4.33,1.0,0.0,5.99,0.28,4.5,village,5.74,0.63,6.5,284.0,"All 5 Live APIs (Static Baseline (Inland District), Open-Meteo Flood REST API (Live Ingested), OpenStreetMap Nominatim REST API (Live Ingested), NASA POWER Satellite REST API (Live Ingested), Open-Meteo Elevation REST API (Live Ingested))",,,,
Kanyakumari,2026-08-18 13:56:27,8.1833,77.4119,33.2,75,25.2,1,0.6,9.0,24.6,3.51,10.0,1.86,5.45,2.28,7.5,suburb,5.54,0.73,5.0,58.0,"All 5 Live APIs (Open-Meteo Marine REST API (Live Ingested), Open-Meteo Flood REST API (Live Ingested), OpenStreetMap Nominatim REST API (Live Ingested), NASA POWER Satellite REST API (Live Ingested), Open-Meteo Elevation REST API (Live Ingested))",,,,
Nagapattinam,2026-08-18 13:56:33,10.7672,79.8449,35.4,75,9.4,0,1.0,5.8,11.1,1.59,9.9,0.6,3.98,0.81,4.0,hamlet,2.84,0.83,2.5,7.0,"All 5 Live APIs (Open-Meteo Marine REST API (Live Ingested), Open-Meteo Flood REST API (Live Ingested), OpenStreetMap Nominatim REST API (Live Ingested), NASA POWER Satellite REST API (Live Ingested), Open-Meteo Elevation REST API (Live Ingested))",,,,
Thoothukudi,2026-08-18 13:56:37,8.7642,78.1348,36.6,75,5.9,61,3.3,2.8,18.4,2.63,10.0,1.22,4.99,0.52,7.5,suburb,2.46,0.77,3.5,3.0,"All 5 Live APIs (Open-Meteo Marine REST API (Live Ingested), Open-Meteo Flood REST API (Live Ingested), OpenStreetMap Nominatim REST API (Live Ingested), NASA POWER Satellite REST API (Live Ingested), Open-Meteo Elevation REST API (Live Ingested))",,,,
Ramanathapuram,2026-08-18 13:56:42,9.3639,78.8318,34.1,75,18.2,1,0.2,5.5,17.2,2.46,10.0,1.0,3.96,1.77,5.0,town,2.44,0.78,3.0,11.0,"All 5 Live APIs (Open-Meteo Marine REST API (Live Ingested), Open-Meteo Flood REST API (Live Ingested), OpenStreetMap Nominatim REST API (Live Ingested), NASA POWER Satellite REST API (Live Ingested), Open-Meteo Elevation REST API (Live Ingested))",,,,
Dharmapuri,2026-08-18 13:56:46,12.1211,78.1582,34.9,75,17.3,3,1.4,3.3,11.5,1.64,1.0,0.0,5.0,0.02,5.5,city,4.96,0.52,6.5,461.0,"All 5 Live APIs (Static Baseline (Inland District), Open-Meteo Flood REST API (Live Ingested), OpenStreetMap Nominatim REST API (Live Ingested), NASA POWER Satellite REST API (Live Ingested), Open-Meteo Elevation REST API (Live Ingested))",,,,
Krishnagiri,2026-08-18 13:56:50,12.5186,78.2137,33.6,75,19.0,3,0.8,2.7,12.3,1.76,1.0,0.0,5.5,0.08,4.0,village,5.12,0.44,7.0,489.0,"All 5 Live APIs (Static Baseline (Inland District), Open-Meteo Flood REST API (Live Ingested), OpenStreetMap Nominatim REST API (Live Ingested), NASA POWER Satellite REST API (Live Ingested), Open-Meteo Elevation REST API (Live Ingested))",,,,
Karur,2026-08-18 13:56:55,10.9601,78.0766,37.8,75,15.1,1,0.1,9.1,12.8,1.83,1.0,0.0,5.38,5.84,6.0,suburb,3.38,0.56,5.5,128.0,"All 5 Live APIs (Static Baseline (Inland District), Open-Meteo Flood REST API (Live Ingested), OpenStreetMap Nominatim REST API (Live Ingested), NASA POWER Satellite REST API (Live Ingested), Open-Meteo Elevation REST API (Live Ingested))",,,,
Namakkal,2026-08-18 13:56:59,11.2189,78.1674,34.5,75,6.6,1,0.9,0.8,20.0,2.86,1.0,0.0,5.49,0.37,6.5,suburb,3.88,0.56,6.0,200.0,"All 5 Live APIs (Static Baseline (Inland District), Open-Meteo Flood REST API (Live Ingested), OpenStreetMap Nominatim REST API (Live Ingested), NASA POWER Satellite REST API (Live Ingested), Open-Meteo Elevation REST API (Live Ingested))",,,,
Pudukkottai,2026-08-18 13:57:06,10.3797,78.8202,35.0,75,6.4,1,0.6,1.0,16.1,2.3,6.75,0.5,5.0,0.03,5.5,administrative,3.76,0.62,4.5,100.0,"All 5 Live APIs (Open-Meteo Marine REST API (Live Ingested), Open-Meteo Flood REST API (Live Ingested), OpenStreetMap Nominatim REST API (Live Ingested), NASA POWER Satellite REST API (Live Ingested), Open-Meteo Elevation REST API (Live Ingested))",,,,
Sivaganga,2026-08-18 13:57:09,9.8433,78.4809,35.6,75,6.0,1,0.7,1.2,7.8,1.11,4.0,0.0,5.0,0.0,5.0,town,3.5,0.75,4.5,99.0,"All 5 Live APIs (Static Baseline (Inland District), Open-Meteo Flood REST API (Live Ingested), OpenStreetMap Nominatim REST API (Live Ingested), NASA POWER Satellite REST API (Live Ingested), Open-Meteo Elevation REST API (Live Ingested))",,,,
Theni,2026-08-18 13:57:14,10.0104,77.4768,35.4,75,0.3,1,0.0,6.6,24.7,3.53,1.0,0.0,6.46,2.16,5.5,suburb,6.44,0.78,7.0,298.0,"All 5 Live APIs (Static Baseline (Inland District), Open-Meteo Flood REST API (Live Ingested), OpenStreetMap Nominatim REST API (Live Ingested), NASA POWER Satellite REST API (Live Ingested), Open-Meteo Elevation REST API (Live Ingested))",,,,
Tiruvallur,2026-08-18 13:57:20,13.1432,79.907,36.5,75,9.7,3,3.4,4.7,8.7,1.24,8.25,0.5,4.99,0.39,8.0,suburb,3.34,0.83,4.0,46.0,"All 5 Live APIs (Open-Meteo Marine REST API (Live Ingested), Open-Meteo Flood REST API (Live Ingested), OpenStreetMap Nominatim REST API (Live Ingested), NASA POWER Satellite REST API (Live Ingested), Open-Meteo Elevation REST API (Live Ingested))",,,,
Tiruvannamalai,2026-08-18 13:57:25,12.2253,79.0747,35.1,75,11.4,3,4.1,7.8,17.7,2.53,1.0,0.0,4.99,0.56,5.5,town,4.2,0.65,5.0,173.0,"All 5 Live APIs (Static Baseline (Inland District), Open-Meteo Flood REST API (Live Ingested), OpenStreetMap Nominatim REST API (Live Ingested), NASA POWER Satellite REST API (Live Ingested), Open-Meteo Elevation REST API (Live Ingested))",,,,
Tiruvarur,2026-08-18 13:57:29,10.7709,79.6366,35.1,75,10.7,0,0.1,1.7,3.9,0.56,8.75,0.5,4.49,0.66,3.5,hamlet,2.68,0.66,3.0,12.0,"All 5 Live APIs (Open-Meteo Marine REST API (Live Ingested), Open-Meteo Flood REST API (Live Ingested), OpenStreetMap Nominatim REST API (Live Ingested), NASA POWER Satellite REST API (Live Ingested), Open-Meteo Elevation REST API (Live Ingested))",,,,
Viluppuram,2026-08-18 13:57:35,11.9401,79.4861,34.1,75,7.8,3,4.5,1.3,12.3,1.76,7.75,0.5,4.49,0.49,5.5,town,3.7,0.65,4.5,48.0,"All 5 Live APIs (Open-Meteo Marine REST API (Live Ingested), Open-Meteo Flood REST API (Live Ingested), OpenStreetMap Nominatim REST API (Live Ingested), NASA POWER Satellite REST API (Live Ingested), Open-Meteo Elevation REST API (Live Ingested))",,,,
Virudhunagar,2026-08-18 13:57:39,9.5872,77.9624,38.7,75,7.6,1,1.3,1.9,43.3,6.19,1.0,0.0,5.0,0.02,4.5,village,3.48,0.76,5.0,101.0,"All 5 Live APIs (Static Baseline (Inland District), Open-Meteo Flood REST API (Live Ingested), OpenStreetMap Nominatim REST API (Live Ingested), NASA POWER Satellite REST API (Live Ingested), Open-Meteo Elevation REST API (Live Ingested))",,,,
Ariyalur,2026-08-18 13:57:44,11.1401,79.0782,35.3,75,8.8,1,0.1,1.3,7.0,1.0,1.0,0.0,4.5,0.03,3.0,hamlet,3.68,0.66,5.0,84.0,"All 5 Live APIs (Static Baseline (Inland District), Open-Meteo Flood REST API (Live Ingested), OpenStreetMap Nominatim REST API (Live Ingested), NASA POWER Satellite REST API (Live Ingested), Open-Meteo Elevation REST API (Live Ingested))",,,,
Perambalur,2026-08-18 13:57:48,11.2342,78.882,35.6,75,4.8,3,0.0,1.7,10.9,1.56,1.0,0.0,4.5,0.25,4.5,town,3.86,0.57,5.0,123.0,"All 5 Live APIs (Static Baseline (Inland District), Open-Meteo Flood REST API (Live Ingested), OpenStreetMap Nominatim REST API (Live Ingested), NASA POWER Satellite REST API (Live Ingested), Open-Meteo Elevation REST API (Live Ingested))",,,,
Nilgiris,2026-08-18 13:57:53,11.4102,76.695,19.1,75,9.4,53,4.2,0.8,18.8,2.69,1.0,0.0,6.0,0.2,3.0,village,8.24,0.63,7.0,2235.0,"All 5 Live APIs (Static Baseline (Inland District), Open-Meteo Flood REST API (Live Ingested), OpenStreetMap Nominatim REST API (Live Ingested), NASA POWER Satellite REST API (Live Ingested), Open-Meteo Elevation REST API (Live Ingested))",,,,
Ranipet,2026-08-18 13:57:57,12.9296,79.3333,35.9,75,8.2,2,2.6,6.7,10.5,1.5,1.0,0.0,5.0,0.19,6.5,quarter,3.58,0.71,5.0,173.0,"All 5 Live APIs (Static Baseline (Inland District), Open-Meteo Flood REST API (Live Ingested), OpenStreetMap Nominatim REST API (Live Ingested), NASA POWER Satellite REST API (Live Ingested), Open-Meteo Elevation REST API (Live Ingested))",,,,
Tirupathur,2026-08-18 13:58:02,12.4929,78.5678,34.7,75,15.0,3,5.7,4.8,17.2,2.46,1.0,0.0,5.0,0.05,4.0,village,4.32,0.59,6.0,392.0,"All 5 Live APIs (Static Baseline (Inland District), Open-Meteo Flood REST API (Live Ingested), OpenStreetMap Nominatim REST API (Live Ingested), NASA POWER Satellite REST API (Live Ingested), Open-Meteo Elevation REST API (Live Ingested))",,,,
Chengalpattu,2026-08-18 13:58:08,12.6921,79.9777,34.1,75,8.9,2,7.4,0.5,4.1,0.59,8.75,0.5,5.0,0.14,8.5,suburb,3.46,0.77,4.0,52.0,"All 5 Live APIs (Open-Meteo Marine REST API (Live Ingested), Open-Meteo Flood REST API (Live Ingested), OpenStreetMap Nominatim REST API (Live Ingested), NASA POWER Satellite REST API (Live Ingested), Open-Meteo Elevation REST API (Live Ingested))",,,,
Kallakurichi,2026-08-18 13:58:12,11.7384,78.9639,34.0,75,3.4,2,1.4,2.6,7.6,1.09,1.0,0.0,4.5,0.17,5.0,town,4.36,0.57,5.0,131.0,"All 5 Live APIs (Static Baseline (Inland District), Open-Meteo Flood REST API (Live Ingested), OpenStreetMap Nominatim REST API (Live Ingested), NASA POWER Satellite REST API (Live Ingested), Open-Meteo Elevation REST API (Live Ingested))",,,,
Tenkasi,2026-08-18 13:58:17,8.9593,77.3149,30.3,75,23.1,1,1.2,11.4,21.1,3.01,1.0,0.0,5.43,3.36,3.5,village,4.86,0.82,5.5,168.0,"All 5 Live APIs (Static Baseline (Inland District), Open-Meteo Flood REST API (Live Ingested), OpenStreetMap Nominatim REST API (Live Ingested), NASA POWER Satellite REST API (Live Ingested), Open-Meteo Elevation REST API (Live Ingested))",,,,
Mayiladuthurai,2026-08-18 13:58:24,11.1018,79.6522,34.4,75,7.2,0,0.2,0.0,12.5,1.79,9.25,0.5,3.99,0.42,6.0,suburb,3.18,0.66,3.0,17.0,"All 5 Live APIs (Open-Meteo Marine REST API (Live Ingested), Open-Meteo Flood REST API (Live Ingested), OpenStreetMap Nominatim REST API (Live Ingested), NASA POWER Satellite REST API (Live Ingested), Open-Meteo Elevation REST API (Live Ingested))",,,,
Coimbatore,2026-08-18 13:55:17,11.0168,76.9558,31.3,75,17.4,95,7.3,0.5,20.3,2.9,1.0,0.0,6.5,0.17,9.0,administrative,4.52,0.74,7.5,431.0,"All 5 Live APIs (Static Baseline (Inland District), Open-Meteo Flood REST API (Live Ingested), OpenStreetMap Nominatim REST API (Live Ingested), NASA POWER Satellite REST API (Live Ingested), Open-Meteo Elevation REST API (Live Ingested))",,,,
Chennai,2026-08-18 13:55:23,13.0827,80.2707,35.4,75,2.7,3,8.5,4.9,17.6,2.51,10.0,1.18,3.9,5.0,10.0,administrative,2.34,0.83,2.5,12.0,"All 5 Live APIs (Open-Meteo Marine REST API (Live Ingested), Open-Meteo Flood REST API (Live Ingested), OpenStreetMap Nominatim REST API (Live Ingested), NASA POWER Satellite REST API (Live Ingested), Open-Meteo Elevation REST API (Live Ingested))",,,,
Madurai,2026-08-18 13:55:27,9.9252,78.1198,37.0,75,4.8,1,0.0,0.5,14.7,2.1,1.0,0.0,5.48,1.17,8.5,suburb,3.54,0.73,5.0,141.0,"All 5 Live APIs (Static Baseline (Inland District), Open-Meteo Flood REST API (Live Ingested), OpenStreetMap Nominatim REST API (Live Ingested), NASA POWER Satellite REST API (Live Ingested), Open-Meteo Elevation REST API (Live Ingested))",,,,
Salem,2026-08-18 13:55:31,11.6643,78.146,33.5,75,5.4,2,1.4,1.9,17.9,2.56,1.0,0.0,6.97,1.33,8.0,quarter,4.92,0.54,7.0,284.0,"All 5 Live APIs (Static Baseline (Inland District), Open-Meteo Flood REST API (Live Ingested), OpenStreetMap Nominatim REST API (Live Ingested), NASA POWER Satellite REST API (Live Ingested), Open-Meteo Elevation REST API (Live Ingested))",,,,
Erode,2026-08-18 13:55:38,11.341,77.7172,38.0,75,7.3,2,1.2,3.1,13.3,1.9,1.0,0.0,1.72,238.88,7.5,suburb,4.48,0.51,6.0,177.0,"All 5 Live APIs (Static Baseline (Inland District), Open-Meteo Flood REST API (Live Ingested), OpenStreetMap Nominatim REST API (Live Ingested), NASA POWER Satellite REST API (Live Ingested), Open-Meteo Elevation REST API (Live Ingested))",,,,
Tiruchirappalli,2026-08-18 13:55:43,10.7905,78.7047,37.8,75,14.2,1,1.5,1.8,7.8,1.11,1.0,0.0,5.99,0.56,8.0,administrative,3.86,0.57,5.5,80.0,"All 5 Live APIs (Static Baseline (Inland District), Open-Meteo Flood REST API (Live Ingested), OpenStreetMap Nominatim REST API (Live Ingested), NASA POWER Satellite REST API (Live Ingested), Open-Meteo Elevation REST API (Live Ingested))",,,,
Tirunelveli,2026-08-18 13:55:49,8.7139,77.7567,38.0,75,17.2,1,0.6,0.4,16.0,2.29,4.75,0.5,5.91,4.36,7.0,suburb,4.34,0.83,5.0,50.0,"All 5 Live APIs (Open-Meteo Marine REST API (Live Ingested), Open-Meteo Flood REST API (Live Ingested), OpenStreetMap Nominatim REST API (Live Ingested), NASA POWER Satellite REST API (Live Ingested), Open-Meteo Elevation REST API (Live Ingested))",,,,
Vellore,2026-08-18 13:55:53,12.9165,79.1325,36.0,75,10.9,2,2.6,5.3,13.0,1.86,1.0,0.0,5.0,0.14,7.5,suburb,3.58,0.71,6.0,218.0,"All 5 Live APIs (Static Baseline (Inland District), Open-Meteo Flood REST API (Live Ingested), OpenStreetMap Nominatim REST API (Live Ingested), NASA POWER Satellite REST API (Live Ingested), Open-Meteo Elevation REST API (Live Ingested))",,,,
Thanjavur,2026-08-18 13:55:59,10.787,79.1378,35.3,75,11.2,0,1.1,1.0,4.9,0.7,7.25,0.5,5.48,0.83,6.5,suburb,3.18,0.66,4.5,59.0,"All 5 Live APIs (Open-Meteo Marine REST API (Live Ingested), Open-Meteo Flood REST API (Live Ingested), OpenStreetMap Nominatim REST API (Live Ingested), NASA POWER Satellite REST API (Live Ingested), Open-Meteo Elevation REST API (Live Ingested))",,,,
Kanchipuram,2026-08-18 13:56:04,12.8342,79.7036,35.3,75,9.7,0,2.3,1.8,3.1,0.44,4.0,0.0,5.0,0.02,6.0,village,3.34,0.83,5.0,88.0,"All 5 Live APIs (Static Baseline (Inland District), Open-Meteo Flood REST API (Live Ingested), OpenStreetMap Nominatim REST API (Live Ingested), NASA POWER Satellite REST API (Live Ingested), Open-Meteo Elevation REST API (Live Ingested))",,,,
Cuddalore,2026-08-18 13:56:09,11.748,79.7714,33.9,75,6.3,3,3.3,2.1,7.2,1.03,9.37,0.58,4.4,5.0,7.0,suburb,3.84,0.83,3.0,7.0,"All 5 Live APIs (Open-Meteo Marine REST API (Live Ingested), Open-Meteo Flood REST API (Live Ingested), OpenStreetMap Nominatim REST API (Live Ingested), NASA POWER Satellite REST API (Live Ingested), Open-Meteo Elevation REST API (Live Ingested))",,,,
Tiruppur,2026-08-18 13:56:15,11.1085,77.3411,35.4,75,13.6,1,1.8,4.0,10.8,1.54,1.0,0.0,5.95,2.36,8.5,suburb,4.38,0.56,6.5,304.0,"All 5 Live APIs (Static Baseline (Inland District), Open-Meteo Flood REST API (Live Ingested), OpenStreetMap Nominatim REST API (Live Ingested), NASA POWER Satellite REST API (Live Ingested), Open-Meteo Elevation REST API (Live Ingested))",,,,
Dindigul,2026-08-18 13:56:21,10.3673,77.9803,37.1,75,2.3,0,0.8,2.5,30.3,4.33,1.0,0.0,5.99,0.28,4.5,village,5.74,0.63,6.5,284.0,"All 5 Live APIs (Static Baseline (Inland District), Open-Meteo Flood REST API (Live Ingested), OpenStreetMap Nominatim REST API (Live Ingested), NASA POWER Satellite REST API (Live Ingested), Open-Meteo Elevation REST API (Live Ingested))",,,,
Kanyakumari,2026-08-18 13:56:28,8.1833,77.4119,33.2,75,25.2,1,0.6,9.0,24.6,3.51,10.0,1.86,5.45,2.28,7.5,suburb,5.54,0.73,5.0,58.0,"All 5 Live APIs (Open-Meteo Marine REST API (Live Ingested), Open-Meteo Flood REST API (Live Ingested), OpenStreetMap Nominatim REST API (Live Ingested), NASA POWER Satellite REST API (Live Ingested), Open-Meteo Elevation REST API (Live Ingested))",,,,
Nagapattinam,2026-08-18 13:56:33,10.7672,79.8449,35.4,75,9.4,0,1.0,5.8,11.1,1.59,9.9,0.6,3.98,0.81,4.0,hamlet,2.84,0.83,2.5,7.0,"All 5 Live APIs (Open-Meteo Marine REST API (Live Ingested), Open-Meteo Flood REST API (Live Ingested), OpenStreetMap Nominatim REST API (Live Ingested), NASA POWER Satellite REST API (Live Ingested), Open-Meteo Elevation REST API (Live Ingested))",,,,
Thoothukudi,2026-08-18 13:56:38,8.7642,78.1348,36.6,75,5.9,61,3.3,2.8,18.4,2.63,10.0,1.22,4.99,0.52,7.5,suburb,2.46,0.77,3.5,3.0,"All 5 Live APIs (Open-Meteo Marine REST API (Live Ingested), Open-Meteo Flood REST API (Live Ingested), OpenStreetMap Nominatim REST API (Live Ingested), NASA POWER Satellite REST API (Live Ingested), Open-Meteo Elevation REST API (Live Ingested))",,,,
Ramanathapuram,2026-08-18 13:56:43,9.3639,78.8318,34.1,75,18.2,1,0.2,5.5,17.2,2.46,10.0,1.0,3.96,1.77,5.0,town,2.44,0.78,3.0,11.0,"All 5 Live APIs (Open-Meteo Marine REST API (Live Ingested), Open-Meteo Flood REST API (Live Ingested), OpenStreetMap Nominatim REST API (Live Ingested), NASA POWER Satellite REST API (Live Ingested), Open-Meteo Elevation REST API (Live Ingested))",,,,
Dharmapuri,2026-08-18 13:56:46,12.1211,78.1582,34.9,75,17.3,3,1.4,3.3,11.5,1.64,1.0,0.0,5.0,0.02,5.5,city,4.96,0.52,6.5,461.0,"All 5 Live APIs (Static Baseline (Inland District), Open-Meteo Flood REST API (Live Ingested), OpenStreetMap Nominatim REST API (Live Ingested), NASA POWER Satellite REST API (Live Ingested), Open-Meteo Elevation REST API (Live Ingested))",,,,
Krishnagiri,2026-08-18 13:56:50,12.5186,78.2137,33.6,75,19.0,3,0.8,2.7,12.3,1.76,1.0,0.0,5.5,0.08,4.0,village,5.12,0.44,7.0,489.0,"All 5 Live APIs (Static Baseline (Inland District), Open-Meteo Flood REST API (Live Ingested), OpenStreetMap Nominatim REST API (Live Ingested), NASA POWER Satellite REST API (Live Ingested), Open-Meteo Elevation REST API (Live Ingested))",,,,
Karur,2026-08-18 13:56:55,10.9601,78.0766,37.8,75,15.1,1,0.1,9.1,12.8,1.83,1.0,0.0,5.38,5.84,6.0,suburb,3.38,0.56,5.5,128.0,"All 5 Live APIs (Static Baseline (Inland District), Open-Meteo Flood REST API (Live Ingested), OpenStreetMap Nominatim REST API (Live Ingested), NASA POWER Satellite REST API (Live Ingested), Open-Meteo Elevation REST API (Live Ingested))",,,,
Namakkal,2026-08-18 13:56:59,11.2189,78.1674,34.5,75,6.6,1,0.9,0.8,20.0,2.86,1.0,0.0,5.49,0.37,6.5,suburb,3.88,0.56,6.0,200.0,"All 5 Live APIs (Static Baseline (Inland District), Open-Meteo Flood REST API (Live Ingested), OpenStreetMap Nominatim REST API (Live Ingested), NASA POWER Satellite REST API (Live Ingested), Open-Meteo Elevation REST API (Live Ingested))",,,,
Pudukkottai,2026-08-18 13:57:05,10.3797,78.8202,35.0,75,6.4,1,0.6,1.0,16.1,2.3,6.75,0.5,5.0,0.03,5.5,administrative,3.76,0.62,4.5,100.0,"All 5 Live APIs (Open-Meteo Marine REST API (Live Ingested), Open-Meteo Flood REST API (Live Ingested), OpenStreetMap Nominatim REST API (Live Ingested), NASA POWER Satellite REST API (Live Ingested), Open-Meteo Elevation REST API (Live Ingested))",,,,
Sivaganga,2026-08-18 13:57:10,9.8433,78.4809,35.6,75,6.0,1,0.7,1.2,7.8,1.11,4.0,0.0,5.0,0.0,5.0,town,3.5,0.75,4.5,99.0,"All 5 Live APIs (Static Baseline (Inland District), Open-Meteo Flood REST API (Live Ingested), OpenStreetMap Nominatim REST API (Live Ingested), NASA POWER Satellite REST API (Live Ingested), Open-Meteo Elevation REST API (Live Ingested))",,,,
Theni,2026-08-18 13:57:14,10.0104,77.4768,35.4,75,0.3,1,0.0,6.6,24.7,3.53,1.0,0.0,6.46,2.16,5.5,suburb,6.44,0.78,7.0,298.0,"All 5 Live APIs (Static Baseline (Inland District), Open-Meteo Flood REST API (Live Ingested), OpenStreetMap Nominatim REST API (Live Ingested), NASA POWER Satellite REST API (Live Ingested), Open-Meteo Elevation REST API (Live Ingested))",,,,
Tiruvallur,2026-08-18 13:57:20,13.1432,79.907,36.5,75,9.7,3,3.4,4.7,8.7,1.24,8.25,0.5,4.99,0.39,8.0,suburb,3.34,0.83,4.0,46.0,"All 5 Live APIs (Open-Meteo Marine REST API (Live Ingested), Open-Meteo Flood REST API (Live Ingested), OpenStreetMap Nominatim REST API (Live Ingested), NASA POWER Satellite REST API (Live Ingested), Open-Meteo Elevation REST API (Live Ingested))",,,,
Tiruvannamalai,2026-08-18 13:57:25,12.2253,79.0747,35.1,75,11.4,3,4.1,7.8,17.7,2.53,1.0,0.0,4.99,0.56,5.5,town,4.2,0.65,5.0,173.0,"All 5 Live APIs (Static Baseline (Inland District), Open-Meteo Flood REST API (Live Ingested), OpenStreetMap Nominatim REST API (Live Ingested), NASA POWER Satellite REST API (Live Ingested), Open-Meteo Elevation REST API (Live Ingested))",,,,
Tiruvarur,2026-08-18 13:57:29,10.7709,79.6366,35.1,75,10.7,0,0.1,1.7,3.9,0.56,8.75,0.5,4.49,0.66,3.5,hamlet,2.68,0.66,3.0,12.0,"All 5 Live APIs (Open-Meteo Marine REST API (Live Ingested), Open-Meteo Flood REST API (Live Ingested), OpenStreetMap Nominatim REST API (Live Ingested), NASA POWER Satellite REST API (Live Ingested), Open-Meteo Elevation REST API (Live Ingested))",,,,
Viluppuram,2026-08-18 13:57:34,11.9401,79.4861,34.1,75,7.8,3,4.5,1.3,12.3,1.76,7.75,0.5,4.49,0.49,5.5,town,3.7,0.65,4.5,48.0,"All 5 Live APIs (Open-Meteo Marine REST API (Live Ingested), Open-Meteo Flood REST API (Live Ingested), OpenStreetMap Nominatim REST API (Live Ingested), NASA POWER Satellite REST API (Live Ingested), Open-Meteo Elevation REST API (Live Ingested))",,,,
Virudhunagar,2026-08-18 13:57:39,9.5872,77.9624,38.7,75,7.6,1,1.3,1.9,43.3,6.19,1.0,0.0,5.0,0.02,4.5,village,3.48,0.76,5.0,101.0,"All 5 Live APIs (Static Baseline (Inland District), Open-Meteo Flood REST API (Live Ingested), OpenStreetMap Nominatim REST API (Live Ingested), NASA POWER Satellite REST API (Live Ingested), Open-Meteo Elevation REST API (Live Ingested))",,,,
Ariyalur,2026-08-18 13:57:43,11.1401,79.0782,35.3,75,8.8,1,0.1,1.3,7.0,1.0,1.0,0.0,4.5,0.03,3.0,hamlet,3.68,0.66,5.0,84.0,"All 5 Live APIs (Static Baseline (Inland District), Open-Meteo Flood REST API (Live Ingested), OpenStreetMap Nominatim REST API (Live Ingested), NASA POWER Satellite REST API (Live Ingested), Open-Meteo Elevation REST API (Live Ingested))",,,,
Perambalur,2026-08-18 13:57:48,11.2342,78.882,35.6,75,4.8,3,0.0,1.7,10.9,1.56,1.0,0.0,4.5,0.25,4.5,town,3.86,0.57,5.0,123.0,"All 5 Live APIs (Static Baseline (Inland District), Open-Meteo Flood REST API (Live Ingested), OpenStreetMap Nominatim REST API (Live Ingested), NASA POWER Satellite REST API (Live Ingested), Open-Meteo Elevation REST API (Live Ingested))",,,,
Nilgiris,2026-08-18 13:57:53,11.4102,76.695,19.1,75,9.4,53,4.2,0.8,18.8,2.69,1.0,0.0,6.0,0.2,3.0,village,8.24,0.63,7.0,2235.0,"All 5 Live APIs (Static Baseline (Inland District), Open-Meteo Flood REST API (Live Ingested), OpenStreetMap Nominatim REST API (Live Ingested), NASA POWER Satellite REST API (Live Ingested), Open-Meteo Elevation REST API (Live Ingested))",,,,
Ranipet,2026-08-18 13:58:03,12.9296,79.3333,29.5,78,10.5,1,8.5,25.0,65.0,9.28,5.0,0.0,5.0,0.0,5.0,fallback,4.0,0.5,5.0,10.0,Synthetic Fallback Engine,,,,
Tirupathur,2026-08-18 13:58:08,12.4929,78.5678,34.7,75,15.0,3,5.7,4.8,17.2,2.46,1.0,0.0,5.0,0.05,4.0,village,4.32,0.59,6.0,392.0,"All 5 Live APIs (Static Baseline (Inland District), Open-Meteo Flood REST API (Live Ingested), OpenStreetMap Nominatim REST API (Live Ingested), NASA POWER Satellite REST API (Live Ingested), Open-Meteo Elevation REST API (Live Ingested))",,,,
Chengalpattu,2026-08-18 13:58:13,12.6921,79.9777,34.1,75,8.9,2,7.4,0.5,4.1,0.59,8.75,0.5,5.0,0.14,8.5,suburb,3.46,0.77,4.0,52.0,"All 5 Live APIs (Open-Meteo Marine REST API (Live Ingested), Open-Meteo Flood REST API (Live Ingested), OpenStreetMap Nominatim REST API (Live Ingested), NASA POWER Satellite REST API (Live Ingested), Open-Meteo Elevation REST API (Live Ingested))",,,,
Kallakurichi,2026-08-18 13:58:17,11.7384,78.9639,34.0,75,3.4,2,1.4,2.6,7.6,1.09,1.0,0.0,4.5,0.17,5.0,town,4.36,0.57,5.0,131.0,"All 5 Live APIs (Static Baseline (Inland District), Open-Meteo Flood REST API (Live Ingested), OpenStreetMap Nominatim REST API (Live Ingested), NASA POWER Satellite REST API (Live Ingested), Open-Meteo Elevation REST API (Live Ingested))",,,,
Tenkasi,2026-08-18 13:58:23,8.9593,77.3149,30.3,75,23.1,1,1.2,11.4,21.1,3.01,1.0,0.0,5.43,3.36,3.5,village,4.86,0.82,5.5,168.0,"All 5 Live APIs (Static Baseline (Inland District), Open-Meteo Flood REST API (Live Ingested), OpenStreetMap Nominatim REST API (Live Ingested), NASA POWER Satellite REST API (Live Ingested), Open-Meteo Elevation REST API (Live Ingested))",,,,
Mayiladuthurai,2026-08-18 13:58:30,11.1018,79.6522,34.4,75,7.2,0,0.2,0.0,12.5,1.79,9.25,0.5,3.99,0.42,6.0,suburb,3.18,0.66,3.0,17.0,"All 5 Live APIs (Open-Meteo Marine REST API (Live Ingested), Open-Meteo Flood REST API (Live Ingested), OpenStreetMap Nominatim REST API (Live Ingested), NASA POWER Satellite REST API (Live Ingested), Open-Meteo Elevation REST API (Live Ingested))",,,,
Coimbatore,2026-08-18 14:25:17,11.0168,76.9558,31.1,75,17.2,95,7.3,0.5,20.3,2.9,1.0,0.0,6.5,0.17,9.0,administrative,4.52,0.74,7.5,431.0,"All 5 Live APIs (Static Baseline (Inland District), Open-Meteo Flood REST API (Live Ingested), OpenStreetMap Nominatim REST API (Live Ingested), NASA POWER Satellite REST API (Live Ingested), Open-Meteo Elevation REST API (Live Ingested))",,,,
Chennai,2026-08-18 14:25:23,13.0827,80.2707,35.1,75,6.1,3,8.5,4.9,17.6,2.51,10.0,1.18,3.9,5.0,10.0,administrative,2.34,0.83,2.5,12.0,"All 5 Live APIs (Open-Meteo Marine REST API (Live Ingested), Open-Meteo Flood REST API (Live Ingested), OpenStreetMap Nominatim REST API (Live Ingested), NASA POWER Satellite REST API (Live Ingested), Open-Meteo Elevation REST API (Live Ingested))",,,,
Madurai,2026-08-18 14:25:27,9.9252,78.1198,37.4,75,5.2,0,0.0,0.5,14.7,2.1,1.0,0.0,5.48,1.17,8.5,suburb,3.54,0.73,5.0,141.0,"All 5 Live APIs (Static Baseline (Inland District), Open-Meteo Flood REST API (Live Ingested), OpenStreetMap Nominatim REST API (Live Ingested), NASA POWER Satellite REST API (Live Ingested), Open-Meteo Elevation REST API (Live Ingested))",,,,
Salem,2026-08-18 14:25:32,11.6643,78.146,34.0,75,6.2,3,1.4,1.9,17.9,2.56,1.0,0.0,6.97,1.33,8.0,quarter,4.92,0.54,7.0,284.0,"All 5 Live APIs (Static Baseline (Inland District), Open-Meteo Flood REST API (Live Ingested), OpenStreetMap Nominatim REST API (Live Ingested), NASA POWER Satellite REST API (Live Ingested), Open-Meteo Elevation REST API (Live Ingested))",,,,
Erode,2026-08-18 14:25:36,11.341,77.7172,38.0,75,7.9,2,1.2,3.1,13.3,1.9,1.0,0.0,1.72,238.88,7.5,suburb,4.48,0.51,6.0,177.0,"All 5 Live APIs (Static Baseline (Inland District), Open-Meteo Flood REST API (Live Ingested), OpenStreetMap Nominatim REST API (Live Ingested), NASA POWER Satellite REST API (Live Ingested), Open-Meteo Elevation REST API (Live Ingested))",,,,
Tiruchirappalli,2026-08-18 14:25:40,10.7905,78.7047,38.0,75,12.5,1,1.5,1.8,7.8,1.11,1.0,0.0,5.99,0.56,8.0,administrative,3.86,0.57,5.5,80.0,"All 5 Live APIs (Static Baseline (Inland District), Open-Meteo Flood REST API (Live Ingested), OpenStreetMap Nominatim REST API (Live Ingested), NASA POWER Satellite REST API (Live Ingested), Open-Meteo Elevation REST API (Live Ingested))",,,,
Tirunelveli,2026-08-18 14:25:45,8.7139,77.7567,37.9,75,17.8,0,0.6,0.4,16.0,2.29,4.75,0.5,5.91,4.36,7.0,suburb,4.34,0.83,5.0,50.0,"All 5 Live APIs (Open-Meteo Marine REST API (Live Ingested), Open-Meteo Flood REST API (Live Ingested), OpenStreetMap Nominatim REST API (Live Ingested), NASA POWER Satellite REST API (Live Ingested), Open-Meteo Elevation REST API (Live Ingested))",,,,
Vellore,2026-08-18 14:25:49,12.9165,79.1325,36.5,75,10.4,3,2.6,5.3,13.0,1.86,1.0,0.0,5.0,0.14,7.5,suburb,3.58,0.71,6.0,218.0,"All 5 Live APIs (Static Baseline (Inland District), Open-Meteo Flood REST API (Live Ingested), OpenStreetMap Nominatim REST API (Live Ingested), NASA POWER Satellite REST API (Live Ingested), Open-Meteo Elevation REST API (Live Ingested))",,,,
Thanjavur,2026-08-18 14:25:54,10.787,79.1378,35.5,75,10.3,0,1.1,1.0,4.9,0.7,7.25,0.5,5.48,0.83,6.5,suburb,3.18,0.66,4.5,59.0,"All 5 Live APIs (Open-Meteo Marine REST API (Live Ingested), Open-Meteo Flood REST API (Live Ingested), OpenStreetMap Nominatim REST API (Live Ingested), NASA POWER Satellite REST API (Live Ingested), Open-Meteo Elevation REST API (Live Ingested))",,,,
Kanchipuram,2026-08-18 14:25:58,12.8342,79.7036,35.5,75,10.1,2,2.3,1.8,3.1,0.44,4.0,0.0,5.0,0.02,6.0,village,3.34,0.83,5.0,88.0,"All 5 Live APIs (Static Baseline (Inland District), Open-Meteo Flood REST API (Live Ingested), OpenStreetMap Nominatim REST API (Live Ingested), NASA POWER Satellite REST API (Live Ingested), Open-Meteo Elevation REST API (Live Ingested))",,,,
Cuddalore,2026-08-18 14:26:03,11.748,79.7714,33.4,75,6.6,3,3.3,2.1,7.2,1.03,9.37,0.58,4.4,5.0,7.0,suburb,3.84,0.83,3.0,7.0,"All 5 Live APIs (Open-Meteo Marine REST API (Live Ingested), Open-Meteo Flood REST API (Live Ingested), OpenStreetMap Nominatim REST API (Live Ingested), NASA POWER Satellite REST API (Live Ingested), Open-Meteo Elevation REST API (Live Ingested))",,,,
Tiruppur,2026-08-18 14:26:07,11.1085,77.3411,35.4,75,13.6,1,1.8,4.0,10.8,1.54,1.0,0.0,5.95,2.36,8.5,suburb,4.38,0.56,6.5,304.0,"All 5 Live APIs (Static Baseline (Inland District), Open-Meteo Flood REST API (Live Ingested), OpenStreetMap Nominatim REST API (Live Ingested), NASA POWER Satellite REST API (Live Ingested), Open-Meteo Elevation REST API (Live Ingested))",,,,
Dindigul,2026-08-18 14:26:11,10.3673,77.9803,37.2,75,3.1,1,0.8,2.5,30.3,4.33,1.0,0.0,5.99,0.28,4.5,village,5.74,0.63,6.5,284.0,"All 5 Live APIs (Static Baseline (Inland District), Open-Meteo Flood REST API (Live Ingested), OpenStreetMap Nominatim REST API (Live Ingested), NASA POWER Satellite REST API (Live Ingested), Open-Meteo Elevation REST API (Live Ingested))",,,,
Kanyakumari,2026-08-18 14:26:17,8.1833,77.4119,33.2,75,25.4,1,0.6,9.0,24.6,3.51,10.0,1.86,5.45,2.28,7.5,suburb,5.54,0.73,5.0,58.0,"All 5 Live APIs (Open-Meteo Marine REST API (Live Ingested), Open-Meteo Flood REST API (Live Ingested), OpenStreetMap Nominatim REST API (Live Ingested), NASA POWER Satellite REST API (Live Ingested), Open-Meteo Elevation REST API (Live Ingested))",,,,
Nagapattinam,2026-08-18 14:26:21,10.7672,79.8449,35.5,75,7.7,0,1.0,5.8,11.1,1.59,9.9,0.6,3.98,0.81,4.0,hamlet,2.84,0.83,2.5,7.0,"All 5 Live APIs (Open-Meteo Marine REST API (Live Ingested), Open-Meteo Flood REST API (Live Ingested), OpenStreetMap Nominatim REST API (Live Ingested), NASA POWER Satellite REST API (Live Ingested), Open-Meteo Elevation REST API (Live Ingested))",,,,
Thoothukudi,2026-08-18 14:26:26,8.7642,78.1348,36.5,75,7.1,61,3.3,2.8,18.4,2.63,10.0,1.22,4.99,0.52,7.5,suburb,2.46,0.77,3.5,3.0,"All 5 Live APIs (Open-Meteo Marine REST API (Live Ingested), Open-Meteo Flood REST API (Live Ingested), OpenStreetMap Nominatim REST API (Live Ingested), NASA POWER Satellite REST API (Live Ingested), Open-Meteo Elevation REST API (Live Ingested))",,,,
Ramanathapuram,2026-08-18 14:26:31,9.3639,78.8318,33.6,75,19.6,1,0.2,5.5,17.2,2.46,10.0,1.0,3.96,1.77,5.0,town,2.44,0.78,3.0,11.0,"All 5 Live APIs (Open-Meteo Marine REST API (Live Ingested), Open-Meteo Flood REST API (Live Ingested), OpenStreetMap Nominatim REST API (Live Ingested), NASA POWER Satellite REST API (Live Ingested), Open-Meteo Elevation REST API (Live Ingested))",,,,
Dharmapuri,2026-08-18 14:26:36,12.1211,78.1582,35.3,75,16.6,3,1.4,3.3,11.5,1.64,1.0,0.0,5.0,0.02,5.5,city,4.96,0.52,6.5,461.0,"All 5 Live APIs (Static Baseline (Inland District), Open-Meteo Flood REST API (Live Ingested), OpenStreetMap Nominatim REST API (Live Ingested), NASA POWER Satellite REST API (Live Ingested), Open-Meteo Elevation REST API (Live Ingested))",,,,
Krishnagiri,2026-08-18 14:26:42,12.5186,78.2137,33.5,75,17.5,2,0.8,2.7,12.3,1.76,1.0,0.0,5.5,0.08,4.0,village,5.12,0.44,7.0,489.0,"All 5 Live APIs (Static Baseline (Inland District), Open-Meteo Flood REST API (Live Ingested), OpenStreetMap Nominatim REST API (Live Ingested), NASA POWER Satellite REST API (Live Ingested), Open-Meteo Elevation REST API (Live Ingested))",,,,
Karur,2026-08-18 14:26:46,10.9601,78.0766,37.9,75,16.2,1,0.1,9.1,12.8,1.83,1.0,0.0,5.38,5.84,6.0,suburb,3.38,0.56,5.5,128.0,"All 5 Live APIs (Static Baseline (Inland District), Open-Meteo Flood REST API (Live Ingested), OpenStreetMap Nominatim REST API (Live Ingested), NASA POWER Satellite REST API (Live Ingested), Open-Meteo Elevation REST API (Live Ingested))",,,,
Namakkal,2026-08-18 14:26:50,11.2189,78.1674,34.9,75,6.3,1,0.9,0.8,20.0,2.86,1.0,0.0,5.49,0.37,6.5,suburb,3.88,0.56,6.0,200.0,"All 5 Live APIs (Static Baseline (Inland District), Open-Meteo Flood REST API (Live Ingested), OpenStreetMap Nominatim REST API (Live Ingested), NASA POWER Satellite REST API (Live Ingested), Open-Meteo Elevation REST API (Live Ingested))",,,,
Pudukkottai,2026-08-18 14:26:55,10.3797,78.8202,35.0,75,8.0,1,0.6,1.0,16.1,2.3,6.75,0.5,5.0,0.03,5.5,administrative,3.76,0.62,4.5,100.0,"All 5 Live APIs (Open-Meteo Marine REST API (Live Ingested), Open-Meteo Flood REST API (Live Ingested), OpenStreetMap Nominatim REST API (Live Ingested), NASA POWER Satellite REST API (Live Ingested), Open-Meteo Elevation REST API (Live Ingested))",,,,
Sivaganga,2026-08-18 14:27:00,9.8433,78.4809,35.7,75,5.4,1,0.7,1.2,7.8,1.11,4.0,0.0,5.0,0.0,5.0,town,3.5,0.75,4.5,99.0,"All 5 Live APIs (Static Baseline (Inland District), Open-Meteo Flood REST API (Live Ingested), OpenStreetMap Nominatim REST API (Live Ingested), NASA POWER Satellite REST API (Live Ingested), Open-Meteo Elevation REST API (Live Ingested))",,,,
Theni,2026-08-18 14:27:04,10.0104,77.4768,35.7,75,1.0,1,0.0,6.6,24.7,3.53,1.0,0.0,6.46,2.16,5.5,suburb,6.44,0.78,7.0,298.0,"All 5 Live APIs (Static Baseline (Inland District), Open-Meteo Flood REST API (Live Ingested), OpenStreetMap Nominatim REST API (Live Ingested), NASA POWER Satellite REST API (Live Ingested), Open-Meteo Elevation REST API (Live Ingested))",,,,
Tiruvallur,2026-08-18 14:27:10,13.1432,79.907,36.6,75,9.5,3,3.4,4.7,8.7,1.24,8.25,0.5,4.99,0.39,8.0,suburb,3.34,0.83,4.0,46.0,"All 5 Live APIs (Open-Meteo Marine REST API (Live Ingested), Open-Meteo Flood REST API (Live Ingested), OpenStreetMap Nominatim REST API (Live Ingested), NASA POWER Satellite REST API (Live Ingested), Open-Meteo Elevation REST API (Live Ingested))",,,,
Tiruvannamalai,2026-08-18 14:27:15,12.2253,79.0747,35.5,75,10.4,3,4.1,7.8,17.7,2.53,1.0,0.0,4.99,0.56,5.5,town,4.2,0.65,5.0,173.0,"All 5 Live APIs (Static Baseline (Inland District), Open-Meteo Flood REST API (Live Ingested), OpenStreetMap Nominatim REST API (Live Ingested), NASA POWER Satellite REST API (Live Ingested), Open-Meteo Elevation REST API (Live Ingested))",,,,
Tiruvarur,2026-08-18 14:27:21,10.7709,79.6366,35.5,75,11.2,0,0.1,1.7,3.9,0.56,8.75,0.5,4.49,0.66,3.5,hamlet,2.68,0.66,3.0,12.0,"All 5 Live APIs (Open-Meteo Marine REST API (Live Ingested), Open-Meteo Flood REST API (Live Ingested), OpenStreetMap Nominatim REST API (Live Ingested), NASA POWER Satellite REST API (Live Ingested), Open-Meteo Elevation REST API (Live Ingested))",,,,
Viluppuram,2026-08-18 14:27:27,11.9401,79.4861,34.1,75,7.7,3,4.5,1.3,12.3,1.76,7.75,0.5,4.49,0.49,5.5,town,3.7,0.65,4.5,48.0,"All 5 Live APIs (Open-Meteo Marine REST API (Live Ingested), Open-Meteo Flood REST API (Live Ingested), OpenStreetMap Nominatim REST API (Live Ingested), NASA POWER Satellite REST API (Live Ingested), Open-Meteo Elevation REST API (Live Ingested))",,,,
Virudhunagar,2026-08-18 14:27:32,9.5872,77.9624,38.9,75,9.4,1,1.3,1.9,43.3,6.19,1.0,0.0,5.0,0.02,4.5,village,3.48,0.76,5.0,101.0,"All 5 Live APIs (Static Baseline (Inland District), Open-Meteo Flood REST API (Live Ingested), OpenStreetMap Nominatim REST API (Live Ingested), NASA POWER Satellite REST API (Live Ingested), Open-Meteo Elevation REST API (Live Ingested))",,,,
Ariyalur,2026-08-18 14:27:37,11.1401,79.0782,35.5,75,7.2,0,0.1,1.3,7.0,1.0,1.0,0.0,4.5,0.03,3.0,hamlet,3.68,0.66,5.0,84.0,"All 5 Live APIs (Static Baseline (Inland District), Open-Meteo Flood REST API (Live Ingested), OpenStreetMap Nominatim REST API (Live Ingested), NASA POWER Satellite REST API (Live Ingested), Open-Meteo Elevation REST API (Live Ingested))",,,,
Perambalur,2026-08-18 14:27:41,11.2342,78.882,35.8,75,3.7,2,0.0,1.7,10.9,1.56,1.0,0.0,4.5,0.25,4.5,town,3.86,0.57,5.0,123.0,"All 5 Live APIs (Static Baseline (Inland District), Open-Meteo Flood REST API (Live Ingested), OpenStreetMap Nominatim REST API (Live Ingested), NASA POWER Satellite REST API (Live Ingested), Open-Meteo Elevation REST API (Live Ingested))",,,,
Nilgiris,2026-08-18 14:27:45,11.4102,76.695,19.2,75,9.0,53,4.2,0.8,18.8,2.69,1.0,0.0,6.0,0.2,3.0,village,8.24,0.63,7.0,2235.0,"All 5 Live APIs (Static Baseline (Inland District), Open-Meteo Flood REST API (Live Ingested), OpenStreetMap Nominatim REST API (Live Ingested), NASA POWER Satellite REST API (Live Ingested), Open-Meteo Elevation REST API (Live Ingested))",,,,
Ranipet,2026-08-18 14:27:49,12.9296,79.3333,36.0,75,6.5,2,2.6,6.7,10.5,1.5,1.0,0.0,5.0,0.19,6.5,quarter,3.58,0.71,5.0,173.0,"All 5 Live APIs (Static Baseline (Inland District), Open-Meteo Flood REST API (Live Ingested), OpenStreetMap Nominatim REST API (Live Ingested), NASA POWER Satellite REST API (Live Ingested), Open-Meteo Elevation REST API (Live Ingested))",,,,
Tirupathur,2026-08-18 14:27:53,12.4929,78.5678,34.8,75,14.8,2,5.7,4.8,17.2,2.46,1.0,0.0,5.0,0.05,4.0,village,4.32,0.59,6.0,392.0,"All 5 Live APIs (Static Baseline (Inland District), Open-Meteo Flood REST API (Live Ingested), OpenStreetMap Nominatim REST API (Live Ingested), NASA POWER Satellite REST API (Live Ingested), Open-Meteo Elevation REST API (Live Ingested))",,,,
Chengalpattu,2026-08-18 14:27:58,12.6921,79.9777,34.2,75,10.1,2,7.4,0.5,4.1,0.59,8.75,0.5,5.0,0.14,8.5,suburb,3.46,0.77,4.0,52.0,"All 5 Live APIs (Open-Meteo Marine REST API (Live Ingested), Open-Meteo Flood REST API (Live Ingested), OpenStreetMap Nominatim REST API (Live Ingested), NASA POWER Satellite REST API (Live Ingested), Open-Meteo Elevation REST API (Live Ingested))",,,,
Kallakurichi,2026-08-18 14:28:03,11.7384,78.9639,34.6,75,2.8,2,1.4,2.6,7.6,1.09,1.0,0.0,4.5,0.17,5.0,town,4.36,0.57,5.0,131.0,"All 5 Live APIs (Static Baseline (Inland District), Open-Meteo Flood REST API (Live Ingested), OpenStreetMap Nominatim REST API (Live Ingested), NASA POWER Satellite REST API (Live Ingested), Open-Meteo Elevation REST API (Live Ingested))",,,,
Tenkasi,2026-08-18 14:28:07,8.9593,77.3149,30.1,75,23.9,1,1.2,11.4,21.1,3.01,1.0,0.0,5.43,3.36,3.5,village,4.86,0.82,5.5,168.0,"All 5 Live APIs (Static Baseline (Inland District), Open-Meteo Flood REST API (Live Ingested), OpenStreetMap Nominatim REST API (Live Ingested), NASA POWER Satellite REST API (Live Ingested), Open-Meteo Elevation REST API (Live Ingested))",,,,
Mayiladuthurai,2026-08-18 14:28:12,11.1018,79.6522,34.8,75,7.5,0,0.2,0.0,12.5,1.79,9.25,0.5,3.99,0.42,6.0,suburb,3.18,0.66,3.0,17.0,"All 5 Live APIs (Open-Meteo Marine REST API (Live Ingested), Open-Meteo Flood REST API (Live Ingested), OpenStreetMap Nominatim REST API (Live Ingested), NASA POWER Satellite REST API (Live Ingested), Open-Meteo Elevation REST API (Live Ingested))",,,,
Coimbatore,2026-08-18 14:25:19,11.0168,76.9558,31.1,75,17.2,95,7.3,0.5,20.3,2.9,1.0,0.0,6.5,0.17,9.0,administrative,4.52,0.74,7.5,431.0,"All 5 Live APIs (Static Baseline (Inland District), Open-Meteo Flood REST API (Live Ingested), OpenStreetMap Nominatim REST API (Live Ingested), NASA POWER Satellite REST API (Live Ingested), Open-Meteo Elevation REST API (Live Ingested))",,,,
Chennai,2026-08-18 14:25:25,13.0827,80.2707,35.1,75,6.1,3,8.5,4.9,17.6,2.51,10.0,1.18,3.9,5.0,10.0,administrative,2.34,0.83,2.5,12.0,"All 5 Live APIs (Open-Meteo Marine REST API (Live Ingested), Open-Meteo Flood REST API (Live Ingested), OpenStreetMap Nominatim REST API (Live Ingested), NASA POWER Satellite REST API (Live Ingested), Open-Meteo Elevation REST API (Live Ingested))",,,,
Madurai,2026-08-18 14:25:29,9.9252,78.1198,37.4,75,5.2,0,0.0,0.5,14.7,2.1,1.0,0.0,5.48,1.17,8.5,suburb,3.54,0.73,5.0,141.0,"All 5 Live APIs (Static Baseline (Inland District), Open-Meteo Flood REST API (Live Ingested), OpenStreetMap Nominatim REST API (Live Ingested), NASA POWER Satellite REST API (Live Ingested), Open-Meteo Elevation REST API (Live Ingested))",,,,
Salem,2026-08-18 14:25:33,11.6643,78.146,34.0,75,6.2,3,1.4,1.9,17.9,2.56,1.0,0.0,6.97,1.33,8.0,quarter,4.92,0.54,7.0,284.0,"All 5 Live APIs (Static Baseline (Inland District), Open-Meteo Flood REST API (Live Ingested), OpenStreetMap Nominatim REST API (Live Ingested), NASA POWER Satellite REST API (Live Ingested), Open-Meteo Elevation REST API (Live Ingested))",,,,
Erode,2026-08-18 14:25:37,11.341,77.7172,38.0,75,7.9,2,1.2,3.1,13.3,1.9,1.0,0.0,1.72,238.88,7.5,suburb,4.48,0.51,6.0,177.0,"All 5 Live APIs (Static Baseline (Inland District), Open-Meteo Flood REST API (Live Ingested), OpenStreetMap Nominatim REST API (Live Ingested), NASA POWER Satellite REST API (Live Ingested), Open-Meteo Elevation REST API (Live Ingested))",,,,
Tiruchirappalli,2026-08-18 14:25:40,10.7905,78.7047,38.0,75,12.5,1,1.5,1.8,7.8,1.11,1.0,0.0,5.99,0.56,8.0,administrative,3.86,0.57,5.5,80.0,"All 5 Live APIs (Static Baseline (Inland District), Open-Meteo Flood REST API (Live Ingested), OpenStreetMap Nominatim REST API (Live Ingested), NASA POWER Satellite REST API (Live Ingested), Open-Meteo Elevation REST API (Live Ingested))",,,,
Tirunelveli,2026-08-18 14:25:45,8.7139,77.7567,37.9,75,17.8,0,0.6,0.4,16.0,2.29,4.75,0.5,5.91,4.36,7.0,suburb,4.34,0.83,5.0,50.0,"All 5 Live APIs (Open-Meteo Marine REST API (Live Ingested), Open-Meteo Flood REST API (Live Ingested), OpenStreetMap Nominatim REST API (Live Ingested), NASA POWER Satellite REST API (Live Ingested), Open-Meteo Elevation REST API (Live Ingested))",,,,
Vellore,2026-08-18 14:25:49,12.9165,79.1325,36.5,75,10.4,3,2.6,5.3,13.0,1.86,1.0,0.0,5.0,0.14,7.5,suburb,3.58,0.71,6.0,218.0,"All 5 Live APIs (Static Baseline (Inland District), Open-Meteo Flood REST API (Live Ingested), OpenStreetMap Nominatim REST API (Live Ingested), NASA POWER Satellite REST API (Live Ingested), Open-Meteo Elevation REST API (Live Ingested))",,,,
Thanjavur,2026-08-18 14:25:54,10.787,79.1378,35.5,75,10.3,0,1.1,1.0,4.9,0.7,7.25,0.5,5.48,0.83,6.5,suburb,3.18,0.66,4.5,59.0,"All 5 Live APIs (Open-Meteo Marine REST API (Live Ingested), Open-Meteo Flood REST API (Live Ingested), OpenStreetMap Nominatim REST API (Live Ingested), NASA POWER Satellite REST API (Live Ingested), Open-Meteo Elevation REST API (Live Ingested))",,,,
Kanchipuram,2026-08-18 14:25:58,12.8342,79.7036,35.5,75,10.1,2,2.3,1.8,3.1,0.44,4.0,0.0,5.0,0.02,6.0,village,3.34,0.83,5.0,88.0,"All 5 Live APIs (Static Baseline (Inland District), Open-Meteo Flood REST API (Live Ingested), OpenStreetMap Nominatim REST API (Live Ingested), NASA POWER Satellite REST API (Live Ingested), Open-Meteo Elevation REST API (Live Ingested))",,,,
Cuddalore,2026-08-18 14:26:03,11.748,79.7714,33.4,75,6.6,3,3.3,2.1,7.2,1.03,9.37,0.58,4.4,5.0,7.0,suburb,3.84,0.83,3.0,7.0,"All 5 Live APIs (Open-Meteo Marine REST API (Live Ingested), Open-Meteo Flood REST API (Live Ingested), OpenStreetMap Nominatim REST API (Live Ingested), NASA POWER Satellite REST API (Live Ingested), Open-Meteo Elevation REST API (Live Ingested))",,,,
Tiruppur,2026-08-18 14:26:07,11.1085,77.3411,35.4,75,13.6,1,1.8,4.0,10.8,1.54,1.0,0.0,5.95,2.36,8.5,suburb,4.38,0.56,6.5,304.0,"All 5 Live APIs (Static Baseline (Inland District), Open-Meteo Flood REST API (Live Ingested), OpenStreetMap Nominatim REST API (Live Ingested), NASA POWER Satellite REST API (Live Ingested), Open-Meteo Elevation REST API (Live Ingested))",,,,
Dindigul,2026-08-18 14:26:10,10.3673,77.9803,37.2,75,3.1,1,0.8,2.5,30.3,4.33,1.0,0.0,5.99,0.28,4.5,village,5.74,0.63,6.5,284.0,"All 5 Live APIs (Static Baseline (Inland District), Open-Meteo Flood REST API (Live Ingested), OpenStreetMap Nominatim REST API (Live Ingested), NASA POWER Satellite REST API (Live Ingested), Open-Meteo Elevation REST API (Live Ingested))",,,,
Kanyakumari,2026-08-18 14:26:15,8.1833,77.4119,33.2,75,25.4,1,0.6,9.0,24.6,3.51,10.0,1.86,5.45,2.28,7.5,suburb,5.54,0.73,5.0,58.0,"All 5 Live APIs (Open-Meteo Marine REST API (Live Ingested), Open-Meteo Flood REST API (Live Ingested), OpenStreetMap Nominatim REST API (Live Ingested), NASA POWER Satellite REST API (Live Ingested), Open-Meteo Elevation REST API (Live Ingested))",,,,
Nagapattinam,2026-08-18 14:26:20,10.7672,79.8449,35.5,75,7.7,0,1.0,5.8,11.1,1.59,9.9,0.6,3.98,0.81,4.0,hamlet,2.84,0.83,2.5,7.0,"All 5 Live APIs (Open-Meteo Marine REST API (Live Ingested), Open-Meteo Flood REST API (Live Ingested), OpenStreetMap Nominatim REST API (Live Ingested), NASA POWER Satellite REST API (Live Ingested), Open-Meteo Elevation REST API (Live Ingested))",,,,
Thoothukudi,2026-08-18 14:26:25,8.7642,78.1348,36.5,75,7.1,61,3.3,2.8,18.4,2.63,10.0,1.22,4.99,0.52,7.5,suburb,2.46,0.77,3.5,3.0,"All 5 Live APIs (Open-Meteo Marine REST API (Live Ingested), Open-Meteo Flood REST API (Live Ingested), OpenStreetMap Nominatim REST API (Live Ingested), NASA POWER Satellite REST API (Live Ingested), Open-Meteo Elevation REST API (Live Ingested))",,,,
Ramanathapuram,2026-08-18 14:26:31,9.3639,78.8318,33.6,75,19.6,1,0.2,5.5,17.2,2.46,10.0,1.0,3.96,1.77,5.0,town,2.44,0.78,3.0,11.0,"All 5 Live APIs (Open-Meteo Marine REST API (Live Ingested), Open-Meteo Flood REST API (Live Ingested), OpenStreetMap Nominatim REST API (Live Ingested), NASA POWER Satellite REST API (Live Ingested), Open-Meteo Elevation REST API (Live Ingested))",,,,
Dharmapuri,2026-08-18 14:26:36,12.1211,78.1582,35.3,75,16.6,3,1.4,3.3,11.5,1.64,1.0,0.0,5.0,0.02,5.5,city,4.96,0.52,6.5,461.0,"All 5 Live APIs (Static Baseline (Inland District), Open-Meteo Flood REST API (Live Ingested), OpenStreetMap Nominatim REST API (Live Ingested), NASA POWER Satellite REST API (Live Ingested), Open-Meteo Elevation REST API (Live Ingested))",,,,
Krishnagiri,2026-08-18 14:26:42,12.5186,78.2137,33.5,75,17.5,2,0.8,2.7,12.3,1.76,1.0,0.0,5.5,0.08,4.0,village,5.12,0.44,7.0,489.0,"All 5 Live APIs (Static Baseline (Inland District), Open-Meteo Flood REST API (Live Ingested), OpenStreetMap Nominatim REST API (Live Ingested), NASA POWER Satellite REST API (Live Ingested), Open-Meteo Elevation REST API (Live Ingested))",,,,
Karur,2026-08-18 14:26:46,10.9601,78.0766,37.9,75,16.2,1,0.1,9.1,12.8,1.83,1.0,0.0,5.38,5.84,6.0,suburb,3.38,0.56,5.5,128.0,"All 5 Live APIs (Static Baseline (Inland District), Open-Meteo Flood REST API (Live Ingested), OpenStreetMap Nominatim REST API (Live Ingested), NASA POWER Satellite REST API (Live Ingested), Open-Meteo Elevation REST API (Live Ingested))",,,,
Namakkal,2026-08-18 14:26:50,11.2189,78.1674,34.9,75,6.3,1,0.9,0.8,20.0,2.86,1.0,0.0,5.49,0.37,6.5,suburb,3.88,0.56,6.0,200.0,"All 5 Live APIs (Static Baseline (Inland District), Open-Meteo Flood REST API (Live Ingested), OpenStreetMap Nominatim REST API (Live Ingested), NASA POWER Satellite REST API (Live Ingested), Open-Meteo Elevation REST API (Live Ingested))",,,,
Pudukkottai,2026-08-18 14:26:55,10.3797,78.8202,35.0,75,8.0,1,0.6,1.0,16.1,2.3,6.75,0.5,5.0,0.03,5.5,administrative,3.76,0.62,4.5,100.0,"All 5 Live APIs (Open-Meteo Marine REST API (Live Ingested), Open-Meteo Flood REST API (Live Ingested), OpenStreetMap Nominatim REST API (Live Ingested), NASA POWER Satellite REST API (Live Ingested), Open-Meteo Elevation REST API (Live Ingested))",,,,
Sivaganga,2026-08-18 14:27:00,9.8433,78.4809,35.7,75,5.4,1,0.7,1.2,7.8,1.11,4.0,0.0,5.0,0.0,5.0,town,3.5,0.75,4.5,99.0,"All 5 Live APIs (Static Baseline (Inland District), Open-Meteo Flood REST API (Live Ingested), OpenStreetMap Nominatim REST API (Live Ingested), NASA POWER Satellite REST API (Live Ingested), Open-Meteo Elevation REST API (Live Ingested))",,,,
Theni,2026-08-18 14:27:04,10.0104,77.4768,35.7,75,1.0,1,0.0,6.6,24.7,3.53,1.0,0.0,6.46,2.16,5.5,suburb,6.44,0.78,7.0,298.0,"All 5 Live APIs (Static Baseline (Inland District), Open-Meteo Flood REST API (Live Ingested), OpenStreetMap Nominatim REST API (Live Ingested), NASA POWER Satellite REST API (Live Ingested), Open-Meteo Elevation REST API (Live Ingested))",,,,
Tiruvallur,2026-08-18 14:27:10,13.1432,79.907,36.6,75,9.5,3,3.4,4.7,8.7,1.24,8.25,0.5,4.99,0.39,8.0,suburb,3.34,0.83,4.0,46.0,"All 5 Live APIs (Open-Meteo Marine REST API (Live Ingested), Open-Meteo Flood REST API (Live Ingested), OpenStreetMap Nominatim REST API (Live Ingested), NASA POWER Satellite REST API (Live Ingested), Open-Meteo Elevation REST API (Live Ingested))",,,,
Tiruvannamalai,2026-08-18 14:27:14,12.2253,79.0747,35.5,75,10.4,3,4.1,7.8,17.7,2.53,1.0,0.0,4.99,0.56,5.5,town,4.2,0.65,5.0,173.0,"All 5 Live APIs (Static Baseline (Inland District), Open-Meteo Flood REST API (Live Ingested), OpenStreetMap Nominatim REST API (Live Ingested), NASA POWER Satellite REST API (Live Ingested), Open-Meteo Elevation REST API (Live Ingested))",,,,
Tiruvarur,2026-08-18 14:27:20,10.7709,79.6366,35.5,75,11.2,0,0.1,1.7,3.9,0.56,8.75,0.5,4.49,0.66,3.5,hamlet,2.68,0.66,3.0,12.0,"All 5 Live APIs (Open-Meteo Marine REST API (Live Ingested), Open-Meteo Flood REST API (Live Ingested), OpenStreetMap Nominatim REST API (Live Ingested), NASA POWER Satellite REST API (Live Ingested), Open-Meteo Elevation REST API (Live Ingested))",,,,
Viluppuram,2026-08-18 14:27:26,11.9401,79.4861,34.1,75,7.7,3,4.5,1.3,12.3,1.76,7.75,0.5,4.49,0.49,5.5,town,3.7,0.65,4.5,48.0,"All 5 Live APIs (Open-Meteo Marine REST API (Live Ingested), Open-Meteo Flood REST API (Live Ingested), OpenStreetMap Nominatim REST API (Live Ingested), NASA POWER Satellite REST API (Live Ingested), Open-Meteo Elevation REST API (Live Ingested))",,,,
Virudhunagar,2026-08-18 14:27:30,9.5872,77.9624,38.9,75,9.4,1,1.3,1.9,43.3,6.19,1.0,0.0,5.0,0.02,4.5,village,3.48,0.76,5.0,101.0,"All 5 Live APIs (Static Baseline (Inland District), Open-Meteo Flood REST API (Live Ingested), OpenStreetMap Nominatim REST API (Live Ingested), NASA POWER Satellite REST API (Live Ingested), Open-Meteo Elevation REST API (Live Ingested))",,,,
Ariyalur,2026-08-18 14:27:34,11.1401,79.0782,35.5,75,7.2,0,0.1,1.3,7.0,1.0,1.0,0.0,4.5,0.03,3.0,hamlet,3.68,0.66,5.0,84.0,"All 5 Live APIs (Static Baseline (Inland District), Open-Meteo Flood REST API (Live Ingested), OpenStreetMap Nominatim REST API (Live Ingested), NASA POWER Satellite REST API (Live Ingested), Open-Meteo Elevation REST API (Live Ingested))",,,,
Perambalur,2026-08-18 14:27:39,11.2342,78.882,35.8,75,3.7,2,0.0,1.7,10.9,1.56,1.0,0.0,4.5,0.25,4.5,town,3.86,0.57,5.0,123.0,"All 5 Live APIs (Static Baseline (Inland District), Open-Meteo Flood REST API (Live Ingested), OpenStreetMap Nominatim REST API (Live Ingested), NASA POWER Satellite REST API (Live Ingested), Open-Meteo Elevation REST API (Live Ingested))",,,,
Nilgiris,2026-08-18 14:27:43,11.4102,76.695,19.2,75,9.0,53,4.2,0.8,18.8,2.69,1.0,0.0,6.0,0.2,3.0,village,8.24,0.63,7.0,2235.0,"All 5 Live APIs (Static Baseline (Inland District), Open-Meteo Flood REST API (Live Ingested), OpenStreetMap Nominatim REST API (Live Ingested), NASA POWER Satellite REST API (Live Ingested), Open-Meteo Elevation REST API (Live Ingested))",,,,
Ranipet,2026-08-18 14:27:47,12.9296,79.3333,36.0,75,6.5,2,2.6,6.7,10.5,1.5,1.0,0.0,5.0,0.19,6.5,quarter,3.58,0.71,5.0,173.0,"All 5 Live APIs (Static Baseline (Inland District), Open-Meteo Flood REST API (Live Ingested), OpenStreetMap Nominatim REST API (Live Ingested), NASA POWER Satellite REST API (Live Ingested), Open-Meteo Elevation REST API (Live Ingested))",,,,
Tirupathur,2026-08-18 14:27:52,12.4929,78.5678,34.8,75,14.8,2,5.7,4.8,17.2,2.46,1.0,0.0,5.0,0.05,4.0,village,4.32,0.59,6.0,392.0,"All 5 Live APIs (Static Baseline (Inland District), Open-Meteo Flood REST API (Live Ingested), OpenStreetMap Nominatim REST API (Live Ingested), NASA POWER Satellite REST API (Live Ingested), Open-Meteo Elevation REST API (Live Ingested))",,,,
Chengalpattu,2026-08-18 14:27:57,12.6921,79.9777,34.2,75,10.1,2,7.4,0.5,4.1,0.59,8.75,0.5,5.0,0.14,8.5,suburb,3.46,0.77,4.0,52.0,"All 5 Live APIs (Open-Meteo Marine REST API (Live Ingested), Open-Meteo Flood REST API (Live Ingested), OpenStreetMap Nominatim REST API (Live Ingested), NASA POWER Satellite REST API (Live Ingested), Open-Meteo Elevation REST API (Live Ingested))",,,,
Kallakurichi,2026-08-18 14:28:03,11.7384,78.9639,34.6,75,2.8,2,1.4,2.6,7.6,1.09,1.0,0.0,4.5,0.17,5.0,town,4.36,0.57,5.0,131.0,"All 5 Live APIs (Static Baseline (Inland District), Open-Meteo Flood REST API (Live Ingested), OpenStreetMap Nominatim REST API (Live Ingested), NASA POWER Satellite REST API (Live Ingested), Open-Meteo Elevation REST API (Live Ingested))",,,,
Tenkasi,2026-08-18 14:28:08,8.9593,77.3149,30.1,75,23.9,1,1.2,11.4,21.1,3.01,1.0,0.0,5.43,3.36,3.5,village,4.86,0.82,5.5,168.0,"All 5 Live APIs (Static Baseline (Inland District), Open-Meteo Flood REST API (Live Ingested), OpenStreetMap Nominatim REST API (Live Ingested), NASA POWER Satellite REST API (Live Ingested), Open-Meteo Elevation REST API (Live Ingested))",,,,
Mayiladuthurai,2026-08-18 14:28:13,11.1018,79.6522,34.8,75,7.5,0,0.2,0.0,12.5,1.79,9.25,0.5,3.99,0.42,6.0,suburb,3.18,0.66,3.0,17.0,"All 5 Live APIs (Open-Meteo Marine REST API (Live Ingested), Open-Meteo Flood REST API (Live Ingested), OpenStreetMap Nominatim REST API (Live Ingested), NASA POWER Satellite REST API (Live Ingested), Open-Meteo Elevation REST API (Live Ingested))",,,,
Coimbatore,2026-08-18 14:55:17,11.0168,76.9558,30.8,75,17.3,80,7.3,0.5,20.3,2.9,1.0,0.0,6.5,0.17,9.0,administrative,4.52,0.74,7.5,431.0,"All 5 Live APIs (Static Baseline (Inland District), Open-Meteo Flood REST API (Live Ingested), OpenStreetMap Nominatim REST API (Live Ingested), NASA POWER Satellite REST API (Live Ingested), Open-Meteo Elevation REST API (Live Ingested))",,,,
Chennai,2026-08-18 14:55:23,13.0827,80.2707,34.4,75,9.1,95,8.5,4.9,17.6,2.51,10.0,1.18,3.9,5.0,10.0,administrative,2.34,0.83,2.5,12.0,"All 5 Live APIs (Open-Meteo Marine REST API (Live Ingested), Open-Meteo Flood REST API (Live Ingested), OpenStreetMap Nominatim REST API (Live Ingested), NASA POWER Satellite REST API (Live Ingested), Open-Meteo Elevation REST API (Live Ingested))",,,,
Madurai,2026-08-18 14:55:28,9.9252,78.1198,37.7,75,4.7,1,0.0,0.5,14.7,2.1,1.0,0.0,5.48,1.17,8.5,suburb,3.54,0.73,5.0,141.0,"All 5 Live APIs (Static Baseline (Inland District), Open-Meteo Flood REST API (Live Ingested), OpenStreetMap Nominatim REST API (Live Ingested), NASA POWER Satellite REST API (Live Ingested), Open-Meteo Elevation REST API (Live Ingested))",,,,
Salem,2026-08-18 14:55:32,11.6643,78.146,33.4,75,3.9,3,1.4,1.9,17.9,2.56,1.0,0.0,6.97,1.33,8.0,quarter,4.92,0.54,7.0,284.0,"All 5 Live APIs (Static Baseline (Inland District), Open-Meteo Flood REST API (Live Ingested), OpenStreetMap Nominatim REST API (Live Ingested), NASA POWER Satellite REST API (Live Ingested), Open-Meteo Elevation REST API (Live Ingested))",,,,
Erode,2026-08-18 14:55:37,11.341,77.7172,36.4,75,7.4,3,1.2,3.1,13.3,1.9,1.0,0.0,1.72,238.88,7.5,suburb,4.48,0.51,6.0,177.0,"All 5 Live APIs (Static Baseline (Inland District), Open-Meteo Flood REST API (Live Ingested), OpenStreetMap Nominatim REST API (Live Ingested), NASA POWER Satellite REST API (Live Ingested), Open-Meteo Elevation REST API (Live Ingested))",,,,
Tiruchirappalli,2026-08-18 14:55:46,10.7905,78.7047,38.1,75,11.7,1,1.5,1.8,7.8,1.11,1.0,0.0,5.99,0.56,8.0,administrative,3.86,0.57,5.5,80.0,"All 5 Live APIs (Static Baseline (Inland District), Open-Meteo Flood REST API (Live Ingested), OpenStreetMap Nominatim REST API (Live Ingested), NASA POWER Satellite REST API (Live Ingested), Open-Meteo Elevation REST API (Live Ingested))",,,,
Tirunelveli,2026-08-18 14:55:52,8.7139,77.7567,37.6,75,17.9,1,0.6,0.4,16.0,2.29,4.75,0.5,5.91,4.36,7.0,suburb,4.34,0.83,5.0,50.0,"All 5 Live APIs (Open-Meteo Marine REST API (Live Ingested), Open-Meteo Flood REST API (Live Ingested), OpenStreetMap Nominatim REST API (Live Ingested), NASA POWER Satellite REST API (Live Ingested), Open-Meteo Elevation REST API (Live Ingested))",,,,
Vellore,2026-08-18 14:55:56,12.9165,79.1325,34.7,75,12.1,95,2.6,5.3,13.0,1.86,1.0,0.0,5.0,0.14,7.5,suburb,3.58,0.71,6.0,218.0,"All 5 Live APIs (Static Baseline (Inland District), Open-Meteo Flood REST API (Live Ingested), OpenStreetMap Nominatim REST API (Live Ingested), NASA POWER Satellite REST API (Live Ingested), Open-Meteo Elevation REST API (Live Ingested))",,,,
Thanjavur,2026-08-18 14:56:03,10.787,79.1378,35.6,75,10.1,0,1.1,1.0,4.9,0.7,7.25,0.5,5.48,0.83,6.5,suburb,3.18,0.66,4.5,59.0,"All 5 Live APIs (Open-Meteo Marine REST API (Live Ingested), Open-Meteo Flood REST API (Live Ingested), OpenStreetMap Nominatim REST API (Live Ingested), NASA POWER Satellite REST API (Live Ingested), Open-Meteo Elevation REST API (Live Ingested))",,,,
Kanchipuram,2026-08-18 14:56:08,12.8342,79.7036,35.7,75,10.0,3,2.3,1.8,3.1,0.44,4.0,0.0,5.0,0.02,6.0,village,3.34,0.83,5.0,88.0,"All 5 Live APIs (Static Baseline (Inland District), Open-Meteo Flood REST API (Live Ingested), OpenStreetMap Nominatim REST API (Live Ingested), NASA POWER Satellite REST API (Live Ingested), Open-Meteo Elevation REST API (Live Ingested))",,,,
Cuddalore,2026-08-18 14:56:13,11.748,79.7714,32.9,75,8.5,51,3.3,2.1,7.2,1.03,9.37,0.58,4.4,5.0,7.0,suburb,3.84,0.83,3.0,7.0,"All 5 Live APIs (Open-Meteo Marine REST API (Live Ingested), Open-Meteo Flood REST API (Live Ingested), OpenStreetMap Nominatim REST API (Live Ingested), NASA POWER Satellite REST API (Live Ingested), Open-Meteo Elevation REST API (Live Ingested))",,,,
Tiruppur,2026-08-18 14:56:18,11.1085,77.3411,34.9,75,15.8,80,1.8,4.0,10.8,1.54,1.0,0.0,5.95,2.36,8.5,suburb,4.38,0.56,6.5,304.0,"All 5 Live APIs (Static Baseline (Inland District), Open-Meteo Flood REST API (Live Ingested), OpenStreetMap Nominatim REST API (Live Ingested), NASA POWER Satellite REST API (Live Ingested), Open-Meteo Elevation REST API (Live Ingested))",,,,
Dindigul,2026-08-18 14:56:43,10.3673,77.9803,37.3,75,4.1,1,0.8,2.5,30.3,4.33,1.0,0.0,5.99,0.28,4.5,village,5.74,0.63,6.5,284.0,"All 5 Live APIs (Static Baseline (Inland District), Open-Meteo Flood REST API (Live Ingested), OpenStreetMap Nominatim REST API (Live Ingested), NASA POWER Satellite REST API (Live Ingested), Open-Meteo Elevation REST API (Live Ingested))",,,,
Kanyakumari,2026-08-18 14:57:18,8.1833,77.4119,32.9,75,25.3,1,0.6,9.0,24.6,3.51,10.0,1.86,5.5,0.0,7.5,suburb,5.54,0.73,5.0,58.0,"All 5 Live APIs (Open-Meteo Marine REST API (Live Ingested), Static Baseline (Fallback), OpenStreetMap Nominatim REST API (Live Ingested), NASA POWER Satellite REST API (Live Ingested), Open-Meteo Elevation REST API (Live Ingested))",,,,
Nagapattinam,2026-08-18 14:57:55,10.7672,79.8449,35.8,75,7.5,51,1.0,5.8,11.1,1.59,9.9,0.6,3.98,0.81,4.0,hamlet,2.84,0.83,2.5,7.0,"All 5 Live APIs (Open-Meteo Marine REST API (Live Ingested), Open-Meteo Flood REST API (Live Ingested), OpenStreetMap Nominatim REST API (Live Ingested), NASA POWER Satellite REST API (Live Ingested), Open-Meteo Elevation REST API (Live Ingested))",,,,
Thoothukudi,2026-08-18 14:58:08,8.7642,78.1348,36.6,75,8.6,51,3.3,2.8,18.4,2.63,10.0,1.22,4.99,0.52,7.5,suburb,2.46,0.77,3.5,3.0,"All 5 Live APIs (Open-Meteo Marine REST API (Live Ingested), Open-Meteo Flood REST API (Live Ingested), OpenStreetMap Nominatim REST API (Live Ingested), NASA POWER Satellite REST API (Live Ingested), Open-Meteo Elevation REST API (Live Ingested))",,,,
Ramanathapuram,2026-08-18 14:58:15,9.3639,78.8318,33.1,75,20.7,1,0.2,5.5,17.2,2.46,10.0,1.0,3.96,1.77,5.0,town,2.44,0.78,3.0,11.0,"All 5 Live APIs (Open-Meteo Marine REST API (Live Ingested), Open-Meteo Flood REST API (Live Ingested), OpenStreetMap Nominatim REST API (Live Ingested), NASA POWER Satellite REST API (Live Ingested), Open-Meteo Elevation REST API (Live Ingested))",,,,
Dharmapuri,2026-08-18 14:58:20,12.1211,78.1582,35.4,75,15.7,3,1.4,3.3,11.5,1.64,1.0,0.0,5.0,0.02,5.5,city,4.96,0.52,6.5,461.0,"All 5 Live APIs (Static Baseline (Inland District), Open-Meteo Flood REST API (Live Ingested), OpenStreetMap Nominatim REST API (Live Ingested), NASA POWER Satellite REST API (Live Ingested), Open-Meteo Elevation REST API (Live Ingested))",,,,
Krishnagiri,2026-08-18 14:58:25,12.5186,78.2137,33.4,75,16.4,2,0.8,2.7,12.3,1.76,1.0,0.0,5.5,0.08,4.0,village,5.12,0.44,7.0,489.0,"All 5 Live APIs (Static Baseline (Inland District), Open-Meteo Flood REST API (Live Ingested), OpenStreetMap Nominatim REST API (Live Ingested), NASA POWER Satellite REST API (Live Ingested), Open-Meteo Elevation REST API (Live Ingested))",,,,
Karur,2026-08-18 14:58:29,10.9601,78.0766,37.8,75,16.2,1,0.1,9.1,12.8,1.83,1.0,0.0,5.38,5.84,6.0,suburb,3.38,0.56,5.5,128.0,"All 5 Live APIs (Static Baseline (Inland District), Open-Meteo Flood REST API (Live Ingested), OpenStreetMap Nominatim REST API (Live Ingested), NASA POWER Satellite REST API (Live Ingested), Open-Meteo Elevation REST API (Live Ingested))",,,,
Namakkal,2026-08-18 14:58:33,11.2189,78.1674,35.1,75,5.1,1,0.9,0.8,20.0,2.86,1.0,0.0,5.49,0.37,6.5,suburb,3.88,0.56,6.0,200.0,"All 5 Live APIs (Static Baseline (Inland District), Open-Meteo Flood REST API (Live Ingested), OpenStreetMap Nominatim REST API (Live Ingested), NASA POWER Satellite REST API (Live Ingested), Open-Meteo Elevation REST API (Live Ingested))",,,,
Pudukkottai,2026-08-18 14:58:38,10.3797,78.8202,34.4,75,8.6,51,0.6,1.0,16.1,2.3,6.75,0.5,5.0,0.03,5.5,administrative,3.76,0.62,4.5,100.0,"All 5 Live APIs (Open-Meteo Marine REST API (Live Ingested), Open-Meteo Flood REST API (Live Ingested), OpenStreetMap Nominatim REST API (Live Ingested), NASA POWER Satellite REST API (Live Ingested), Open-Meteo Elevation REST API (Live Ingested))",,,,
Sivaganga,2026-08-18 14:58:42,9.8433,78.4809,35.8,75,4.2,1,0.7,1.2,7.8,1.11,4.0,0.0,5.0,0.0,5.0,town,3.5,0.75,4.5,99.0,"All 5 Live APIs (Static Baseline (Inland District), Open-Meteo Flood REST API (Live Ingested), OpenStreetMap Nominatim REST API (Live Ingested), NASA POWER Satellite REST API (Live Ingested), Open-Meteo Elevation REST API (Live Ingested))",,,,
Theni,2026-08-18 14:58:47,10.0104,77.4768,35.8,75,1.7,1,0.0,6.6,24.7,3.53,1.0,0.0,6.46,2.16,5.5,suburb,6.44,0.78,7.0,298.0,"All 5 Live APIs (Static Baseline (Inland District), Open-Meteo Flood REST API (Live Ingested), OpenStreetMap Nominatim REST API (Live Ingested), NASA POWER Satellite REST API (Live Ingested), Open-Meteo Elevation REST API (Live Ingested))",,,,
Tiruvallur,2026-08-18 14:58:52,13.1432,79.907,36.0,75,10.3,51,3.4,4.7,8.7,1.24,8.25,0.5,4.99,0.39,8.0,suburb,3.34,0.83,4.0,46.0,"All 5 Live APIs (Open-Meteo Marine REST API (Live Ingested), Open-Meteo Flood REST API (Live Ingested), OpenStreetMap Nominatim REST API (Live Ingested), NASA POWER Satellite REST API (Live Ingested), Open-Meteo Elevation REST API (Live Ingested))",,,,
Tiruvannamalai,2026-08-18 14:58:56,12.2253,79.0747,35.6,75,9.4,51,4.1,7.8,17.7,2.53,1.0,0.0,4.99,0.56,5.5,town,4.2,0.65,5.0,173.0,"All 5 Live APIs (Static Baseline (Inland District), Open-Meteo Flood REST API (Live Ingested), OpenStreetMap Nominatim REST API (Live Ingested), NASA POWER Satellite REST API (Live Ingested), Open-Meteo Elevation REST API (Live Ingested))",,,,
Tiruvarur,2026-08-18 14:59:02,10.7709,79.6366,35.7,75,10.1,0,0.1,1.7,3.9,0.56,8.75,0.5,4.49,0.66,3.5,hamlet,2.68,0.66,3.0,12.0,"All 5 Live APIs (Open-Meteo Marine REST API (Live Ingested), Open-Meteo Flood REST API (Live Ingested), OpenStreetMap Nominatim REST API (Live Ingested), NASA POWER Satellite REST API (Live Ingested), Open-Meteo Elevation REST API (Live Ingested))",,,,
Viluppuram,2026-08-18 14:59:08,11.9401,79.4861,34.0,75,8.2,3,4.5,1.3,12.3,1.76,7.75,0.5,4.49,0.49,5.5,town,3.7,0.65,4.5,48.0,"All 5 Live APIs (Open-Meteo Marine REST API (Live Ingested), Open-Meteo Flood REST API (Live Ingested), OpenStreetMap Nominatim REST API (Live Ingested), NASA POWER Satellite REST API (Live Ingested), Open-Meteo Elevation REST API (Live Ingested))",,,,
Virudhunagar,2026-08-18 14:59:13,9.5872,77.9624,39.0,75,10.5,1,1.3,1.9,43.3,6.19,1.0,0.0,5.0,0.02,4.5,village,3.48,0.76,5.0,101.0,"All 5 Live APIs (Static Baseline (Inland District), Open-Meteo Flood REST API (Live Ingested), OpenStreetMap Nominatim REST API (Live Ingested), NASA POWER Satellite REST API (Live Ingested), Open-Meteo Elevation REST API (Live Ingested))",,,,
Ariyalur,2026-08-18 14:59:17,11.1401,79.0782,35.7,75,6.0,0,0.1,1.3,7.0,1.0,1.0,0.0,4.5,0.03,3.0,hamlet,3.68,0.66,5.0,84.0,"All 5 Live APIs (Static Baseline (Inland District), Open-Meteo Flood REST API (Live Ingested), OpenStreetMap Nominatim REST API (Live Ingested), NASA POWER Satellite REST API (Live Ingested), Open-Meteo Elevation REST API (Live Ingested))",,,,
Perambalur,2026-08-18 14:59:21,11.2342,78.882,36.0,75,2.6,2,0.0,1.7,10.9,1.56,1.0,0.0,4.5,0.25,4.5,town,3.86,0.57,5.0,123.0,"All 5 Live APIs (Static Baseline (Inland District), Open-Meteo Flood REST API (Live Ingested), OpenStreetMap Nominatim REST API (Live Ingested), NASA POWER Satellite REST API (Live Ingested), Open-Meteo Elevation REST API (Live Ingested))",,,,
Nilgiris,2026-08-18 14:59:30,11.4102,76.695,18.8,75,9.2,53,4.2,0.8,18.8,2.69,1.0,0.0,6.0,0.2,3.0,village,8.24,0.63,7.0,2235.0,"All 5 Live APIs (Static Baseline (Inland District), Open-Meteo Flood REST API (Live Ingested), OpenStreetMap Nominatim REST API (Live Ingested), NASA POWER Satellite REST API (Live Ingested), Open-Meteo Elevation REST API (Live Ingested))",,,,
Ranipet,2026-08-18 14:59:35,12.9296,79.3333,36.3,75,6.6,3,2.6,6.7,10.5,1.5,1.0,0.0,5.0,0.19,6.5,quarter,3.58,0.71,5.0,173.0,"All 5 Live APIs (Static Baseline (Inland District), Open-Meteo Flood REST API (Live Ingested), OpenStreetMap Nominatim REST API (Live Ingested), NASA POWER Satellite REST API (Live Ingested), Open-Meteo Elevation REST API (Live Ingested))",,,,
Tirupathur,2026-08-18 14:59:40,12.4929,78.5678,34.8,75,14.3,2,5.7,4.8,17.2,2.46,1.0,0.0,5.0,0.05,4.0,village,4.32,0.59,6.0,392.0,"All 5 Live APIs (Static Baseline (Inland District), Open-Meteo Flood REST API (Live Ingested), OpenStreetMap Nominatim REST API (Live Ingested), NASA POWER Satellite REST API (Live Ingested), Open-Meteo Elevation REST API (Live Ingested))",,,,
Chengalpattu,2026-08-18 14:59:45,12.6921,79.9777,34.2,75,11.3,2,7.4,0.5,4.1,0.59,8.75,0.5,5.0,0.14,8.5,suburb,3.46,0.77,4.0,52.0,"All 5 Live APIs (Open-Meteo Marine REST API (Live Ingested), Open-Meteo Flood REST API (Live Ingested), OpenStreetMap Nominatim REST API (Live Ingested), NASA POWER Satellite REST API (Live Ingested), Open-Meteo Elevation REST API (Live Ingested))",,,,
Kallakurichi,2026-08-18 14:59:49,11.7384,78.9639,35.0,75,4.6,2,1.4,2.6,7.6,1.09,1.0,0.0,4.5,0.17,5.0,town,4.36,0.57,5.0,131.0,"All 5 Live APIs (Static Baseline (Inland District), Open-Meteo Flood REST API (Live Ingested), OpenStreetMap Nominatim REST API (Live Ingested), NASA POWER Satellite REST API (Live Ingested), Open-Meteo Elevation REST API (Live Ingested))",,,,
Tenkasi,2026-08-18 14:59:54,8.9593,77.3149,29.8,75,24.5,51,1.2,11.4,21.1,3.01,1.0,0.0,5.43,3.36,3.5,village,4.86,0.82,5.5,168.0,"All 5 Live APIs (Static Baseline (Inland District), Open-Meteo Flood REST API (Live Ingested), OpenStreetMap Nominatim REST API (Live Ingested), NASA POWER Satellite REST API (Live Ingested), Open-Meteo Elevation REST API (Live Ingested))",,,,
Mayiladuthurai,2026-08-18 14:59:59,11.1018,79.6522,35.1,75,8.5,0,0.2,0.0,12.5,1.79,9.25,0.5,3.99,0.42,6.0,suburb,3.18,0.66,3.0,17.0,"All 5 Live APIs (Open-Meteo Marine REST API (Live Ingested), Open-Meteo Flood REST API (Live Ingested), OpenStreetMap Nominatim REST API (Live Ingested), NASA POWER Satellite REST API (Live Ingested), Open-Meteo Elevation REST API (Live Ingested))",,,,
Coimbatore,2026-08-18 15:25:18,11.0168,76.9558,30.4,75,17.5,80,7.3,0.5,20.3,2.9,1.0,0.0,6.5,0.17,9.0,administrative,4.52,0.74,7.5,431.0,"All 5 Live APIs (Static Baseline (Inland District), Open-Meteo Flood REST API (Live Ingested), OpenStreetMap Nominatim REST API (Live Ingested), NASA POWER Satellite REST API (Live Ingested), Open-Meteo Elevation REST API (Live Ingested))",,,,
Chennai,2026-08-18 15:25:25,13.0827,80.2707,33.4,75,11.6,95,8.5,4.9,17.6,2.51,10.0,1.18,3.9,5.0,10.0,administrative,2.34,0.83,2.5,12.0,"All 5 Live APIs (Open-Meteo Marine REST API (Live Ingested), Open-Meteo Flood REST API (Live Ingested), OpenStreetMap Nominatim REST API (Live Ingested), NASA POWER Satellite REST API (Live Ingested), Open-Meteo Elevation REST API (Live Ingested))",,,,
Madurai,2026-08-18 15:25:32,9.9252,78.1198,37.7,75,3.6,1,0.0,0.5,14.7,2.1,1.0,0.0,5.48,1.17,8.5,suburb,3.54,0.73,5.0,141.0,"All 5 Live APIs (Static Baseline (Inland District), Open-Meteo Flood REST API (Live Ingested), OpenStreetMap Nominatim REST API (Live Ingested), NASA POWER Satellite REST API (Live Ingested), Open-Meteo Elevation REST API (Live Ingested))",,,,
Salem,2026-08-18 15:25:38,11.6643,78.146,31.7,75,6.6,3,1.4,1.9,17.9,2.56,1.0,0.0,6.97,1.33,8.0,quarter,4.92,0.54,7.0,284.0,"All 5 Live APIs (Static Baseline (Inland District), Open-Meteo Flood REST API (Live Ingested), OpenStreetMap Nominatim REST API (Live Ingested), NASA POWER Satellite REST API (Live Ingested), Open-Meteo Elevation REST API (Live Ingested))",,,,
Erode,2026-08-18 15:25:43,11.341,77.7172,32.9,75,10.1,3,1.2,3.1,13.3,1.9,1.0,0.0,1.72,238.88,7.5,suburb,4.48,0.51,6.0,177.0,"All 5 Live APIs (Static Baseline (Inland District), Open-Meteo Flood REST API (Live Ingested), OpenStreetMap Nominatim REST API (Live Ingested), NASA POWER Satellite REST API (Live Ingested), Open-Meteo Elevation REST API (Live Ingested))",,,,
Tiruchirappalli,2026-08-18 15:25:48,10.7905,78.7047,38.0,75,11.9,1,1.5,1.8,7.8,1.11,1.0,0.0,5.99,0.56,8.0,administrative,3.86,0.57,5.5,80.0,"All 5 Live APIs (Static Baseline (Inland District), Open-Meteo Flood REST API (Live Ingested), OpenStreetMap Nominatim REST API (Live Ingested), NASA POWER Satellite REST API (Live Ingested), Open-Meteo Elevation REST API (Live Ingested))",,,,
Tirunelveli,2026-08-18 15:25:55,8.7139,77.7567,37.3,75,17.6,1,0.6,0.4,16.0,2.29,4.75,0.5,5.91,4.36,7.0,suburb,4.34,0.83,5.0,50.0,"All 5 Live APIs (Open-Meteo Marine REST API (Live Ingested), Open-Meteo Flood REST API (Live Ingested), OpenStreetMap Nominatim REST API (Live Ingested), NASA POWER Satellite REST API (Live Ingested), Open-Meteo Elevation REST API (Live Ingested))",,,,
Vellore,2026-08-18 15:25:59,12.9165,79.1325,30.4,75,16.9,51,2.6,5.3,13.0,1.86,1.0,0.0,5.0,0.14,7.5,suburb,3.58,0.71,6.0,218.0,"All 5 Live APIs (Static Baseline (Inland District), Open-Meteo Flood REST API (Live Ingested), OpenStreetMap Nominatim REST API (Live Ingested), NASA POWER Satellite REST API (Live Ingested), Open-Meteo Elevation REST API (Live Ingested))",,,,
Thanjavur,2026-08-18 15:26:05,10.787,79.1378,35.6,75,10.6,1,1.1,1.0,4.9,0.7,7.25,0.5,5.48,0.83,6.5,suburb,3.18,0.66,4.5,59.0,"All 5 Live APIs (Open-Meteo Marine REST API (Live Ingested), Open-Meteo Flood REST API (Live Ingested), OpenStreetMap Nominatim REST API (Live Ingested), NASA POWER Satellite REST API (Live Ingested), Open-Meteo Elevation REST API (Live Ingested))",,,,
Kanchipuram,2026-08-18 15:26:11,12.8342,79.7036,35.8,75,9.7,2,2.3,1.8,3.1,0.44,4.0,0.0,5.0,0.02,6.0,village,3.34,0.83,5.0,88.0,"All 5 Live APIs (Static Baseline (Inland District), Open-Meteo Flood REST API (Live Ingested), OpenStreetMap Nominatim REST API (Live Ingested), NASA POWER Satellite REST API (Live Ingested), Open-Meteo Elevation REST API (Live Ingested))",,,,
Cuddalore,2026-08-18 15:26:18,11.748,79.7714,32.2,75,11.3,51,3.3,2.1,7.2,1.03,9.37,0.58,4.4,5.0,7.0,suburb,3.84,0.83,3.0,7.0,"All 5 Live APIs (Open-Meteo Marine REST API (Live Ingested), Open-Meteo Flood REST API (Live Ingested), OpenStreetMap Nominatim REST API (Live Ingested), NASA POWER Satellite REST API (Live Ingested), Open-Meteo Elevation REST API (Live Ingested))",,,,
Tiruppur,2026-08-18 15:26:25,11.1085,77.3411,33.9,75,20.1,80,1.8,4.0,10.8,1.54,1.0,0.0,5.95,2.36,8.5,suburb,4.38,0.56,6.5,304.0,"All 5 Live APIs (Static Baseline (Inland District), Open-Meteo Flood REST API (Live Ingested), OpenStreetMap Nominatim REST API (Live Ingested), NASA POWER Satellite REST API (Live Ingested), Open-Meteo Elevation REST API (Live Ingested))",,,,
Dindigul,2026-08-18 15:26:30,10.3673,77.9803,37.3,75,5.8,1,0.8,2.5,30.3,4.33,1.0,0.0,5.99,0.28,4.5,village,5.74,0.63,6.5,284.0,"All 5 Live APIs (Static Baseline (Inland District), Open-Meteo Flood REST API (Live Ingested), OpenStreetMap Nominatim REST API (Live Ingested), NASA POWER Satellite REST API (Live Ingested), Open-Meteo Elevation REST API (Live Ingested))",,,,
Kanyakumari,2026-08-18 15:26:37,8.1833,77.4119,32.5,75,24.9,1,0.6,9.0,24.6,3.51,10.0,1.86,5.45,2.28,7.5,suburb,5.54,0.73,5.0,58.0,"All 5 Live APIs (Open-Meteo Marine REST API (Live Ingested), Open-Meteo Flood REST API (Live Ingested), OpenStreetMap Nominatim REST API (Live Ingested), NASA POWER Satellite REST API (Live Ingested), Open-Meteo Elevation REST API (Live Ingested))",,,,
Nagapattinam,2026-08-18 15:26:42,10.7672,79.8449,36.1,75,9.7,51,1.0,5.8,11.1,1.59,9.9,0.6,3.98,0.81,4.0,hamlet,2.84,0.83,2.5,7.0,"All 5 Live APIs (Open-Meteo Marine REST API (Live Ingested), Open-Meteo Flood REST API (Live Ingested), OpenStreetMap Nominatim REST API (Live Ingested), NASA POWER Satellite REST API (Live Ingested), Open-Meteo Elevation REST API (Live Ingested))",,,,
Thoothukudi,2026-08-18 15:26:49,8.7642,78.1348,36.8,75,10.4,51,3.3,2.8,18.4,2.63,10.0,1.22,4.99,0.52,7.5,suburb,2.46,0.77,3.5,3.0,"All 5 Live APIs (Open-Meteo Marine REST API (Live Ingested), Open-Meteo Flood REST API (Live Ingested), OpenStreetMap Nominatim REST API (Live Ingested), NASA POWER Satellite REST API (Live Ingested), Open-Meteo Elevation REST API (Live Ingested))",,,,
Ramanathapuram,2026-08-18 15:26:56,9.3639,78.8318,32.6,75,21.1,1,0.2,5.5,17.2,2.46,10.0,1.0,3.96,1.77,5.0,town,2.44,0.78,3.0,11.0,"All 5 Live APIs (Open-Meteo Marine REST API (Live Ingested), Open-Meteo Flood REST API (Live Ingested), OpenStreetMap Nominatim REST API (Live Ingested), NASA POWER Satellite REST API (Live Ingested), Open-Meteo Elevation REST API (Live Ingested))",,,,
Dharmapuri,2026-08-18 15:27:01,12.1211,78.1582,35.4,75,14.4,3,1.4,3.3,11.5,1.64,1.0,0.0,5.0,0.02,5.5,city,4.96,0.52,6.5,461.0,"All 5 Live APIs (Static Baseline (Inland District), Open-Meteo Flood REST API (Live Ingested), OpenStreetMap Nominatim REST API (Live Ingested), NASA POWER Satellite REST API (Live Ingested), Open-Meteo Elevation REST API (Live Ingested))",,,,
Krishnagiri,2026-08-18 15:27:06,12.5186,78.2137,33.5,75,15.8,2,0.8,2.7,12.3,1.76,1.0,0.0,5.5,0.08,4.0,village,5.12,0.44,7.0,489.0,"All 5 Live APIs (Static Baseline (Inland District), Open-Meteo Flood REST API (Live Ingested), OpenStreetMap Nominatim REST API (Live Ingested), NASA POWER Satellite REST API (Live Ingested), Open-Meteo Elevation REST API (Live Ingested))",,,,
Karur,2026-08-18 15:27:11,10.9601,78.0766,37.6,75,15.5,1,0.1,9.1,12.8,1.83,1.0,0.0,5.38,5.84,6.0,suburb,3.38,0.56,5.5,128.0,"All 5 Live APIs (Static Baseline (Inland District), Open-Meteo Flood REST API (Live Ingested), OpenStreetMap Nominatim REST API (Live Ingested), NASA POWER Satellite REST API (Live Ingested), Open-Meteo Elevation REST API (Live Ingested))",,,,
Namakkal,2026-08-18 15:27:17,11.2189,78.1674,35.1,75,3.4,0,0.9,0.8,20.0,2.86,1.0,0.0,5.49,0.37,6.5,suburb,3.88,0.56,6.0,200.0,"All 5 Live APIs (Static Baseline (Inland District), Open-Meteo Flood REST API (Live Ingested), OpenStreetMap Nominatim REST API (Live Ingested), NASA POWER Satellite REST API (Live Ingested), Open-Meteo Elevation REST API (Live Ingested))",,,,
Pudukkottai,2026-08-18 15:27:23,10.3797,78.8202,33.4,75,8.3,51,0.6,1.0,16.1,2.3,6.75,0.5,5.0,0.03,5.5,administrative,3.76,0.62,4.5,100.0,"All 5 Live APIs (Open-Meteo Marine REST API (Live Ingested), Open-Meteo Flood REST API (Live Ingested), OpenStreetMap Nominatim REST API (Live Ingested), NASA POWER Satellite REST API (Live Ingested), Open-Meteo Elevation REST API (Live Ingested))",,,,
Sivaganga,2026-08-18 15:27:30,9.8433,78.4809,35.7,75,2.4,1,0.7,1.2,7.8,1.11,4.0,0.0,5.0,0.0,5.0,town,3.5,0.75,4.5,99.0,"All 5 Live APIs (Static Baseline (Inland District), Open-Meteo Flood REST API (Live Ingested), OpenStreetMap Nominatim REST API (Live Ingested), NASA POWER Satellite REST API (Live Ingested), Open-Meteo Elevation REST API (Live Ingested))",,,,
Theni,2026-08-18 15:27:36,10.0104,77.4768,35.7,75,3.5,1,0.0,6.6,24.7,3.53,1.0,0.0,6.46,2.16,5.5,suburb,6.44,0.78,7.0,298.0,"All 5 Live APIs (Static Baseline (Inland District), Open-Meteo Flood REST API (Live Ingested), OpenStreetMap Nominatim REST API (Live Ingested), NASA POWER Satellite REST API (Live Ingested), Open-Meteo Elevation REST API (Live Ingested))",,,,
Tiruvallur,2026-08-18 15:27:42,13.1432,79.907,34.6,75,11.8,51,3.4,4.7,8.7,1.24,8.25,0.5,4.99,0.39,8.0,suburb,3.34,0.83,4.0,46.0,"All 5 Live APIs (Open-Meteo Marine REST API (Live Ingested), Open-Meteo Flood REST API (Live Ingested), OpenStreetMap Nominatim REST API (Live Ingested), NASA POWER Satellite REST API (Live Ingested), Open-Meteo Elevation REST API (Live Ingested))",,,,
Tiruvannamalai,2026-08-18 15:27:47,12.2253,79.0747,35.5,75,8.1,51,4.1,7.8,17.7,2.53,1.0,0.0,4.99,0.56,5.5,town,4.2,0.65,5.0,173.0,"All 5 Live APIs (Static Baseline (Inland District), Open-Meteo Flood REST API (Live Ingested), OpenStreetMap Nominatim REST API (Live Ingested), NASA POWER Satellite REST API (Live Ingested), Open-Meteo Elevation REST API (Live Ingested))",,,,
Tiruvarur,2026-08-18 15:27:55,10.7709,79.6366,35.8,75,7.2,0,0.1,1.7,3.9,0.56,8.75,0.5,4.49,0.66,3.5,hamlet,2.68,0.66,3.0,12.0,"All 5 Live APIs (Open-Meteo Marine REST API (Live Ingested), Open-Meteo Flood REST API (Live Ingested), OpenStreetMap Nominatim REST API (Live Ingested), NASA POWER Satellite REST API (Live Ingested), Open-Meteo Elevation REST API (Live Ingested))",,,,
Viluppuram,2026-08-18 15:28:03,11.9401,79.4861,33.8,75,9.3,3,4.5,1.3,12.3,1.76,7.75,0.5,4.49,0.49,5.5,town,3.7,0.65,4.5,48.0,"All 5 Live APIs (Open-Meteo Marine REST API (Live Ingested), Open-Meteo Flood REST API (Live Ingested), OpenStreetMap Nominatim REST API (Live Ingested), NASA POWER Satellite REST API (Live Ingested), Open-Meteo Elevation REST API (Live Ingested))",,,,
Virudhunagar,2026-08-18 15:28:10,9.5872,77.9624,39.0,75,10.7,3,1.3,1.9,43.3,6.19,1.0,0.0,5.0,0.02,4.5,village,3.48,0.76,5.0,101.0,"All 5 Live APIs (Static Baseline (Inland District), Open-Meteo Flood REST API (Live Ingested), OpenStreetMap Nominatim REST API (Live Ingested), NASA POWER Satellite REST API (Live Ingested), Open-Meteo Elevation REST API (Live Ingested))",,,,
Ariyalur,2026-08-18 15:28:18,11.1401,79.0782,35.9,75,5.5,0,0.1,1.3,7.0,1.0,1.0,0.0,4.5,0.03,3.0,hamlet,3.68,0.66,5.0,84.0,"All 5 Live APIs (Static Baseline (Inland District), Open-Meteo Flood REST API (Live Ingested), OpenStreetMap Nominatim REST API (Live Ingested), NASA POWER Satellite REST API (Live Ingested), Open-Meteo Elevation REST API (Live Ingested))",,,,
Perambalur,2026-08-18 15:28:23,11.2342,78.882,36.1,75,2.7,1,0.0,1.7,10.9,1.56,1.0,0.0,4.5,0.25,4.5,town,3.86,0.57,5.0,123.0,"All 5 Live APIs (Static Baseline (Inland District), Open-Meteo Flood REST API (Live Ingested), OpenStreetMap Nominatim REST API (Live Ingested), NASA POWER Satellite REST API (Live Ingested), Open-Meteo Elevation REST API (Live Ingested))",,,,
Nilgiris,2026-08-18 15:28:29,11.4102,76.695,18.1,75,10.0,53,4.2,0.8,18.8,2.69,1.0,0.0,6.0,0.2,3.0,village,8.24,0.63,7.0,2235.0,"All 5 Live APIs (Static Baseline (Inland District), Open-Meteo Flood REST API (Live Ingested), OpenStreetMap Nominatim REST API (Live Ingested), NASA POWER Satellite REST API (Live Ingested), Open-Meteo Elevation REST API (Live Ingested))",,,,
Ranipet,2026-08-18 15:28:35,12.9296,79.3333,36.8,75,8.2,3,2.6,6.7,10.5,1.5,1.0,0.0,5.0,0.19,6.5,quarter,3.58,0.71,5.0,173.0,"All 5 Live APIs (Static Baseline (Inland District), Open-Meteo Flood REST API (Live Ingested), OpenStreetMap Nominatim REST API (Live Ingested), NASA POWER Satellite REST API (Live Ingested), Open-Meteo Elevation REST API (Live Ingested))",,,,
Tirupathur,2026-08-18 15:28:40,12.4929,78.5678,34.5,75,13.6,3,5.7,4.8,17.2,2.46,1.0,0.0,5.0,0.05,4.0,village,4.32,0.59,6.0,392.0,"All 5 Live APIs (Static Baseline (Inland District), Open-Meteo Flood REST API (Live Ingested), OpenStreetMap Nominatim REST API (Live Ingested), NASA POWER Satellite REST API (Live Ingested), Open-Meteo Elevation REST API (Live Ingested))",,,,
Chengalpattu,2026-08-18 15:28:46,12.6921,79.9777,34.1,75,12.8,1,7.4,0.5,4.1,0.59,8.75,0.5,5.0,0.14,8.5,suburb,3.46,0.77,4.0,52.0,"All 5 Live APIs (Open-Meteo Marine REST API (Live Ingested), Open-Meteo Flood REST API (Live Ingested), OpenStreetMap Nominatim REST API (Live Ingested), NASA POWER Satellite REST API (Live Ingested), Open-Meteo Elevation REST API (Live Ingested))",,,,
Kallakurichi,2026-08-18 15:28:51,11.7384,78.9639,35.3,75,7.2,2,1.4,2.6,7.6,1.09,1.0,0.0,4.5,0.17,5.0,town,4.36,0.57,5.0,131.0,"All 5 Live APIs (Static Baseline (Inland District), Open-Meteo Flood REST API (Live Ingested), OpenStreetMap Nominatim REST API (Live Ingested), NASA POWER Satellite REST API (Live Ingested), Open-Meteo Elevation REST API (Live Ingested))",,,,
Tenkasi,2026-08-18 15:28:57,8.9593,77.3149,29.3,75,24.4,51,1.2,11.4,21.1,3.01,1.0,0.0,5.43,3.36,3.5,village,4.86,0.82,5.5,168.0,"All 5 Live APIs (Static Baseline (Inland District), Open-Meteo Flood REST API (Live Ingested), OpenStreetMap Nominatim REST API (Live Ingested), NASA POWER Satellite REST API (Live Ingested), Open-Meteo Elevation REST API (Live Ingested))",,,,
Mayiladuthurai,2026-08-18 15:29:03,11.1018,79.6522,35.3,75,10.2,0,0.2,0.0,12.5,1.79,9.25,0.5,3.99,0.42,6.0,suburb,3.18,0.66,3.0,17.0,"All 5 Live APIs (Open-Meteo Marine REST API (Live Ingested), Open-Meteo Flood REST API (Live Ingested), OpenStreetMap Nominatim REST API (Live Ingested), NASA POWER Satellite REST API (Live Ingested), Open-Meteo Elevation REST API (Live Ingested))",,,,
Coimbatore,2026-08-18 15:25:26,11.0168,76.9558,30.4,75,17.5,80,7.3,0.5,20.3,2.9,1.0,0.0,6.5,0.17,9.0,administrative,4.52,0.74,7.5,431.0,"All 5 Live APIs & TN Dam Registry (Static Baseline (Inland District), Open-Meteo Flood REST API (Live Ingested), OpenStreetMap Nominatim REST API (Live Ingested), NASA POWER Satellite REST API (Live Ingested), Open-Meteo Elevation REST API (Live Ingested))",Aliyar Dam & Sholayar Dam,Aliyar / Parambikulam Basin,11.33,NORMAL - Stable Reservoir Water Level
Chennai,2026-08-18 15:25:33,13.0827,80.2707,33.4,75,11.6,95,8.5,4.9,17.6,2.51,10.0,1.18,3.9,5.0,10.0,administrative,2.34,0.83,2.5,12.0,"All 5 Live APIs & TN Dam Registry (Open-Meteo Marine REST API (Live Ingested), Open-Meteo Flood REST API (Live Ingested), OpenStreetMap Nominatim REST API (Live Ingested), NASA POWER Satellite REST API (Live Ingested), Open-Meteo Elevation REST API (Live Ingested))",Chembarambakkam & Poondi Feeder Reservoirs,Adyar / Kosasthalaiyar Basin,1.5,NORMAL - Stable Reservoir Water Level
Madurai,2026-08-18 15:25:40,9.9252,78.1198,37.7,75,3.6,1,0.0,0.5,14.7,2.1,1.0,0.0,5.48,1.17,8.5,suburb,3.54,0.73,5.0,141.0,"All 5 Live APIs & TN Dam Registry (Static Baseline (Inland District), Open-Meteo Flood REST API (Live Ingested), OpenStreetMap Nominatim REST API (Live Ingested), NASA POWER Satellite REST API (Live Ingested), Open-Meteo Elevation REST API (Live Ingested))",Vaigai River Regulator Anicut,Vaigai River Basin,1.17,NORMAL - Stable Reservoir Water Level
Salem,2026-08-18 15:25:47,11.6643,78.146,31.7,75,6.6,3,1.4,1.9,17.9,2.56,1.0,0.0,6.97,1.33,8.0,quarter,4.92,0.54,7.0,284.0,"All 5 Live APIs & TN Dam Registry (Static Baseline (Inland District), Open-Meteo Flood REST API (Live Ingested), OpenStreetMap Nominatim REST API (Live Ingested), NASA POWER Satellite REST API (Live Ingested), Open-Meteo Elevation REST API (Live Ingested))",Mettur Dam (Stanley Reservoir),Kaveri River,0.03,NORMAL - Stable Reservoir Water Level
Erode,2026-08-18 15:25:53,11.341,77.7172,32.9,75,10.1,3,1.2,3.1,13.3,1.9,1.0,0.0,1.72,238.88,7.5,suburb,4.48,0.51,6.0,177.0,"All 5 Live APIs & TN Dam Registry (Static Baseline (Inland District), Open-Meteo Flood REST API (Live Ingested), OpenStreetMap Nominatim REST API (Live Ingested), NASA POWER Satellite REST API (Live Ingested), Open-Meteo Elevation REST API (Live Ingested))",Bhavanisagar Dam,Bhavani River,47.98,WARNING - Controlled Reservoir Release
Tiruchirappalli,2026-08-18 15:25:58,10.7905,78.7047,38.0,75,11.9,1,1.5,1.8,7.8,1.11,1.0,0.0,5.99,0.56,8.0,administrative,3.86,0.57,5.5,80.0,"All 5 Live APIs & TN Dam Registry (Static Baseline (Inland District), Open-Meteo Flood REST API (Live Ingested), OpenStreetMap Nominatim REST API (Live Ingested), NASA POWER Satellite REST API (Live Ingested), Open-Meteo Elevation REST API (Live Ingested))",Mukkombu & Grand Anaicut (Kallanai),Kaveri / Kollidam River,1.47,NORMAL - Stable Reservoir Water Level
Tirunelveli,2026-08-18 15:26:05,8.7139,77.7567,37.3,75,17.6,1,0.6,0.4,16.0,2.29,4.75,0.5,5.91,4.36,7.0,suburb,4.34,0.83,5.0,50.0,"All 5 Live APIs & TN Dam Registry (Open-Meteo Marine REST API (Live Ingested), Open-Meteo Flood REST API (Live Ingested), OpenStreetMap Nominatim REST API (Live Ingested), NASA POWER Satellite REST API (Live Ingested), Open-Meteo Elevation REST API (Live Ingested))",Papanasam & Manimuthar Dams,Thamirabarani River,4.56,NORMAL - Stable Reservoir Water Level
Vellore,2026-08-18 15:26:11,12.9165,79.1325,30.4,75,16.9,51,2.6,5.3,13.0,1.86,1.0,0.0,5.0,0.14,7.5,suburb,3.58,0.71,6.0,218.0,"All 5 Live APIs & TN Dam Registry (Static Baseline (Inland District), Open-Meteo Flood REST API (Live Ingested), OpenStreetMap Nominatim REST API (Live Ingested), NASA POWER Satellite REST API (Live Ingested), Open-Meteo Elevation REST API (Live Ingested))",Palar River Regulator Dam,Palar River,0.14,NORMAL - Stable Reservoir Water Level
Thanjavur,2026-08-18 15:26:19,10.787,79.1378,35.6,75,10.6,1,1.1,1.0,4.9,0.7,7.25,0.5,5.48,0.83,6.5,suburb,3.18,0.66,4.5,59.0,"All 5 Live APIs & TN Dam Registry (Open-Meteo Marine REST API (Live Ingested), Open-Meteo Flood REST API (Live Ingested), OpenStreetMap Nominatim REST API (Live Ingested), NASA POWER Satellite REST API (Live Ingested), Open-Meteo Elevation REST API (Live Ingested))",Grand Anaicut (Kallanai Regulator),Kaveri Delta Channels,1.42,NORMAL - Stable Reservoir Water Level
Kanchipuram,2026-08-18 15:26:26,12.8342,79.7036,35.8,75,9.7,2,2.3,1.8,3.1,0.44,4.0,0.0,5.0,0.02,6.0,village,3.34,0.83,5.0,88.0,"All 5 Live APIs & TN Dam Registry (Static Baseline (Inland District), Open-Meteo Flood REST API (Live Ingested), OpenStreetMap Nominatim REST API (Live Ingested), NASA POWER Satellite REST API (Live Ingested), Open-Meteo Elevation REST API (Live Ingested))",Palar River Anicut & Regulators,Palar River,0.02,NORMAL - Stable Reservoir Water Level
Cuddalore,2026-08-18 15:26:34,11.748,79.7714,32.2,75,11.3,51,3.3,2.1,7.2,1.03,9.37,0.58,4.4,5.0,7.0,suburb,3.84,0.83,3.0,7.0,"All 5 Live APIs & TN Dam Registry (Open-Meteo Marine REST API (Live Ingested), Open-Meteo Flood REST API (Live Ingested), OpenStreetMap Nominatim REST API (Live Ingested), NASA POWER Satellite REST API (Live Ingested), Open-Meteo Elevation REST API (Live Ingested))",Sethiathope Anicut & Vellar Basin,Vellar River,1.5,NORMAL - Stable Reservoir Water Level
Tiruppur,2026-08-18 15:26:40,11.1085,77.3411,33.9,75,20.1,80,1.8,4.0,10.8,1.54,1.0,0.0,5.95,2.36,8.5,suburb,4.38,0.56,6.5,304.0,"All 5 Live APIs & TN Dam Registry (Static Baseline (Inland District), Open-Meteo Flood REST API (Live Ingested), OpenStreetMap Nominatim REST API (Live Ingested), NASA POWER Satellite REST API (Live Ingested), Open-Meteo Elevation REST API (Live Ingested))",Amaravathi Dam,Amaravathi River,30.41,WARNING - Controlled Reservoir Release
Dindigul,2026-08-18 15:26:46,10.3673,77.9803,37.3,75,5.8,1,0.8,2.5,30.3,4.33,1.0,0.0,5.99,0.28,4.5,village,5.74,0.63,6.5,284.0,"All 5 Live APIs & TN Dam Registry (Static Baseline (Inland District), Open-Meteo Flood REST API (Live Ingested), OpenStreetMap Nominatim REST API (Live Ingested), NASA POWER Satellite REST API (Live Ingested), Open-Meteo Elevation REST API (Live Ingested))",Palar-Porandalar & Kudaraganar Dam,Shanmuganadhi Basin,0.28,NORMAL - Stable Reservoir Water Level
Kanyakumari,2026-08-18 15:26:53,8.1833,77.4119,32.5,75,24.9,1,0.6,9.0,24.6,3.51,10.0,1.86,5.45,2.28,7.5,suburb,5.54,0.73,5.0,58.0,"All 5 Live APIs & TN Dam Registry (Open-Meteo Marine REST API (Live Ingested), Open-Meteo Flood REST API (Live Ingested), OpenStreetMap Nominatim REST API (Live Ingested), NASA POWER Satellite REST API (Live Ingested), Open-Meteo Elevation REST API (Live Ingested))",Pechiparai & Perunchani Dams,Kodayar River,0.26,NORMAL - Stable Reservoir Water Level
Nagapattinam,2026-08-18 15:27:00,10.7672,79.8449,36.1,75,9.7,51,1.0,5.8,11.1,1.59,9.9,0.6,3.98,0.81,4.0,hamlet,2.84,0.83,2.5,7.0,"All 5 Live APIs & TN Dam Registry (Open-Meteo Marine REST API (Live Ingested), Open-Meteo Flood REST API (Live Ingested), OpenStreetMap Nominatim REST API (Live Ingested), NASA POWER Satellite REST API (Live Ingested), Open-Meteo Elevation REST API (Live Ingested))",Coleroon River Tail-End Anicut,Kollidam Delta,0.81,NORMAL - Stable Reservoir Water Level
Thoothukudi,2026-08-18 15:27:09,8.7642,78.1348,36.8,75,10.4,51,3.3,2.8,18.4,2.63,10.0,1.22,4.99,0.52,7.5,suburb,2.46,0.77,3.5,3.0,"All 5 Live APIs & TN Dam Registry (Open-Meteo Marine REST API (Live Ingested), Open-Meteo Flood REST API (Live Ingested), OpenStreetMap Nominatim REST API (Live Ingested), NASA POWER Satellite REST API (Live Ingested), Open-Meteo Elevation REST API (Live Ingested))",Srivaikuntam Dam Anicut,Thamirabarani River Delta,3.84,NORMAL - Stable Reservoir Water Level
Ramanathapuram,2026-08-18 15:27:16,9.3639,78.8318,32.6,75,21.1,1,0.2,5.5,17.2,2.46,10.0,1.0,3.96,1.77,5.0,town,2.44,0.78,3.0,11.0,"All 5 Live APIs & TN Dam Registry (Open-Meteo Marine REST API (Live Ingested), Open-Meteo Flood REST API (Live Ingested), OpenStreetMap Nominatim REST API (Live Ingested), NASA POWER Satellite REST API (Live Ingested), Open-Meteo Elevation REST API (Live Ingested))",Ramanathapuram Big Tank (Periyakulam),Vaigai Delta Storage,1.77,NORMAL - Stable Reservoir Water Level
Dharmapuri,2026-08-18 15:27:22,12.1211,78.1582,35.4,75,14.4,3,1.4,3.3,11.5,1.64,1.0,0.0,5.0,0.02,5.5,city,4.96,0.52,6.5,461.0,"All 5 Live APIs & TN Dam Registry (Static Baseline (Inland District), Open-Meteo Flood REST API (Live Ingested), OpenStreetMap Nominatim REST API (Live Ingested), NASA POWER Satellite REST API (Live Ingested), Open-Meteo Elevation REST API (Live Ingested))",Kesaragulihalla Dam,Pennagaram Basin,0.02,NORMAL - Stable Reservoir Water Level
Krishnagiri,2026-08-18 15:27:28,12.5186,78.2137,33.5,75,15.8,2,0.8,2.7,12.3,1.76,1.0,0.0,5.5,0.08,4.0,village,5.12,0.44,7.0,489.0,"All 5 Live APIs & TN Dam Registry (Static Baseline (Inland District), Open-Meteo Flood REST API (Live Ingested), OpenStreetMap Nominatim REST API (Live Ingested), NASA POWER Satellite REST API (Live Ingested), Open-Meteo Elevation REST API (Live Ingested))",Krishnagiri Reservoir Project (KRP Dam),South Pennar River,0.36,NORMAL - Stable Reservoir Water Level
Karur,2026-08-18 15:27:35,10.9601,78.0766,37.6,75,15.5,1,0.1,9.1,12.8,1.83,1.0,0.0,5.38,5.84,6.0,suburb,3.38,0.56,5.5,128.0,"All 5 Live APIs & TN Dam Registry (Static Baseline (Inland District), Open-Meteo Flood REST API (Live Ingested), OpenStreetMap Nominatim REST API (Live Ingested), NASA POWER Satellite REST API (Live Ingested), Open-Meteo Elevation REST API (Live Ingested))",Mayanur Barrage Regulator,Kaveri River,5.84,NORMAL - Stable Reservoir Water Level
Namakkal,2026-08-18 15:27:42,11.2189,78.1674,35.1,75,3.4,0,0.9,0.8,20.0,2.86,1.0,0.0,5.49,0.37,6.5,suburb,3.88,0.56,6.0,200.0,"All 5 Live APIs & TN Dam Registry (Static Baseline (Inland District), Open-Meteo Flood REST API (Live Ingested), OpenStreetMap Nominatim REST API (Live Ingested), NASA POWER Satellite REST API (Live Ingested), Open-Meteo Elevation REST API (Live Ingested))",Jedarpalayam Barrage Anicut,Kaveri River,0.37,NORMAL - Stable Reservoir Water Level
Pudukkottai,2026-08-18 15:27:49,10.3797,78.8202,33.4,75,8.3,51,0.6,1.0,16.1,2.3,6.75,0.5,5.0,0.03,5.5,administrative,3.76,0.62,4.5,100.0,"All 5 Live APIs & TN Dam Registry (Open-Meteo Marine REST API (Live Ingested), Open-Meteo Flood REST API (Live Ingested), OpenStreetMap Nominatim REST API (Live Ingested), NASA POWER Satellite REST API (Live Ingested), Open-Meteo Elevation REST API (Live Ingested))",Kavinad Big Tank Anicut,Agniyar Basin,0.03,NORMAL - Stable Reservoir Water Level
Sivaganga,2026-08-18 15:27:54,9.8433,78.4809,35.7,75,2.4,1,0.7,1.2,7.8,1.11,4.0,0.0,5.0,0.0,5.0,town,3.5,0.75,4.5,99.0,"All 5 Live APIs & TN Dam Registry (Static Baseline (Inland District), Open-Meteo Flood REST API (Live Ingested), OpenStreetMap Nominatim REST API (Live Ingested), NASA POWER Satellite REST API (Live Ingested), Open-Meteo Elevation REST API (Live Ingested))",Vaigai Downstream Regulator Tanks,Vaigai Channel,0.0,NORMAL - Stable Reservoir Water Level
Theni,2026-08-18 15:28:01,10.0104,77.4768,35.7,75,3.5,1,0.0,6.6,24.7,3.53,1.0,0.0,6.46,2.16,5.5,suburb,6.44,0.78,7.0,298.0,"All 5 Live APIs & TN Dam Registry (Static Baseline (Inland District), Open-Meteo Flood REST API (Live Ingested), OpenStreetMap Nominatim REST API (Live Ingested), NASA POWER Satellite REST API (Live Ingested), Open-Meteo Elevation REST API (Live Ingested))",Vaigai Dam,Vaigai River,2.85,NORMAL - Stable Reservoir Water Level
Tiruvallur,2026-08-18 15:28:10,13.1432,79.907,34.6,75,11.8,51,3.4,4.7,8.7,1.24,8.25,0.5,4.99,0.39,8.0,suburb,3.34,0.83,4.0,46.0,"All 5 Live APIs & TN Dam Registry (Open-Meteo Marine REST API (Live Ingested), Open-Meteo Flood REST API (Live Ingested), OpenStreetMap Nominatim REST API (Live Ingested), NASA POWER Satellite REST API (Live Ingested), Open-Meteo Elevation REST API (Live Ingested))",Poondi Reservoir (Sathyamurthy),Kosasthalaiyar River,0.05,NORMAL - Stable Reservoir Water Level
Tiruvannamalai,2026-08-18 15:28:18,12.2253,79.0747,35.5,75,8.1,51,4.1,7.8,17.7,2.53,1.0,0.0,4.99,0.56,5.5,town,4.2,0.65,5.0,173.0,"All 5 Live APIs & TN Dam Registry (Static Baseline (Inland District), Open-Meteo Flood REST API (Live Ingested), OpenStreetMap Nominatim REST API (Live Ingested), NASA POWER Satellite REST API (Live Ingested), Open-Meteo Elevation REST API (Live Ingested))",Sathanur Dam,Ponnayyar River,0.09,NORMAL - Stable Reservoir Water Level
Tiruvarur,2026-08-18 15:28:25,10.7709,79.6366,35.8,75,7.2,0,0.1,1.7,3.9,0.56,8.75,0.5,4.49,0.66,3.5,hamlet,2.68,0.66,3.0,12.0,"All 5 Live APIs & TN Dam Registry (Open-Meteo Marine REST API (Live Ingested), Open-Meteo Flood REST API (Live Ingested), OpenStreetMap Nominatim REST API (Live Ingested), NASA POWER Satellite REST API (Live Ingested), Open-Meteo Elevation REST API (Live Ingested))",Vennar Regulator Anicut,Kaveri Delta Vennar,0.66,NORMAL - Stable Reservoir Water Level
Viluppuram,2026-08-18 15:28:33,11.9401,79.4861,33.8,75,9.3,3,4.5,1.3,12.3,1.76,7.75,0.5,4.49,0.49,5.5,town,3.7,0.65,4.5,48.0,"All 5 Live APIs & TN Dam Registry (Open-Meteo Marine REST API (Live Ingested), Open-Meteo Flood REST API (Live Ingested), OpenStreetMap Nominatim REST API (Live Ingested), NASA POWER Satellite REST API (Live Ingested), Open-Meteo Elevation REST API (Live Ingested))",Vidur Dam,Varahanadhi River,0.49,NORMAL - Stable Reservoir Water Level
Virudhunagar,2026-08-18 15:28:39,9.5872,77.9624,39.0,75,10.7,3,1.3,1.9,43.3,6.19,1.0,0.0,5.0,0.02,4.5,village,3.48,0.76,5.0,101.0,"All 5 Live APIs & TN Dam Registry (Static Baseline (Inland District), Open-Meteo Flood REST API (Live Ingested), OpenStreetMap Nominatim REST API (Live Ingested), NASA POWER Satellite REST API (Live Ingested), Open-Meteo Elevation REST API (Live Ingested))",Pilavakkal Periyar & Kovilar Dam,Arjunabasin,0.02,NORMAL - Stable Reservoir Water Level
Ariyalur,2026-08-18 15:28:45,11.1401,79.0782,35.9,75,5.5,0,0.1,1.3,7.0,1.0,1.0,0.0,4.5,0.03,3.0,hamlet,3.68,0.66,5.0,84.0,"All 5 Live APIs & TN Dam Registry (Static Baseline (Inland District), Open-Meteo Flood REST API (Live Ingested), OpenStreetMap Nominatim REST API (Live Ingested), NASA POWER Satellite REST API (Live Ingested), Open-Meteo Elevation REST API (Live Ingested))",Marudhaiyar Storage Dam,Marudhaiyar River,0.03,NORMAL - Stable Reservoir Water Level
Perambalur,2026-08-18 15:28:51,11.2342,78.882,36.1,75,2.7,1,0.0,1.7,10.9,1.56,1.0,0.0,4.5,0.25,4.5,town,3.86,0.57,5.0,123.0,"All 5 Live APIs & TN Dam Registry (Static Baseline (Inland District), Open-Meteo Flood REST API (Live Ingested), OpenStreetMap Nominatim REST API (Live Ingested), NASA POWER Satellite REST API (Live Ingested), Open-Meteo Elevation REST API (Live Ingested))",Visvakudi Dam,Kallar River,0.25,NORMAL - Stable Reservoir Water Level
Nilgiris,2026-08-18 15:28:58,11.4102,76.695,18.1,75,10.0,53,4.2,0.8,18.8,2.69,1.0,0.0,6.0,0.2,3.0,village,8.24,0.63,7.0,2235.0,"All 5 Live APIs & TN Dam Registry (Static Baseline (Inland District), Open-Meteo Flood REST API (Live Ingested), OpenStreetMap Nominatim REST API (Live Ingested), NASA POWER Satellite REST API (Live Ingested), Open-Meteo Elevation REST API (Live Ingested))",Pykara Dam & Emerald Reservoir,Kundah Hydroelectric Basin,0.2,NORMAL - Stable Reservoir Water Level
Ranipet,2026-08-18 15:29:04,12.9296,79.3333,36.8,75,8.2,3,2.6,6.7,10.5,1.5,1.0,0.0,5.0,0.19,6.5,quarter,3.58,0.71,5.0,173.0,"All 5 Live APIs & TN Dam Registry (Static Baseline (Inland District), Open-Meteo Flood REST API (Live Ingested), OpenStreetMap Nominatim REST API (Live Ingested), NASA POWER Satellite REST API (Live Ingested), Open-Meteo Elevation REST API (Live Ingested))",Kaveripakkam Lake & Palar Anicut,Palar River,0.19,NORMAL - Stable Reservoir Water Level
Tirupathur,2026-08-18 15:29:11,12.4929,78.5678,34.5,75,13.6,3,5.7,4.8,17.2,2.46,1.0,0.0,5.0,0.05,4.0,village,4.32,0.59,6.0,392.0,"All 5 Live APIs & TN Dam Registry (Static Baseline (Inland District), Open-Meteo Flood REST API (Live Ingested), OpenStreetMap Nominatim REST API (Live Ingested), NASA POWER Satellite REST API (Live Ingested), Open-Meteo Elevation REST API (Live Ingested))",Mordhana Dam,Koundinya River,0.05,NORMAL - Stable Reservoir Water Level
Chengalpattu,2026-08-18 15:29:18,12.6921,79.9777,34.1,75,12.8,1,7.4,0.5,4.1,0.59,8.75,0.5,5.0,0.14,8.5,suburb,3.46,0.77,4.0,52.0,"All 5 Live APIs & TN Dam Registry (Open-Meteo Marine REST API (Live Ingested), Open-Meteo Flood REST API (Live Ingested), OpenStreetMap Nominatim REST API (Live Ingested), NASA POWER Satellite REST API (Live Ingested), Open-Meteo Elevation REST API (Live Ingested))",Chembarambakkam Reservoir,Adyar River,0.44,NORMAL - Stable Reservoir Water Level
Kallakurichi,2026-08-18 15:29:25,11.7384,78.9639,35.3,75,7.2,2,1.4,2.6,7.6,1.09,1.0,0.0,4.5,0.17,5.0,town,4.36,0.57,5.0,131.0,"All 5 Live APIs & TN Dam Registry (Static Baseline (Inland District), Open-Meteo Flood REST API (Live Ingested), OpenStreetMap Nominatim REST API (Live Ingested), NASA POWER Satellite REST API (Live Ingested), Open-Meteo Elevation REST API (Live Ingested))",Gomukhi Dam,Gomukhi River,0.17,NORMAL - Stable Reservoir Water Level
Tenkasi,2026-08-18 15:29:31,8.9593,77.3149,29.3,75,24.4,51,1.2,11.4,21.1,3.01,1.0,0.0,5.43,3.36,3.5,village,4.86,0.82,5.5,168.0,"All 5 Live APIs & TN Dam Registry (Static Baseline (Inland District), Open-Meteo Flood REST API (Live Ingested), OpenStreetMap Nominatim REST API (Live Ingested), NASA POWER Satellite REST API (Live Ingested), Open-Meteo Elevation REST API (Live Ingested))",Karuppanadhi & Adavinainar Dams,Hanumanadhi River,3.36,NORMAL - Stable Reservoir Water Level
Mayiladuthurai,2026-08-18 15:29:40,11.1018,79.6522,35.3,75,10.2,0,0.2,0.0,12.5,1.79,9.25,0.5,3.99,0.42,6.0,suburb,3.18,0.66,3.0,17.0,"All 5 Live APIs & TN Dam Registry (Open-Meteo Marine REST API (Live Ingested), Open-Meteo Flood REST API (Live Ingested), OpenStreetMap Nominatim REST API (Live Ingested), NASA POWER Satellite REST API (Live Ingested), Open-Meteo Elevation REST API (Live Ingested))",Anaikarai Lower Anaicut,Kollidam River,0.42,NORMAL - Stable Reservoir Water Level
Coimbatore,2026-08-18 15:30:02,11.0168,76.9558,30.4,75,17.5,80,7.3,0.5,20.3,2.9,1.0,0.0,6.5,0.17,9.0,administrative,4.52,0.74,6.5,10.0,"All 5 Live APIs & TN Dam Registry (Static Baseline (Inland District), Open-Meteo Flood REST API (Live Ingested), OpenStreetMap Nominatim REST API (Live Ingested), NASA POWER Satellite REST API (Live Ingested), Static Baseline (Fallback))",Aliyar Dam & Sholayar Dam,Aliyar / Parambikulam Basin,11.33,NORMAL - Stable Reservoir Water Level
Chennai,2026-08-18 15:30:13,13.0827,80.2707,32.9,75,12.4,95,8.5,4.9,17.6,2.51,10.0,1.18,3.9,5.0,10.0,administrative,2.34,0.83,2.5,12.0,"All 5 Live APIs & TN Dam Registry (Open-Meteo Marine REST API (Live Ingested), Open-Meteo Flood REST API (Live Ingested), OpenStreetMap Nominatim REST API (Live Ingested), NASA POWER Satellite REST API (Live Ingested), Open-Meteo Elevation REST API (Live Ingested))",Chembarambakkam & Poondi Feeder Reservoirs,Adyar / Kosasthalaiyar Basin,1.5,NORMAL - Stable Reservoir Water Level
Madurai,2026-08-18 15:30:20,9.9252,78.1198,37.7,75,3.3,1,0.0,0.5,14.7,2.1,1.0,0.0,5.48,1.17,8.5,suburb,3.54,0.73,5.0,141.0,"All 5 Live APIs & TN Dam Registry (Static Baseline (Inland District), Open-Meteo Flood REST API (Live Ingested), OpenStreetMap Nominatim REST API (Live Ingested), NASA POWER Satellite REST API (Live Ingested), Open-Meteo Elevation REST API (Live Ingested))",Vaigai River Regulator Anicut,Vaigai River Basin,1.17,NORMAL - Stable Reservoir Water Level
Salem,2026-08-18 15:30:27,11.6643,78.146,31.2,75,8.9,3,1.4,1.9,17.9,2.56,1.0,0.0,6.97,1.33,8.0,quarter,4.92,0.54,7.0,284.0,"All 5 Live APIs & TN Dam Registry (Static Baseline (Inland District), Open-Meteo Flood REST API (Live Ingested), OpenStreetMap Nominatim REST API (Live Ingested), NASA POWER Satellite REST API (Live Ingested), Open-Meteo Elevation REST API (Live Ingested))",Mettur Dam (Stanley Reservoir),Kaveri River,0.03,NORMAL - Stable Reservoir Water Level
Erode,2026-08-18 15:30:33,11.341,77.7172,32.0,75,11.8,3,1.2,3.1,13.3,1.9,1.0,0.0,1.72,238.88,7.5,suburb,4.48,0.51,6.0,177.0,"All 5 Live APIs & TN Dam Registry (Static Baseline (Inland District), Open-Meteo Flood REST API (Live Ingested), OpenStreetMap Nominatim REST API (Live Ingested), NASA POWER Satellite REST API (Live Ingested), Open-Meteo Elevation REST API (Live Ingested))",Bhavanisagar Dam,Bhavani River,47.98,WARNING - Controlled Reservoir Release
Tiruchirappalli,2026-08-18 15:30:41,10.7905,78.7047,38.0,75,11.6,1,1.5,1.8,7.8,1.11,1.0,0.0,5.99,0.56,8.0,administrative,3.86,0.57,5.5,80.0,"All 5 Live APIs & TN Dam Registry (Static Baseline (Inland District), Open-Meteo Flood REST API (Live Ingested), OpenStreetMap Nominatim REST API (Live Ingested), NASA POWER Satellite REST API (Live Ingested), Open-Meteo Elevation REST API (Live Ingested))",Mukkombu & Grand Anaicut (Kallanai),Kaveri / Kollidam River,1.47,NORMAL - Stable Reservoir Water Level
Tirunelveli,2026-08-18 15:30:48,8.7139,77.7567,37.0,75,17.5,1,0.6,0.4,16.0,2.29,4.75,0.5,5.91,4.36,7.0,suburb,4.34,0.83,5.0,50.0,"All 5 Live APIs & TN Dam Registry (Open-Meteo Marine REST API (Live Ingested), Open-Meteo Flood REST API (Live Ingested), OpenStreetMap Nominatim REST API (Live Ingested), NASA POWER Satellite REST API (Live Ingested), Open-Meteo Elevation REST API (Live Ingested))",Papanasam & Manimuthar Dams,Thamirabarani River,4.56,NORMAL - Stable Reservoir Water Level
Vellore,2026-08-18 15:30:54,12.9165,79.1325,28.9,75,17.3,51,2.6,5.3,13.0,1.86,1.0,0.0,5.0,0.14,7.5,suburb,3.58,0.71,6.0,218.0,"All 5 Live APIs & TN Dam Registry (Static Baseline (Inland District), Open-Meteo Flood REST API (Live Ingested), OpenStreetMap Nominatim REST API (Live Ingested), NASA POWER Satellite REST API (Live Ingested), Open-Meteo Elevation REST API (Live Ingested))",Palar River Regulator Dam,Palar River,0.14,NORMAL - Stable Reservoir Water Level
Thanjavur,2026-08-18 15:31:03,10.787,79.1378,35.6,75,10.1,1,1.1,1.0,4.9,0.7,7.25,0.5,5.48,0.83,6.5,suburb,3.18,0.66,4.5,59.0,"All 5 Live APIs & TN Dam Registry (Open-Meteo Marine REST API (Live Ingested), Open-Meteo Flood REST API (Live Ingested), OpenStreetMap Nominatim REST API (Live Ingested), NASA POWER Satellite REST API (Live Ingested), Open-Meteo Elevation REST API (Live Ingested))",Grand Anaicut (Kallanai Regulator),Kaveri Delta Channels,1.42,NORMAL - Stable Reservoir Water Level
Kanchipuram,2026-08-18 15:31:09,12.8342,79.7036,35.8,75,9.3,2,2.3,1.8,3.1,0.44,4.0,0.0,5.0,0.02,6.0,village,3.34,0.83,5.0,88.0,"All 5 Live APIs & TN Dam Registry (Static Baseline (Inland District), Open-Meteo Flood REST API (Live Ingested), OpenStreetMap Nominatim REST API (Live Ingested), NASA POWER Satellite REST API (Live Ingested), Open-Meteo Elevation REST API (Live Ingested))",Palar River Anicut & Regulators,Palar River,0.02,NORMAL - Stable Reservoir Water Level
Cuddalore,2026-08-18 15:31:17,11.748,79.7714,31.9,75,12.7,51,3.3,2.1,7.2,1.03,9.37,0.58,4.4,5.0,7.0,suburb,3.84,0.83,3.0,7.0,"All 5 Live APIs & TN Dam Registry (Open-Meteo Marine REST API (Live Ingested), Open-Meteo Flood REST API (Live Ingested), OpenStreetMap Nominatim REST API (Live Ingested), NASA POWER Satellite REST API (Live Ingested), Open-Meteo Elevation REST API (Live Ingested))",Sethiathope Anicut & Vellar Basin,Vellar River,1.5,NORMAL - Stable Reservoir Water Level
Tiruppur,2026-08-18 15:31:25,11.1085,77.3411,33.4,75,21.5,80,1.8,4.0,10.8,1.54,1.0,0.0,5.95,2.36,8.5,suburb,4.38,0.56,6.5,304.0,"All 5 Live APIs & TN Dam Registry (Static Baseline (Inland District), Open-Meteo Flood REST API (Live Ingested), OpenStreetMap Nominatim REST API (Live Ingested), NASA POWER Satellite REST API (Live Ingested), Open-Meteo Elevation REST API (Live Ingested))",Amaravathi Dam,Amaravathi River,30.41,WARNING - Controlled Reservoir Release
Dindigul,2026-08-18 15:31:32,10.3673,77.9803,37.2,75,6.7,1,0.8,2.5,30.3,4.33,1.0,0.0,5.99,0.28,4.5,village,5.74,0.63,6.5,284.0,"All 5 Live APIs & TN Dam Registry (Static Baseline (Inland District), Open-Meteo Flood REST API (Live Ingested), OpenStreetMap Nominatim REST API (Live Ingested), NASA POWER Satellite REST API (Live Ingested), Open-Meteo Elevation REST API (Live Ingested))",Palar-Porandalar & Kudaraganar Dam,Shanmuganadhi Basin,0.28,NORMAL - Stable Reservoir Water Level
Kanyakumari,2026-08-18 15:31:41,8.1833,77.4119,32.2,75,24.7,1,0.6,9.0,24.6,3.51,10.0,1.86,5.45,2.28,7.5,suburb,5.54,0.73,5.0,58.0,"All 5 Live APIs & TN Dam Registry (Open-Meteo Marine REST API (Live Ingested), Open-Meteo Flood REST API (Live Ingested), OpenStreetMap Nominatim REST API (Live Ingested), NASA POWER Satellite REST API (Live Ingested), Open-Meteo Elevation REST API (Live Ingested))",Pechiparai & Perunchani Dams,Kodayar River,0.26,NORMAL - Stable Reservoir Water Level
Nagapattinam,2026-08-18 15:31:48,10.7672,79.8449,36.0,75,10.5,51,1.0,5.8,11.1,1.59,9.9,0.6,3.98,0.81,4.0,hamlet,2.84,0.83,2.5,7.0,"All 5 Live APIs & TN Dam Registry (Open-Meteo Marine REST API (Live Ingested), Open-Meteo Flood REST API (Live Ingested), OpenStreetMap Nominatim REST API (Live Ingested), NASA POWER Satellite REST API (Live Ingested), Open-Meteo Elevation REST API (Live Ingested))",Coleroon River Tail-End Anicut,Kollidam Delta,0.81,NORMAL - Stable Reservoir Water Level
Thoothukudi,2026-08-18 15:31:57,8.7642,78.1348,36.9,75,11.2,51,3.3,2.8,18.4,2.63,10.0,1.22,4.99,0.52,7.5,suburb,2.46,0.77,3.5,3.0,"All 5 Live APIs & TN Dam Registry (Open-Meteo Marine REST API (Live Ingested), Open-Meteo Flood REST API (Live Ingested), OpenStreetMap Nominatim REST API (Live Ingested), NASA POWER Satellite REST API (Live Ingested), Open-Meteo Elevation REST API (Live Ingested))",Srivaikuntam Dam Anicut,Thamirabarani River Delta,3.84,NORMAL - Stable Reservoir Water Level
Ramanathapuram,2026-08-18 15:32:05,9.3639,78.8318,32.3,75,21.4,1,0.2,5.5,17.2,2.46,10.0,1.0,3.96,1.77,5.0,town,2.44,0.78,3.0,11.0,"All 5 Live APIs & TN Dam Registry (Open-Meteo Marine REST API (Live Ingested), Open-Meteo Flood REST API (Live Ingested), OpenStreetMap Nominatim REST API (Live Ingested), NASA POWER Satellite REST API (Live Ingested), Open-Meteo Elevation REST API (Live Ingested))",Ramanathapuram Big Tank (Periyakulam),Vaigai Delta Storage,1.77,NORMAL - Stable Reservoir Water Level
Dharmapuri,2026-08-18 15:32:12,12.1211,78.1582,35.0,75,14.0,3,1.4,3.3,11.5,1.64,1.0,0.0,5.0,0.02,5.5,city,4.96,0.52,6.5,461.0,"All 5 Live APIs & TN Dam Registry (Static Baseline (Inland District), Open-Meteo Flood REST API (Live Ingested), OpenStreetMap Nominatim REST API (Live Ingested), NASA POWER Satellite REST API (Live Ingested), Open-Meteo Elevation REST API (Live Ingested))",Kesaragulihalla Dam,Pennagaram Basin,0.02,NORMAL - Stable Reservoir Water Level
Krishnagiri,2026-08-18 15:32:20,12.5186,78.2137,33.5,75,15.5,2,0.8,2.7,12.3,1.76,1.0,0.0,5.5,0.08,4.0,village,5.12,0.44,7.0,489.0,"All 5 Live APIs & TN Dam Registry (Static Baseline (Inland District), Open-Meteo Flood REST API (Live Ingested), OpenStreetMap Nominatim REST API (Live Ingested), NASA POWER Satellite REST API (Live Ingested), Open-Meteo Elevation REST API (Live Ingested))",Krishnagiri Reservoir Project (KRP Dam),South Pennar River,0.36,NORMAL - Stable Reservoir Water Level
Karur,2026-08-18 15:32:27,10.9601,78.0766,37.4,75,15.7,1,0.1,9.1,12.8,1.83,1.0,0.0,5.38,5.84,6.0,suburb,3.38,0.56,5.5,128.0,"All 5 Live APIs & TN Dam Registry (Static Baseline (Inland District), Open-Meteo Flood REST API (Live Ingested), OpenStreetMap Nominatim REST API (Live Ingested), NASA POWER Satellite REST API (Live Ingested), Open-Meteo Elevation REST API (Live Ingested))",Mayanur Barrage Regulator,Kaveri River,5.84,NORMAL - Stable Reservoir Water Level
Namakkal,2026-08-18 15:32:34,11.2189,78.1674,35.2,75,2.7,0,0.9,0.8,20.0,2.86,1.0,0.0,5.49,0.37,6.5,suburb,3.88,0.56,6.0,200.0,"All 5 Live APIs & TN Dam Registry (Static Baseline (Inland District), Open-Meteo Flood REST API (Live Ingested), OpenStreetMap Nominatim REST API (Live Ingested), NASA POWER Satellite REST API (Live Ingested), Open-Meteo Elevation REST API (Live Ingested))",Jedarpalayam Barrage Anicut,Kaveri River,0.37,NORMAL - Stable Reservoir Water Level
Pudukkottai,2026-08-18 15:32:41,10.3797,78.8202,33.2,75,8.1,51,0.6,1.0,16.1,2.3,6.75,0.5,5.0,0.03,5.5,administrative,3.76,0.62,4.5,100.0,"All 5 Live APIs & TN Dam Registry (Open-Meteo Marine REST API (Live Ingested), Open-Meteo Flood REST API (Live Ingested), OpenStreetMap Nominatim REST API (Live Ingested), NASA POWER Satellite REST API (Live Ingested), Open-Meteo Elevation REST API (Live Ingested))",Kavinad Big Tank Anicut,Agniyar Basin,0.03,NORMAL - Stable Reservoir Water Level
Sivaganga,2026-08-18 15:32:46,9.8433,78.4809,35.7,75,2.2,1,0.7,1.2,7.8,1.11,4.0,0.0,5.0,0.0,5.0,town,3.5,0.75,4.5,99.0,"All 5 Live APIs & TN Dam Registry (Static Baseline (Inland District), Open-Meteo Flood REST API (Live Ingested), OpenStreetMap Nominatim REST API (Live Ingested), NASA POWER Satellite REST API (Live Ingested), Open-Meteo Elevation REST API (Live Ingested))",Vaigai Downstream Regulator Tanks,Vaigai Channel,0.0,NORMAL - Stable Reservoir Water Level
Theni,2026-08-18 15:32:52,10.0104,77.4768,35.6,75,4.4,1,0.0,6.6,24.7,3.53,1.0,0.0,6.46,2.16,5.5,suburb,6.44,0.78,7.0,298.0,"All 5 Live APIs & TN Dam Registry (Static Baseline (Inland District), Open-Meteo Flood REST API (Live Ingested), OpenStreetMap Nominatim REST API (Live Ingested), NASA POWER Satellite REST API (Live Ingested), Open-Meteo Elevation REST API (Live Ingested))",Vaigai Dam,Vaigai River,2.85,NORMAL - Stable Reservoir Water Level
Tiruvallur,2026-08-18 15:32:58,13.1432,79.907,34.0,75,12.1,51,3.4,4.7,8.7,1.24,8.25,0.5,4.99,0.39,8.0,suburb,3.34,0.83,4.0,46.0,"All 5 Live APIs & TN Dam Registry (Open-Meteo Marine REST API (Live Ingested), Open-Meteo Flood REST API (Live Ingested), OpenStreetMap Nominatim REST API (Live Ingested), NASA POWER Satellite REST API (Live Ingested), Open-Meteo Elevation REST API (Live Ingested))",Poondi Reservoir (Sathyamurthy),Kosasthalaiyar River,0.05,NORMAL - Stable Reservoir Water Level
Tiruvannamalai,2026-08-18 15:33:04,12.2253,79.0747,35.3,75,6.7,51,4.1,7.8,17.7,2.53,1.0,0.0,4.99,0.56,5.5,town,4.2,0.65,5.0,173.0,"All 5 Live APIs & TN Dam Registry (Static Baseline (Inland District), Open-Meteo Flood REST API (Live Ingested), OpenStreetMap Nominatim REST API (Live Ingested), NASA POWER Satellite REST API (Live Ingested), Open-Meteo Elevation REST API (Live Ingested))",Sathanur Dam,Ponnayyar River,0.09,NORMAL - Stable Reservoir Water Level
Tiruvarur,2026-08-18 15:33:10,10.7709,79.6366,35.5,75,6.7,0,0.1,1.7,3.9,0.56,8.75,0.5,4.49,0.66,3.5,hamlet,2.68,0.66,3.0,12.0,"All 5 Live APIs & TN Dam Registry (Open-Meteo Marine REST API (Live Ingested), Open-Meteo Flood REST API (Live Ingested), OpenStreetMap Nominatim REST API (Live Ingested), NASA POWER Satellite REST API (Live Ingested), Open-Meteo Elevation REST API (Live Ingested))",Vennar Regulator Anicut,Kaveri Delta Vennar,0.66,NORMAL - Stable Reservoir Water Level
Viluppuram,2026-08-18 15:33:17,11.9401,79.4861,33.8,75,9.7,3,4.5,1.3,12.3,1.76,7.75,0.5,4.49,0.49,5.5,town,3.7,0.65,4.5,48.0,"All 5 Live APIs & TN Dam Registry (Open-Meteo Marine REST API (Live Ingested), Open-Meteo Flood REST API (Live Ingested), OpenStreetMap Nominatim REST API (Live Ingested), NASA POWER Satellite REST API (Live Ingested), Open-Meteo Elevation REST API (Live Ingested))",Vidur Dam,Varahanadhi River,0.49,NORMAL - Stable Reservoir Water Level
Virudhunagar,2026-08-18 15:33:23,9.5872,77.9624,38.9,75,10.4,3,1.3,1.9,43.3,6.19,1.0,0.0,5.0,0.02,4.5,village,3.48,0.76,5.0,101.0,"All 5 Live APIs & TN Dam Registry (Static Baseline (Inland District), Open-Meteo Flood REST API (Live Ingested), OpenStreetMap Nominatim REST API (Live Ingested), NASA POWER Satellite REST API (Live Ingested), Open-Meteo Elevation REST API (Live Ingested))",Pilavakkal Periyar & Kovilar Dam,Arjunabasin,0.02,NORMAL - Stable Reservoir Water Level
Ariyalur,2026-08-18 15:33:28,11.1401,79.0782,35.9,75,5.3,0,0.1,1.3,7.0,1.0,1.0,0.0,4.5,0.03,3.0,hamlet,3.68,0.66,5.0,84.0,"All 5 Live APIs & TN Dam Registry (Static Baseline (Inland District), Open-Meteo Flood REST API (Live Ingested), OpenStreetMap Nominatim REST API (Live Ingested), NASA POWER Satellite REST API (Live Ingested), Open-Meteo Elevation REST API (Live Ingested))",Marudhaiyar Storage Dam,Marudhaiyar River,0.03,NORMAL - Stable Reservoir Water Level
Perambalur,2026-08-18 15:33:33,11.2342,78.882,36.1,75,3.1,1,0.0,1.7,10.9,1.56,1.0,0.0,4.5,0.25,4.5,town,3.86,0.57,5.0,123.0,"All 5 Live APIs & TN Dam Registry (Static Baseline (Inland District), Open-Meteo Flood REST API (Live Ingested), OpenStreetMap Nominatim REST API (Live Ingested), NASA POWER Satellite REST API (Live Ingested), Open-Meteo Elevation REST API (Live Ingested))",Visvakudi Dam,Kallar River,0.25,NORMAL - Stable Reservoir Water Level
Nilgiris,2026-08-18 15:33:39,11.4102,76.695,17.9,75,10.3,53,4.2,0.8,18.8,2.69,1.0,0.0,6.0,0.2,3.0,village,8.24,0.63,7.0,2235.0,"All 5 Live APIs & TN Dam Registry (Static Baseline (Inland District), Open-Meteo Flood REST API (Live Ingested), OpenStreetMap Nominatim REST API (Live Ingested), NASA POWER Satellite REST API (Live Ingested), Open-Meteo Elevation REST API (Live Ingested))",Pykara Dam & Emerald Reservoir,Kundah Hydroelectric Basin,0.2,NORMAL - Stable Reservoir Water Level
Ranipet,2026-08-18 15:33:45,12.9296,79.3333,36.1,75,9.4,3,2.6,6.7,10.5,1.5,1.0,0.0,5.0,0.19,6.5,quarter,3.58,0.71,5.0,173.0,"All 5 Live APIs & TN Dam Registry (Static Baseline (Inland District), Open-Meteo Flood REST API (Live Ingested), OpenStreetMap Nominatim REST API (Live Ingested), NASA POWER Satellite REST API (Live Ingested), Open-Meteo Elevation REST API (Live Ingested))",Kaveripakkam Lake & Palar Anicut,Palar River,0.19,NORMAL - Stable Reservoir Water Level
Tirupathur,2026-08-18 15:33:51,12.4929,78.5678,34.1,75,13.3,3,5.7,4.8,17.2,2.46,1.0,0.0,5.0,0.05,4.0,village,4.32,0.59,6.0,392.0,"All 5 Live APIs & TN Dam Registry (Static Baseline (Inland District), Open-Meteo Flood REST API (Live Ingested), OpenStreetMap Nominatim REST API (Live Ingested), NASA POWER Satellite REST API (Live Ingested), Open-Meteo Elevation REST API (Live Ingested))",Mordhana Dam,Koundinya River,0.05,NORMAL - Stable Reservoir Water Level
Chengalpattu,2026-08-18 15:33:58,12.6921,79.9777,34.0,75,12.8,1,7.4,0.5,4.1,0.59,8.75,0.5,5.0,0.14,8.5,suburb,3.46,0.77,4.0,52.0,"All 5 Live APIs & TN Dam Registry (Open-Meteo Marine REST API (Live Ingested), Open-Meteo Flood REST API (Live Ingested), OpenStreetMap Nominatim REST API (Live Ingested), NASA POWER Satellite REST API (Live Ingested), Open-Meteo Elevation REST API (Live Ingested))",Chembarambakkam Reservoir,Adyar River,0.44,NORMAL - Stable Reservoir Water Level
Kallakurichi,2026-08-18 15:34:04,11.7384,78.9639,35.4,75,8.1,2,1.4,2.6,7.6,1.09,1.0,0.0,4.5,0.17,5.0,town,4.36,0.57,5.0,131.0,"All 5 Live APIs & TN Dam Registry (Static Baseline (Inland District), Open-Meteo Flood REST API (Live Ingested), OpenStreetMap Nominatim REST API (Live Ingested), NASA POWER Satellite REST API (Live Ingested), Open-Meteo Elevation REST API (Live Ingested))",Gomukhi Dam,Gomukhi River,0.17,NORMAL - Stable Reservoir Water Level
Tenkasi,2026-08-18 15:34:10,8.9593,77.3149,29.0,75,24.5,51,1.2,11.4,21.1,3.01,1.0,0.0,5.43,3.36,3.5,village,4.86,0.82,5.5,168.0,"All 5 Live APIs & TN Dam Registry (Static Baseline (Inland District), Open-Meteo Flood REST API (Live Ingested), OpenStreetMap Nominatim REST API (Live Ingested), NASA POWER Satellite REST API (Live Ingested), Open-Meteo Elevation REST API (Live Ingested))",Karuppanadhi & Adavinainar Dams,Hanumanadhi River,3.36,NORMAL - Stable Reservoir Water Level
Mayiladuthurai,2026-08-18 15:34:17,11.1018,79.6522,35.4,75,10.9,0,0.2,0.0,12.5,1.79,9.25,0.5,3.99,0.42,6.0,suburb,3.18,0.66,3.0,17.0,"All 5 Live APIs & TN Dam Registry (Open-Meteo Marine REST API (Live Ingested), Open-Meteo Flood REST API (Live Ingested), OpenStreetMap Nominatim REST API (Live Ingested), NASA POWER Satellite REST API (Live Ingested), Open-Meteo Elevation REST API (Live Ingested))",Anaikarai Lower Anaicut,Kollidam River,0.42,NORMAL - Stable Reservoir Water Level
Coimbatore,2026-08-18 15:30:02,11.0168,76.9558,30.4,75,17.5,80,7.3,0.5,20.3,2.9,1.0,0.0,6.5,0.17,9.0,administrative,4.52,0.74,6.5,10.0,"All 5 Live APIs & TN Dam Registry (Static Baseline (Inland District), Open-Meteo Flood REST API (Live Ingested), OpenStreetMap Nominatim REST API (Live Ingested), NASA POWER Satellite REST API (Live Ingested), Static Baseline (Fallback))",Aliyar Dam & Sholayar Dam,Aliyar / Parambikulam Basin,11.33,NORMAL - Stable Reservoir Water Level
Chennai,2026-08-18 15:30:12,13.0827,80.2707,32.9,75,12.4,95,8.5,4.9,17.6,2.51,10.0,1.18,3.9,5.0,10.0,administrative,2.34,0.83,2.5,12.0,"All 5 Live APIs & TN Dam Registry (Open-Meteo Marine REST API (Live Ingested), Open-Meteo Flood REST API (Live Ingested), OpenStreetMap Nominatim REST API (Live Ingested), NASA POWER Satellite REST API (Live Ingested), Open-Meteo Elevation REST API (Live Ingested))",Chembarambakkam & Poondi Feeder Reservoirs,Adyar / Kosasthalaiyar Basin,1.5,NORMAL - Stable Reservoir Water Level
Madurai,2026-08-18 15:30:20,9.9252,78.1198,37.7,75,3.3,1,0.0,0.5,14.7,2.1,1.0,0.0,5.48,1.17,8.5,suburb,3.54,0.73,5.0,141.0,"All 5 Live APIs & TN Dam Registry (Static Baseline (Inland District), Open-Meteo Flood REST API (Live Ingested), OpenStreetMap Nominatim REST API (Live Ingested), NASA POWER Satellite REST API (Live Ingested), Open-Meteo Elevation REST API (Live Ingested))",Vaigai River Regulator Anicut,Vaigai River Basin,1.17,NORMAL - Stable Reservoir Water Level
Salem,2026-08-18 15:30:27,11.6643,78.146,31.2,75,8.9,3,1.4,1.9,17.9,2.56,1.0,0.0,6.97,1.33,8.0,quarter,4.92,0.54,7.0,284.0,"All 5 Live APIs & TN Dam Registry (Static Baseline (Inland District), Open-Meteo Flood REST API (Live Ingested), OpenStreetMap Nominatim REST API (Live Ingested), NASA POWER Satellite REST API (Live Ingested), Open-Meteo Elevation REST API (Live Ingested))",Mettur Dam (Stanley Reservoir),Kaveri River,0.03,NORMAL - Stable Reservoir Water Level
Erode,2026-08-18 15:30:33,11.341,77.7172,32.0,75,11.8,3,1.2,3.1,13.3,1.9,1.0,0.0,1.72,238.88,7.5,suburb,4.48,0.51,6.0,177.0,"All 5 Live APIs & TN Dam Registry (Static Baseline (Inland District), Open-Meteo Flood REST API (Live Ingested), OpenStreetMap Nominatim REST API (Live Ingested), NASA POWER Satellite REST API (Live Ingested), Open-Meteo Elevation REST API (Live Ingested))",Bhavanisagar Dam,Bhavani River,47.98,WARNING - Controlled Reservoir Release
Tiruchirappalli,2026-08-18 15:30:40,10.7905,78.7047,38.0,75,11.6,1,1.5,1.8,7.8,1.11,1.0,0.0,5.99,0.56,8.0,administrative,3.86,0.57,5.5,80.0,"All 5 Live APIs & TN Dam Registry (Static Baseline (Inland District), Open-Meteo Flood REST API (Live Ingested), OpenStreetMap Nominatim REST API (Live Ingested), NASA POWER Satellite REST API (Live Ingested), Open-Meteo Elevation REST API (Live Ingested))",Mukkombu & Grand Anaicut (Kallanai),Kaveri / Kollidam River,1.47,NORMAL - Stable Reservoir Water Level
Tirunelveli,2026-08-18 15:30:49,8.7139,77.7567,37.0,75,17.5,1,0.6,0.4,16.0,2.29,4.75,0.5,5.91,4.36,7.0,suburb,4.34,0.83,5.0,50.0,"All 5 Live APIs & TN Dam Registry (Open-Meteo Marine REST API (Live Ingested), Open-Meteo Flood REST API (Live Ingested), OpenStreetMap Nominatim REST API (Live Ingested), NASA POWER Satellite REST API (Live Ingested), Open-Meteo Elevation REST API (Live Ingested))",Papanasam & Manimuthar Dams,Thamirabarani River,4.56,NORMAL - Stable Reservoir Water Level
Vellore,2026-08-18 15:31:00,12.9165,79.1325,28.9,75,17.3,51,2.6,5.3,13.0,1.86,1.0,0.0,5.0,0.14,7.5,suburb,4.0,0.5,6.0,218.0,"All 5 Live APIs & TN Dam Registry (Static Baseline (Inland District), Open-Meteo Flood REST API (Live Ingested), OpenStreetMap Nominatim REST API (Live Ingested), Static Baseline (Fallback), Open-Meteo Elevation REST API (Live Ingested))",Palar River Regulator Dam,Palar River,0.14,NORMAL - Stable Reservoir Water Level
Thanjavur,2026-08-18 15:31:08,10.787,79.1378,35.6,75,10.1,1,1.1,1.0,4.9,0.7,7.25,0.5,5.48,0.83,6.5,suburb,3.18,0.66,4.5,59.0,"All 5 Live APIs & TN Dam Registry (Open-Meteo Marine REST API (Live Ingested), Open-Meteo Flood REST API (Live Ingested), OpenStreetMap Nominatim REST API (Live Ingested), NASA POWER Satellite REST API (Live Ingested), Open-Meteo Elevation REST API (Live Ingested))",Grand Anaicut (Kallanai Regulator),Kaveri Delta Channels,1.42,NORMAL - Stable Reservoir Water Level
Kanchipuram,2026-08-18 15:31:14,12.8342,79.7036,35.8,75,9.3,2,2.3,1.8,3.1,0.44,4.0,0.0,5.0,0.02,6.0,village,3.34,0.83,5.0,88.0,"All 5 Live APIs & TN Dam Registry (Static Baseline (Inland District), Open-Meteo Flood REST API (Live Ingested), OpenStreetMap Nominatim REST API (Live Ingested), NASA POWER Satellite REST API (Live Ingested), Open-Meteo Elevation REST API (Live Ingested))",Palar River Anicut & Regulators,Palar River,0.02,NORMAL - Stable Reservoir Water Level
Cuddalore,2026-08-18 15:31:23,11.748,79.7714,31.9,75,12.7,51,3.3,2.1,7.2,1.03,9.37,0.58,4.4,5.0,7.0,suburb,3.84,0.83,3.0,7.0,"All 5 Live APIs & TN Dam Registry (Open-Meteo Marine REST API (Live Ingested), Open-Meteo Flood REST API (Live Ingested), OpenStreetMap Nominatim REST API (Live Ingested), NASA POWER Satellite REST API (Live Ingested), Open-Meteo Elevation REST API (Live Ingested))",Sethiathope Anicut & Vellar Basin,Vellar River,1.5,NORMAL - Stable Reservoir Water Level
Tiruppur,2026-08-18 15:31:32,11.1085,77.3411,33.4,75,21.5,80,1.8,4.0,10.8,1.54,1.0,0.0,5.95,2.36,8.5,suburb,4.38,0.56,6.5,304.0,"All 5 Live APIs & TN Dam Registry (Static Baseline (Inland District), Open-Meteo Flood REST API (Live Ingested), OpenStreetMap Nominatim REST API (Live Ingested), NASA POWER Satellite REST API (Live Ingested), Open-Meteo Elevation REST API (Live Ingested))",Amaravathi Dam,Amaravathi River,30.41,WARNING - Controlled Reservoir Release
Dindigul,2026-08-18 15:31:39,10.3673,77.9803,37.2,75,6.7,1,0.8,2.5,30.3,4.33,1.0,0.0,5.99,0.28,4.5,village,5.74,0.63,6.5,284.0,"All 5 Live APIs & TN Dam Registry (Static Baseline (Inland District), Open-Meteo Flood REST API (Live Ingested), OpenStreetMap Nominatim REST API (Live Ingested), NASA POWER Satellite REST API (Live Ingested), Open-Meteo Elevation REST API (Live Ingested))",Palar-Porandalar & Kudaraganar Dam,Shanmuganadhi Basin,0.28,NORMAL - Stable Reservoir Water Level
Kanyakumari,2026-08-18 15:31:48,8.1833,77.4119,32.2,75,24.7,1,0.6,9.0,24.6,3.51,10.0,1.86,5.45,2.28,7.5,suburb,5.54,0.73,5.0,58.0,"All 5 Live APIs & TN Dam Registry (Open-Meteo Marine REST API (Live Ingested), Open-Meteo Flood REST API (Live Ingested), OpenStreetMap Nominatim REST API (Live Ingested), NASA POWER Satellite REST API (Live Ingested), Open-Meteo Elevation REST API (Live Ingested))",Pechiparai & Perunchani Dams,Kodayar River,0.26,NORMAL - Stable Reservoir Water Level
Nagapattinam,2026-08-18 15:31:56,10.7672,79.8449,36.0,75,10.5,51,1.0,5.8,11.1,1.59,9.9,0.6,3.98,0.81,4.0,hamlet,2.84,0.83,2.5,7.0,"All 5 Live APIs & TN Dam Registry (Open-Meteo Marine REST API (Live Ingested), Open-Meteo Flood REST API (Live Ingested), OpenStreetMap Nominatim REST API (Live Ingested), NASA POWER Satellite REST API (Live Ingested), Open-Meteo Elevation REST API (Live Ingested))",Coleroon River Tail-End Anicut,Kollidam Delta,0.81,NORMAL - Stable Reservoir Water Level
Thoothukudi,2026-08-18 15:32:03,8.7642,78.1348,36.9,75,11.2,51,3.3,2.8,18.4,2.63,10.0,1.22,4.99,0.52,7.5,suburb,2.46,0.77,3.5,3.0,"All 5 Live APIs & TN Dam Registry (Open-Meteo Marine REST API (Live Ingested), Open-Meteo Flood REST API (Live Ingested), OpenStreetMap Nominatim REST API (Live Ingested), NASA POWER Satellite REST API (Live Ingested), Open-Meteo Elevation REST API (Live Ingested))",Srivaikuntam Dam Anicut,Thamirabarani River Delta,3.84,NORMAL - Stable Reservoir Water Level
Ramanathapuram,2026-08-18 15:32:11,9.3639,78.8318,32.3,75,21.4,1,0.2,5.5,17.2,2.46,10.0,1.0,3.96,1.77,5.0,town,2.44,0.78,3.0,11.0,"All 5 Live APIs & TN Dam Registry (Open-Meteo Marine REST API (Live Ingested), Open-Meteo Flood REST API (Live Ingested), OpenStreetMap Nominatim REST API (Live Ingested), NASA POWER Satellite REST API (Live Ingested), Open-Meteo Elevation REST API (Live Ingested))",Ramanathapuram Big Tank (Periyakulam),Vaigai Delta Storage,1.77,NORMAL - Stable Reservoir Water Level
Dharmapuri,2026-08-18 15:32:20,12.1211,78.1582,35.0,75,14.0,3,1.4,3.3,11.5,1.64,1.0,0.0,5.0,0.02,5.5,city,4.96,0.52,6.5,461.0,"All 5 Live APIs & TN Dam Registry (Static Baseline (Inland District), Open-Meteo Flood REST API (Live Ingested), OpenStreetMap Nominatim REST API (Live Ingested), NASA POWER Satellite REST API (Live Ingested), Open-Meteo Elevation REST API (Live Ingested))",Kesaragulihalla Dam,Pennagaram Basin,0.02,NORMAL - Stable Reservoir Water Level
Krishnagiri,2026-08-18 15:32:27,12.5186,78.2137,33.5,75,15.5,2,0.8,2.7,12.3,1.76,1.0,0.0,5.5,0.08,4.0,village,5.12,0.44,7.0,489.0,"All 5 Live APIs & TN Dam Registry (Static Baseline (Inland District), Open-Meteo Flood REST API (Live Ingested), OpenStreetMap Nominatim REST API (Live Ingested), NASA POWER Satellite REST API (Live Ingested), Open-Meteo Elevation REST API (Live Ingested))",Krishnagiri Reservoir Project (KRP Dam),South Pennar River,0.36,NORMAL - Stable Reservoir Water Level
Karur,2026-08-18 15:32:33,10.9601,78.0766,37.4,75,15.7,1,0.1,9.1,12.8,1.83,1.0,0.0,5.38,5.84,6.0,suburb,3.38,0.56,5.5,128.0,"All 5 Live APIs & TN Dam Registry (Static Baseline (Inland District), Open-Meteo Flood REST API (Live Ingested), OpenStreetMap Nominatim REST API (Live Ingested), NASA POWER Satellite REST API (Live Ingested), Open-Meteo Elevation REST API (Live Ingested))",Mayanur Barrage Regulator,Kaveri River,5.84,NORMAL - Stable Reservoir Water Level
Namakkal,2026-08-18 15:32:39,11.2189,78.1674,35.2,75,2.7,0,0.9,0.8,20.0,2.86,1.0,0.0,5.49,0.37,6.5,suburb,3.88,0.56,6.0,200.0,"All 5 Live APIs & TN Dam Registry (Static Baseline (Inland District), Open-Meteo Flood REST API (Live Ingested), OpenStreetMap Nominatim REST API (Live Ingested), NASA POWER Satellite REST API (Live Ingested), Open-Meteo Elevation REST API (Live Ingested))",Jedarpalayam Barrage Anicut,Kaveri River,0.37,NORMAL - Stable Reservoir Water Level
Pudukkottai,2026-08-18 15:32:46,10.3797,78.8202,33.2,75,8.1,51,0.6,1.0,16.1,2.3,6.75,0.5,5.0,0.03,5.5,administrative,3.76,0.62,4.5,100.0,"All 5 Live APIs & TN Dam Registry (Open-Meteo Marine REST API (Live Ingested), Open-Meteo Flood REST API (Live Ingested), OpenStreetMap Nominatim REST API (Live Ingested), NASA POWER Satellite REST API (Live Ingested), Open-Meteo Elevation REST API (Live Ingested))",Kavinad Big Tank Anicut,Agniyar Basin,0.03,NORMAL - Stable Reservoir Water Level
Sivaganga,2026-08-18 15:32:52,9.8433,78.4809,35.7,75,2.2,1,0.7,1.2,7.8,1.11,4.0,0.0,5.0,0.0,5.0,town,3.5,0.75,4.5,99.0,"All 5 Live APIs & TN Dam Registry (Static Baseline (Inland District), Open-Meteo Flood REST API (Live Ingested), OpenStreetMap Nominatim REST API (Live Ingested), NASA POWER Satellite REST API (Live Ingested), Open-Meteo Elevation REST API (Live Ingested))",Vaigai Downstream Regulator Tanks,Vaigai Channel,0.0,NORMAL - Stable Reservoir Water Level
Theni,2026-08-18 15:32:57,10.0104,77.4768,35.6,75,4.4,1,0.0,6.6,24.7,3.53,1.0,0.0,6.46,2.16,5.5,suburb,6.44,0.78,7.0,298.0,"All 5 Live APIs & TN Dam Registry (Static Baseline (Inland District), Open-Meteo Flood REST API (Live Ingested), OpenStreetMap Nominatim REST API (Live Ingested), NASA POWER Satellite REST API (Live Ingested), Open-Meteo Elevation REST API (Live Ingested))",Vaigai Dam,Vaigai River,2.85,NORMAL - Stable Reservoir Water Level
Tiruvallur,2026-08-18 15:33:04,13.1432,79.907,34.0,75,12.1,51,3.4,4.7,8.7,1.24,8.25,0.5,4.99,0.39,8.0,suburb,3.34,0.83,4.0,46.0,"All 5 Live APIs & TN Dam Registry (Open-Meteo Marine REST API (Live Ingested), Open-Meteo Flood REST API (Live Ingested), OpenStreetMap Nominatim REST API (Live Ingested), NASA POWER Satellite REST API (Live Ingested), Open-Meteo Elevation REST API (Live Ingested))",Poondi Reservoir (Sathyamurthy),Kosasthalaiyar River,0.05,NORMAL - Stable Reservoir Water Level
Tiruvannamalai,2026-08-18 15:33:09,12.2253,79.0747,35.3,75,6.7,51,4.1,7.8,17.7,2.53,1.0,0.0,4.99,0.56,5.5,town,4.2,0.65,5.0,173.0,"All 5 Live APIs & TN Dam Registry (Static Baseline (Inland District), Open-Meteo Flood REST API (Live Ingested), OpenStreetMap Nominatim REST API (Live Ingested), NASA POWER Satellite REST API (Live Ingested), Open-Meteo Elevation REST API (Live Ingested))",Sathanur Dam,Ponnayyar River,0.09,NORMAL - Stable Reservoir Water Level
Tiruvarur,2026-08-18 15:33:16,10.7709,79.6366,35.5,75,6.7,0,0.1,1.7,3.9,0.56,8.75,0.5,4.49,0.66,3.5,hamlet,2.68,0.66,3.0,12.0,"All 5 Live APIs & TN Dam Registry (Open-Meteo Marine REST API (Live Ingested), Open-Meteo Flood REST API (Live Ingested), OpenStreetMap Nominatim REST API (Live Ingested), NASA POWER Satellite REST API (Live Ingested), Open-Meteo Elevation REST API (Live Ingested))",Vennar Regulator Anicut,Kaveri Delta Vennar,0.66,NORMAL - Stable Reservoir Water Level
Viluppuram,2026-08-18 15:33:23,11.9401,79.4861,33.8,75,9.7,3,4.5,1.3,12.3,1.76,7.75,0.5,4.49,0.49,5.5,town,3.7,0.65,4.5,48.0,"All 5 Live APIs & TN Dam Registry (Open-Meteo Marine REST API (Live Ingested), Open-Meteo Flood REST API (Live Ingested), OpenStreetMap Nominatim REST API (Live Ingested), NASA POWER Satellite REST API (Live Ingested), Open-Meteo Elevation REST API (Live Ingested))",Vidur Dam,Varahanadhi River,0.49,NORMAL - Stable Reservoir Water Level
Virudhunagar,2026-08-18 15:33:29,9.5872,77.9624,38.9,75,10.4,3,1.3,1.9,43.3,6.19,1.0,0.0,5.0,0.02,4.5,village,3.48,0.76,5.0,101.0,"All 5 Live APIs & TN Dam Registry (Static Baseline (Inland District), Open-Meteo Flood REST API (Live Ingested), OpenStreetMap Nominatim REST API (Live Ingested), NASA POWER Satellite REST API (Live Ingested), Open-Meteo Elevation REST API (Live Ingested))",Pilavakkal Periyar & Kovilar Dam,Arjunabasin,0.02,NORMAL - Stable Reservoir Water Level
Ariyalur,2026-08-18 15:33:34,11.1401,79.0782,35.9,75,5.3,0,0.1,1.3,7.0,1.0,1.0,0.0,4.5,0.03,3.0,hamlet,3.68,0.66,5.0,84.0,"All 5 Live APIs & TN Dam Registry (Static Baseline (Inland District), Open-Meteo Flood REST API (Live Ingested), OpenStreetMap Nominatim REST API (Live Ingested), NASA POWER Satellite REST API (Live Ingested), Open-Meteo Elevation REST API (Live Ingested))",Marudhaiyar Storage Dam,Marudhaiyar River,0.03,NORMAL - Stable Reservoir Water Level
Perambalur,2026-08-18 15:33:40,11.2342,78.882,36.1,75,3.1,1,0.0,1.7,10.9,1.56,1.0,0.0,4.5,0.25,4.5,town,3.86,0.57,5.0,123.0,"All 5 Live APIs & TN Dam Registry (Static Baseline (Inland District), Open-Meteo Flood REST API (Live Ingested), OpenStreetMap Nominatim REST API (Live Ingested), NASA POWER Satellite REST API (Live Ingested), Open-Meteo Elevation REST API (Live Ingested))",Visvakudi Dam,Kallar River,0.25,NORMAL - Stable Reservoir Water Level
Nilgiris,2026-08-18 15:33:45,11.4102,76.695,17.9,75,10.3,53,4.2,0.8,18.8,2.69,1.0,0.0,6.0,0.2,3.0,village,8.24,0.63,7.0,2235.0,"All 5 Live APIs & TN Dam Registry (Static Baseline (Inland District), Open-Meteo Flood REST API (Live Ingested), OpenStreetMap Nominatim REST API (Live Ingested), NASA POWER Satellite REST API (Live Ingested), Open-Meteo Elevation REST API (Live Ingested))",Pykara Dam & Emerald Reservoir,Kundah Hydroelectric Basin,0.2,NORMAL - Stable Reservoir Water Level
Ranipet,2026-08-18 15:33:51,12.9296,79.3333,36.1,75,9.4,3,2.6,6.7,10.5,1.5,1.0,0.0,5.0,0.19,6.5,quarter,3.58,0.71,5.0,173.0,"All 5 Live APIs & TN Dam Registry (Static Baseline (Inland District), Open-Meteo Flood REST API (Live Ingested), OpenStreetMap Nominatim REST API (Live Ingested), NASA POWER Satellite REST API (Live Ingested), Open-Meteo Elevation REST API (Live Ingested))",Kaveripakkam Lake & Palar Anicut,Palar River,0.19,NORMAL - Stable Reservoir Water Level
Tirupathur,2026-08-18 15:33:57,12.4929,78.5678,34.1,75,13.3,3,5.7,4.8,17.2,2.46,1.0,0.0,5.0,0.05,4.0,village,4.32,0.59,6.0,392.0,"All 5 Live APIs & TN Dam Registry (Static Baseline (Inland District), Open-Meteo Flood REST API (Live Ingested), OpenStreetMap Nominatim REST API (Live Ingested), NASA POWER Satellite REST API (Live Ingested), Open-Meteo Elevation REST API (Live Ingested))",Mordhana Dam,Koundinya River,0.05,NORMAL - Stable Reservoir Water Level
Chengalpattu,2026-08-18 15:34:04,12.6921,79.9777,34.0,75,12.8,1,7.4,0.5,4.1,0.59,8.75,0.5,5.0,0.14,8.5,suburb,3.46,0.77,4.0,52.0,"All 5 Live APIs & TN Dam Registry (Open-Meteo Marine REST API (Live Ingested), Open-Meteo Flood REST API (Live Ingested), OpenStreetMap Nominatim REST API (Live Ingested), NASA POWER Satellite REST API (Live Ingested), Open-Meteo Elevation REST API (Live Ingested))",Chembarambakkam Reservoir,Adyar River,0.44,NORMAL - Stable Reservoir Water Level
Kallakurichi,2026-08-18 15:34:11,11.7384,78.9639,35.4,75,8.1,2,1.4,2.6,7.6,1.09,1.0,0.0,4.5,0.17,5.0,town,4.36,0.57,5.0,131.0,"All 5 Live APIs & TN Dam Registry (Static Baseline (Inland District), Open-Meteo Flood REST API (Live Ingested), OpenStreetMap Nominatim REST API (Live Ingested), NASA POWER Satellite REST API (Live Ingested), Open-Meteo Elevation REST API (Live Ingested))",Gomukhi Dam,Gomukhi River,0.17,NORMAL - Stable Reservoir Water Level
Tenkasi,2026-08-18 15:34:16,8.9593,77.3149,29.0,75,24.5,51,1.2,11.4,21.1,3.01,1.0,0.0,5.43,3.36,3.5,village,4.86,0.82,5.5,168.0,"All 5 Live APIs & TN Dam Registry (Static Baseline (Inland District), Open-Meteo Flood REST API (Live Ingested), OpenStreetMap Nominatim REST API (Live Ingested), NASA POWER Satellite REST API (Live Ingested), Open-Meteo Elevation REST API (Live Ingested))",Karuppanadhi & Adavinainar Dams,Hanumanadhi River,3.36,NORMAL - Stable Reservoir Water Level
Mayiladuthurai,2026-08-18 15:34:23,11.1018,79.6522,35.4,75,10.9,0,0.2,0.0,12.5,1.79,9.25,0.5,3.99,0.42,6.0,suburb,3.18,0.66,3.0,17.0,"All 5 Live APIs & TN Dam Registry (Open-Meteo Marine REST API (Live Ingested), Open-Meteo Flood REST API (Live Ingested), OpenStreetMap Nominatim REST API (Live Ingested), NASA POWER Satellite REST API (Live Ingested), Open-Meteo Elevation REST API (Live Ingested))",Anaikarai Lower Anaicut,Kollidam River,0.42,NORMAL - Stable Reservoir Water Level
Coimbatore,2026-08-18 15:55:24,11.0168,76.9558,30.0,75,17.7,1,7.3,0.5,20.3,2.9,1.0,0.0,6.5,0.17,9.0,administrative,4.52,0.74,7.5,431.0,"All 5 Live APIs (Static Baseline (Inland District), Open-Meteo Flood REST API (Live Ingested), OpenStreetMap Nominatim REST API (Live Ingested), NASA POWER Satellite REST API (Live Ingested), Open-Meteo Elevation REST API (Live Ingested))",,,,
Chennai,2026-08-18 15:55:30,13.0827,80.2707,32.6,75,12.1,51,8.5,4.9,17.6,2.51,10.0,1.18,3.9,5.0,10.0,administrative,2.34,0.83,2.5,12.0,"All 5 Live APIs (Open-Meteo Marine REST API (Live Ingested), Open-Meteo Flood REST API (Live Ingested), OpenStreetMap Nominatim REST API (Live Ingested), NASA POWER Satellite REST API (Live Ingested), Open-Meteo Elevation REST API (Live Ingested))",,,,
Madurai,2026-08-18 15:55:37,9.9252,78.1198,37.7,75,3.7,1,0.0,0.5,14.7,2.1,1.0,0.0,5.48,1.17,8.5,suburb,3.54,0.73,5.0,141.0,"All 5 Live APIs (Static Baseline (Inland District), Open-Meteo Flood REST API (Live Ingested), OpenStreetMap Nominatim REST API (Live Ingested), NASA POWER Satellite REST API (Live Ingested), Open-Meteo Elevation REST API (Live Ingested))",,,,
Salem,2026-08-18 15:55:43,11.6643,78.146,31.1,75,9.6,3,1.4,1.9,17.9,2.56,1.0,0.0,6.97,1.33,8.0,quarter,4.92,0.54,7.0,284.0,"All 5 Live APIs (Static Baseline (Inland District), Open-Meteo Flood REST API (Live Ingested), OpenStreetMap Nominatim REST API (Live Ingested), NASA POWER Satellite REST API (Live Ingested), Open-Meteo Elevation REST API (Live Ingested))",,,,
Erode,2026-08-18 15:55:50,11.341,77.7172,32.3,75,12.6,2,1.2,3.1,13.3,1.9,1.0,0.0,1.72,238.88,7.5,suburb,4.48,0.51,6.0,177.0,"All 5 Live APIs (Static Baseline (Inland District), Open-Meteo Flood REST API (Live Ingested), OpenStreetMap Nominatim REST API (Live Ingested), NASA POWER Satellite REST API (Live Ingested), Open-Meteo Elevation REST API (Live Ingested))",,,,
Tiruchirappalli,2026-08-18 15:55:54,10.7905,78.7047,38.1,75,10.9,1,1.5,1.8,7.8,1.11,1.0,0.0,5.99,0.56,8.0,administrative,3.86,0.57,5.5,80.0,"All 5 Live APIs (Static Baseline (Inland District), Open-Meteo Flood REST API (Live Ingested), OpenStreetMap Nominatim REST API (Live Ingested), NASA POWER Satellite REST API (Live Ingested), Open-Meteo Elevation REST API (Live Ingested))",,,,
Tirunelveli,2026-08-18 15:56:00,8.7139,77.7567,36.7,75,17.6,1,0.6,0.4,16.0,2.29,4.75,0.5,5.91,4.36,7.0,suburb,4.34,0.83,5.0,50.0,"All 5 Live APIs (Open-Meteo Marine REST API (Live Ingested), Open-Meteo Flood REST API (Live Ingested), OpenStreetMap Nominatim REST API (Live Ingested), NASA POWER Satellite REST API (Live Ingested), Open-Meteo Elevation REST API (Live Ingested))",,,,
Vellore,2026-08-18 15:56:04,12.9165,79.1325,28.0,75,14.6,51,2.6,5.3,13.0,1.86,1.0,0.0,5.0,0.14,7.5,suburb,3.58,0.71,6.0,218.0,"All 5 Live APIs (Static Baseline (Inland District), Open-Meteo Flood REST API (Live Ingested), OpenStreetMap Nominatim REST API (Live Ingested), NASA POWER Satellite REST API (Live Ingested), Open-Meteo Elevation REST API (Live Ingested))",,,,
Thanjavur,2026-08-18 15:56:10,10.787,79.1378,35.8,75,8.5,1,1.1,1.0,4.9,0.7,7.25,0.5,5.48,0.83,6.5,suburb,3.18,0.66,4.5,59.0,"All 5 Live APIs (Open-Meteo Marine REST API (Live Ingested), Open-Meteo Flood REST API (Live Ingested), OpenStreetMap Nominatim REST API (Live Ingested), NASA POWER Satellite REST API (Live Ingested), Open-Meteo Elevation REST API (Live Ingested))",,,,
Kanchipuram,2026-08-18 15:56:19,12.8342,79.7036,35.8,75,8.9,3,2.3,1.8,3.1,0.44,4.0,0.0,5.0,0.02,6.0,village,3.34,0.83,5.0,88.0,"All 5 Live APIs (Static Baseline (Inland District), Open-Meteo Flood REST API (Live Ingested), OpenStreetMap Nominatim REST API (Live Ingested), NASA POWER Satellite REST API (Live Ingested), Open-Meteo Elevation REST API (Live Ingested))",,,,
Cuddalore,2026-08-18 15:56:24,11.748,79.7714,31.7,75,14.3,0,3.3,2.1,7.2,1.03,9.37,0.58,4.4,5.0,7.0,suburb,3.84,0.83,3.0,7.0,"All 5 Live APIs (Open-Meteo Marine REST API (Live Ingested), Open-Meteo Flood REST API (Live Ingested), OpenStreetMap Nominatim REST API (Live Ingested), NASA POWER Satellite REST API (Live Ingested), Open-Meteo Elevation REST API (Live Ingested))",,,,
Tiruppur,2026-08-18 15:56:29,11.1085,77.3411,33.1,75,21.6,2,1.8,4.0,10.8,1.54,1.0,0.0,5.95,2.36,8.5,suburb,4.38,0.56,6.5,304.0,"All 5 Live APIs (Static Baseline (Inland District), Open-Meteo Flood REST API (Live Ingested), OpenStreetMap Nominatim REST API (Live Ingested), NASA POWER Satellite REST API (Live Ingested), Open-Meteo Elevation REST API (Live Ingested))",,,,
Dindigul,2026-08-18 15:56:34,10.3673,77.9803,37.0,75,7.6,51,0.8,2.5,30.3,4.33,1.0,0.0,5.99,0.28,4.5,village,5.74,0.63,6.5,284.0,"All 5 Live APIs (Static Baseline (Inland District), Open-Meteo Flood REST API (Live Ingested), OpenStreetMap Nominatim REST API (Live Ingested), NASA POWER Satellite REST API (Live Ingested), Open-Meteo Elevation REST API (Live Ingested))",,,,
Kanyakumari,2026-08-18 15:56:40,8.1833,77.4119,31.9,75,24.6,1,0.6,9.0,24.6,3.51,10.0,1.86,5.45,2.28,7.5,suburb,5.54,0.73,5.0,58.0,"All 5 Live APIs (Open-Meteo Marine REST API (Live Ingested), Open-Meteo Flood REST API (Live Ingested), OpenStreetMap Nominatim REST API (Live Ingested), NASA POWER Satellite REST API (Live Ingested), Open-Meteo Elevation REST API (Live Ingested))",,,,
Nagapattinam,2026-08-18 15:56:47,10.7672,79.8449,35.6,75,11.1,51,1.0,5.8,11.1,1.59,9.9,0.6,3.98,0.81,4.0,hamlet,2.84,0.83,2.5,7.0,"All 5 Live APIs (Open-Meteo Marine REST API (Live Ingested), Open-Meteo Flood REST API (Live Ingested), OpenStreetMap Nominatim REST API (Live Ingested), NASA POWER Satellite REST API (Live Ingested), Open-Meteo Elevation REST API (Live Ingested))",,,,
Thoothukudi,2026-08-18 15:56:54,8.7642,78.1348,36.9,75,11.9,51,3.3,2.8,18.4,2.63,10.0,1.22,4.99,0.52,7.5,suburb,2.46,0.77,3.5,3.0,"All 5 Live APIs (Open-Meteo Marine REST API (Live Ingested), Open-Meteo Flood REST API (Live Ingested), OpenStreetMap Nominatim REST API (Live Ingested), NASA POWER Satellite REST API (Live Ingested), Open-Meteo Elevation REST API (Live Ingested))",,,,
Ramanathapuram,2026-08-18 15:57:04,9.3639,78.8318,32.0,75,21.8,1,0.2,5.5,17.2,2.46,10.0,1.0,3.96,1.77,5.0,town,2.44,0.78,3.0,11.0,"All 5 Live APIs (Open-Meteo Marine REST API (Live Ingested), Open-Meteo Flood REST API (Live Ingested), OpenStreetMap Nominatim REST API (Live Ingested), NASA POWER Satellite REST API (Live Ingested), Open-Meteo Elevation REST API (Live Ingested))",,,,
Dharmapuri,2026-08-18 15:57:11,12.1211,78.1582,33.9,75,13.5,3,1.4,3.3,11.5,1.64,1.0,0.0,5.0,0.02,5.5,city,4.96,0.52,6.5,461.0,"All 5 Live APIs (Static Baseline (Inland District), Open-Meteo Flood REST API (Live Ingested), OpenStreetMap Nominatim REST API (Live Ingested), NASA POWER Satellite REST API (Live Ingested), Open-Meteo Elevation REST API (Live Ingested))",,,,
Krishnagiri,2026-08-18 15:57:16,12.5186,78.2137,33.6,75,15.2,2,0.8,2.7,12.3,1.76,1.0,0.0,5.5,0.08,4.0,village,5.12,0.44,7.0,489.0,"All 5 Live APIs (Static Baseline (Inland District), Open-Meteo Flood REST API (Live Ingested), OpenStreetMap Nominatim REST API (Live Ingested), NASA POWER Satellite REST API (Live Ingested), Open-Meteo Elevation REST API (Live Ingested))",,,,
Karur,2026-08-18 15:57:23,10.9601,78.0766,37.2,75,16.6,1,0.1,9.1,12.8,1.83,1.0,0.0,5.38,5.84,6.0,suburb,3.38,0.56,5.5,128.0,"All 5 Live APIs (Static Baseline (Inland District), Open-Meteo Flood REST API (Live Ingested), OpenStreetMap Nominatim REST API (Live Ingested), NASA POWER Satellite REST API (Live Ingested), Open-Meteo Elevation REST API (Live Ingested))",,,,
Namakkal,2026-08-18 15:57:29,11.2189,78.1674,35.3,75,2.3,0,0.9,0.8,20.0,2.86,1.0,0.0,5.49,0.37,6.5,suburb,3.88,0.56,6.0,200.0,"All 5 Live APIs (Static Baseline (Inland District), Open-Meteo Flood REST API (Live Ingested), OpenStreetMap Nominatim REST API (Live Ingested), NASA POWER Satellite REST API (Live Ingested), Open-Meteo Elevation REST API (Live Ingested))",,,,
Pudukkottai,2026-08-18 15:57:42,10.3797,78.8202,33.5,75,7.9,2,0.6,1.0,16.1,2.3,6.75,0.5,5.0,0.03,5.5,administrative,3.76,0.62,4.5,100.0,"All 5 Live APIs (Open-Meteo Marine REST API (Live Ingested), Open-Meteo Flood REST API (Live Ingested), OpenStreetMap Nominatim REST API (Live Ingested), NASA POWER Satellite REST API (Live Ingested), Open-Meteo Elevation REST API (Live Ingested))",,,,
Sivaganga,2026-08-18 15:57:48,9.8433,78.4809,35.6,75,2.0,1,0.7,1.2,7.8,1.11,4.0,0.0,5.0,0.0,5.0,town,3.5,0.75,4.5,99.0,"All 5 Live APIs (Static Baseline (Inland District), Open-Meteo Flood REST API (Live Ingested), OpenStreetMap Nominatim REST API (Live Ingested), NASA POWER Satellite REST API (Live Ingested), Open-Meteo Elevation REST API (Live Ingested))",,,,
Theni,2026-08-18 15:57:56,10.0104,77.4768,35.5,75,5.0,1,0.0,6.6,24.7,3.53,1.0,0.0,6.46,2.16,5.5,suburb,6.44,0.78,7.0,298.0,"All 5 Live APIs (Static Baseline (Inland District), Open-Meteo Flood REST API (Live Ingested), OpenStreetMap Nominatim REST API (Live Ingested), NASA POWER Satellite REST API (Live Ingested), Open-Meteo Elevation REST API (Live Ingested))",,,,
Tiruvallur,2026-08-18 15:58:05,13.1432,79.907,33.7,75,11.9,51,3.4,4.7,8.7,1.24,8.25,0.5,4.99,0.39,8.0,suburb,3.34,0.83,4.0,46.0,"All 5 Live APIs (Open-Meteo Marine REST API (Live Ingested), Open-Meteo Flood REST API (Live Ingested), OpenStreetMap Nominatim REST API (Live Ingested), NASA POWER Satellite REST API (Live Ingested), Open-Meteo Elevation REST API (Live Ingested))",,,,
Tiruvannamalai,2026-08-18 15:58:11,12.2253,79.0747,35.0,75,4.9,51,4.1,7.8,17.7,2.53,1.0,0.0,4.99,0.56,5.5,town,4.2,0.65,5.0,173.0,"All 5 Live APIs (Static Baseline (Inland District), Open-Meteo Flood REST API (Live Ingested), OpenStreetMap Nominatim REST API (Live Ingested), NASA POWER Satellite REST API (Live Ingested), Open-Meteo Elevation REST API (Live Ingested))",,,,
Tiruvarur,2026-08-18 15:58:26,10.7709,79.6366,35.0,75,8.0,0,0.1,1.7,3.9,0.56,8.75,0.5,4.49,0.66,3.5,hamlet,2.68,0.66,3.0,12.0,"All 5 Live APIs (Open-Meteo Marine REST API (Live Ingested), Open-Meteo Flood REST API (Live Ingested), OpenStreetMap Nominatim REST API (Live Ingested), NASA POWER Satellite REST API (Live Ingested), Open-Meteo Elevation REST API (Live Ingested))",,,,
Viluppuram,2026-08-18 15:58:34,11.9401,79.4861,33.8,75,9.6,3,4.5,1.3,12.3,1.76,7.75,0.5,4.49,0.49,5.5,town,3.7,0.65,4.5,48.0,"All 5 Live APIs (Open-Meteo Marine REST API (Live Ingested), Open-Meteo Flood REST API (Live Ingested), OpenStreetMap Nominatim REST API (Live Ingested), NASA POWER Satellite REST API (Live Ingested), Open-Meteo Elevation REST API (Live Ingested))",,,,
Virudhunagar,2026-08-18 15:58:39,9.5872,77.9624,38.9,75,9.6,3,1.3,1.9,43.3,6.19,1.0,0.0,5.0,0.02,4.5,village,3.48,0.76,5.0,101.0,"All 5 Live APIs (Static Baseline (Inland District), Open-Meteo Flood REST API (Live Ingested), OpenStreetMap Nominatim REST API (Live Ingested), NASA POWER Satellite REST API (Live Ingested), Open-Meteo Elevation REST API (Live Ingested))",,,,
Ariyalur,2026-08-18 15:58:44,11.1401,79.0782,36.0,75,5.1,0,0.1,1.3,7.0,1.0,1.0,0.0,4.5,0.03,3.0,hamlet,3.68,0.66,5.0,84.0,"All 5 Live APIs (Static Baseline (Inland District), Open-Meteo Flood REST API (Live Ingested), OpenStreetMap Nominatim REST API (Live Ingested), NASA POWER Satellite REST API (Live Ingested), Open-Meteo Elevation REST API (Live Ingested))",,,,
Perambalur,2026-08-18 15:58:49,11.2342,78.882,36.0,75,3.4,1,0.0,1.7,10.9,1.56,1.0,0.0,4.5,0.25,4.5,town,3.86,0.57,5.0,123.0,"All 5 Live APIs (Static Baseline (Inland District), Open-Meteo Flood REST API (Live Ingested), OpenStreetMap Nominatim REST API (Live Ingested), NASA POWER Satellite REST API (Live Ingested), Open-Meteo Elevation REST API (Live Ingested))",,,,
Nilgiris,2026-08-18 15:58:54,11.4102,76.695,17.9,75,10.3,51,4.2,0.8,18.8,2.69,1.0,0.0,6.0,0.2,3.0,village,8.24,0.63,7.0,2235.0,"All 5 Live APIs (Static Baseline (Inland District), Open-Meteo Flood REST API (Live Ingested), OpenStreetMap Nominatim REST API (Live Ingested), NASA POWER Satellite REST API (Live Ingested), Open-Meteo Elevation REST API (Live Ingested))",,,,
Ranipet,2026-08-18 15:58:58,12.9296,79.3333,34.0,75,12.1,95,2.6,6.7,10.5,1.5,1.0,0.0,5.0,0.19,6.5,quarter,3.58,0.71,5.0,173.0,"All 5 Live APIs (Static Baseline (Inland District), Open-Meteo Flood REST API (Live Ingested), OpenStreetMap Nominatim REST API (Live Ingested), NASA POWER Satellite REST API (Live Ingested), Open-Meteo Elevation REST API (Live Ingested))",,,,
Tirupathur,2026-08-18 15:59:11,12.4929,78.5678,33.6,75,13.3,51,5.7,4.8,17.2,2.46,1.0,0.0,5.0,0.05,4.0,village,4.32,0.59,6.0,392.0,"All 5 Live APIs (Static Baseline (Inland District), Open-Meteo Flood REST API (Live Ingested), OpenStreetMap Nominatim REST API (Live Ingested), NASA POWER Satellite REST API (Live Ingested), Open-Meteo Elevation REST API (Live Ingested))",,,,
Chengalpattu,2026-08-18 15:59:21,12.6921,79.9777,34.0,75,12.2,51,7.4,0.5,4.1,0.59,8.75,0.5,5.0,0.14,8.5,suburb,3.46,0.77,4.0,52.0,"All 5 Live APIs (Open-Meteo Marine REST API (Live Ingested), Open-Meteo Flood REST API (Live Ingested), OpenStreetMap Nominatim REST API (Live Ingested), NASA POWER Satellite REST API (Live Ingested), Open-Meteo Elevation REST API (Live Ingested))",,,,
Kallakurichi,2026-08-18 15:59:26,11.7384,78.9639,35.4,75,8.7,2,1.4,2.6,7.6,1.09,1.0,0.0,4.5,0.17,5.0,town,4.36,0.57,5.0,131.0,"All 5 Live APIs (Static Baseline (Inland District), Open-Meteo Flood REST API (Live Ingested), OpenStreetMap Nominatim REST API (Live Ingested), NASA POWER Satellite REST API (Live Ingested), Open-Meteo Elevation REST API (Live Ingested))",,,,
Tenkasi,2026-08-18 15:59:31,8.9593,77.3149,28.8,75,24.3,51,1.2,11.4,21.1,3.01,1.0,0.0,5.43,3.36,3.5,village,4.86,0.82,5.5,168.0,"All 5 Live APIs (Static Baseline (Inland District), Open-Meteo Flood REST API (Live Ingested), OpenStreetMap Nominatim REST API (Live Ingested), NASA POWER Satellite REST API (Live Ingested), Open-Meteo Elevation REST API (Live Ingested))",,,,
Mayiladuthurai,2026-08-18 15:59:38,11.1018,79.6522,35.3,75,11.4,0,0.2,0.0,12.5,1.79,9.25,0.5,3.99,0.42,6.0,suburb,3.18,0.66,3.0,17.0,"All 5 Live APIs (Open-Meteo Marine REST API (Live Ingested), Open-Meteo Flood REST API (Live Ingested), OpenStreetMap Nominatim REST API (Live Ingested), NASA POWER Satellite REST API (Live Ingested), Open-Meteo Elevation REST API (Live Ingested))",,,,
Coimbatore,2026-08-18 15:55:27,11.0168,76.9558,30.0,75,17.7,1,7.3,0.5,20.3,2.9,1.0,0.0,6.5,0.17,9.0,administrative,4.52,0.74,7.5,431.0,"All 5 Live APIs & TN Dam Registry (Static Baseline (Inland District), Open-Meteo Flood REST API (Live Ingested), OpenStreetMap Nominatim REST API (Live Ingested), NASA POWER Satellite REST API (Live Ingested), Open-Meteo Elevation REST API (Live Ingested))",Aliyar Dam & Sholayar Dam,Aliyar / Parambikulam Basin,11.33,NORMAL - Stable Reservoir Water Level
Chennai,2026-08-18 15:55:36,13.0827,80.2707,32.6,75,12.1,51,8.5,4.9,17.6,2.51,10.0,1.18,3.9,5.0,10.0,administrative,2.34,0.83,2.5,12.0,"All 5 Live APIs & TN Dam Registry (Open-Meteo Marine REST API (Live Ingested), Open-Meteo Flood REST API (Live Ingested), OpenStreetMap Nominatim REST API (Live Ingested), NASA POWER Satellite REST API (Live Ingested), Open-Meteo Elevation REST API (Live Ingested))",Chembarambakkam & Poondi Feeder Reservoirs,Adyar / Kosasthalaiyar Basin,1.5,NORMAL - Stable Reservoir Water Level
Madurai,2026-08-18 15:55:41,9.9252,78.1198,37.7,75,3.7,1,0.0,0.5,14.7,2.1,1.0,0.0,5.48,1.17,8.5,suburb,3.54,0.73,5.0,141.0,"All 5 Live APIs & TN Dam Registry (Static Baseline (Inland District), Open-Meteo Flood REST API (Live Ingested), OpenStreetMap Nominatim REST API (Live Ingested), NASA POWER Satellite REST API (Live Ingested), Open-Meteo Elevation REST API (Live Ingested))",Vaigai River Regulator Anicut,Vaigai River Basin,1.17,NORMAL - Stable Reservoir Water Level
Salem,2026-08-18 15:55:50,11.6643,78.146,31.1,75,9.6,3,1.4,1.9,17.9,2.56,1.0,0.0,6.97,1.33,8.0,quarter,4.92,0.54,7.0,284.0,"All 5 Live APIs & TN Dam Registry (Static Baseline (Inland District), Open-Meteo Flood REST API (Live Ingested), OpenStreetMap Nominatim REST API (Live Ingested), NASA POWER Satellite REST API (Live Ingested), Open-Meteo Elevation REST API (Live Ingested))",Mettur Dam (Stanley Reservoir),Kaveri River,0.03,NORMAL - Stable Reservoir Water Level
Erode,2026-08-18 15:55:56,11.341,77.7172,32.3,75,12.6,2,1.2,3.1,13.3,1.9,1.0,0.0,1.72,238.88,7.5,suburb,4.48,0.51,6.0,177.0,"All 5 Live APIs & TN Dam Registry (Static Baseline (Inland District), Open-Meteo Flood REST API (Live Ingested), OpenStreetMap Nominatim REST API (Live Ingested), NASA POWER Satellite REST API (Live Ingested), Open-Meteo Elevation REST API (Live Ingested))",Bhavanisagar Dam,Bhavani River,47.98,WARNING - Controlled Reservoir Release
Tiruchirappalli,2026-08-18 15:56:02,10.7905,78.7047,38.1,75,10.9,1,1.5,1.8,7.8,1.11,1.0,0.0,5.99,0.56,8.0,administrative,3.86,0.57,5.5,80.0,"All 5 Live APIs & TN Dam Registry (Static Baseline (Inland District), Open-Meteo Flood REST API (Live Ingested), OpenStreetMap Nominatim REST API (Live Ingested), NASA POWER Satellite REST API (Live Ingested), Open-Meteo Elevation REST API (Live Ingested))",Mukkombu & Grand Anaicut (Kallanai),Kaveri / Kollidam River,1.47,NORMAL - Stable Reservoir Water Level
Tirunelveli,2026-08-18 15:56:09,8.7139,77.7567,36.7,75,17.6,1,0.6,0.4,16.0,2.29,4.75,0.5,5.91,4.36,7.0,suburb,4.34,0.83,5.0,50.0,"All 5 Live APIs & TN Dam Registry (Open-Meteo Marine REST API (Live Ingested), Open-Meteo Flood REST API (Live Ingested), OpenStreetMap Nominatim REST API (Live Ingested), NASA POWER Satellite REST API (Live Ingested), Open-Meteo Elevation REST API (Live Ingested))",Papanasam & Manimuthar Dams,Thamirabarani River,4.56,NORMAL - Stable Reservoir Water Level
Vellore,2026-08-18 15:56:17,12.9165,79.1325,28.0,75,14.6,51,2.6,5.3,13.0,1.86,1.0,0.0,5.0,0.14,7.5,suburb,3.58,0.71,6.0,218.0,"All 5 Live APIs & TN Dam Registry (Static Baseline (Inland District), Open-Meteo Flood REST API (Live Ingested), OpenStreetMap Nominatim REST API (Live Ingested), NASA POWER Satellite REST API (Live Ingested), Open-Meteo Elevation REST API (Live Ingested))",Palar River Regulator Dam,Palar River,0.14,NORMAL - Stable Reservoir Water Level
Thanjavur,2026-08-18 15:56:24,10.787,79.1378,35.8,75,8.5,1,1.1,1.0,4.9,0.7,7.25,0.5,5.48,0.83,6.5,suburb,3.18,0.66,4.5,59.0,"All 5 Live APIs & TN Dam Registry (Open-Meteo Marine REST API (Live Ingested), Open-Meteo Flood REST API (Live Ingested), OpenStreetMap Nominatim REST API (Live Ingested), NASA POWER Satellite REST API (Live Ingested), Open-Meteo Elevation REST API (Live Ingested))",Grand Anaicut (Kallanai Regulator),Kaveri Delta Channels,1.42,NORMAL - Stable Reservoir Water Level
Kanchipuram,2026-08-18 15:56:30,12.8342,79.7036,35.8,75,8.9,3,2.3,1.8,3.1,0.44,4.0,0.0,5.0,0.02,6.0,village,3.34,0.83,5.0,88.0,"All 5 Live APIs & TN Dam Registry (Static Baseline (Inland District), Open-Meteo Flood REST API (Live Ingested), OpenStreetMap Nominatim REST API (Live Ingested), NASA POWER Satellite REST API (Live Ingested), Open-Meteo Elevation REST API (Live Ingested))",Palar River Anicut & Regulators,Palar River,0.02,NORMAL - Stable Reservoir Water Level
Cuddalore,2026-08-18 15:56:36,11.748,79.7714,31.7,75,14.3,0,3.3,2.1,7.2,1.03,9.37,0.58,4.4,5.0,7.0,suburb,3.84,0.83,3.0,7.0,"All 5 Live APIs & TN Dam Registry (Open-Meteo Marine REST API (Live Ingested), Open-Meteo Flood REST API (Live Ingested), OpenStreetMap Nominatim REST API (Live Ingested), NASA POWER Satellite REST API (Live Ingested), Open-Meteo Elevation REST API (Live Ingested))",Sethiathope Anicut & Vellar Basin,Vellar River,1.5,NORMAL - Stable Reservoir Water Level
Tiruppur,2026-08-18 15:56:44,11.1085,77.3411,33.1,75,21.6,2,1.8,4.0,10.8,1.54,1.0,0.0,5.95,2.36,8.5,suburb,4.38,0.56,6.5,304.0,"All 5 Live APIs & TN Dam Registry (Static Baseline (Inland District), Open-Meteo Flood REST API (Live Ingested), OpenStreetMap Nominatim REST API (Live Ingested), NASA POWER Satellite REST API (Live Ingested), Open-Meteo Elevation REST API (Live Ingested))",Amaravathi Dam,Amaravathi River,30.41,WARNING - Controlled Reservoir Release
Dindigul,2026-08-18 15:56:49,10.3673,77.9803,37.0,75,7.6,51,0.8,2.5,30.3,4.33,1.0,0.0,5.99,0.28,4.5,village,5.74,0.63,6.5,284.0,"All 5 Live APIs & TN Dam Registry (Static Baseline (Inland District), Open-Meteo Flood REST API (Live Ingested), OpenStreetMap Nominatim REST API (Live Ingested), NASA POWER Satellite REST API (Live Ingested), Open-Meteo Elevation REST API (Live Ingested))",Palar-Porandalar & Kudaraganar Dam,Shanmuganadhi Basin,0.28,NORMAL - Stable Reservoir Water Level
Kanyakumari,2026-08-18 15:57:02,8.1833,77.4119,31.9,75,24.6,1,0.6,9.0,24.6,3.51,10.0,1.86,5.45,2.28,7.5,suburb,5.54,0.73,5.0,58.0,"All 5 Live APIs & TN Dam Registry (Open-Meteo Marine REST API (Live Ingested), Open-Meteo Flood REST API (Live Ingested), OpenStreetMap Nominatim REST API (Live Ingested), NASA POWER Satellite REST API (Live Ingested), Open-Meteo Elevation REST API (Live Ingested))",Pechiparai & Perunchani Dams,Kodayar River,0.26,NORMAL - Stable Reservoir Water Level
Nagapattinam,2026-08-18 15:57:11,10.7672,79.8449,35.6,75,11.1,51,1.0,5.8,11.1,1.59,9.9,0.6,3.98,0.81,4.0,hamlet,2.84,0.83,2.5,7.0,"All 5 Live APIs & TN Dam Registry (Open-Meteo Marine REST API (Live Ingested), Open-Meteo Flood REST API (Live Ingested), OpenStreetMap Nominatim REST API (Live Ingested), NASA POWER Satellite REST API (Live Ingested), Open-Meteo Elevation REST API (Live Ingested))",Coleroon River Tail-End Anicut,Kollidam Delta,0.81,NORMAL - Stable Reservoir Water Level
Thoothukudi,2026-08-18 15:57:20,8.7642,78.1348,36.9,75,11.9,51,3.3,2.8,18.4,2.63,10.0,1.22,4.99,0.52,7.5,suburb,2.46,0.77,3.5,3.0,"All 5 Live APIs & TN Dam Registry (Open-Meteo Marine REST API (Live Ingested), Open-Meteo Flood REST API (Live Ingested), OpenStreetMap Nominatim REST API (Live Ingested), NASA POWER Satellite REST API (Live Ingested), Open-Meteo Elevation REST API (Live Ingested))",Srivaikuntam Dam Anicut,Thamirabarani River Delta,3.84,NORMAL - Stable Reservoir Water Level
Ramanathapuram,2026-08-18 15:57:30,9.3639,78.8318,32.0,75,21.8,1,0.2,5.5,17.2,2.46,10.0,1.0,3.96,1.77,5.0,town,2.44,0.78,3.0,11.0,"All 5 Live APIs & TN Dam Registry (Open-Meteo Marine REST API (Live Ingested), Open-Meteo Flood REST API (Live Ingested), OpenStreetMap Nominatim REST API (Live Ingested), NASA POWER Satellite REST API (Live Ingested), Open-Meteo Elevation REST API (Live Ingested))",Ramanathapuram Big Tank (Periyakulam),Vaigai Delta Storage,1.77,NORMAL - Stable Reservoir Water Level
Dharmapuri,2026-08-18 15:57:43,12.1211,78.1582,33.9,75,13.5,3,1.4,3.3,11.5,1.64,1.0,0.0,5.0,0.02,5.5,city,4.96,0.52,6.5,461.0,"All 5 Live APIs & TN Dam Registry (Static Baseline (Inland District), Open-Meteo Flood REST API (Live Ingested), OpenStreetMap Nominatim REST API (Live Ingested), NASA POWER Satellite REST API (Live Ingested), Open-Meteo Elevation REST API (Live Ingested))",Kesaragulihalla Dam,Pennagaram Basin,0.02,NORMAL - Stable Reservoir Water Level
Krishnagiri,2026-08-18 15:57:49,12.5186,78.2137,33.6,75,15.2,2,0.8,2.7,12.3,1.76,1.0,0.0,5.5,0.08,4.0,village,5.12,0.44,7.0,489.0,"All 5 Live APIs & TN Dam Registry (Static Baseline (Inland District), Open-Meteo Flood REST API (Live Ingested), OpenStreetMap Nominatim REST API (Live Ingested), NASA POWER Satellite REST API (Live Ingested), Open-Meteo Elevation REST API (Live Ingested))",Krishnagiri Reservoir Project (KRP Dam),South Pennar River,0.36,NORMAL - Stable Reservoir Water Level
Karur,2026-08-18 15:57:59,10.9601,78.0766,37.2,75,16.6,1,0.1,9.1,12.8,1.83,1.0,0.0,5.38,5.84,6.0,suburb,3.38,0.56,5.5,128.0,"All 5 Live APIs & TN Dam Registry (Static Baseline (Inland District), Open-Meteo Flood REST API (Live Ingested), OpenStreetMap Nominatim REST API (Live Ingested), NASA POWER Satellite REST API (Live Ingested), Open-Meteo Elevation REST API (Live Ingested))",Mayanur Barrage Regulator,Kaveri River,5.84,NORMAL - Stable Reservoir Water Level
Namakkal,2026-08-18 15:58:09,11.2189,78.1674,35.3,75,2.3,0,0.9,0.8,20.0,2.86,1.0,0.0,5.49,0.37,6.5,suburb,3.88,0.56,6.0,200.0,"All 5 Live APIs & TN Dam Registry (Static Baseline (Inland District), Open-Meteo Flood REST API (Live Ingested), OpenStreetMap Nominatim REST API (Live Ingested), NASA POWER Satellite REST API (Live Ingested), Open-Meteo Elevation REST API (Live Ingested))",Jedarpalayam Barrage Anicut,Kaveri River,0.37,NORMAL - Stable Reservoir Water Level
Pudukkottai,2026-08-18 15:58:19,10.3797,78.8202,33.5,75,7.9,2,0.6,1.0,16.1,2.3,6.75,0.5,5.0,0.03,5.5,administrative,3.76,0.62,4.5,100.0,"All 5 Live APIs & TN Dam Registry (Open-Meteo Marine REST API (Live Ingested), Open-Meteo Flood REST API (Live Ingested), OpenStreetMap Nominatim REST API (Live Ingested), NASA POWER Satellite REST API (Live Ingested), Open-Meteo Elevation REST API (Live Ingested))",Kavinad Big Tank Anicut,Agniyar Basin,0.03,NORMAL - Stable Reservoir Water Level
Sivaganga,2026-08-18 15:58:29,9.8433,78.4809,35.6,75,2.0,1,0.7,1.2,7.8,1.11,4.0,0.0,5.0,0.0,5.0,town,3.5,0.75,4.5,99.0,"All 5 Live APIs & TN Dam Registry (Static Baseline (Inland District), Open-Meteo Flood REST API (Live Ingested), OpenStreetMap Nominatim REST API (Live Ingested), NASA POWER Satellite REST API (Live Ingested), Open-Meteo Elevation REST API (Live Ingested))",Vaigai Downstream Regulator Tanks,Vaigai Channel,0.0,NORMAL - Stable Reservoir Water Level
Theni,2026-08-18 15:58:35,10.0104,77.4768,35.5,75,5.0,1,0.0,6.6,24.7,3.53,1.0,0.0,6.46,2.16,5.5,suburb,6.44,0.78,7.0,298.0,"All 5 Live APIs & TN Dam Registry (Static Baseline (Inland District), Open-Meteo Flood REST API (Live Ingested), OpenStreetMap Nominatim REST API (Live Ingested), NASA POWER Satellite REST API (Live Ingested), Open-Meteo Elevation REST API (Live Ingested))",Vaigai Dam,Vaigai River,2.85,NORMAL - Stable Reservoir Water Level
Tiruvallur,2026-08-18 15:58:43,13.1432,79.907,33.7,75,11.9,51,3.4,4.7,8.7,1.24,8.25,0.5,4.99,0.39,8.0,suburb,3.34,0.83,4.0,46.0,"All 5 Live APIs & TN Dam Registry (Open-Meteo Marine REST API (Live Ingested), Open-Meteo Flood REST API (Live Ingested), OpenStreetMap Nominatim REST API (Live Ingested), NASA POWER Satellite REST API (Live Ingested), Open-Meteo Elevation REST API (Live Ingested))",Poondi Reservoir (Sathyamurthy),Kosasthalaiyar River,0.05,NORMAL - Stable Reservoir Water Level
Tiruvannamalai,2026-08-18 15:58:50,12.2253,79.0747,35.0,75,4.9,51,4.1,7.8,17.7,2.53,1.0,0.0,4.99,0.56,5.5,town,4.2,0.65,5.0,173.0,"All 5 Live APIs & TN Dam Registry (Static Baseline (Inland District), Open-Meteo Flood REST API (Live Ingested), OpenStreetMap Nominatim REST API (Live Ingested), NASA POWER Satellite REST API (Live Ingested), Open-Meteo Elevation REST API (Live Ingested))",Sathanur Dam,Ponnayyar River,0.09,NORMAL - Stable Reservoir Water Level
Tiruvarur,2026-08-18 15:58:56,10.7709,79.6366,35.0,75,8.0,0,0.1,1.7,3.9,0.56,8.75,0.5,4.49,0.66,3.5,hamlet,2.68,0.66,3.0,12.0,"All 5 Live APIs & TN Dam Registry (Open-Meteo Marine REST API (Live Ingested), Open-Meteo Flood REST API (Live Ingested), OpenStreetMap Nominatim REST API (Live Ingested), NASA POWER Satellite REST API (Live Ingested), Open-Meteo Elevation REST API (Live Ingested))",Vennar Regulator Anicut,Kaveri Delta Vennar,0.66,NORMAL - Stable Reservoir Water Level
Viluppuram,2026-08-18 15:59:06,11.9401,79.4861,33.8,75,9.6,3,4.5,1.3,12.3,1.76,7.75,0.5,4.49,0.49,5.5,town,3.7,0.65,4.5,48.0,"All 5 Live APIs & TN Dam Registry (Open-Meteo Marine REST API (Live Ingested), Open-Meteo Flood REST API (Live Ingested), OpenStreetMap Nominatim REST API (Live Ingested), NASA POWER Satellite REST API (Live Ingested), Open-Meteo Elevation REST API (Live Ingested))",Vidur Dam,Varahanadhi River,0.49,NORMAL - Stable Reservoir Water Level
Virudhunagar,2026-08-18 15:59:20,9.5872,77.9624,38.9,75,9.6,3,1.3,1.9,43.3,6.19,1.0,0.0,5.0,0.02,4.5,village,3.48,0.76,5.0,101.0,"All 5 Live APIs & TN Dam Registry (Static Baseline (Inland District), Open-Meteo Flood REST API (Live Ingested), OpenStreetMap Nominatim REST API (Live Ingested), NASA POWER Satellite REST API (Live Ingested), Open-Meteo Elevation REST API (Live Ingested))",Pilavakkal Periyar & Kovilar Dam,Arjunabasin,0.02,NORMAL - Stable Reservoir Water Level
Ariyalur,2026-08-18 15:59:26,11.1401,79.0782,36.0,75,5.1,0,0.1,1.3,7.0,1.0,1.0,0.0,4.5,0.03,3.0,hamlet,3.68,0.66,5.0,84.0,"All 5 Live APIs & TN Dam Registry (Static Baseline (Inland District), Open-Meteo Flood REST API (Live Ingested), OpenStreetMap Nominatim REST API (Live Ingested), NASA POWER Satellite REST API (Live Ingested), Open-Meteo Elevation REST API (Live Ingested))",Marudhaiyar Storage Dam,Marudhaiyar River,0.03,NORMAL - Stable Reservoir Water Level
Perambalur,2026-08-18 15:59:33,11.2342,78.882,36.0,75,3.4,1,0.0,1.7,10.9,1.56,1.0,0.0,4.5,0.25,4.5,town,3.86,0.57,5.0,123.0,"All 5 Live APIs & TN Dam Registry (Static Baseline (Inland District), Open-Meteo Flood REST API (Live Ingested), OpenStreetMap Nominatim REST API (Live Ingested), NASA POWER Satellite REST API (Live Ingested), Open-Meteo Elevation REST API (Live Ingested))",Visvakudi Dam,Kallar River,0.25,NORMAL - Stable Reservoir Water Level
Nilgiris,2026-08-18 15:59:39,11.4102,76.695,17.9,75,10.3,51,4.2,0.8,18.8,2.69,1.0,0.0,6.0,0.2,3.0,village,8.24,0.63,7.0,2235.0,"All 5 Live APIs & TN Dam Registry (Static Baseline (Inland District), Open-Meteo Flood REST API (Live Ingested), OpenStreetMap Nominatim REST API (Live Ingested), NASA POWER Satellite REST API (Live Ingested), Open-Meteo Elevation REST API (Live Ingested))",Pykara Dam & Emerald Reservoir,Kundah Hydroelectric Basin,0.2,NORMAL - Stable Reservoir Water Level
Ranipet,2026-08-18 15:59:47,12.9296,79.3333,34.0,75,12.1,95,2.6,6.7,10.5,1.5,1.0,0.0,5.0,0.19,6.5,quarter,3.58,0.71,5.0,173.0,"All 5 Live APIs & TN Dam Registry (Static Baseline (Inland District), Open-Meteo Flood REST API (Live Ingested), OpenStreetMap Nominatim REST API (Live Ingested), NASA POWER Satellite REST API (Live Ingested), Open-Meteo Elevation REST API (Live Ingested))",Kaveripakkam Lake & Palar Anicut,Palar River,0.19,NORMAL - Stable Reservoir Water Level
Tirupathur,2026-08-18 15:59:53,12.4929,78.5678,33.6,75,13.3,51,5.7,4.8,17.2,2.46,1.0,0.0,5.0,0.05,4.0,village,4.32,0.59,6.0,392.0,"All 5 Live APIs & TN Dam Registry (Static Baseline (Inland District), Open-Meteo Flood REST API (Live Ingested), OpenStreetMap Nominatim REST API (Live Ingested), NASA POWER Satellite REST API (Live Ingested), Open-Meteo Elevation REST API (Live Ingested))",Mordhana Dam,Koundinya River,0.05,NORMAL - Stable Reservoir Water Level
Chengalpattu,2026-08-18 15:59:59,12.6921,79.9777,34.0,75,12.2,51,7.4,0.5,4.1,0.59,8.75,0.5,5.0,0.14,8.5,suburb,3.46,0.77,4.0,52.0,"All 5 Live APIs & TN Dam Registry (Open-Meteo Marine REST API (Live Ingested), Open-Meteo Flood REST API (Live Ingested), OpenStreetMap Nominatim REST API (Live Ingested), NASA POWER Satellite REST API (Live Ingested), Open-Meteo Elevation REST API (Live Ingested))",Chembarambakkam Reservoir,Adyar River,0.44,NORMAL - Stable Reservoir Water Level
Kallakurichi,2026-08-18 16:00:06,11.7384,78.9639,35.5,75,9.0,2,1.4,2.6,7.6,1.09,1.0,0.0,4.5,0.17,5.0,town,4.36,0.57,5.0,131.0,"All 5 Live APIs & TN Dam Registry (Static Baseline (Inland District), Open-Meteo Flood REST API (Live Ingested), OpenStreetMap Nominatim REST API (Live Ingested), NASA POWER Satellite REST API (Live Ingested), Open-Meteo Elevation REST API (Live Ingested))",Gomukhi Dam,Gomukhi River,0.17,NORMAL - Stable Reservoir Water Level
Tenkasi,2026-08-18 16:00:15,8.9593,77.3149,28.7,75,24.3,51,1.2,11.4,21.1,3.01,1.0,0.0,5.43,3.36,3.5,village,4.86,0.82,5.5,168.0,"All 5 Live APIs & TN Dam Registry (Static Baseline (Inland District), Open-Meteo Flood REST API (Live Ingested), OpenStreetMap Nominatim REST API (Live Ingested), NASA POWER Satellite REST API (Live Ingested), Open-Meteo Elevation REST API (Live Ingested))",Karuppanadhi & Adavinainar Dams,Hanumanadhi River,3.36,NORMAL - Stable Reservoir Water Level
Mayiladuthurai,2026-08-18 16:00:21,11.1018,79.6522,35.2,75,12.0,0,0.2,0.0,12.5,1.79,9.25,0.5,3.99,0.42,6.0,suburb,3.18,0.66,3.0,17.0,"All 5 Live APIs & TN Dam Registry (Open-Meteo Marine REST API (Live Ingested), Open-Meteo Flood REST API (Live Ingested), OpenStreetMap Nominatim REST API (Live Ingested), NASA POWER Satellite REST API (Live Ingested), Open-Meteo Elevation REST API (Live Ingested))",Anaikarai Lower Anaicut,Kollidam River,0.42,NORMAL - Stable Reservoir Water Level
Coimbatore,2026-08-18 15:59:59,11.0168,76.9558,30.0,75,17.7,1,7.3,0.5,20.3,2.9,1.0,0.0,6.5,0.17,9.0,administrative,4.52,0.74,7.5,431.0,"All 5 Live APIs & TN Dam Registry (Static Baseline (Inland District), Open-Meteo Flood REST API (Live Ingested), OpenStreetMap Nominatim REST API (Live Ingested), NASA POWER Satellite REST API (Live Ingested), Open-Meteo Elevation REST API (Live Ingested))",Aliyar Dam & Sholayar Dam,Aliyar / Parambikulam Basin,11.33,NORMAL - Stable Reservoir Water Level
Chennai,2026-08-18 16:00:00,13.0827,80.2707,29.5,78,10.5,1,8.5,25.0,65.0,9.28,5.0,0.0,5.0,0.0,5.0,fallback,4.0,0.5,5.0,10.0,Synthetic Fallback Engine,Chennai Reservoir,Regional River Basin,0.0,NORMAL - Stable Reservoir Water Level
Madurai,2026-08-18 16:00:07,9.9252,78.1198,37.7,75,4.4,1,0.0,0.5,14.7,2.1,1.0,0.0,5.48,1.17,8.5,suburb,3.54,0.73,5.0,141.0,"All 5 Live APIs & TN Dam Registry (Static Baseline (Inland District), Open-Meteo Flood REST API (Live Ingested), OpenStreetMap Nominatim REST API (Live Ingested), NASA POWER Satellite REST API (Live Ingested), Open-Meteo Elevation REST API (Live Ingested))",Vaigai River Regulator Anicut,Vaigai River Basin,1.17,NORMAL - Stable Reservoir Water Level
Salem,2026-08-18 16:00:16,11.6643,78.146,31.3,75,9.9,3,1.4,1.9,17.9,2.56,1.0,0.0,6.97,1.33,8.0,quarter,4.92,0.54,7.0,284.0,"All 5 Live APIs & TN Dam Registry (Static Baseline (Inland District), Open-Meteo Flood REST API (Live Ingested), OpenStreetMap Nominatim REST API (Live Ingested), NASA POWER Satellite REST API (Live Ingested), Open-Meteo Elevation REST API (Live Ingested))",Mettur Dam (Stanley Reservoir),Kaveri River,0.03,NORMAL - Stable Reservoir Water Level
Erode,2026-08-18 16:00:21,11.341,77.7172,33.3,75,13.2,2,1.2,3.1,13.3,1.9,1.0,0.0,1.72,238.88,7.5,suburb,4.48,0.51,6.0,177.0,"All 5 Live APIs & TN Dam Registry (Static Baseline (Inland District), Open-Meteo Flood REST API (Live Ingested), OpenStreetMap Nominatim REST API (Live Ingested), NASA POWER Satellite REST API (Live Ingested), Open-Meteo Elevation REST API (Live Ingested))",Bhavanisagar Dam,Bhavani River,47.98,WARNING - Controlled Reservoir Release
Tiruchirappalli,2026-08-18 16:00:26,10.7905,78.7047,38.2,75,9.9,1,1.5,1.8,7.8,1.11,1.0,0.0,5.99,0.56,8.0,administrative,3.86,0.57,5.5,80.0,"All 5 Live APIs & TN Dam Registry (Static Baseline (Inland District), Open-Meteo Flood REST API (Live Ingested), OpenStreetMap Nominatim REST API (Live Ingested), NASA POWER Satellite REST API (Live Ingested), Open-Meteo Elevation REST API (Live Ingested))",Mukkombu & Grand Anaicut (Kallanai),Kaveri / Kollidam River,1.47,NORMAL - Stable Reservoir Water Level
Tirunelveli,2026-08-18 16:00:32,8.7139,77.7567,36.4,75,17.8,1,0.6,0.4,16.0,2.29,4.75,0.5,5.91,4.36,7.0,suburb,4.34,0.83,5.0,50.0,"All 5 Live APIs & TN Dam Registry (Open-Meteo Marine REST API (Live Ingested), Open-Meteo Flood REST API (Live Ingested), OpenStreetMap Nominatim REST API (Live Ingested), NASA POWER Satellite REST API (Live Ingested), Open-Meteo Elevation REST API (Live Ingested))",Papanasam & Manimuthar Dams,Thamirabarani River,4.56,NORMAL - Stable Reservoir Water Level
Vellore,2026-08-18 16:00:38,12.9165,79.1325,27.6,75,9.7,51,2.6,5.3,13.0,1.86,1.0,0.0,5.0,0.14,7.5,suburb,3.58,0.71,6.0,218.0,"All 5 Live APIs & TN Dam Registry (Static Baseline (Inland District), Open-Meteo Flood REST API (Live Ingested), OpenStreetMap Nominatim REST API (Live Ingested), NASA POWER Satellite REST API (Live Ingested), Open-Meteo Elevation REST API (Live Ingested))",Palar River Regulator Dam,Palar River,0.14,NORMAL - Stable Reservoir Water Level
Thanjavur,2026-08-18 16:00:44,10.787,79.1378,36.1,75,6.2,1,1.1,1.0,4.9,0.7,7.25,0.5,5.48,0.83,6.5,suburb,3.18,0.66,4.5,59.0,"All 5 Live APIs & TN Dam Registry (Open-Meteo Marine REST API (Live Ingested), Open-Meteo Flood REST API (Live Ingested), OpenStreetMap Nominatim REST API (Live Ingested), NASA POWER Satellite REST API (Live Ingested), Open-Meteo Elevation REST API (Live Ingested))",Grand Anaicut (Kallanai Regulator),Kaveri Delta Channels,1.42,NORMAL - Stable Reservoir Water Level
Kanchipuram,2026-08-18 16:00:50,12.8342,79.7036,35.9,75,8.7,3,2.3,1.8,3.1,0.44,4.0,0.0,5.0,0.02,6.0,village,3.34,0.83,5.0,88.0,"All 5 Live APIs & TN Dam Registry (Static Baseline (Inland District), Open-Meteo Flood REST API (Live Ingested), OpenStreetMap Nominatim REST API (Live Ingested), NASA POWER Satellite REST API (Live Ingested), Open-Meteo Elevation REST API (Live Ingested))",Palar River Anicut & Regulators,Palar River,0.02,NORMAL - Stable Reservoir Water Level
Cuddalore,2026-08-18 16:00:57,11.748,79.7714,31.5,75,15.7,1,3.3,2.1,7.2,1.03,9.37,0.58,4.4,5.0,7.0,suburb,3.84,0.83,3.0,7.0,"All 5 Live APIs & TN Dam Registry (Open-Meteo Marine REST API (Live Ingested), Open-Meteo Flood REST API (Live Ingested), OpenStreetMap Nominatim REST API (Live Ingested), NASA POWER Satellite REST API (Live Ingested), Open-Meteo Elevation REST API (Live Ingested))",Sethiathope Anicut & Vellar Basin,Vellar River,1.5,NORMAL - Stable Reservoir Water Level
Tiruppur,2026-08-18 16:01:03,11.1085,77.3411,32.9,75,21.2,1,1.8,4.0,10.8,1.54,1.0,0.0,5.95,2.36,8.5,suburb,4.38,0.56,6.5,304.0,"All 5 Live APIs & TN Dam Registry (Static Baseline (Inland District), Open-Meteo Flood REST API (Live Ingested), OpenStreetMap Nominatim REST API (Live Ingested), NASA POWER Satellite REST API (Live Ingested), Open-Meteo Elevation REST API (Live Ingested))",Amaravathi Dam,Amaravathi River,30.41,WARNING - Controlled Reservoir Release
Dindigul,2026-08-18 16:01:08,10.3673,77.9803,36.7,75,9.0,51,0.8,2.5,30.3,4.33,1.0,0.0,5.99,0.28,4.5,village,5.74,0.63,6.5,284.0,"All 5 Live APIs & TN Dam Registry (Static Baseline (Inland District), Open-Meteo Flood REST API (Live Ingested), OpenStreetMap Nominatim REST API (Live Ingested), NASA POWER Satellite REST API (Live Ingested), Open-Meteo Elevation REST API (Live Ingested))",Palar-Porandalar & Kudaraganar Dam,Shanmuganadhi Basin,0.28,NORMAL - Stable Reservoir Water Level
Kanyakumari,2026-08-18 16:01:15,8.1833,77.4119,31.6,75,24.6,1,0.6,9.0,24.6,3.51,10.0,1.86,5.45,2.28,7.5,suburb,5.54,0.73,5.0,58.0,"All 5 Live APIs & TN Dam Registry (Open-Meteo Marine REST API (Live Ingested), Open-Meteo Flood REST API (Live Ingested), OpenStreetMap Nominatim REST API (Live Ingested), NASA POWER Satellite REST API (Live Ingested), Open-Meteo Elevation REST API (Live Ingested))",Pechiparai & Perunchani Dams,Kodayar River,0.26,NORMAL - Stable Reservoir Water Level
Nagapattinam,2026-08-18 16:01:21,10.7672,79.8449,35.0,75,12.4,51,1.0,5.8,11.1,1.59,9.9,0.6,3.98,0.81,4.0,hamlet,2.84,0.83,2.5,7.0,"All 5 Live APIs & TN Dam Registry (Open-Meteo Marine REST API (Live Ingested), Open-Meteo Flood REST API (Live Ingested), OpenStreetMap Nominatim REST API (Live Ingested), NASA POWER Satellite REST API (Live Ingested), Open-Meteo Elevation REST API (Live Ingested))",Coleroon River Tail-End Anicut,Kollidam Delta,0.81,NORMAL - Stable Reservoir Water Level
Thoothukudi,2026-08-18 16:01:29,8.7642,78.1348,36.9,75,12.9,51,3.3,2.8,18.4,2.63,10.0,1.22,4.99,0.52,7.5,suburb,2.46,0.77,3.5,3.0,"All 5 Live APIs & TN Dam Registry (Open-Meteo Marine REST API (Live Ingested), Open-Meteo Flood REST API (Live Ingested), OpenStreetMap Nominatim REST API (Live Ingested), NASA POWER Satellite REST API (Live Ingested), Open-Meteo Elevation REST API (Live Ingested))",Srivaikuntam Dam Anicut,Thamirabarani River Delta,3.84,NORMAL - Stable Reservoir Water Level
Ramanathapuram,2026-08-18 16:01:34,9.3639,78.8318,31.8,75,22.3,1,0.2,5.5,17.2,2.46,10.0,1.0,3.96,1.77,5.0,town,2.44,0.78,3.0,11.0,"All 5 Live APIs & TN Dam Registry (Open-Meteo Marine REST API (Live Ingested), Open-Meteo Flood REST API (Live Ingested), OpenStreetMap Nominatim REST API (Live Ingested), NASA POWER Satellite REST API (Live Ingested), Open-Meteo Elevation REST API (Live Ingested))",Ramanathapuram Big Tank (Periyakulam),Vaigai Delta Storage,1.77,NORMAL - Stable Reservoir Water Level
Dharmapuri,2026-08-18 16:01:39,12.1211,78.1582,32.4,75,13.3,3,1.4,3.3,11.5,1.64,1.0,0.0,5.0,0.02,5.5,city,4.96,0.52,6.5,461.0,"All 5 Live APIs & TN Dam Registry (Static Baseline (Inland District), Open-Meteo Flood REST API (Live Ingested), OpenStreetMap Nominatim REST API (Live Ingested), NASA POWER Satellite REST API (Live Ingested), Open-Meteo Elevation REST API (Live Ingested))",Kesaragulihalla Dam,Pennagaram Basin,0.02,NORMAL - Stable Reservoir Water Level
Krishnagiri,2026-08-18 16:01:44,12.5186,78.2137,33.7,75,14.8,3,0.8,2.7,12.3,1.76,1.0,0.0,5.5,0.08,4.0,village,5.12,0.44,7.0,489.0,"All 5 Live APIs & TN Dam Registry (Static Baseline (Inland District), Open-Meteo Flood REST API (Live Ingested), OpenStreetMap Nominatim REST API (Live Ingested), NASA POWER Satellite REST API (Live Ingested), Open-Meteo Elevation REST API (Live Ingested))",Krishnagiri Reservoir Project (KRP Dam),South Pennar River,0.36,NORMAL - Stable Reservoir Water Level
Karur,2026-08-18 16:01:52,10.9601,78.0766,37.0,75,17.9,1,0.1,9.1,12.8,1.83,1.0,0.0,5.38,5.84,6.0,suburb,3.38,0.56,5.5,128.0,"All 5 Live APIs & TN Dam Registry (Static Baseline (Inland District), Open-Meteo Flood REST API (Live Ingested), OpenStreetMap Nominatim REST API (Live Ingested), NASA POWER Satellite REST API (Live Ingested), Open-Meteo Elevation REST API (Live Ingested))",Mayanur Barrage Regulator,Kaveri River,5.84,NORMAL - Stable Reservoir Water Level
Namakkal,2026-08-18 16:01:56,11.2189,78.1674,35.6,75,2.1,1,0.9,0.8,20.0,2.86,1.0,0.0,5.49,0.37,6.5,suburb,3.88,0.56,6.0,200.0,"All 5 Live APIs & TN Dam Registry (Static Baseline (Inland District), Open-Meteo Flood REST API (Live Ingested), OpenStreetMap Nominatim REST API (Live Ingested), NASA POWER Satellite REST API (Live Ingested), Open-Meteo Elevation REST API (Live Ingested))",Jedarpalayam Barrage Anicut,Kaveri River,0.37,NORMAL - Stable Reservoir Water Level
Pudukkottai,2026-08-18 16:02:03,10.3797,78.8202,34.1,75,7.4,2,0.6,1.0,16.1,2.3,6.75,0.5,5.0,0.03,5.5,administrative,3.76,0.62,4.5,100.0,"All 5 Live APIs & TN Dam Registry (Open-Meteo Marine REST API (Live Ingested), Open-Meteo Flood REST API (Live Ingested), OpenStreetMap Nominatim REST API (Live Ingested), NASA POWER Satellite REST API (Live Ingested), Open-Meteo Elevation REST API (Live Ingested))",Kavinad Big Tank Anicut,Agniyar Basin,0.03,NORMAL - Stable Reservoir Water Level
Sivaganga,2026-08-18 16:02:07,9.8433,78.4809,35.5,75,2.2,1,0.7,1.2,7.8,1.11,4.0,0.0,5.0,0.0,5.0,town,3.5,0.75,4.5,99.0,"All 5 Live APIs & TN Dam Registry (Static Baseline (Inland District), Open-Meteo Flood REST API (Live Ingested), OpenStreetMap Nominatim REST API (Live Ingested), NASA POWER Satellite REST API (Live Ingested), Open-Meteo Elevation REST API (Live Ingested))",Vaigai Downstream Regulator Tanks,Vaigai Channel,0.0,NORMAL - Stable Reservoir Water Level
Theni,2026-08-18 16:02:13,10.0104,77.4768,35.3,75,5.1,1,0.0,6.6,24.7,3.53,1.0,0.0,6.46,2.16,5.5,suburb,6.44,0.78,7.0,298.0,"All 5 Live APIs & TN Dam Registry (Static Baseline (Inland District), Open-Meteo Flood REST API (Live Ingested), OpenStreetMap Nominatim REST API (Live Ingested), NASA POWER Satellite REST API (Live Ingested), Open-Meteo Elevation REST API (Live Ingested))",Vaigai Dam,Vaigai River,2.85,NORMAL - Stable Reservoir Water Level
Tiruvallur,2026-08-18 16:02:20,13.1432,79.907,33.5,75,11.5,51,3.4,4.7,8.7,1.24,8.25,0.5,4.99,0.39,8.0,suburb,3.34,0.83,4.0,46.0,"All 5 Live APIs & TN Dam Registry (Open-Meteo Marine REST API (Live Ingested), Open-Meteo Flood REST API (Live Ingested), OpenStreetMap Nominatim REST API (Live Ingested), NASA POWER Satellite REST API (Live Ingested), Open-Meteo Elevation REST API (Live Ingested))",Poondi Reservoir (Sathyamurthy),Kosasthalaiyar River,0.05,NORMAL - Stable Reservoir Water Level
Tiruvannamalai,2026-08-18 16:02:25,12.2253,79.0747,34.7,75,5.5,51,4.1,7.8,17.7,2.53,1.0,0.0,4.99,0.56,5.5,town,4.2,0.65,5.0,173.0,"All 5 Live APIs & TN Dam Registry (Static Baseline (Inland District), Open-Meteo Flood REST API (Live Ingested), OpenStreetMap Nominatim REST API (Live Ingested), NASA POWER Satellite REST API (Live Ingested), Open-Meteo Elevation REST API (Live Ingested))",Sathanur Dam,Ponnayyar River,0.09,NORMAL - Stable Reservoir Water Level
Tiruvarur,2026-08-18 16:02:32,10.7709,79.6366,34.2,75,11.2,1,0.1,1.7,3.9,0.56,8.75,0.5,4.49,0.66,3.5,hamlet,2.68,0.66,3.0,12.0,"All 5 Live APIs & TN Dam Registry (Open-Meteo Marine REST API (Live Ingested), Open-Meteo Flood REST API (Live Ingested), OpenStreetMap Nominatim REST API (Live Ingested), NASA POWER Satellite REST API (Live Ingested), Open-Meteo Elevation REST API (Live Ingested))",Vennar Regulator Anicut,Kaveri Delta Vennar,0.66,NORMAL - Stable Reservoir Water Level
Viluppuram,2026-08-18 16:02:37,11.9401,79.4861,33.9,75,9.7,3,4.5,1.3,12.3,1.76,7.75,0.5,4.49,0.49,5.5,town,3.7,0.65,4.5,48.0,"All 5 Live APIs & TN Dam Registry (Open-Meteo Marine REST API (Live Ingested), Open-Meteo Flood REST API (Live Ingested), OpenStreetMap Nominatim REST API (Live Ingested), NASA POWER Satellite REST API (Live Ingested), Open-Meteo Elevation REST API (Live Ingested))",Vidur Dam,Varahanadhi River,0.49,NORMAL - Stable Reservoir Water Level
Virudhunagar,2026-08-18 16:02:43,9.5872,77.9624,39.0,75,8.6,3,1.3,1.9,43.3,6.19,1.0,0.0,5.0,0.02,4.5,village,3.48,0.76,5.0,101.0,"All 5 Live APIs & TN Dam Registry (Static Baseline (Inland District), Open-Meteo Flood REST API (Live Ingested), OpenStreetMap Nominatim REST API (Live Ingested), NASA POWER Satellite REST API (Live Ingested), Open-Meteo Elevation REST API (Live Ingested))",Pilavakkal Periyar & Kovilar Dam,Arjunabasin,0.02,NORMAL - Stable Reservoir Water Level
Ariyalur,2026-08-18 16:02:48,11.1401,79.0782,36.0,75,4.8,0,0.1,1.3,7.0,1.0,1.0,0.0,4.5,0.03,3.0,hamlet,3.68,0.66,5.0,84.0,"All 5 Live APIs & TN Dam Registry (Static Baseline (Inland District), Open-Meteo Flood REST API (Live Ingested), OpenStreetMap Nominatim REST API (Live Ingested), NASA POWER Satellite REST API (Live Ingested), Open-Meteo Elevation REST API (Live Ingested))",Marudhaiyar Storage Dam,Marudhaiyar River,0.03,NORMAL - Stable Reservoir Water Level
Perambalur,2026-08-18 16:02:54,11.2342,78.882,35.8,75,3.9,1,0.0,1.7,10.9,1.56,1.0,0.0,4.5,0.25,4.5,town,3.86,0.57,5.0,123.0,"All 5 Live APIs & TN Dam Registry (Static Baseline (Inland District), Open-Meteo Flood REST API (Live Ingested), OpenStreetMap Nominatim REST API (Live Ingested), NASA POWER Satellite REST API (Live Ingested), Open-Meteo Elevation REST API (Live Ingested))",Visvakudi Dam,Kallar River,0.25,NORMAL - Stable Reservoir Water Level
Nilgiris,2026-08-18 16:03:00,11.4102,76.695,18.1,75,10.3,51,4.2,0.8,18.8,2.69,1.0,0.0,6.0,0.2,3.0,village,8.24,0.63,7.0,2235.0,"All 5 Live APIs & TN Dam Registry (Static Baseline (Inland District), Open-Meteo Flood REST API (Live Ingested), OpenStreetMap Nominatim REST API (Live Ingested), NASA POWER Satellite REST API (Live Ingested), Open-Meteo Elevation REST API (Live Ingested))",Pykara Dam & Emerald Reservoir,Kundah Hydroelectric Basin,0.2,NORMAL - Stable Reservoir Water Level
Ranipet,2026-08-18 16:03:05,12.9296,79.3333,31.1,75,16.4,51,2.6,6.7,10.5,1.5,1.0,0.0,5.0,0.19,6.5,quarter,3.58,0.71,5.0,173.0,"All 5 Live APIs & TN Dam Registry (Static Baseline (Inland District), Open-Meteo Flood REST API (Live Ingested), OpenStreetMap Nominatim REST API (Live Ingested), NASA POWER Satellite REST API (Live Ingested), Open-Meteo Elevation REST API (Live Ingested))",Kaveripakkam Lake & Palar Anicut,Palar River,0.19,NORMAL - Stable Reservoir Water Level
Tirupathur,2026-08-18 16:03:10,12.4929,78.5678,32.8,75,13.3,51,5.7,4.8,17.2,2.46,1.0,0.0,5.0,0.05,4.0,village,4.32,0.59,6.0,392.0,"All 5 Live APIs & TN Dam Registry (Static Baseline (Inland District), Open-Meteo Flood REST API (Live Ingested), OpenStreetMap Nominatim REST API (Live Ingested), NASA POWER Satellite REST API (Live Ingested), Open-Meteo Elevation REST API (Live Ingested))",Mordhana Dam,Koundinya River,0.05,NORMAL - Stable Reservoir Water Level
Chengalpattu,2026-08-18 16:03:16,12.6921,79.9777,34.0,75,11.1,51,7.4,0.5,4.1,0.59,8.75,0.5,5.0,0.14,8.5,suburb,3.46,0.77,4.0,52.0,"All 5 Live APIs & TN Dam Registry (Open-Meteo Marine REST API (Live Ingested), Open-Meteo Flood REST API (Live Ingested), OpenStreetMap Nominatim REST API (Live Ingested), NASA POWER Satellite REST API (Live Ingested), Open-Meteo Elevation REST API (Live Ingested))",Chembarambakkam Reservoir,Adyar River,0.44,NORMAL - Stable Reservoir Water Level
Kallakurichi,2026-08-18 16:03:22,11.7384,78.9639,35.5,75,9.0,2,1.4,2.6,7.6,1.09,1.0,0.0,4.5,0.17,5.0,town,4.36,0.57,5.0,131.0,"All 5 Live APIs & TN Dam Registry (Static Baseline (Inland District), Open-Meteo Flood REST API (Live Ingested), OpenStreetMap Nominatim REST API (Live Ingested), NASA POWER Satellite REST API (Live Ingested), Open-Meteo Elevation REST API (Live Ingested))",Gomukhi Dam,Gomukhi River,0.17,NORMAL - Stable Reservoir Water Level
Tenkasi,2026-08-18 16:03:28,8.9593,77.3149,28.7,75,24.3,51,1.2,11.4,21.1,3.01,1.0,0.0,5.43,3.36,3.5,village,4.86,0.82,5.5,168.0,"All 5 Live APIs & TN Dam Registry (Static Baseline (Inland District), Open-Meteo Flood REST API (Live Ingested), OpenStreetMap Nominatim REST API (Live Ingested), NASA POWER Satellite REST API (Live Ingested), Open-Meteo Elevation REST API (Live Ingested))",Karuppanadhi & Adavinainar Dams,Hanumanadhi River,3.36,NORMAL - Stable Reservoir Water Level
Mayiladuthurai,2026-08-18 16:03:34,11.1018,79.6522,35.2,75,12.0,0,0.2,0.0,12.5,1.79,9.25,0.5,3.99,0.42,6.0,suburb,3.18,0.66,3.0,17.0,"All 5 Live APIs & TN Dam Registry (Open-Meteo Marine REST API (Live Ingested), Open-Meteo Flood REST API (Live Ingested), OpenStreetMap Nominatim REST API (Live Ingested), NASA POWER Satellite REST API (Live Ingested), Open-Meteo Elevation REST API (Live Ingested))",Anaikarai Lower Anaicut,Kollidam River,0.42,NORMAL - Stable Reservoir Water Level
Coimbatore,2026-08-18 16:00:01,11.0168,76.9558,30.0,75,17.7,1,7.3,0.5,20.3,2.9,1.0,0.0,6.5,0.17,9.0,administrative,4.52,0.74,6.5,10.0,"All 5 Live APIs & TN Dam Registry (Static Baseline (Inland District), Open-Meteo Flood REST API (Live Ingested), OpenStreetMap Nominatim REST API (Live Ingested), NASA POWER Satellite REST API (Live Ingested), Static Baseline (Fallback))",Aliyar Dam & Sholayar Dam,Aliyar / Parambikulam Basin,11.33,NORMAL - Stable Reservoir Water Level
Chennai,2026-08-18 16:00:09,13.0827,80.2707,32.2,75,11.4,51,8.5,4.9,17.6,2.51,10.0,1.18,3.9,5.0,10.0,administrative,2.34,0.83,2.5,12.0,"All 5 Live APIs & TN Dam Registry (Open-Meteo Marine REST API (Live Ingested), Open-Meteo Flood REST API (Live Ingested), OpenStreetMap Nominatim REST API (Live Ingested), NASA POWER Satellite REST API (Live Ingested), Open-Meteo Elevation REST API (Live Ingested))",Chembarambakkam & Poondi Feeder Reservoirs,Adyar / Kosasthalaiyar Basin,1.5,NORMAL - Stable Reservoir Water Level
Madurai,2026-08-18 16:00:17,9.9252,78.1198,37.7,75,4.4,1,0.0,0.5,14.7,2.1,1.0,0.0,5.48,1.17,8.5,suburb,3.54,0.73,5.0,141.0,"All 5 Live APIs & TN Dam Registry (Static Baseline (Inland District), Open-Meteo Flood REST API (Live Ingested), OpenStreetMap Nominatim REST API (Live Ingested), NASA POWER Satellite REST API (Live Ingested), Open-Meteo Elevation REST API (Live Ingested))",Vaigai River Regulator Anicut,Vaigai River Basin,1.17,NORMAL - Stable Reservoir Water Level
Salem,2026-08-18 16:00:23,11.6643,78.146,31.3,75,9.9,3,1.4,1.9,17.9,2.56,1.0,0.0,6.97,1.33,8.0,quarter,4.92,0.54,7.0,284.0,"All 5 Live APIs & TN Dam Registry (Static Baseline (Inland District), Open-Meteo Flood REST API (Live Ingested), OpenStreetMap Nominatim REST API (Live Ingested), NASA POWER Satellite REST API (Live Ingested), Open-Meteo Elevation REST API (Live Ingested))",Mettur Dam (Stanley Reservoir),Kaveri River,0.03,NORMAL - Stable Reservoir Water Level
Erode,2026-08-18 16:00:29,11.341,77.7172,33.3,75,13.2,2,1.2,3.1,13.3,1.9,1.0,0.0,1.72,238.88,7.5,suburb,4.48,0.51,6.0,177.0,"All 5 Live APIs & TN Dam Registry (Static Baseline (Inland District), Open-Meteo Flood REST API (Live Ingested), OpenStreetMap Nominatim REST API (Live Ingested), NASA POWER Satellite REST API (Live Ingested), Open-Meteo Elevation REST API (Live Ingested))",Bhavanisagar Dam,Bhavani River,47.98,WARNING - Controlled Reservoir Release
Tiruchirappalli,2026-08-18 16:00:33,10.7905,78.7047,38.2,75,9.9,1,1.5,1.8,7.8,1.11,1.0,0.0,5.99,0.56,8.0,administrative,3.86,0.57,5.5,80.0,"All 5 Live APIs & TN Dam Registry (Static Baseline (Inland District), Open-Meteo Flood REST API (Live Ingested), OpenStreetMap Nominatim REST API (Live Ingested), NASA POWER Satellite REST API (Live Ingested), Open-Meteo Elevation REST API (Live Ingested))",Mukkombu & Grand Anaicut (Kallanai),Kaveri / Kollidam River,1.47,NORMAL - Stable Reservoir Water Level
Tirunelveli,2026-08-18 16:00:39,8.7139,77.7567,36.4,75,17.8,1,0.6,0.4,16.0,2.29,4.75,0.5,5.91,4.36,7.0,suburb,4.34,0.83,5.0,50.0,"All 5 Live APIs & TN Dam Registry (Open-Meteo Marine REST API (Live Ingested), Open-Meteo Flood REST API (Live Ingested), OpenStreetMap Nominatim REST API (Live Ingested), NASA POWER Satellite REST API (Live Ingested), Open-Meteo Elevation REST API (Live Ingested))",Papanasam & Manimuthar Dams,Thamirabarani River,4.56,NORMAL - Stable Reservoir Water Level
Vellore,2026-08-18 16:00:45,12.9165,79.1325,27.6,75,9.7,51,2.6,5.3,13.0,1.86,1.0,0.0,5.0,0.14,7.5,suburb,3.58,0.71,6.0,218.0,"All 5 Live APIs & TN Dam Registry (Static Baseline (Inland District), Open-Meteo Flood REST API (Live Ingested), OpenStreetMap Nominatim REST API (Live Ingested), NASA POWER Satellite REST API (Live Ingested), Open-Meteo Elevation REST API (Live Ingested))",Palar River Regulator Dam,Palar River,0.14,NORMAL - Stable Reservoir Water Level
Thanjavur,2026-08-18 16:00:51,10.787,79.1378,36.1,75,6.2,1,1.1,1.0,4.9,0.7,7.25,0.5,5.48,0.83,6.5,suburb,3.18,0.66,4.5,59.0,"All 5 Live APIs & TN Dam Registry (Open-Meteo Marine REST API (Live Ingested), Open-Meteo Flood REST API (Live Ingested), OpenStreetMap Nominatim REST API (Live Ingested), NASA POWER Satellite REST API (Live Ingested), Open-Meteo Elevation REST API (Live Ingested))",Grand Anaicut (Kallanai Regulator),Kaveri Delta Channels,1.42,NORMAL - Stable Reservoir Water Level
Kanchipuram,2026-08-18 16:00:58,12.8342,79.7036,35.9,75,8.7,3,2.3,1.8,3.1,0.44,4.0,0.0,5.0,0.02,6.0,village,3.34,0.83,5.0,88.0,"All 5 Live APIs & TN Dam Registry (Static Baseline (Inland District), Open-Meteo Flood REST API (Live Ingested), OpenStreetMap Nominatim REST API (Live Ingested), NASA POWER Satellite REST API (Live Ingested), Open-Meteo Elevation REST API (Live Ingested))",Palar River Anicut & Regulators,Palar River,0.02,NORMAL - Stable Reservoir Water Level
Cuddalore,2026-08-18 16:01:04,11.748,79.7714,31.5,75,15.7,1,3.3,2.1,7.2,1.03,9.37,0.58,4.4,5.0,7.0,suburb,3.84,0.83,3.0,7.0,"All 5 Live APIs & TN Dam Registry (Open-Meteo Marine REST API (Live Ingested), Open-Meteo Flood REST API (Live Ingested), OpenStreetMap Nominatim REST API (Live Ingested), NASA POWER Satellite REST API (Live Ingested), Open-Meteo Elevation REST API (Live Ingested))",Sethiathope Anicut & Vellar Basin,Vellar River,1.5,NORMAL - Stable Reservoir Water Level
Tiruppur,2026-08-18 16:01:10,11.1085,77.3411,32.9,75,21.2,1,1.8,4.0,10.8,1.54,1.0,0.0,5.95,2.36,8.5,suburb,4.38,0.56,6.5,304.0,"All 5 Live APIs & TN Dam Registry (Static Baseline (Inland District), Open-Meteo Flood REST API (Live Ingested), OpenStreetMap Nominatim REST API (Live Ingested), NASA POWER Satellite REST API (Live Ingested), Open-Meteo Elevation REST API (Live Ingested))",Amaravathi Dam,Amaravathi River,30.41,WARNING - Controlled Reservoir Release
Dindigul,2026-08-18 16:01:15,10.3673,77.9803,36.7,75,9.0,51,0.8,2.5,30.3,4.33,1.0,0.0,5.99,0.28,4.5,village,5.74,0.63,6.5,284.0,"All 5 Live APIs & TN Dam Registry (Static Baseline (Inland District), Open-Meteo Flood REST API (Live Ingested), OpenStreetMap Nominatim REST API (Live Ingested), NASA POWER Satellite REST API (Live Ingested), Open-Meteo Elevation REST API (Live Ingested))",Palar-Porandalar & Kudaraganar Dam,Shanmuganadhi Basin,0.28,NORMAL - Stable Reservoir Water Level
Kanyakumari,2026-08-18 16:01:21,8.1833,77.4119,31.6,75,24.6,1,0.6,9.0,24.6,3.51,10.0,1.86,5.45,2.28,7.5,suburb,5.54,0.73,5.0,58.0,"All 5 Live APIs & TN Dam Registry (Open-Meteo Marine REST API (Live Ingested), Open-Meteo Flood REST API (Live Ingested), OpenStreetMap Nominatim REST API (Live Ingested), NASA POWER Satellite REST API (Live Ingested), Open-Meteo Elevation REST API (Live Ingested))",Pechiparai & Perunchani Dams,Kodayar River,0.26,NORMAL - Stable Reservoir Water Level
Nagapattinam,2026-08-18 16:01:28,10.7672,79.8449,35.0,75,12.4,51,1.0,5.8,11.1,1.59,9.9,0.6,3.98,0.81,4.0,hamlet,2.84,0.83,2.5,7.0,"All 5 Live APIs & TN Dam Registry (Open-Meteo Marine REST API (Live Ingested), Open-Meteo Flood REST API (Live Ingested), OpenStreetMap Nominatim REST API (Live Ingested), NASA POWER Satellite REST API (Live Ingested), Open-Meteo Elevation REST API (Live Ingested))",Coleroon River Tail-End Anicut,Kollidam Delta,0.81,NORMAL - Stable Reservoir Water Level
Thoothukudi,2026-08-18 16:01:34,8.7642,78.1348,36.9,75,12.9,51,3.3,2.8,18.4,2.63,10.0,1.22,4.99,0.52,7.5,suburb,2.46,0.77,3.5,3.0,"All 5 Live APIs & TN Dam Registry (Open-Meteo Marine REST API (Live Ingested), Open-Meteo Flood REST API (Live Ingested), OpenStreetMap Nominatim REST API (Live Ingested), NASA POWER Satellite REST API (Live Ingested), Open-Meteo Elevation REST API (Live Ingested))",Srivaikuntam Dam Anicut,Thamirabarani River Delta,3.84,NORMAL - Stable Reservoir Water Level
Ramanathapuram,2026-08-18 16:01:39,9.3639,78.8318,31.8,75,22.3,1,0.2,5.5,17.2,2.46,10.0,1.0,3.96,1.77,5.0,town,2.44,0.78,3.0,11.0,"All 5 Live APIs & TN Dam Registry (Open-Meteo Marine REST API (Live Ingested), Open-Meteo Flood REST API (Live Ingested), OpenStreetMap Nominatim REST API (Live Ingested), NASA POWER Satellite REST API (Live Ingested), Open-Meteo Elevation REST API (Live Ingested))",Ramanathapuram Big Tank (Periyakulam),Vaigai Delta Storage,1.77,NORMAL - Stable Reservoir Water Level
Dharmapuri,2026-08-18 16:01:46,12.1211,78.1582,32.4,75,13.3,3,1.4,3.3,11.5,1.64,1.0,0.0,5.0,0.02,5.5,city,4.96,0.52,6.5,461.0,"All 5 Live APIs & TN Dam Registry (Static Baseline (Inland District), Open-Meteo Flood REST API (Live Ingested), OpenStreetMap Nominatim REST API (Live Ingested), NASA POWER Satellite REST API (Live Ingested), Open-Meteo Elevation REST API (Live Ingested))",Kesaragulihalla Dam,Pennagaram Basin,0.02,NORMAL - Stable Reservoir Water Level
Krishnagiri,2026-08-18 16:01:51,12.5186,78.2137,33.7,75,14.8,3,0.8,2.7,12.3,1.76,1.0,0.0,5.5,0.08,4.0,village,5.12,0.44,7.0,489.0,"All 5 Live APIs & TN Dam Registry (Static Baseline (Inland District), Open-Meteo Flood REST API (Live Ingested), OpenStreetMap Nominatim REST API (Live Ingested), NASA POWER Satellite REST API (Live Ingested), Open-Meteo Elevation REST API (Live Ingested))",Krishnagiri Reservoir Project (KRP Dam),South Pennar River,0.36,NORMAL - Stable Reservoir Water Level
Karur,2026-08-18 16:01:56,10.9601,78.0766,37.0,75,17.9,1,0.1,9.1,12.8,1.83,1.0,0.0,5.38,5.84,6.0,suburb,3.38,0.56,5.5,128.0,"All 5 Live APIs & TN Dam Registry (Static Baseline (Inland District), Open-Meteo Flood REST API (Live Ingested), OpenStreetMap Nominatim REST API (Live Ingested), NASA POWER Satellite REST API (Live Ingested), Open-Meteo Elevation REST API (Live Ingested))",Mayanur Barrage Regulator,Kaveri River,5.84,NORMAL - Stable Reservoir Water Level
Namakkal,2026-08-18 16:02:01,11.2189,78.1674,35.6,75,2.1,1,0.9,0.8,20.0,2.86,1.0,0.0,5.49,0.37,6.5,suburb,3.88,0.56,6.0,200.0,"All 5 Live APIs & TN Dam Registry (Static Baseline (Inland District), Open-Meteo Flood REST API (Live Ingested), OpenStreetMap Nominatim REST API (Live Ingested), NASA POWER Satellite REST API (Live Ingested), Open-Meteo Elevation REST API (Live Ingested))",Jedarpalayam Barrage Anicut,Kaveri River,0.37,NORMAL - Stable Reservoir Water Level
Pudukkottai,2026-08-18 16:02:07,10.3797,78.8202,34.1,75,7.4,2,0.6,1.0,16.1,2.3,6.75,0.5,5.0,0.03,5.5,administrative,3.76,0.62,4.5,100.0,"All 5 Live APIs & TN Dam Registry (Open-Meteo Marine REST API (Live Ingested), Open-Meteo Flood REST API (Live Ingested), OpenStreetMap Nominatim REST API (Live Ingested), NASA POWER Satellite REST API (Live Ingested), Open-Meteo Elevation REST API (Live Ingested))",Kavinad Big Tank Anicut,Agniyar Basin,0.03,NORMAL - Stable Reservoir Water Level
Sivaganga,2026-08-18 16:02:12,9.8433,78.4809,35.5,75,2.2,1,0.7,1.2,7.8,1.11,4.0,0.0,5.0,0.0,5.0,town,3.5,0.75,4.5,99.0,"All 5 Live APIs & TN Dam Registry (Static Baseline (Inland District), Open-Meteo Flood REST API (Live Ingested), OpenStreetMap Nominatim REST API (Live Ingested), NASA POWER Satellite REST API (Live Ingested), Open-Meteo Elevation REST API (Live Ingested))",Vaigai Downstream Regulator Tanks,Vaigai Channel,0.0,NORMAL - Stable Reservoir Water Level
Theni,2026-08-18 16:02:18,10.0104,77.4768,35.3,75,5.1,1,0.0,6.6,24.7,3.53,1.0,0.0,6.46,2.16,5.5,suburb,6.44,0.78,7.0,298.0,"All 5 Live APIs & TN Dam Registry (Static Baseline (Inland District), Open-Meteo Flood REST API (Live Ingested), OpenStreetMap Nominatim REST API (Live Ingested), NASA POWER Satellite REST API (Live Ingested), Open-Meteo Elevation REST API (Live Ingested))",Vaigai Dam,Vaigai River,2.85,NORMAL - Stable Reservoir Water Level
Tiruvallur,2026-08-18 16:02:23,13.1432,79.907,33.5,75,11.5,51,3.4,4.7,8.7,1.24,8.25,0.5,4.99,0.39,8.0,suburb,3.34,0.83,4.0,46.0,"All 5 Live APIs & TN Dam Registry (Open-Meteo Marine REST API (Live Ingested), Open-Meteo Flood REST API (Live Ingested), OpenStreetMap Nominatim REST API (Live Ingested), NASA POWER Satellite REST API (Live Ingested), Open-Meteo Elevation REST API (Live Ingested))",Poondi Reservoir (Sathyamurthy),Kosasthalaiyar River,0.05,NORMAL - Stable Reservoir Water Level
Tiruvannamalai,2026-08-18 16:02:29,12.2253,79.0747,34.7,75,5.5,51,4.1,7.8,17.7,2.53,1.0,0.0,4.99,0.56,5.5,town,4.2,0.65,5.0,173.0,"All 5 Live APIs & TN Dam Registry (Static Baseline (Inland District), Open-Meteo Flood REST API (Live Ingested), OpenStreetMap Nominatim REST API (Live Ingested), NASA POWER Satellite REST API (Live Ingested), Open-Meteo Elevation REST API (Live Ingested))",Sathanur Dam,Ponnayyar River,0.09,NORMAL - Stable Reservoir Water Level
Tiruvarur,2026-08-18 16:02:36,10.7709,79.6366,34.2,75,11.2,1,0.1,1.7,3.9,0.56,8.75,0.5,4.49,0.66,3.5,hamlet,2.68,0.66,3.0,12.0,"All 5 Live APIs & TN Dam Registry (Open-Meteo Marine REST API (Live Ingested), Open-Meteo Flood REST API (Live Ingested), OpenStreetMap Nominatim REST API (Live Ingested), NASA POWER Satellite REST API (Live Ingested), Open-Meteo Elevation REST API (Live Ingested))",Vennar Regulator Anicut,Kaveri Delta Vennar,0.66,NORMAL - Stable Reservoir Water Level
Viluppuram,2026-08-18 16:02:42,11.9401,79.4861,33.9,75,9.7,3,4.5,1.3,12.3,1.76,7.75,0.5,4.49,0.49,5.5,town,3.7,0.65,4.5,48.0,"All 5 Live APIs & TN Dam Registry (Open-Meteo Marine REST API (Live Ingested), Open-Meteo Flood REST API (Live Ingested), OpenStreetMap Nominatim REST API (Live Ingested), NASA POWER Satellite REST API (Live Ingested), Open-Meteo Elevation REST API (Live Ingested))",Vidur Dam,Varahanadhi River,0.49,NORMAL - Stable Reservoir Water Level
Virudhunagar,2026-08-18 16:02:48,9.5872,77.9624,39.0,75,8.6,3,1.3,1.9,43.3,6.19,1.0,0.0,5.0,0.02,4.5,village,3.48,0.76,5.0,101.0,"All 5 Live APIs & TN Dam Registry (Static Baseline (Inland District), Open-Meteo Flood REST API (Live Ingested), OpenStreetMap Nominatim REST API (Live Ingested), NASA POWER Satellite REST API (Live Ingested), Open-Meteo Elevation REST API (Live Ingested))",Pilavakkal Periyar & Kovilar Dam,Arjunabasin,0.02,NORMAL - Stable Reservoir Water Level
Ariyalur,2026-08-18 16:02:53,11.1401,79.0782,36.0,75,4.8,0,0.1,1.3,7.0,1.0,1.0,0.0,4.5,0.03,3.0,hamlet,3.68,0.66,5.0,84.0,"All 5 Live APIs & TN Dam Registry (Static Baseline (Inland District), Open-Meteo Flood REST API (Live Ingested), OpenStreetMap Nominatim REST API (Live Ingested), NASA POWER Satellite REST API (Live Ingested), Open-Meteo Elevation REST API (Live Ingested))",Marudhaiyar Storage Dam,Marudhaiyar River,0.03,NORMAL - Stable Reservoir Water Level
Perambalur,2026-08-18 16:02:59,11.2342,78.882,35.8,75,3.9,1,0.0,1.7,10.9,1.56,1.0,0.0,4.5,0.25,4.5,town,3.86,0.57,5.0,123.0,"All 5 Live APIs & TN Dam Registry (Static Baseline (Inland District), Open-Meteo Flood REST API (Live Ingested), OpenStreetMap Nominatim REST API (Live Ingested), NASA POWER Satellite REST API (Live Ingested), Open-Meteo Elevation REST API (Live Ingested))",Visvakudi Dam,Kallar River,0.25,NORMAL - Stable Reservoir Water Level
Nilgiris,2026-08-18 16:03:05,11.4102,76.695,18.1,75,10.3,51,4.2,0.8,18.8,2.69,1.0,0.0,6.0,0.2,3.0,village,8.24,0.63,7.0,2235.0,"All 5 Live APIs & TN Dam Registry (Static Baseline (Inland District), Open-Meteo Flood REST API (Live Ingested), OpenStreetMap Nominatim REST API (Live Ingested), NASA POWER Satellite REST API (Live Ingested), Open-Meteo Elevation REST API (Live Ingested))",Pykara Dam & Emerald Reservoir,Kundah Hydroelectric Basin,0.2,NORMAL - Stable Reservoir Water Level
Ranipet,2026-08-18 16:03:10,12.9296,79.3333,31.1,75,16.4,51,2.6,6.7,10.5,1.5,1.0,0.0,5.0,0.19,6.5,quarter,3.58,0.71,5.0,173.0,"All 5 Live APIs & TN Dam Registry (Static Baseline (Inland District), Open-Meteo Flood REST API (Live Ingested), OpenStreetMap Nominatim REST API (Live Ingested), NASA POWER Satellite REST API (Live Ingested), Open-Meteo Elevation REST API (Live Ingested))",Kaveripakkam Lake & Palar Anicut,Palar River,0.19,NORMAL - Stable Reservoir Water Level
Tirupathur,2026-08-18 16:03:15,12.4929,78.5678,32.8,75,13.3,51,5.7,4.8,17.2,2.46,1.0,0.0,5.0,0.05,4.0,village,4.32,0.59,6.0,392.0,"All 5 Live APIs & TN Dam Registry (Static Baseline (Inland District), Open-Meteo Flood REST API (Live Ingested), OpenStreetMap Nominatim REST API (Live Ingested), NASA POWER Satellite REST API (Live Ingested), Open-Meteo Elevation REST API (Live Ingested))",Mordhana Dam,Koundinya River,0.05,NORMAL - Stable Reservoir Water Level
Chengalpattu,2026-08-18 16:03:21,12.6921,79.9777,34.0,75,11.1,51,7.4,0.5,4.1,0.59,8.75,0.5,5.0,0.14,8.5,suburb,3.46,0.77,4.0,52.0,"All 5 Live APIs & TN Dam Registry (Open-Meteo Marine REST API (Live Ingested), Open-Meteo Flood REST API (Live Ingested), OpenStreetMap Nominatim REST API (Live Ingested), NASA POWER Satellite REST API (Live Ingested), Open-Meteo Elevation REST API (Live Ingested))",Chembarambakkam Reservoir,Adyar River,0.44,NORMAL - Stable Reservoir Water Level
Kallakurichi,2026-08-18 16:03:27,11.7384,78.9639,35.5,75,9.0,2,1.4,2.6,7.6,1.09,1.0,0.0,4.5,0.17,5.0,town,4.36,0.57,5.0,131.0,"All 5 Live APIs & TN Dam Registry (Static Baseline (Inland District), Open-Meteo Flood REST API (Live Ingested), OpenStreetMap Nominatim REST API (Live Ingested), NASA POWER Satellite REST API (Live Ingested), Open-Meteo Elevation REST API (Live Ingested))",Gomukhi Dam,Gomukhi River,0.17,NORMAL - Stable Reservoir Water Level
Tenkasi,2026-08-18 16:03:32,8.9593,77.3149,28.7,75,24.3,51,1.2,11.4,21.1,3.01,1.0,0.0,5.43,3.36,3.5,village,4.86,0.82,5.5,168.0,"All 5 Live APIs & TN Dam Registry (Static Baseline (Inland District), Open-Meteo Flood REST API (Live Ingested), OpenStreetMap Nominatim REST API (Live Ingested), NASA POWER Satellite REST API (Live Ingested), Open-Meteo Elevation REST API (Live Ingested))",Karuppanadhi & Adavinainar Dams,Hanumanadhi River,3.36,NORMAL - Stable Reservoir Water Level
Mayiladuthurai,2026-08-18 16:03:39,11.1018,79.6522,35.2,75,12.0,0,0.2,0.0,12.5,1.79,9.25,0.5,3.99,0.42,6.0,suburb,3.18,0.66,3.0,17.0,"All 5 Live APIs & TN Dam Registry (Open-Meteo Marine REST API (Live Ingested), Open-Meteo Flood REST API (Live Ingested), OpenStreetMap Nominatim REST API (Live Ingested), NASA POWER Satellite REST API (Live Ingested), Open-Meteo Elevation REST API (Live Ingested))",Anaikarai Lower Anaicut,Kollidam River,0.42,NORMAL - Stable Reservoir Water Level
Coimbatore,2026-08-19 14:49:44,11.0168,76.9558,29.5,75,14.7,95,13.3,11.6,26.9,3.84,1.0,0.0,6.5,0.17,9.0,administrative,4.52,0.74,7.5,431.0,"All 5 Live APIs & TN Dam Registry (Static Baseline (Inland District), Open-Meteo Flood REST API (Live Ingested), OpenStreetMap Nominatim REST API (Live Ingested), NASA POWER Satellite REST API (Live Ingested), Open-Meteo Elevation REST API (Live Ingested))",Aliyar Dam & Sholayar Dam,Aliyar / Parambikulam Basin,10.72,NORMAL - Stable Reservoir Water Level
Chennai,2026-08-19 14:49:52,13.0827,80.2707,31.0,75,15.9,80,11.1,2.6,6.0,0.86,10.0,0.98,3.9,5.0,10.0,administrative,2.34,0.83,2.5,12.0,"All 5 Live APIs & TN Dam Registry (Open-Meteo Marine REST API (Live Ingested), Open-Meteo Flood REST API (Live Ingested), OpenStreetMap Nominatim REST API (Live Ingested), NASA POWER Satellite REST API (Live Ingested), Open-Meteo Elevation REST API (Live Ingested))",Chembarambakkam & Poondi Feeder Reservoirs,Adyar / Kosasthalaiyar Basin,1.5,NORMAL - Stable Reservoir Water Level
Madurai,2026-08-19 14:50:00,9.9252,78.1198,33.9,75,12.4,51,3.6,1.2,8.8,1.26,1.0,0.0,5.47,1.25,8.5,suburb,3.54,0.73,5.0,141.0,"All 5 Live APIs & TN Dam Registry (Static Baseline (Inland District), Open-Meteo Flood REST API (Live Ingested), OpenStreetMap Nominatim REST API (Live Ingested), NASA POWER Satellite REST API (Live Ingested), Open-Meteo Elevation REST API (Live Ingested))",Vaigai River Regulator Anicut,Vaigai River Basin,1.25,NORMAL - Stable Reservoir Water Level
Salem,2026-08-19 14:50:08,11.6643,78.146,28.4,75,15.3,55,5.6,3.7,12.3,1.76,1.0,0.0,6.97,1.33,8.0,quarter,4.92,0.54,7.0,284.0,"All 5 Live APIs & TN Dam Registry (Static Baseline (Inland District), Open-Meteo Flood REST API (Live Ingested), OpenStreetMap Nominatim REST API (Live Ingested), NASA POWER Satellite REST API (Live Ingested), Open-Meteo Elevation REST API (Live Ingested))",Mettur Dam (Stanley Reservoir),Kaveri River,0.03,NORMAL - Stable Reservoir Water Level
Erode,2026-08-19 14:50:14,11.341,77.7172,28.2,75,23.2,81,8.3,2.8,8.5,1.21,1.0,0.0,1.67,241.66,7.5,suburb,4.48,0.51,6.0,177.0,"All 5 Live APIs & TN Dam Registry (Static Baseline (Inland District), Open-Meteo Flood REST API (Live Ingested), OpenStreetMap Nominatim REST API (Live Ingested), NASA POWER Satellite REST API (Live Ingested), Open-Meteo Elevation REST API (Live Ingested))",Bhavanisagar Dam,Bhavani River,46.97,WARNING - Controlled Reservoir Release
Tiruchirappalli,2026-08-19 14:50:21,10.7905,78.7047,35.8,75,15.4,80,18.8,1.6,7.7,1.1,1.0,0.0,5.99,0.56,8.0,administrative,3.86,0.57,5.5,80.0,"All 5 Live APIs & TN Dam Registry (Static Baseline (Inland District), Open-Meteo Flood REST API (Live Ingested), OpenStreetMap Nominatim REST API (Live Ingested), NASA POWER Satellite REST API (Live Ingested), Open-Meteo Elevation REST API (Live Ingested))",Mukkombu & Grand Anaicut (Kallanai),Kaveri / Kollidam River,1.45,NORMAL - Stable Reservoir Water Level
Tirunelveli,2026-08-19 14:50:28,8.7139,77.7567,36.1,75,19.8,51,1.2,0.8,9.6,1.37,4.75,0.5,5.88,5.79,7.0,suburb,4.34,0.83,5.0,50.0,"All 5 Live APIs & TN Dam Registry (Open-Meteo Marine REST API (Live Ingested), Open-Meteo Flood REST API (Live Ingested), OpenStreetMap Nominatim REST API (Live Ingested), NASA POWER Satellite REST API (Live Ingested), Open-Meteo Elevation REST API (Live Ingested))",Papanasam & Manimuthar Dams,Thamirabarani River,6.94,NORMAL - Stable Reservoir Water Level
Vellore,2026-08-19 14:50:35,12.9165,79.1325,36.7,75,15.0,3,9.0,6.7,14.3,2.04,1.0,0.0,5.0,0.17,7.5,suburb,3.58,0.71,6.0,218.0,"All 5 Live APIs & TN Dam Registry (Static Baseline (Inland District), Open-Meteo Flood REST API (Live Ingested), OpenStreetMap Nominatim REST API (Live Ingested), NASA POWER Satellite REST API (Live Ingested), Open-Meteo Elevation REST API (Live Ingested))",Palar River Regulator Dam,Palar River,0.17,NORMAL - Stable Reservoir Water Level
Thanjavur,2026-08-19 14:50:46,10.787,79.1378,33.9,75,14.3,51,29.9,1.6,5.3,0.76,7.25,0.5,5.48,0.83,6.5,suburb,3.18,0.66,4.5,59.0,"All 5 Live APIs & TN Dam Registry (Open-Meteo Marine REST API (Live Ingested), Open-Meteo Flood REST API (Live Ingested), OpenStreetMap Nominatim REST API (Live Ingested), NASA POWER Satellite REST API (Live Ingested), Open-Meteo Elevation REST API (Live Ingested))",Grand Anaicut (Kallanai Regulator),Kaveri Delta Channels,1.44,NORMAL - Stable Reservoir Water Level
Kanchipuram,2026-08-19 14:50:53,12.8342,79.7036,35.4,75,7.7,3,23.5,2.4,3.5,0.5,4.0,0.0,5.0,0.02,6.0,village,3.34,0.83,5.0,88.0,"All 5 Live APIs & TN Dam Registry (Static Baseline (Inland District), Open-Meteo Flood REST API (Live Ingested), OpenStreetMap Nominatim REST API (Live Ingested), NASA POWER Satellite REST API (Live Ingested), Open-Meteo Elevation REST API (Live Ingested))",Palar River Anicut & Regulators,Palar River,0.02,NORMAL - Stable Reservoir Water Level
Cuddalore,2026-08-19 14:51:02,11.748,79.7714,32.7,75,10.2,53,8.3,24.6,26.5,3.79,9.19,0.46,4.4,5.0,7.0,suburb,3.84,0.83,3.0,7.0,"All 5 Live APIs & TN Dam Registry (Open-Meteo Marine REST API (Live Ingested), Open-Meteo Flood REST API (Live Ingested), OpenStreetMap Nominatim REST API (Live Ingested), NASA POWER Satellite REST API (Live Ingested), Open-Meteo Elevation REST API (Live Ingested))",Sethiathope Anicut & Vellar Basin,Vellar River,1.5,NORMAL - Stable Reservoir Water Level
Tiruppur,2026-08-19 14:51:10,11.1085,77.3411,29.8,75,20.0,80,6.2,3.4,12.6,1.8,1.0,0.0,5.96,2.25,8.5,suburb,4.38,0.56,6.5,304.0,"All 5 Live APIs & TN Dam Registry (Static Baseline (Inland District), Open-Meteo Flood REST API (Live Ingested), OpenStreetMap Nominatim REST API (Live Ingested), NASA POWER Satellite REST API (Live Ingested), Open-Meteo Elevation REST API (Live Ingested))",Amaravathi Dam,Amaravathi River,30.05,WARNING - Controlled Reservoir Release
Dindigul,2026-08-19 14:51:16,10.3673,77.9803,36.6,75,14.7,53,1.8,5.4,32.8,4.69,1.0,0.0,5.99,0.28,4.5,village,5.74,0.63,6.5,284.0,"All 5 Live APIs & TN Dam Registry (Static Baseline (Inland District), Open-Meteo Flood REST API (Live Ingested), OpenStreetMap Nominatim REST API (Live Ingested), NASA POWER Satellite REST API (Live Ingested), Open-Meteo Elevation REST API (Live Ingested))",Palar-Porandalar & Kudaraganar Dam,Shanmuganadhi Basin,0.28,NORMAL - Stable Reservoir Water Level
Kanyakumari,2026-08-19 14:51:25,8.1833,77.4119,31.7,75,27.0,51,3.8,4.6,18.7,2.67,10.0,2.02,5.45,2.27,7.5,suburb,5.54,0.73,5.0,58.0,"All 5 Live APIs & TN Dam Registry (Open-Meteo Marine REST API (Live Ingested), Open-Meteo Flood REST API (Live Ingested), OpenStreetMap Nominatim REST API (Live Ingested), NASA POWER Satellite REST API (Live Ingested), Open-Meteo Elevation REST API (Live Ingested))",Pechiparai & Perunchani Dams,Kodayar River,0.26,NORMAL - Stable Reservoir Water Level
Nagapattinam,2026-08-19 14:51:38,10.7672,79.8449,33.3,75,14.0,80,10.7,4.7,11.2,1.6,9.87,0.58,3.98,0.83,4.0,hamlet,2.84,0.83,2.5,7.0,"All 5 Live APIs & TN Dam Registry (Open-Meteo Marine REST API (Live Ingested), Open-Meteo Flood REST API (Live Ingested), OpenStreetMap Nominatim REST API (Live Ingested), NASA POWER Satellite REST API (Live Ingested), Open-Meteo Elevation REST API (Live Ingested))",Coleroon River Tail-End Anicut,Kollidam Delta,0.83,NORMAL - Stable Reservoir Water Level
Thoothukudi,2026-08-19 14:51:51,8.7642,78.1348,35.2,75,13.6,51,3.7,2.7,16.3,2.33,10.0,1.4,4.99,0.49,7.5,suburb,2.46,0.77,3.5,3.0,"All 5 Live APIs & TN Dam Registry (Open-Meteo Marine REST API (Live Ingested), Open-Meteo Flood REST API (Live Ingested), OpenStreetMap Nominatim REST API (Live Ingested), NASA POWER Satellite REST API (Live Ingested), Open-Meteo Elevation REST API (Live Ingested))",Srivaikuntam Dam Anicut,Thamirabarani River Delta,4.86,NORMAL - Stable Reservoir Water Level
Ramanathapuram,2026-08-19 14:52:01,9.3639,78.8318,33.4,75,19.4,51,1.6,3.9,14.8,2.11,9.97,0.98,3.98,0.77,5.0,town,2.44,0.78,3.0,11.0,"All 5 Live APIs & TN Dam Registry (Open-Meteo Marine REST API (Live Ingested), Open-Meteo Flood REST API (Live Ingested), OpenStreetMap Nominatim REST API (Live Ingested), NASA POWER Satellite REST API (Live Ingested), Open-Meteo Elevation REST API (Live Ingested))",Ramanathapuram Big Tank (Periyakulam),Vaigai Delta Storage,0.77,NORMAL - Stable Reservoir Water Level
Dharmapuri,2026-08-19 14:52:09,12.1211,78.1582,27.0,75,26.1,81,6.8,3.2,9.9,1.41,1.0,0.0,5.0,0.02,5.5,city,4.96,0.52,6.5,461.0,"All 5 Live APIs & TN Dam Registry (Static Baseline (Inland District), Open-Meteo Flood REST API (Live Ingested), OpenStreetMap Nominatim REST API (Live Ingested), NASA POWER Satellite REST API (Live Ingested), Open-Meteo Elevation REST API (Live Ingested))",Kesaragulihalla Dam,Pennagaram Basin,0.02,NORMAL - Stable Reservoir Water Level
Krishnagiri,2026-08-19 14:52:17,12.5186,78.2137,29.3,75,9.0,55,14.8,2.9,11.7,1.67,1.0,0.0,5.5,0.08,4.0,village,5.12,0.44,7.0,489.0,"All 5 Live APIs & TN Dam Registry (Static Baseline (Inland District), Open-Meteo Flood REST API (Live Ingested), OpenStreetMap Nominatim REST API (Live Ingested), NASA POWER Satellite REST API (Live Ingested), Open-Meteo Elevation REST API (Live Ingested))",Krishnagiri Reservoir Project (KRP Dam),South Pennar River,0.36,NORMAL - Stable Reservoir Water Level
Karur,2026-08-19 14:52:24,10.9601,78.0766,36.9,75,16.7,51,2.9,1.1,10.0,1.43,1.0,0.0,5.41,4.3,6.0,suburb,3.38,0.56,5.5,128.0,"All 5 Live APIs & TN Dam Registry (Static Baseline (Inland District), Open-Meteo Flood REST API (Live Ingested), OpenStreetMap Nominatim REST API (Live Ingested), NASA POWER Satellite REST API (Live Ingested), Open-Meteo Elevation REST API (Live Ingested))",Mayanur Barrage Regulator,Kaveri River,4.3,NORMAL - Stable Reservoir Water Level
Namakkal,2026-08-19 14:52:31,11.2189,78.1674,34.0,75,9.3,80,9.9,3.9,20.7,2.96,1.0,0.0,5.49,0.36,6.5,suburb,3.88,0.56,6.0,200.0,"All 5 Live APIs & TN Dam Registry (Static Baseline (Inland District), Open-Meteo Flood REST API (Live Ingested), OpenStreetMap Nominatim REST API (Live Ingested), NASA POWER Satellite REST API (Live Ingested), Open-Meteo Elevation REST API (Live Ingested))",Jedarpalayam Barrage Anicut,Kaveri River,0.36,NORMAL - Stable Reservoir Water Level
Pudukkottai,2026-08-19 14:52:39,10.3797,78.8202,32.2,75,14.5,51,4.3,1.0,15.7,2.24,6.75,0.5,5.0,0.03,5.5,administrative,3.76,0.62,4.5,100.0,"All 5 Live APIs & TN Dam Registry (Open-Meteo Marine REST API (Live Ingested), Open-Meteo Flood REST API (Live Ingested), OpenStreetMap Nominatim REST API (Live Ingested), NASA POWER Satellite REST API (Live Ingested), Open-Meteo Elevation REST API (Live Ingested))",Kavinad Big Tank Anicut,Agniyar Basin,0.03,NORMAL - Stable Reservoir Water Level
Sivaganga,2026-08-19 14:52:47,9.8433,78.4809,34.5,75,11.1,51,3.9,1.1,5.6,0.8,4.0,0.0,5.0,0.0,5.0,town,3.5,0.75,4.5,99.0,"All 5 Live APIs & TN Dam Registry (Static Baseline (Inland District), Open-Meteo Flood REST API (Live Ingested), OpenStreetMap Nominatim REST API (Live Ingested), NASA POWER Satellite REST API (Live Ingested), Open-Meteo Elevation REST API (Live Ingested))",Vaigai Downstream Regulator Tanks,Vaigai Channel,0.0,NORMAL - Stable Reservoir Water Level
Theni,2026-08-19 14:52:55,10.0104,77.4768,34.4,75,7.1,53,2.7,1.6,23.5,3.36,1.0,0.0,6.47,1.38,5.5,suburb,6.44,0.78,7.0,298.0,"All 5 Live APIs & TN Dam Registry (Static Baseline (Inland District), Open-Meteo Flood REST API (Live Ingested), OpenStreetMap Nominatim REST API (Live Ingested), NASA POWER Satellite REST API (Live Ingested), Open-Meteo Elevation REST API (Live Ingested))",Vaigai Dam,Vaigai River,1.7,NORMAL - Stable Reservoir Water Level
Tiruvallur,2026-08-19 14:53:05,13.1432,79.907,35.2,75,8.3,95,18.8,2.0,6.6,0.94,8.25,0.5,4.99,0.45,8.0,suburb,3.34,0.83,4.0,46.0,"All 5 Live APIs & TN Dam Registry (Open-Meteo Marine REST API (Live Ingested), Open-Meteo Flood REST API (Live Ingested), OpenStreetMap Nominatim REST API (Live Ingested), NASA POWER Satellite REST API (Live Ingested), Open-Meteo Elevation REST API (Live Ingested))",Poondi Reservoir (Sathyamurthy),Kosasthalaiyar River,0.05,NORMAL - Stable Reservoir Water Level
Tiruvannamalai,2026-08-19 14:53:13,12.2253,79.0747,32.7,75,10.9,80,7.8,6.5,14.7,2.1,1.0,0.0,4.99,0.66,5.5,town,4.2,0.65,5.0,173.0,"All 5 Live APIs & TN Dam Registry (Static Baseline (Inland District), Open-Meteo Flood REST API (Live Ingested), OpenStreetMap Nominatim REST API (Live Ingested), NASA POWER Satellite REST API (Live Ingested), Open-Meteo Elevation REST API (Live Ingested))",Sathanur Dam,Ponnayyar River,0.09,NORMAL - Stable Reservoir Water Level
Tiruvarur,2026-08-19 14:53:26,10.7709,79.6366,32.6,75,13.9,55,18.7,1.3,3.7,0.53,8.75,0.5,4.5,0.0,3.5,hamlet,2.68,0.66,3.0,12.0,"All 5 Live APIs & TN Dam Registry (Open-Meteo Marine REST API (Live Ingested), Static Baseline (Fallback), OpenStreetMap Nominatim REST API (Live Ingested), NASA POWER Satellite REST API (Live Ingested), Open-Meteo Elevation REST API (Live Ingested))",Vennar Regulator Anicut,Kaveri Delta Vennar,0.66,NORMAL - Stable Reservoir Water Level
Viluppuram,2026-08-19 14:53:35,11.9401,79.4861,34.1,75,9.0,53,15.1,21.3,23.7,3.39,7.75,0.5,4.49,0.45,5.5,town,3.7,0.65,4.5,48.0,"All 5 Live APIs & TN Dam Registry (Open-Meteo Marine REST API (Live Ingested), Open-Meteo Flood REST API (Live Ingested), OpenStreetMap Nominatim REST API (Live Ingested), NASA POWER Satellite REST API (Live Ingested), Open-Meteo Elevation REST API (Live Ingested))",Vidur Dam,Varahanadhi River,0.45,NORMAL - Stable Reservoir Water Level
Virudhunagar,2026-08-19 14:53:45,9.5872,77.9624,32.8,75,12.3,80,4.5,1.5,26.8,3.83,1.0,0.0,5.0,0.02,4.5,village,3.48,0.76,5.0,101.0,"All 5 Live APIs & TN Dam Registry (Static Baseline (Inland District), Open-Meteo Flood REST API (Live Ingested), OpenStreetMap Nominatim REST API (Live Ingested), NASA POWER Satellite REST API (Live Ingested), Open-Meteo Elevation REST API (Live Ingested))",Pilavakkal Periyar & Kovilar Dam,Arjunabasin,0.02,NORMAL - Stable Reservoir Water Level
Ariyalur,2026-08-19 14:53:53,11.1401,79.0782,36.0,75,9.7,3,4.6,0.7,5.4,0.77,1.0,0.0,4.5,0.03,3.0,hamlet,3.68,0.66,5.0,84.0,"All 5 Live APIs & TN Dam Registry (Static Baseline (Inland District), Open-Meteo Flood REST API (Live Ingested), OpenStreetMap Nominatim REST API (Live Ingested), NASA POWER Satellite REST API (Live Ingested), Open-Meteo Elevation REST API (Live Ingested))",Marudhaiyar Storage Dam,Marudhaiyar River,0.03,NORMAL - Stable Reservoir Water Level
Perambalur,2026-08-19 14:54:04,11.2342,78.882,35.1,75,2.4,51,5.5,2.3,11.0,1.57,1.0,0.0,4.5,0.25,4.5,town,3.86,0.57,5.0,123.0,"All 5 Live APIs & TN Dam Registry (Static Baseline (Inland District), Open-Meteo Flood REST API (Live Ingested), OpenStreetMap Nominatim REST API (Live Ingested), NASA POWER Satellite REST API (Live Ingested), Open-Meteo Elevation REST API (Live Ingested))",Visvakudi Dam,Kallar River,0.25,NORMAL - Stable Reservoir Water Level
Nilgiris,2026-08-19 14:54:14,11.4102,76.695,16.6,75,14.1,53,8.8,5.9,21.9,3.13,1.0,0.0,6.0,0.22,3.0,village,8.24,0.63,7.0,2235.0,"All 5 Live APIs & TN Dam Registry (Static Baseline (Inland District), Open-Meteo Flood REST API (Live Ingested), OpenStreetMap Nominatim REST API (Live Ingested), NASA POWER Satellite REST API (Live Ingested), Open-Meteo Elevation REST API (Live Ingested))",Pykara Dam & Emerald Reservoir,Kundah Hydroelectric Basin,0.22,NORMAL - Stable Reservoir Water Level
Ranipet,2026-08-19 14:54:21,12.9296,79.3333,36.1,75,7.1,3,19.0,8.7,12.9,1.84,1.0,0.0,5.0,0.19,6.5,quarter,3.58,0.71,5.0,173.0,"All 5 Live APIs & TN Dam Registry (Static Baseline (Inland District), Open-Meteo Flood REST API (Live Ingested), OpenStreetMap Nominatim REST API (Live Ingested), NASA POWER Satellite REST API (Live Ingested), Open-Meteo Elevation REST API (Live Ingested))",Kaveripakkam Lake & Palar Anicut,Palar River,0.19,NORMAL - Stable Reservoir Water Level
Tirupathur,2026-08-19 14:54:29,12.4929,78.5678,27.8,75,12.1,51,19.0,5.8,16.2,2.31,1.0,0.0,5.0,0.05,4.0,village,4.32,0.59,6.0,392.0,"All 5 Live APIs & TN Dam Registry (Static Baseline (Inland District), Open-Meteo Flood REST API (Live Ingested), OpenStreetMap Nominatim REST API (Live Ingested), NASA POWER Satellite REST API (Live Ingested), Open-Meteo Elevation REST API (Live Ingested))",Mordhana Dam,Koundinya River,0.05,NORMAL - Stable Reservoir Water Level
Chengalpattu,2026-08-19 14:54:42,12.6921,79.9777,34.1,75,9.7,51,21.5,4.7,6.1,0.87,8.0,0.0,5.0,0.14,8.5,suburb,3.46,0.77,4.0,52.0,"All 5 Live APIs & TN Dam Registry (Static Baseline (Fallback), Open-Meteo Flood REST API (Live Ingested), OpenStreetMap Nominatim REST API (Live Ingested), NASA POWER Satellite REST API (Live Ingested), Open-Meteo Elevation REST API (Live Ingested))",Chembarambakkam Reservoir,Adyar River,1.33,NORMAL - Stable Reservoir Water Level
Kallakurichi,2026-08-19 14:54:49,11.7384,78.9639,34.7,75,3.4,2,7.8,18.9,22.2,3.17,1.0,0.0,4.5,0.19,5.0,town,4.36,0.57,5.0,131.0,"All 5 Live APIs & TN Dam Registry (Static Baseline (Inland District), Open-Meteo Flood REST API (Live Ingested), OpenStreetMap Nominatim REST API (Live Ingested), NASA POWER Satellite REST API (Live Ingested), Open-Meteo Elevation REST API (Live Ingested))",Gomukhi Dam,Gomukhi River,0.19,NORMAL - Stable Reservoir Water Level
Tenkasi,2026-08-19 14:54:58,8.9593,77.3149,27.3,75,26.6,51,2.2,7.9,17.6,2.51,1.0,0.0,5.41,4.64,3.5,village,4.86,0.82,5.5,168.0,"All 5 Live APIs & TN Dam Registry (Static Baseline (Inland District), Open-Meteo Flood REST API (Live Ingested), OpenStreetMap Nominatim REST API (Live Ingested), NASA POWER Satellite REST API (Live Ingested), Open-Meteo Elevation REST API (Live Ingested))",Karuppanadhi & Adavinainar Dams,Hanumanadhi River,4.64,NORMAL - Stable Reservoir Water Level
Mayiladuthurai,2026-08-19 14:55:06,11.1018,79.6522,33.1,75,9.4,55,21.6,0.5,12.4,1.77,9.25,0.5,3.99,0.42,6.0,suburb,3.18,0.66,3.0,17.0,"All 5 Live APIs & TN Dam Registry (Open-Meteo Marine REST API (Live Ingested), Open-Meteo Flood REST API (Live Ingested), OpenStreetMap Nominatim REST API (Live Ingested), NASA POWER Satellite REST API (Live Ingested), Open-Meteo Elevation REST API (Live Ingested))",Anaikarai Lower Anaicut,Kollidam River,0.42,NORMAL - Stable Reservoir Water Level
Coimbatore,2026-08-19 14:50:08,11.0168,76.9558,29.5,75,14.7,95,13.3,11.6,26.9,3.84,1.0,0.0,6.5,0.17,9.0,administrative,4.52,0.74,7.5,431.0,"All 5 Live APIs & TN Dam Registry (Static Baseline (Inland District), Open-Meteo Flood REST API (Live Ingested), OpenStreetMap Nominatim REST API (Live Ingested), NASA POWER Satellite REST API (Live Ingested), Open-Meteo Elevation REST API (Live Ingested))",Aliyar Dam & Sholayar Dam,Aliyar / Parambikulam Basin,10.72,NORMAL - Stable Reservoir Water Level
Chennai,2026-08-19 14:50:15,13.0827,80.2707,31.0,75,15.9,80,11.1,2.6,6.0,0.86,10.0,0.98,3.9,5.0,10.0,administrative,2.34,0.83,2.5,12.0,"All 5 Live APIs & TN Dam Registry (Open-Meteo Marine REST API (Live Ingested), Open-Meteo Flood REST API (Live Ingested), OpenStreetMap Nominatim REST API (Live Ingested), NASA POWER Satellite REST API (Live Ingested), Open-Meteo Elevation REST API (Live Ingested))",Chembarambakkam & Poondi Feeder Reservoirs,Adyar / Kosasthalaiyar Basin,1.5,NORMAL - Stable Reservoir Water Level
Madurai,2026-08-19 14:50:21,9.9252,78.1198,33.9,75,12.4,51,3.6,1.2,8.8,1.26,1.0,0.0,5.47,1.25,8.5,suburb,3.54,0.73,5.0,141.0,"All 5 Live APIs & TN Dam Registry (Static Baseline (Inland District), Open-Meteo Flood REST API (Live Ingested), OpenStreetMap Nominatim REST API (Live Ingested), NASA POWER Satellite REST API (Live Ingested), Open-Meteo Elevation REST API (Live Ingested))",Vaigai River Regulator Anicut,Vaigai River Basin,1.25,NORMAL - Stable Reservoir Water Level
Salem,2026-08-19 14:50:27,11.6643,78.146,28.4,75,15.3,55,5.6,3.7,12.3,1.76,1.0,0.0,6.97,1.33,8.0,quarter,4.92,0.54,7.0,284.0,"All 5 Live APIs & TN Dam Registry (Static Baseline (Inland District), Open-Meteo Flood REST API (Live Ingested), OpenStreetMap Nominatim REST API (Live Ingested), NASA POWER Satellite REST API (Live Ingested), Open-Meteo Elevation REST API (Live Ingested))",Mettur Dam (Stanley Reservoir),Kaveri River,0.03,NORMAL - Stable Reservoir Water Level
Erode,2026-08-19 14:50:34,11.341,77.7172,28.2,75,23.2,81,8.3,2.8,8.5,1.21,1.0,0.0,1.67,241.66,7.5,suburb,4.48,0.51,6.0,177.0,"All 5 Live APIs & TN Dam Registry (Static Baseline (Inland District), Open-Meteo Flood REST API (Live Ingested), OpenStreetMap Nominatim REST API (Live Ingested), NASA POWER Satellite REST API (Live Ingested), Open-Meteo Elevation REST API (Live Ingested))",Bhavanisagar Dam,Bhavani River,46.97,WARNING - Controlled Reservoir Release
Tiruchirappalli,2026-08-19 14:50:42,10.7905,78.7047,35.8,75,15.4,80,18.8,1.6,7.7,1.1,1.0,0.0,5.99,0.56,8.0,administrative,3.86,0.57,5.5,80.0,"All 5 Live APIs & TN Dam Registry (Static Baseline (Inland District), Open-Meteo Flood REST API (Live Ingested), OpenStreetMap Nominatim REST API (Live Ingested), NASA POWER Satellite REST API (Live Ingested), Open-Meteo Elevation REST API (Live Ingested))",Mukkombu & Grand Anaicut (Kallanai),Kaveri / Kollidam River,1.45,NORMAL - Stable Reservoir Water Level
Tirunelveli,2026-08-19 14:50:50,8.7139,77.7567,36.1,75,19.8,51,1.2,0.8,9.6,1.37,4.75,0.5,5.88,5.79,7.0,suburb,4.34,0.83,5.0,50.0,"All 5 Live APIs & TN Dam Registry (Open-Meteo Marine REST API (Live Ingested), Open-Meteo Flood REST API (Live Ingested), OpenStreetMap Nominatim REST API (Live Ingested), NASA POWER Satellite REST API (Live Ingested), Open-Meteo Elevation REST API (Live Ingested))",Papanasam & Manimuthar Dams,Thamirabarani River,6.94,NORMAL - Stable Reservoir Water Level
Vellore,2026-08-19 14:50:58,12.9165,79.1325,36.7,75,15.0,3,9.0,6.7,14.3,2.04,1.0,0.0,5.0,0.17,7.5,suburb,3.58,0.71,6.0,218.0,"All 5 Live APIs & TN Dam Registry (Static Baseline (Inland District), Open-Meteo Flood REST API (Live Ingested), OpenStreetMap Nominatim REST API (Live Ingested), NASA POWER Satellite REST API (Live Ingested), Open-Meteo Elevation REST API (Live Ingested))",Palar River Regulator Dam,Palar River,0.17,NORMAL - Stable Reservoir Water Level
Thanjavur,2026-08-19 14:51:06,10.787,79.1378,33.9,75,14.3,51,29.9,1.6,5.3,0.76,7.25,0.5,5.48,0.83,6.5,suburb,3.18,0.66,4.5,59.0,"All 5 Live APIs & TN Dam Registry (Open-Meteo Marine REST API (Live Ingested), Open-Meteo Flood REST API (Live Ingested), OpenStreetMap Nominatim REST API (Live Ingested), NASA POWER Satellite REST API (Live Ingested), Open-Meteo Elevation REST API (Live Ingested))",Grand Anaicut (Kallanai Regulator),Kaveri Delta Channels,1.44,NORMAL - Stable Reservoir Water Level
Kanchipuram,2026-08-19 14:51:12,12.8342,79.7036,35.4,75,7.7,3,23.5,2.4,3.5,0.5,4.0,0.0,5.0,0.02,6.0,village,3.34,0.83,5.0,88.0,"All 5 Live APIs & TN Dam Registry (Static Baseline (Inland District), Open-Meteo Flood REST API (Live Ingested), OpenStreetMap Nominatim REST API (Live Ingested), NASA POWER Satellite REST API (Live Ingested), Open-Meteo Elevation REST API (Live Ingested))",Palar River Anicut & Regulators,Palar River,0.02,NORMAL - Stable Reservoir Water Level
Cuddalore,2026-08-19 14:51:19,11.748,79.7714,32.7,75,10.2,53,8.3,24.6,26.5,3.79,9.19,0.46,4.4,5.0,7.0,suburb,3.84,0.83,3.0,7.0,"All 5 Live APIs & TN Dam Registry (Open-Meteo Marine REST API (Live Ingested), Open-Meteo Flood REST API (Live Ingested), OpenStreetMap Nominatim REST API (Live Ingested), NASA POWER Satellite REST API (Live Ingested), Open-Meteo Elevation REST API (Live Ingested))",Sethiathope Anicut & Vellar Basin,Vellar River,1.5,NORMAL - Stable Reservoir Water Level
Tiruppur,2026-08-19 14:51:26,11.1085,77.3411,29.8,75,20.0,80,6.2,3.4,12.6,1.8,1.0,0.0,5.96,2.25,8.5,suburb,4.38,0.56,6.5,304.0,"All 5 Live APIs & TN Dam Registry (Static Baseline (Inland District), Open-Meteo Flood REST API (Live Ingested), OpenStreetMap Nominatim REST API (Live Ingested), NASA POWER Satellite REST API (Live Ingested), Open-Meteo Elevation REST API (Live Ingested))",Amaravathi Dam,Amaravathi River,30.05,WARNING - Controlled Reservoir Release
Dindigul,2026-08-19 14:51:38,10.3673,77.9803,36.6,75,14.7,53,1.8,5.4,32.8,4.69,1.0,0.0,5.99,0.28,4.5,village,5.74,0.63,6.5,284.0,"All 5 Live APIs & TN Dam Registry (Static Baseline (Inland District), Open-Meteo Flood REST API (Live Ingested), OpenStreetMap Nominatim REST API (Live Ingested), NASA POWER Satellite REST API (Live Ingested), Open-Meteo Elevation REST API (Live Ingested))",Palar-Porandalar & Kudaraganar Dam,Shanmuganadhi Basin,0.28,NORMAL - Stable Reservoir Water Level
Kanyakumari,2026-08-19 14:51:51,8.1833,77.4119,31.7,75,27.0,51,3.8,4.6,18.7,2.67,10.0,2.02,5.45,2.27,7.5,suburb,5.54,0.73,5.0,58.0,"All 5 Live APIs & TN Dam Registry (Open-Meteo Marine REST API (Live Ingested), Open-Meteo Flood REST API (Live Ingested), OpenStreetMap Nominatim REST API (Live Ingested), NASA POWER Satellite REST API (Live Ingested), Open-Meteo Elevation REST API (Live Ingested))",Pechiparai & Perunchani Dams,Kodayar River,0.26,NORMAL - Stable Reservoir Water Level
Nagapattinam,2026-08-19 14:52:01,10.7672,79.8449,33.3,75,14.0,80,10.7,4.7,11.2,1.6,9.87,0.58,3.98,0.83,4.0,hamlet,2.84,0.83,2.5,7.0,"All 5 Live APIs & TN Dam Registry (Open-Meteo Marine REST API (Live Ingested), Open-Meteo Flood REST API (Live Ingested), OpenStreetMap Nominatim REST API (Live Ingested), NASA POWER Satellite REST API (Live Ingested), Open-Meteo Elevation REST API (Live Ingested))",Coleroon River Tail-End Anicut,Kollidam Delta,0.83,NORMAL - Stable Reservoir Water Level
Thoothukudi,2026-08-19 14:52:09,8.7642,78.1348,35.2,75,13.6,51,3.7,2.7,16.3,2.33,10.0,1.4,4.99,0.49,7.5,suburb,2.46,0.77,3.5,3.0,"All 5 Live APIs & TN Dam Registry (Open-Meteo Marine REST API (Live Ingested), Open-Meteo Flood REST API (Live Ingested), OpenStreetMap Nominatim REST API (Live Ingested), NASA POWER Satellite REST API (Live Ingested), Open-Meteo Elevation REST API (Live Ingested))",Srivaikuntam Dam Anicut,Thamirabarani River Delta,4.86,NORMAL - Stable Reservoir Water Level
Ramanathapuram,2026-08-19 14:52:16,9.3639,78.8318,33.4,75,19.4,51,1.6,3.9,14.8,2.11,9.97,0.98,3.98,0.77,5.0,town,2.44,0.78,3.0,11.0,"All 5 Live APIs & TN Dam Registry (Open-Meteo Marine REST API (Live Ingested), Open-Meteo Flood REST API (Live Ingested), OpenStreetMap Nominatim REST API (Live Ingested), NASA POWER Satellite REST API (Live Ingested), Open-Meteo Elevation REST API (Live Ingested))",Ramanathapuram Big Tank (Periyakulam),Vaigai Delta Storage,0.77,NORMAL - Stable Reservoir Water Level
Dharmapuri,2026-08-19 14:52:23,12.1211,78.1582,27.0,75,26.1,81,6.8,3.2,9.9,1.41,1.0,0.0,5.0,0.02,5.5,city,4.96,0.52,6.5,461.0,"All 5 Live APIs & TN Dam Registry (Static Baseline (Inland District), Open-Meteo Flood REST API (Live Ingested), OpenStreetMap Nominatim REST API (Live Ingested), NASA POWER Satellite REST API (Live Ingested), Open-Meteo Elevation REST API (Live Ingested))",Kesaragulihalla Dam,Pennagaram Basin,0.02,NORMAL - Stable Reservoir Water Level
Krishnagiri,2026-08-19 14:52:30,12.5186,78.2137,29.3,75,9.0,55,14.8,2.9,11.7,1.67,1.0,0.0,5.5,0.08,4.0,village,5.12,0.44,7.0,489.0,"All 5 Live APIs & TN Dam Registry (Static Baseline (Inland District), Open-Meteo Flood REST API (Live Ingested), OpenStreetMap Nominatim REST API (Live Ingested), NASA POWER Satellite REST API (Live Ingested), Open-Meteo Elevation REST API (Live Ingested))",Krishnagiri Reservoir Project (KRP Dam),South Pennar River,0.36,NORMAL - Stable Reservoir Water Level
Karur,2026-08-19 14:52:36,10.9601,78.0766,36.9,75,16.7,51,2.9,1.1,10.0,1.43,1.0,0.0,5.41,4.3,6.0,suburb,3.38,0.56,5.5,128.0,"All 5 Live APIs & TN Dam Registry (Static Baseline (Inland District), Open-Meteo Flood REST API (Live Ingested), OpenStreetMap Nominatim REST API (Live Ingested), NASA POWER Satellite REST API (Live Ingested), Open-Meteo Elevation REST API (Live Ingested))",Mayanur Barrage Regulator,Kaveri River,4.3,NORMAL - Stable Reservoir Water Level
Namakkal,2026-08-19 14:52:43,11.2189,78.1674,34.0,75,9.3,80,9.9,3.9,20.7,2.96,1.0,0.0,5.49,0.36,6.5,suburb,3.88,0.56,6.0,200.0,"All 5 Live APIs & TN Dam Registry (Static Baseline (Inland District), Open-Meteo Flood REST API (Live Ingested), OpenStreetMap Nominatim REST API (Live Ingested), NASA POWER Satellite REST API (Live Ingested), Open-Meteo Elevation REST API (Live Ingested))",Jedarpalayam Barrage Anicut,Kaveri River,0.36,NORMAL - Stable Reservoir Water Level
Pudukkottai,2026-08-19 14:52:53,10.3797,78.8202,32.2,75,14.5,51,4.3,1.0,15.7,2.24,6.75,0.5,5.0,0.03,5.5,administrative,3.76,0.62,4.5,100.0,"All 5 Live APIs & TN Dam Registry (Open-Meteo Marine REST API (Live Ingested), Open-Meteo Flood REST API (Live Ingested), OpenStreetMap Nominatim REST API (Live Ingested), NASA POWER Satellite REST API (Live Ingested), Open-Meteo Elevation REST API (Live Ingested))",Kavinad Big Tank Anicut,Agniyar Basin,0.03,NORMAL - Stable Reservoir Water Level
Sivaganga,2026-08-19 14:53:00,9.8433,78.4809,34.5,75,11.1,51,3.9,1.1,5.6,0.8,4.0,0.0,5.0,0.0,5.0,town,3.5,0.75,4.5,99.0,"All 5 Live APIs & TN Dam Registry (Static Baseline (Inland District), Open-Meteo Flood REST API (Live Ingested), OpenStreetMap Nominatim REST API (Live Ingested), NASA POWER Satellite REST API (Live Ingested), Open-Meteo Elevation REST API (Live Ingested))",Vaigai Downstream Regulator Tanks,Vaigai Channel,0.0,NORMAL - Stable Reservoir Water Level
Theni,2026-08-19 14:53:08,10.0104,77.4768,34.4,75,7.1,53,2.7,1.6,23.5,3.36,1.0,0.0,6.47,1.38,5.5,suburb,6.44,0.78,7.0,298.0,"All 5 Live APIs & TN Dam Registry (Static Baseline (Inland District), Open-Meteo Flood REST API (Live Ingested), OpenStreetMap Nominatim REST API (Live Ingested), NASA POWER Satellite REST API (Live Ingested), Open-Meteo Elevation REST API (Live Ingested))",Vaigai Dam,Vaigai River,1.7,NORMAL - Stable Reservoir Water Level
Tiruvallur,2026-08-19 14:53:18,13.1432,79.907,35.2,75,8.3,95,18.8,2.0,6.6,0.94,8.25,0.5,4.99,0.45,8.0,suburb,3.34,0.83,4.0,46.0,"All 5 Live APIs & TN Dam Registry (Open-Meteo Marine REST API (Live Ingested), Open-Meteo Flood REST API (Live Ingested), OpenStreetMap Nominatim REST API (Live Ingested), NASA POWER Satellite REST API (Live Ingested), Open-Meteo Elevation REST API (Live Ingested))",Poondi Reservoir (Sathyamurthy),Kosasthalaiyar River,0.05,NORMAL - Stable Reservoir Water Level
Tiruvannamalai,2026-08-19 14:53:25,12.2253,79.0747,32.7,75,10.9,80,7.8,6.5,14.7,2.1,1.0,0.0,4.99,0.66,5.5,town,4.2,0.65,5.0,173.0,"All 5 Live APIs & TN Dam Registry (Static Baseline (Inland District), Open-Meteo Flood REST API (Live Ingested), OpenStreetMap Nominatim REST API (Live Ingested), NASA POWER Satellite REST API (Live Ingested), Open-Meteo Elevation REST API (Live Ingested))",Sathanur Dam,Ponnayyar River,0.09,NORMAL - Stable Reservoir Water Level
Tiruvarur,2026-08-19 14:53:34,10.7709,79.6366,32.6,75,13.9,55,18.7,1.3,3.7,0.53,8.75,0.5,4.49,0.66,3.5,hamlet,2.68,0.66,3.0,12.0,"All 5 Live APIs & TN Dam Registry (Open-Meteo Marine REST API (Live Ingested), Open-Meteo Flood REST API (Live Ingested), OpenStreetMap Nominatim REST API (Live Ingested), NASA POWER Satellite REST API (Live Ingested), Open-Meteo Elevation REST API (Live Ingested))",Vennar Regulator Anicut,Kaveri Delta Vennar,0.66,NORMAL - Stable Reservoir Water Level
Viluppuram,2026-08-19 14:53:45,11.9401,79.4861,34.1,75,9.0,53,15.1,21.3,23.7,3.39,7.75,0.5,4.49,0.45,5.5,town,3.7,0.65,4.5,48.0,"All 5 Live APIs & TN Dam Registry (Open-Meteo Marine REST API (Live Ingested), Open-Meteo Flood REST API (Live Ingested), OpenStreetMap Nominatim REST API (Live Ingested), NASA POWER Satellite REST API (Live Ingested), Open-Meteo Elevation REST API (Live Ingested))",Vidur Dam,Varahanadhi River,0.45,NORMAL - Stable Reservoir Water Level
Virudhunagar,2026-08-19 14:53:54,9.5872,77.9624,32.8,75,12.3,80,4.5,1.5,26.8,3.83,1.0,0.0,5.0,0.02,4.5,village,3.48,0.76,5.0,101.0,"All 5 Live APIs & TN Dam Registry (Static Baseline (Inland District), Open-Meteo Flood REST API (Live Ingested), OpenStreetMap Nominatim REST API (Live Ingested), NASA POWER Satellite REST API (Live Ingested), Open-Meteo Elevation REST API (Live Ingested))",Pilavakkal Periyar & Kovilar Dam,Arjunabasin,0.02,NORMAL - Stable Reservoir Water Level
Ariyalur,2026-08-19 14:54:04,11.1401,79.0782,36.0,75,9.7,3,4.6,0.7,5.4,0.77,1.0,0.0,4.5,0.03,3.0,hamlet,3.68,0.66,5.0,84.0,"All 5 Live APIs & TN Dam Registry (Static Baseline (Inland District), Open-Meteo Flood REST API (Live Ingested), OpenStreetMap Nominatim REST API (Live Ingested), NASA POWER Satellite REST API (Live Ingested), Open-Meteo Elevation REST API (Live Ingested))",Marudhaiyar Storage Dam,Marudhaiyar River,0.03,NORMAL - Stable Reservoir Water Level
Perambalur,2026-08-19 14:54:13,11.2342,78.882,35.1,75,2.4,51,5.5,2.3,11.0,1.57,1.0,0.0,4.5,0.25,4.5,town,3.86,0.57,5.0,123.0,"All 5 Live APIs & TN Dam Registry (Static Baseline (Inland District), Open-Meteo Flood REST API (Live Ingested), OpenStreetMap Nominatim REST API (Live Ingested), NASA POWER Satellite REST API (Live Ingested), Open-Meteo Elevation REST API (Live Ingested))",Visvakudi Dam,Kallar River,0.25,NORMAL - Stable Reservoir Water Level
Nilgiris,2026-08-19 14:54:19,11.4102,76.695,16.6,75,14.1,53,8.8,5.9,21.9,3.13,1.0,0.0,6.0,0.22,3.0,village,8.24,0.63,7.0,2235.0,"All 5 Live APIs & TN Dam Registry (Static Baseline (Inland District), Open-Meteo Flood REST API (Live Ingested), OpenStreetMap Nominatim REST API (Live Ingested), NASA POWER Satellite REST API (Live Ingested), Open-Meteo Elevation REST API (Live Ingested))",Pykara Dam & Emerald Reservoir,Kundah Hydroelectric Basin,0.22,NORMAL - Stable Reservoir Water Level
Ranipet,2026-08-19 14:54:27,12.9296,79.3333,36.1,75,7.1,3,19.0,8.7,12.9,1.84,1.0,0.0,5.0,0.19,6.5,quarter,3.58,0.71,5.0,173.0,"All 5 Live APIs & TN Dam Registry (Static Baseline (Inland District), Open-Meteo Flood REST API (Live Ingested), OpenStreetMap Nominatim REST API (Live Ingested), NASA POWER Satellite REST API (Live Ingested), Open-Meteo Elevation REST API (Live Ingested))",Kaveripakkam Lake & Palar Anicut,Palar River,0.19,NORMAL - Stable Reservoir Water Level
Tirupathur,2026-08-19 14:54:35,12.4929,78.5678,27.8,75,12.1,51,19.0,5.8,16.2,2.31,1.0,0.0,5.0,0.05,4.0,village,4.32,0.59,6.0,392.0,"All 5 Live APIs & TN Dam Registry (Static Baseline (Inland District), Open-Meteo Flood REST API (Live Ingested), OpenStreetMap Nominatim REST API (Live Ingested), NASA POWER Satellite REST API (Live Ingested), Open-Meteo Elevation REST API (Live Ingested))",Mordhana Dam,Koundinya River,0.05,NORMAL - Stable Reservoir Water Level
Chengalpattu,2026-08-19 14:54:43,12.6921,79.9777,34.1,75,9.7,51,21.5,4.7,6.1,0.87,8.75,0.5,5.0,0.14,8.5,suburb,3.46,0.77,4.0,52.0,"All 5 Live APIs & TN Dam Registry (Open-Meteo Marine REST API (Live Ingested), Open-Meteo Flood REST API (Live Ingested), OpenStreetMap Nominatim REST API (Live Ingested), NASA POWER Satellite REST API (Live Ingested), Open-Meteo Elevation REST API (Live Ingested))",Chembarambakkam Reservoir,Adyar River,1.33,NORMAL - Stable Reservoir Water Level
Kallakurichi,2026-08-19 14:54:50,11.7384,78.9639,34.7,75,3.4,2,7.8,18.9,22.2,3.17,1.0,0.0,4.5,0.19,5.0,town,4.36,0.57,5.0,131.0,"All 5 Live APIs & TN Dam Registry (Static Baseline (Inland District), Open-Meteo Flood REST API (Live Ingested), OpenStreetMap Nominatim REST API (Live Ingested), NASA POWER Satellite REST API (Live Ingested), Open-Meteo Elevation REST API (Live Ingested))",Gomukhi Dam,Gomukhi River,0.19,NORMAL - Stable Reservoir Water Level
Tenkasi,2026-08-19 14:54:58,8.9593,77.3149,27.3,75,26.6,51,2.2,7.9,17.6,2.51,1.0,0.0,5.41,4.64,3.5,village,4.86,0.82,5.5,168.0,"All 5 Live APIs & TN Dam Registry (Static Baseline (Inland District), Open-Meteo Flood REST API (Live Ingested), OpenStreetMap Nominatim REST API (Live Ingested), NASA POWER Satellite REST API (Live Ingested), Open-Meteo Elevation REST API (Live Ingested))",Karuppanadhi & Adavinainar Dams,Hanumanadhi River,4.64,NORMAL - Stable Reservoir Water Level
Mayiladuthurai,2026-08-19 14:55:07,11.1018,79.6522,33.1,75,9.4,55,21.6,0.5,12.4,1.77,9.25,0.5,3.99,0.42,6.0,suburb,3.18,0.66,3.0,17.0,"All 5 Live APIs & TN Dam Registry (Open-Meteo Marine REST API (Live Ingested), Open-Meteo Flood REST API (Live Ingested), OpenStreetMap Nominatim REST API (Live Ingested), NASA POWER Satellite REST API (Live Ingested), Open-Meteo Elevation REST API (Live Ingested))",Anaikarai Lower Anaicut,Kollidam River,0.42,NORMAL - Stable Reservoir Water Level
Coimbatore,2026-08-28 06:57:21,11.0168,76.9558,22.7,75,8.2,3,1.6,22.0,24.7,3.53,1.0,0.0,6.48,0.77,9.0,administrative,4.52,0.74,7.5,431.0,"All 5 Live APIs & TN Dam Registry (Static Baseline (Inland District), Open-Meteo Flood REST API (Live Ingested), OpenStreetMap Nominatim REST API (Live Ingested), NASA POWER Satellite REST API (Live Ingested), Open-Meteo Elevation REST API (Live Ingested))",Aliyar Dam & Sholayar Dam,Aliyar / Parambikulam Basin,14.35,NORMAL - Stable Reservoir Water Level
Chennai,2026-08-28 06:57:26,13.0827,80.2707,28.5,75,9.6,0,1.4,5.0,29.1,4.16,10.0,0.94,3.9,5.0,10.0,administrative,2.34,0.83,2.5,12.0,"All 5 Live APIs & TN Dam Registry (Open-Meteo Marine REST API (Live Ingested), Open-Meteo Flood REST API (Live Ingested), OpenStreetMap Nominatim REST API (Live Ingested), NASA POWER Satellite REST API (Live Ingested), Open-Meteo Elevation REST API (Live Ingested))",Chembarambakkam & Poondi Feeder Reservoirs,Adyar / Kosasthalaiyar Basin,1.5,NORMAL - Stable Reservoir Water Level
Madurai,2026-08-28 06:57:31,9.9252,78.1198,26.8,75,7.4,0,1.3,10.7,14.5,2.07,1.0,0.0,5.49,0.74,8.5,suburb,3.54,0.73,5.0,141.0,"All 5 Live APIs & TN Dam Registry (Static Baseline (Inland District), Open-Meteo Flood REST API (Live Ingested), OpenStreetMap Nominatim REST API (Live Ingested), NASA POWER Satellite REST API (Live Ingested), Open-Meteo Elevation REST API (Live Ingested))",Vaigai River Regulator Anicut,Vaigai River Basin,0.74,NORMAL - Stable Reservoir Water Level
Salem,2026-08-28 06:57:36,11.6643,78.146,24.5,75,1.0,2,2.9,7.2,29.0,4.14,1.0,0.0,6.97,1.65,8.0,quarter,4.92,0.54,7.0,284.0,"All 5 Live APIs & TN Dam Registry (Static Baseline (Inland District), Open-Meteo Flood REST API (Live Ingested), OpenStreetMap Nominatim REST API (Live Ingested), NASA POWER Satellite REST API (Live Ingested), Open-Meteo Elevation REST API (Live Ingested))",Mettur Dam (Stanley Reservoir),Kaveri River,0.03,NORMAL - Stable Reservoir Water Level
Erode,2026-08-28 06:57:40,11.341,77.7172,25.2,75,8.0,1,2.3,10.1,25.0,3.57,1.0,0.0,1.0,296.85,7.5,suburb,4.48,0.51,6.0,177.0,"All 5 Live APIs & TN Dam Registry (Static Baseline (Inland District), Open-Meteo Flood REST API (Live Ingested), OpenStreetMap Nominatim REST API (Live Ingested), NASA POWER Satellite REST API (Live Ingested), Open-Meteo Elevation REST API (Live Ingested))",Bhavanisagar Dam,Bhavani River,54.85,CRITICAL - Emergency Spillway Release Warning
Tiruchirappalli,2026-08-28 06:57:45,10.7905,78.7047,27.5,75,17.1,3,0.3,4.4,11.7,1.67,1.0,0.0,5.98,1.03,8.0,administrative,3.86,0.57,5.5,80.0,"All 5 Live APIs & TN Dam Registry (Static Baseline (Inland District), Open-Meteo Flood REST API (Live Ingested), OpenStreetMap Nominatim REST API (Live Ingested), NASA POWER Satellite REST API (Live Ingested), Open-Meteo Elevation REST API (Live Ingested))",Mukkombu & Grand Anaicut (Kallanai),Kaveri / Kollidam River,1.94,NORMAL - Stable Reservoir Water Level
Tirunelveli,2026-08-28 06:57:51,8.7139,77.7567,27.5,75,7.7,0,0.1,3.8,7.1,1.01,4.75,0.5,5.85,7.38,7.0,suburb,4.34,0.83,5.0,50.0,"All 5 Live APIs & TN Dam Registry (Open-Meteo Marine REST API (Live Ingested), Open-Meteo Flood REST API (Live Ingested), OpenStreetMap Nominatim REST API (Live Ingested), NASA POWER Satellite REST API (Live Ingested), Open-Meteo Elevation REST API (Live Ingested))",Papanasam & Manimuthar Dams,Thamirabarani River,7.51,NORMAL - Stable Reservoir Water Level
Vellore,2026-08-28 06:57:55,12.9165,79.1325,26.8,75,17.6,1,0.0,9.6,30.5,4.36,1.0,0.0,4.99,0.32,7.5,suburb,3.58,0.71,6.0,218.0,"All 5 Live APIs & TN Dam Registry (Static Baseline (Inland District), Open-Meteo Flood REST API (Live Ingested), OpenStreetMap Nominatim REST API (Live Ingested), NASA POWER Satellite REST API (Live Ingested), Open-Meteo Elevation REST API (Live Ingested))",Palar River Regulator Dam,Palar River,0.32,NORMAL - Stable Reservoir Water Level
Thanjavur,2026-08-28 06:58:01,10.787,79.1378,27.0,75,15.7,2,1.6,2.5,7.5,1.07,7.25,0.5,5.47,1.32,6.5,suburb,3.18,0.66,4.5,59.0,"All 5 Live APIs & TN Dam Registry (Open-Meteo Marine REST API (Live Ingested), Open-Meteo Flood REST API (Live Ingested), OpenStreetMap Nominatim REST API (Live Ingested), NASA POWER Satellite REST API (Live Ingested), Open-Meteo Elevation REST API (Live Ingested))",Grand Anaicut (Kallanai Regulator),Kaveri Delta Channels,1.97,NORMAL - Stable Reservoir Water Level
Kanchipuram,2026-08-28 06:58:06,12.8342,79.7036,27.3,75,12.9,0,0.4,4.6,47.7,6.81,4.0,0.0,5.0,0.07,6.0,village,3.34,0.83,5.0,88.0,"All 5 Live APIs & TN Dam Registry (Static Baseline (Inland District), Open-Meteo Flood REST API (Live Ingested), OpenStreetMap Nominatim REST API (Live Ingested), NASA POWER Satellite REST API (Live Ingested), Open-Meteo Elevation REST API (Live Ingested))",Palar River Anicut & Regulators,Palar River,0.07,NORMAL - Stable Reservoir Water Level
Cuddalore,2026-08-28 06:58:11,11.748,79.7714,27.6,75,10.3,1,0.6,4.0,16.8,2.4,9.19,0.46,4.4,5.0,7.0,suburb,3.84,0.83,3.0,7.0,"All 5 Live APIs & TN Dam Registry (Open-Meteo Marine REST API (Live Ingested), Open-Meteo Flood REST API (Live Ingested), OpenStreetMap Nominatim REST API (Live Ingested), NASA POWER Satellite REST API (Live Ingested), Open-Meteo Elevation REST API (Live Ingested))",Sethiathope Anicut & Vellar Basin,Vellar River,1.5,NORMAL - Stable Reservoir Water Level
Tiruppur,2026-08-28 06:58:16,11.1085,77.3411,24.0,75,13.5,2,0.5,10.1,15.1,2.16,1.0,0.0,5.7,14.78,8.5,suburb,4.38,0.56,6.5,304.0,"All 5 Live APIs & TN Dam Registry (Static Baseline (Inland District), Open-Meteo Flood REST API (Live Ingested), OpenStreetMap Nominatim REST API (Live Ingested), NASA POWER Satellite REST API (Live Ingested), Open-Meteo Elevation REST API (Live Ingested))",Amaravathi Dam,Amaravathi River,37.02,WARNING - Controlled Reservoir Release
Dindigul,2026-08-28 06:58:20,10.3673,77.9803,26.5,75,1.0,0,0.2,26.9,32.6,4.66,1.0,0.0,5.99,0.58,4.5,village,5.74,0.63,6.5,284.0,"All 5 Live APIs & TN Dam Registry (Static Baseline (Inland District), Open-Meteo Flood REST API (Live Ingested), OpenStreetMap Nominatim REST API (Live Ingested), NASA POWER Satellite REST API (Live Ingested), Open-Meteo Elevation REST API (Live Ingested))",Palar-Porandalar & Kudaraganar Dam,Shanmuganadhi Basin,0.58,NORMAL - Stable Reservoir Water Level
Kanyakumari,2026-08-28 06:58:25,8.1833,77.4119,24.8,75,17.0,3,0.7,11.5,20.2,2.89,10.0,1.84,5.47,1.29,7.5,suburb,5.54,0.73,5.0,58.0,"All 5 Live APIs & TN Dam Registry (Open-Meteo Marine REST API (Live Ingested), Open-Meteo Flood REST API (Live Ingested), OpenStreetMap Nominatim REST API (Live Ingested), NASA POWER Satellite REST API (Live Ingested), Open-Meteo Elevation REST API (Live Ingested))",Pechiparai & Perunchani Dams,Kodayar River,0.4,NORMAL - Stable Reservoir Water Level
Nagapattinam,2026-08-28 06:58:31,10.7672,79.8449,27.6,75,13.1,2,1.1,6.6,11.4,1.63,9.96,0.64,3.98,0.87,4.0,hamlet,2.84,0.83,2.5,7.0,"All 5 Live APIs & TN Dam Registry (Open-Meteo Marine REST API (Live Ingested), Open-Meteo Flood REST API (Live Ingested), OpenStreetMap Nominatim REST API (Live Ingested), NASA POWER Satellite REST API (Live Ingested), Open-Meteo Elevation REST API (Live Ingested))",Coleroon River Tail-End Anicut,Kollidam Delta,0.87,NORMAL - Stable Reservoir Water Level
Thoothukudi,2026-08-28 06:58:37,8.7642,78.1348,28.5,75,15.9,0,0.5,9.4,13.9,1.99,10.0,1.44,4.99,0.62,7.5,suburb,2.46,0.77,3.5,3.0,"All 5 Live APIs & TN Dam Registry (Open-Meteo Marine REST API (Live Ingested), Open-Meteo Flood REST API (Live Ingested), OpenStreetMap Nominatim REST API (Live Ingested), NASA POWER Satellite REST API (Live Ingested), Open-Meteo Elevation REST API (Live Ingested))",Srivaikuntam Dam Anicut,Thamirabarani River Delta,5.25,NORMAL - Stable Reservoir Water Level
Ramanathapuram,2026-08-28 06:58:42,9.3639,78.8318,27.7,75,9.8,0,1.0,6.2,10.7,1.53,10.0,1.22,3.02,48.77,5.0,town,2.44,0.78,3.0,11.0,"All 5 Live APIs & TN Dam Registry (Open-Meteo Marine REST API (Live Ingested), Open-Meteo Flood REST API (Live Ingested), OpenStreetMap Nominatim REST API (Live Ingested), NASA POWER Satellite REST API (Live Ingested), Open-Meteo Elevation REST API (Live Ingested))",Ramanathapuram Big Tank (Periyakulam),Vaigai Delta Storage,48.77,WARNING - Controlled Reservoir Release
Dharmapuri,2026-08-28 06:58:47,12.1211,78.1582,23.7,75,16.1,1,0.4,3.3,15.0,2.14,1.0,0.0,5.0,0.01,5.5,city,4.96,0.52,6.5,461.0,"All 5 Live APIs & TN Dam Registry (Static Baseline (Inland District), Open-Meteo Flood REST API (Live Ingested), OpenStreetMap Nominatim REST API (Live Ingested), NASA POWER Satellite REST API (Live Ingested), Open-Meteo Elevation REST API (Live Ingested))",Kesaragulihalla Dam,Pennagaram Basin,0.01,NORMAL - Stable Reservoir Water Level
Krishnagiri,2026-08-28 06:58:52,12.5186,78.2137,23.4,75,15.7,2,0.2,4.2,21.3,3.04,1.0,0.0,5.5,0.04,4.0,village,5.12,0.44,7.0,489.0,"All 5 Live APIs & TN Dam Registry (Static Baseline (Inland District), Open-Meteo Flood REST API (Live Ingested), OpenStreetMap Nominatim REST API (Live Ingested), NASA POWER Satellite REST API (Live Ingested), Open-Meteo Elevation REST API (Live Ingested))",Krishnagiri Reservoir Project (KRP Dam),South Pennar River,0.45,NORMAL - Stable Reservoir Water Level
Karur,2026-08-28 06:59:01,10.9601,78.0766,26.3,75,19.1,3,0.3,5.1,8.7,1.24,1.0,0.0,5.5,0.0,6.0,suburb,3.38,0.56,5.5,128.0,"All 5 Live APIs & TN Dam Registry (Static Baseline (Inland District), Static Baseline (Fallback), OpenStreetMap Nominatim REST API (Live Ingested), NASA POWER Satellite REST API (Live Ingested), Open-Meteo Elevation REST API (Live Ingested))",Mayanur Barrage Regulator,Kaveri River,56.68,CRITICAL - Emergency Spillway Release Warning
Namakkal,2026-08-28 06:59:05,11.2189,78.1674,25.5,75,5.7,3,0.6,5.5,11.2,1.6,1.0,0.0,5.48,1.13,6.5,suburb,3.88,0.56,6.0,200.0,"All 5 Live APIs & TN Dam Registry (Static Baseline (Inland District), Open-Meteo Flood REST API (Live Ingested), OpenStreetMap Nominatim REST API (Live Ingested), NASA POWER Satellite REST API (Live Ingested), Open-Meteo Elevation REST API (Live Ingested))",Jedarpalayam Barrage Anicut,Kaveri River,1.13,NORMAL - Stable Reservoir Water Level
Pudukkottai,2026-08-28 06:59:11,10.3797,78.8202,28.0,75,18.0,2,1.5,6.8,24.3,3.47,6.75,0.5,5.0,0.05,5.5,administrative,3.76,0.62,4.5,100.0,"All 5 Live APIs & TN Dam Registry (Open-Meteo Marine REST API (Live Ingested), Open-Meteo Flood REST API (Live Ingested), OpenStreetMap Nominatim REST API (Live Ingested), NASA POWER Satellite REST API (Live Ingested), Open-Meteo Elevation REST API (Live Ingested))",Kavinad Big Tank Anicut,Agniyar Basin,0.05,NORMAL - Stable Reservoir Water Level
Sivaganga,2026-08-28 06:59:15,9.8433,78.4809,27.5,75,5.4,0,0.4,4.3,7.1,1.01,4.0,0.0,5.0,0.01,5.0,town,3.5,0.75,4.5,99.0,"All 5 Live APIs & TN Dam Registry (Static Baseline (Inland District), Open-Meteo Flood REST API (Live Ingested), OpenStreetMap Nominatim REST API (Live Ingested), NASA POWER Satellite REST API (Live Ingested), Open-Meteo Elevation REST API (Live Ingested))",Vaigai Downstream Regulator Tanks,Vaigai Channel,0.01,NORMAL - Stable Reservoir Water Level
Theni,2026-08-28 06:59:21,10.0104,77.4768,25.0,75,4.5,0,0.7,13.1,19.1,2.73,1.0,0.0,5.87,31.28,5.5,suburb,6.44,0.78,7.0,298.0,"All 5 Live APIs & TN Dam Registry (Static Baseline (Inland District), Open-Meteo Flood REST API (Live Ingested), OpenStreetMap Nominatim REST API (Live Ingested), NASA POWER Satellite REST API (Live Ingested), Open-Meteo Elevation REST API (Live Ingested))",Vaigai Dam,Vaigai River,17.45,WARNING - Controlled Reservoir Release
Tiruvallur,2026-08-28 06:59:27,13.1432,79.907,27.9,75,13.0,0,1.4,6.1,26.6,3.8,8.25,0.5,4.99,0.73,8.0,suburb,3.34,0.83,4.0,46.0,"All 5 Live APIs & TN Dam Registry (Open-Meteo Marine REST API (Live Ingested), Open-Meteo Flood REST API (Live Ingested), OpenStreetMap Nominatim REST API (Live Ingested), NASA POWER Satellite REST API (Live Ingested), Open-Meteo Elevation REST API (Live Ingested))",Poondi Reservoir (Sathyamurthy),Kosasthalaiyar River,0.05,NORMAL - Stable Reservoir Water Level
Tiruvannamalai,2026-08-28 06:59:32,12.2253,79.0747,26.8,75,21.3,1,0.2,4.7,16.8,2.4,1.0,0.0,4.98,0.94,5.5,town,4.2,0.65,5.0,173.0,"All 5 Live APIs & TN Dam Registry (Static Baseline (Inland District), Open-Meteo Flood REST API (Live Ingested), OpenStreetMap Nominatim REST API (Live Ingested), NASA POWER Satellite REST API (Live Ingested), Open-Meteo Elevation REST API (Live Ingested))",Sathanur Dam,Ponnayyar River,0.16,NORMAL - Stable Reservoir Water Level
Tiruvarur,2026-08-28 06:59:38,10.7709,79.6366,27.3,75,12.8,2,0.6,9.1,11.4,1.63,8.75,0.5,4.48,0.8,3.5,hamlet,2.68,0.66,3.0,12.0,"All 5 Live APIs & TN Dam Registry (Open-Meteo Marine REST API (Live Ingested), Open-Meteo Flood REST API (Live Ingested), OpenStreetMap Nominatim REST API (Live Ingested), NASA POWER Satellite REST API (Live Ingested), Open-Meteo Elevation REST API (Live Ingested))",Vennar Regulator Anicut,Kaveri Delta Vennar,0.8,NORMAL - Stable Reservoir Water Level
Viluppuram,2026-08-28 06:59:44,11.9401,79.4861,27.4,75,13.2,1,0.4,3.8,19.2,2.74,7.75,0.5,4.48,0.8,5.5,town,3.7,0.65,4.5,48.0,"All 5 Live APIs & TN Dam Registry (Open-Meteo Marine REST API (Live Ingested), Open-Meteo Flood REST API (Live Ingested), OpenStreetMap Nominatim REST API (Live Ingested), NASA POWER Satellite REST API (Live Ingested), Open-Meteo Elevation REST API (Live Ingested))",Vidur Dam,Varahanadhi River,0.8,NORMAL - Stable Reservoir Water Level
Virudhunagar,2026-08-28 06:59:49,9.5872,77.9624,27.5,75,6.7,0,0.2,4.9,16.0,2.29,1.0,0.0,5.0,0.03,4.5,village,3.48,0.76,5.0,101.0,"All 5 Live APIs & TN Dam Registry (Static Baseline (Inland District), Open-Meteo Flood REST API (Live Ingested), OpenStreetMap Nominatim REST API (Live Ingested), NASA POWER Satellite REST API (Live Ingested), Open-Meteo Elevation REST API (Live Ingested))",Pilavakkal Periyar & Kovilar Dam,Arjunabasin,0.03,NORMAL - Stable Reservoir Water Level
Ariyalur,2026-08-28 06:59:54,11.1401,79.0782,26.8,75,16.5,2,2.7,1.9,24.9,3.56,1.0,0.0,4.5,0.06,3.0,hamlet,3.68,0.66,5.0,84.0,"All 5 Live APIs & TN Dam Registry (Static Baseline (Inland District), Open-Meteo Flood REST API (Live Ingested), OpenStreetMap Nominatim REST API (Live Ingested), NASA POWER Satellite REST API (Live Ingested), Open-Meteo Elevation REST API (Live Ingested))",Marudhaiyar Storage Dam,Marudhaiyar River,0.06,NORMAL - Stable Reservoir Water Level
Perambalur,2026-08-28 07:00:00,11.2342,78.882,26.5,75,11.8,2,0.8,4.3,18.8,2.69,1.0,0.0,4.49,0.44,4.5,town,3.86,0.57,5.0,123.0,"All 5 Live APIs & TN Dam Registry (Static Baseline (Inland District), Open-Meteo Flood REST API (Live Ingested), OpenStreetMap Nominatim REST API (Live Ingested), NASA POWER Satellite REST API (Live Ingested), Open-Meteo Elevation REST API (Live Ingested))",Visvakudi Dam,Kallar River,0.44,NORMAL - Stable Reservoir Water Level
Nilgiris,2026-08-28 07:00:05,11.4102,76.695,14.1,75,11.4,0,0.8,19.2,41.8,5.97,1.0,0.0,5.99,0.26,3.0,village,8.24,0.63,7.0,2235.0,"All 5 Live APIs & TN Dam Registry (Static Baseline (Inland District), Open-Meteo Flood REST API (Live Ingested), OpenStreetMap Nominatim REST API (Live Ingested), NASA POWER Satellite REST API (Live Ingested), Open-Meteo Elevation REST API (Live Ingested))",Pykara Dam & Emerald Reservoir,Kundah Hydroelectric Basin,0.26,NORMAL - Stable Reservoir Water Level
Ranipet,2026-08-28 07:00:11,12.9296,79.3333,27.2,75,18.1,1,2.2,7.6,41.5,5.93,1.0,0.0,4.99,0.26,6.5,quarter,3.58,0.71,5.0,173.0,"All 5 Live APIs & TN Dam Registry (Static Baseline (Inland District), Open-Meteo Flood REST API (Live Ingested), OpenStreetMap Nominatim REST API (Live Ingested), NASA POWER Satellite REST API (Live Ingested), Open-Meteo Elevation REST API (Live Ingested))",Kaveripakkam Lake & Palar Anicut,Palar River,0.26,NORMAL - Stable Reservoir Water Level
Tirupathur,2026-08-28 07:00:17,12.4929,78.5678,25.0,75,10.3,0,0.1,5.3,31.7,4.53,1.0,0.0,5.0,0.11,4.0,village,4.32,0.59,6.0,392.0,"All 5 Live APIs & TN Dam Registry (Static Baseline (Inland District), Open-Meteo Flood REST API (Live Ingested), OpenStreetMap Nominatim REST API (Live Ingested), NASA POWER Satellite REST API (Live Ingested), Open-Meteo Elevation REST API (Live Ingested))",Mordhana Dam,Koundinya River,0.11,NORMAL - Stable Reservoir Water Level
Chengalpattu,2026-08-28 07:00:23,12.6921,79.9777,27.9,75,12.4,1,1.1,5.5,46.5,6.64,8.75,0.5,5.0,0.19,8.5,suburb,3.46,0.77,4.0,52.0,"All 5 Live APIs & TN Dam Registry (Open-Meteo Marine REST API (Live Ingested), Open-Meteo Flood REST API (Live Ingested), OpenStreetMap Nominatim REST API (Live Ingested), NASA POWER Satellite REST API (Live Ingested), Open-Meteo Elevation REST API (Live Ingested))",Chembarambakkam Reservoir,Adyar River,1.5,NORMAL - Stable Reservoir Water Level
Kallakurichi,2026-08-28 07:00:27,11.7384,78.9639,26.6,75,4.1,2,1.8,4.2,14.3,2.04,1.0,0.0,4.5,0.25,5.0,town,4.36,0.57,5.0,131.0,"All 5 Live APIs & TN Dam Registry (Static Baseline (Inland District), Open-Meteo Flood REST API (Live Ingested), OpenStreetMap Nominatim REST API (Live Ingested), NASA POWER Satellite REST API (Live Ingested), Open-Meteo Elevation REST API (Live Ingested))",Gomukhi Dam,Gomukhi River,0.25,NORMAL - Stable Reservoir Water Level
Tenkasi,2026-08-28 07:00:33,8.9593,77.3149,24.7,75,19.5,2,4.0,12.0,21.1,3.01,1.0,0.0,5.38,5.84,3.5,village,4.86,0.82,5.5,168.0,"All 5 Live APIs & TN Dam Registry (Static Baseline (Inland District), Open-Meteo Flood REST API (Live Ingested), OpenStreetMap Nominatim REST API (Live Ingested), NASA POWER Satellite REST API (Live Ingested), Open-Meteo Elevation REST API (Live Ingested))",Karuppanadhi & Adavinainar Dams,Hanumanadhi River,5.84,NORMAL - Stable Reservoir Water Level
Mayiladuthurai,2026-08-28 07:00:39,11.1018,79.6522,27.4,75,13.6,2,0.1,2.8,6.2,0.89,9.25,0.5,3.99,0.43,6.0,suburb,3.18,0.66,3.0,17.0,"All 5 Live APIs & TN Dam Registry (Open-Meteo Marine REST API (Live Ingested), Open-Meteo Flood REST API (Live Ingested), OpenStreetMap Nominatim REST API (Live Ingested), NASA POWER Satellite REST API (Live Ingested), Open-Meteo Elevation REST API (Live Ingested))",Anaikarai Lower Anaicut,Kollidam River,0.43,NORMAL - Stable Reservoir Water Level
Coimbatore,2026-08-28 22:41:03,11.0168,76.9558,22.8,75,11.7,2,3.9,22.0,24.7,3.53,1.0,0.0,6.48,0.77,9.0,administrative,4.52,0.74,7.5,431.0,"All 5 Live APIs & TN Dam Registry (Static Baseline (Inland District), Open-Meteo Flood REST API (Live Ingested), OpenStreetMap Nominatim REST API (Live Ingested), NASA POWER Satellite REST API (Live Ingested), Open-Meteo Elevation REST API (Live Ingested))",Aliyar Dam & Sholayar Dam,Aliyar / Parambikulam Basin,14.35,NORMAL - Stable Reservoir Water Level
Chennai,2026-08-28 22:41:10,13.0827,80.2707,30.1,75,11.4,3,0.3,5.0,29.1,4.16,10.0,0.82,3.9,5.0,10.0,administrative,2.34,0.83,2.5,12.0,"All 5 Live APIs & TN Dam Registry (Open-Meteo Marine REST API (Live Ingested), Open-Meteo Flood REST API (Live Ingested), OpenStreetMap Nominatim REST API (Live Ingested), NASA POWER Satellite REST API (Live Ingested), Open-Meteo Elevation REST API (Live Ingested))",Chembarambakkam & Poondi Feeder Reservoirs,Adyar / Kosasthalaiyar Basin,1.5,NORMAL - Stable Reservoir Water Level
Madurai,2026-08-28 22:41:16,9.9252,78.1198,29.9,75,11.0,1,0.4,10.7,14.5,2.07,1.0,0.0,5.49,0.74,8.5,suburb,3.54,0.73,5.0,141.0,"All 5 Live APIs & TN Dam Registry (Static Baseline (Inland District), Open-Meteo Flood REST API (Live Ingested), OpenStreetMap Nominatim REST API (Live Ingested), NASA POWER Satellite REST API (Live Ingested), Open-Meteo Elevation REST API (Live Ingested))",Vaigai River Regulator Anicut,Vaigai River Basin,0.74,NORMAL - Stable Reservoir Water Level
Salem,2026-08-28 22:41:22,11.6643,78.146,26.6,75,3.4,3,0.6,7.2,29.0,4.14,1.0,0.0,6.97,1.65,8.0,quarter,4.92,0.54,7.0,284.0,"All 5 Live APIs & TN Dam Registry (Static Baseline (Inland District), Open-Meteo Flood REST API (Live Ingested), OpenStreetMap Nominatim REST API (Live Ingested), NASA POWER Satellite REST API (Live Ingested), Open-Meteo Elevation REST API (Live Ingested))",Mettur Dam (Stanley Reservoir),Kaveri River,0.03,NORMAL - Stable Reservoir Water Level
Erode,2026-08-28 22:41:27,11.341,77.7172,26.5,75,13.3,3,1.7,10.1,25.0,3.57,1.0,0.0,1.0,296.85,7.5,suburb,4.48,0.51,6.0,177.0,"All 5 Live APIs & TN Dam Registry (Static Baseline (Inland District), Open-Meteo Flood REST API (Live Ingested), OpenStreetMap Nominatim REST API (Live Ingested), NASA POWER Satellite REST API (Live Ingested), Open-Meteo Elevation REST API (Live Ingested))",Bhavanisagar Dam,Bhavani River,54.85,CRITICAL - Emergency Spillway Release Warning
Tiruchirappalli,2026-08-28 22:41:33,10.7905,78.7047,29.4,75,23.2,0,0.0,4.4,11.7,1.67,1.0,0.0,5.98,1.03,8.0,administrative,3.86,0.57,5.5,80.0,"All 5 Live APIs & TN Dam Registry (Static Baseline (Inland District), Open-Meteo Flood REST API (Live Ingested), OpenStreetMap Nominatim REST API (Live Ingested), NASA POWER Satellite REST API (Live Ingested), Open-Meteo Elevation REST API (Live Ingested))",Mukkombu & Grand Anaicut (Kallanai),Kaveri / Kollidam River,1.94,NORMAL - Stable Reservoir Water Level
Tirunelveli,2026-08-28 22:41:40,8.7139,77.7567,29.3,75,12.3,0,0.0,3.8,7.1,1.01,4.75,0.5,5.85,7.38,7.0,suburb,4.34,0.83,5.0,50.0,"All 5 Live APIs & TN Dam Registry (Open-Meteo Marine REST API (Live Ingested), Open-Meteo Flood REST API (Live Ingested), OpenStreetMap Nominatim REST API (Live Ingested), NASA POWER Satellite REST API (Live Ingested), Open-Meteo Elevation REST API (Live Ingested))",Papanasam & Manimuthar Dams,Thamirabarani River,7.51,NORMAL - Stable Reservoir Water Level
Vellore,2026-08-28 22:41:47,12.9165,79.1325,27.5,75,9.2,2,1.3,9.6,30.5,4.36,1.0,0.0,4.99,0.32,7.5,suburb,3.58,0.71,6.0,218.0,"All 5 Live APIs & TN Dam Registry (Static Baseline (Inland District), Open-Meteo Flood REST API (Live Ingested), OpenStreetMap Nominatim REST API (Live Ingested), NASA POWER Satellite REST API (Live Ingested), Open-Meteo Elevation REST API (Live Ingested))",Palar River Regulator Dam,Palar River,0.32,NORMAL - Stable Reservoir Water Level
Thanjavur,2026-08-28 22:41:55,10.787,79.1378,29.6,75,14.3,0,0.3,2.5,7.5,1.07,7.25,0.5,5.47,1.32,6.5,suburb,3.18,0.66,4.5,59.0,"All 5 Live APIs & TN Dam Registry (Open-Meteo Marine REST API (Live Ingested), Open-Meteo Flood REST API (Live Ingested), OpenStreetMap Nominatim REST API (Live Ingested), NASA POWER Satellite REST API (Live Ingested), Open-Meteo Elevation REST API (Live Ingested))",Grand Anaicut (Kallanai Regulator),Kaveri Delta Channels,1.97,NORMAL - Stable Reservoir Water Level
Kanchipuram,2026-08-28 22:42:00,12.8342,79.7036,27.7,75,12.6,3,0.9,4.6,47.7,6.81,4.0,0.0,5.0,0.07,6.0,village,3.34,0.83,5.0,88.0,"All 5 Live APIs & TN Dam Registry (Static Baseline (Inland District), Open-Meteo Flood REST API (Live Ingested), OpenStreetMap Nominatim REST API (Live Ingested), NASA POWER Satellite REST API (Live Ingested), Open-Meteo Elevation REST API (Live Ingested))",Palar River Anicut & Regulators,Palar River,0.07,NORMAL - Stable Reservoir Water Level
Cuddalore,2026-08-28 22:42:07,11.748,79.7714,27.0,75,9.9,51,1.7,4.0,16.8,2.4,9.1,0.4,4.4,5.0,7.0,suburb,3.84,0.83,3.0,7.0,"All 5 Live APIs & TN Dam Registry (Open-Meteo Marine REST API (Live Ingested), Open-Meteo Flood REST API (Live Ingested), OpenStreetMap Nominatim REST API (Live Ingested), NASA POWER Satellite REST API (Live Ingested), Open-Meteo Elevation REST API (Live Ingested))",Sethiathope Anicut & Vellar Basin,Vellar River,1.5,NORMAL - Stable Reservoir Water Level
Tiruppur,2026-08-28 22:42:12,11.1085,77.3411,24.1,75,14.9,3,0.6,10.1,15.1,2.16,1.0,0.0,5.7,14.78,8.5,suburb,4.38,0.56,6.5,304.0,"All 5 Live APIs & TN Dam Registry (Static Baseline (Inland District), Open-Meteo Flood REST API (Live Ingested), OpenStreetMap Nominatim REST API (Live Ingested), NASA POWER Satellite REST API (Live Ingested), Open-Meteo Elevation REST API (Live Ingested))",Amaravathi Dam,Amaravathi River,37.02,WARNING - Controlled Reservoir Release
Dindigul,2026-08-28 22:42:16,10.3673,77.9803,29.1,75,7.3,0,2.0,26.9,32.6,4.66,1.0,0.0,5.99,0.58,4.5,village,5.74,0.63,6.5,284.0,"All 5 Live APIs & TN Dam Registry (Static Baseline (Inland District), Open-Meteo Flood REST API (Live Ingested), OpenStreetMap Nominatim REST API (Live Ingested), NASA POWER Satellite REST API (Live Ingested), Open-Meteo Elevation REST API (Live Ingested))",Palar-Porandalar & Kudaraganar Dam,Shanmuganadhi Basin,0.58,NORMAL - Stable Reservoir Water Level
Kanyakumari,2026-08-28 22:42:23,8.1833,77.4119,26.3,75,17.9,3,0.3,11.5,20.2,2.89,10.0,1.84,5.47,1.29,7.5,suburb,5.54,0.73,5.0,58.0,"All 5 Live APIs & TN Dam Registry (Open-Meteo Marine REST API (Live Ingested), Open-Meteo Flood REST API (Live Ingested), OpenStreetMap Nominatim REST API (Live Ingested), NASA POWER Satellite REST API (Live Ingested), Open-Meteo Elevation REST API (Live Ingested))",Pechiparai & Perunchani Dams,Kodayar River,0.4,NORMAL - Stable Reservoir Water Level
Nagapattinam,2026-08-28 22:42:29,10.7672,79.8449,28.6,75,13.2,1,1.4,6.6,11.4,1.63,9.87,0.58,3.98,0.87,4.0,hamlet,2.84,0.83,2.5,7.0,"All 5 Live APIs & TN Dam Registry (Open-Meteo Marine REST API (Live Ingested), Open-Meteo Flood REST API (Live Ingested), OpenStreetMap Nominatim REST API (Live Ingested), NASA POWER Satellite REST API (Live Ingested), Open-Meteo Elevation REST API (Live Ingested))",Coleroon River Tail-End Anicut,Kollidam Delta,0.87,NORMAL - Stable Reservoir Water Level
Thoothukudi,2026-08-28 22:42:35,8.7642,78.1348,30.2,75,15.4,1,0.0,9.4,13.9,1.99,10.0,1.42,4.99,0.62,7.5,suburb,2.46,0.77,3.5,3.0,"All 5 Live APIs & TN Dam Registry (Open-Meteo Marine REST API (Live Ingested), Open-Meteo Flood REST API (Live Ingested), OpenStreetMap Nominatim REST API (Live Ingested), NASA POWER Satellite REST API (Live Ingested), Open-Meteo Elevation REST API (Live Ingested))",Srivaikuntam Dam Anicut,Thamirabarani River Delta,5.25,NORMAL - Stable Reservoir Water Level
Ramanathapuram,2026-08-28 22:42:41,9.3639,78.8318,30.2,75,14.0,3,0.1,6.2,10.7,1.53,10.0,1.2,3.02,48.77,5.0,town,2.44,0.78,3.0,11.0,"All 5 Live APIs & TN Dam Registry (Open-Meteo Marine REST API (Live Ingested), Open-Meteo Flood REST API (Live Ingested), OpenStreetMap Nominatim REST API (Live Ingested), NASA POWER Satellite REST API (Live Ingested), Open-Meteo Elevation REST API (Live Ingested))",Ramanathapuram Big Tank (Periyakulam),Vaigai Delta Storage,48.77,WARNING - Controlled Reservoir Release
Dharmapuri,2026-08-28 22:42:46,12.1211,78.1582,26.9,75,18.0,2,1.4,3.3,15.0,2.14,1.0,0.0,5.0,0.01,5.5,city,4.96,0.52,6.5,461.0,"All 5 Live APIs & TN Dam Registry (Static Baseline (Inland District), Open-Meteo Flood REST API (Live Ingested), OpenStreetMap Nominatim REST API (Live Ingested), NASA POWER Satellite REST API (Live Ingested), Open-Meteo Elevation REST API (Live Ingested))",Kesaragulihalla Dam,Pennagaram Basin,0.01,NORMAL - Stable Reservoir Water Level
Krishnagiri,2026-08-28 22:42:52,12.5186,78.2137,26.0,75,18.0,3,0.3,4.2,21.3,3.04,1.0,0.0,5.5,0.04,4.0,village,5.12,0.44,7.0,489.0,"All 5 Live APIs & TN Dam Registry (Static Baseline (Inland District), Open-Meteo Flood REST API (Live Ingested), OpenStreetMap Nominatim REST API (Live Ingested), NASA POWER Satellite REST API (Live Ingested), Open-Meteo Elevation REST API (Live Ingested))",Krishnagiri Reservoir Project (KRP Dam),South Pennar River,0.45,NORMAL - Stable Reservoir Water Level
Karur,2026-08-28 22:42:57,10.9601,78.0766,26.5,75,20.6,0,1.2,5.1,8.7,1.24,1.0,0.0,4.37,56.68,6.0,suburb,3.38,0.56,5.5,128.0,"All 5 Live APIs & TN Dam Registry (Static Baseline (Inland District), Open-Meteo Flood REST API (Live Ingested), OpenStreetMap Nominatim REST API (Live Ingested), NASA POWER Satellite REST API (Live Ingested), Open-Meteo Elevation REST API (Live Ingested))",Mayanur Barrage Regulator,Kaveri River,56.68,CRITICAL - Emergency Spillway Release Warning
Namakkal,2026-08-28 22:43:06,11.2189,78.1674,27.7,75,13.9,2,0.6,5.5,11.2,1.6,1.0,0.0,5.48,1.13,6.5,suburb,3.88,0.56,6.0,200.0,"All 5 Live APIs & TN Dam Registry (Static Baseline (Inland District), Open-Meteo Flood REST API (Live Ingested), OpenStreetMap Nominatim REST API (Live Ingested), NASA POWER Satellite REST API (Live Ingested), Open-Meteo Elevation REST API (Live Ingested))",Jedarpalayam Barrage Anicut,Kaveri River,0.0,NORMAL - Stable Reservoir Level (Fallback)
Pudukkottai,2026-08-28 22:43:11,10.3797,78.8202,28.5,75,2.7,0,1.5,6.8,24.3,3.47,6.75,0.5,5.0,0.05,5.5,administrative,3.76,0.62,4.5,100.0,"All 5 Live APIs & TN Dam Registry (Open-Meteo Marine REST API (Live Ingested), Open-Meteo Flood REST API (Live Ingested), OpenStreetMap Nominatim REST API (Live Ingested), NASA POWER Satellite REST API (Live Ingested), Open-Meteo Elevation REST API (Live Ingested))",Kavinad Big Tank Anicut,Agniyar Basin,0.05,NORMAL - Stable Reservoir Water Level
Sivaganga,2026-08-28 22:43:17,9.8433,78.4809,29.7,75,11.0,2,0.4,4.3,7.1,1.01,4.0,0.0,5.0,0.01,5.0,town,3.5,0.75,4.5,99.0,"All 5 Live APIs & TN Dam Registry (Static Baseline (Inland District), Open-Meteo Flood REST API (Live Ingested), OpenStreetMap Nominatim REST API (Live Ingested), NASA POWER Satellite REST API (Live Ingested), Open-Meteo Elevation REST API (Live Ingested))",Vaigai Downstream Regulator Tanks,Vaigai Channel,0.01,NORMAL - Stable Reservoir Water Level
Theni,2026-08-28 22:43:22,10.0104,77.4768,27.0,75,8.1,2,0.6,13.1,19.1,2.73,1.0,0.0,5.87,31.28,5.5,suburb,6.44,0.78,7.0,298.0,"All 5 Live APIs & TN Dam Registry (Static Baseline (Inland District), Open-Meteo Flood REST API (Live Ingested), OpenStreetMap Nominatim REST API (Live Ingested), NASA POWER Satellite REST API (Live Ingested), Open-Meteo Elevation REST API (Live Ingested))",Vaigai Dam,Vaigai River,17.45,WARNING - Controlled Reservoir Release
Tiruvallur,2026-08-28 22:43:29,13.1432,79.907,27.8,75,9.2,3,0.8,6.1,26.6,3.8,8.25,0.5,4.99,0.73,8.0,suburb,3.34,0.83,4.0,46.0,"All 5 Live APIs & TN Dam Registry (Open-Meteo Marine REST API (Live Ingested), Open-Meteo Flood REST API (Live Ingested), OpenStreetMap Nominatim REST API (Live Ingested), NASA POWER Satellite REST API (Live Ingested), Open-Meteo Elevation REST API (Live Ingested))",Poondi Reservoir (Sathyamurthy),Kosasthalaiyar River,0.05,NORMAL - Stable Reservoir Water Level
Tiruvannamalai,2026-08-28 22:43:35,12.2253,79.0747,28.4,75,13.8,3,1.2,4.7,16.8,2.4,1.0,0.0,4.98,0.94,5.5,town,4.2,0.65,5.0,173.0,"All 5 Live APIs & TN Dam Registry (Static Baseline (Inland District), Open-Meteo Flood REST API (Live Ingested), OpenStreetMap Nominatim REST API (Live Ingested), NASA POWER Satellite REST API (Live Ingested), Open-Meteo Elevation REST API (Live Ingested))",Sathanur Dam,Ponnayyar River,0.16,NORMAL - Stable Reservoir Water Level
Tiruvarur,2026-08-28 22:43:41,10.7709,79.6366,28.5,75,12.5,1,0.8,9.1,11.4,1.63,8.75,0.5,4.48,0.8,3.5,hamlet,2.68,0.66,3.0,12.0,"All 5 Live APIs & TN Dam Registry (Open-Meteo Marine REST API (Live Ingested), Open-Meteo Flood REST API (Live Ingested), OpenStreetMap Nominatim REST API (Live Ingested), NASA POWER Satellite REST API (Live Ingested), Open-Meteo Elevation REST API (Live Ingested))",Vennar Regulator Anicut,Kaveri Delta Vennar,0.8,NORMAL - Stable Reservoir Water Level
Viluppuram,2026-08-28 22:43:48,11.9401,79.4861,26.9,75,7.4,51,3.3,3.8,19.2,2.74,7.75,0.5,4.48,0.8,5.5,town,3.7,0.65,4.5,48.0,"All 5 Live APIs & TN Dam Registry (Open-Meteo Marine REST API (Live Ingested), Open-Meteo Flood REST API (Live Ingested), OpenStreetMap Nominatim REST API (Live Ingested), NASA POWER Satellite REST API (Live Ingested), Open-Meteo Elevation REST API (Live Ingested))",Vidur Dam,Varahanadhi River,0.8,NORMAL - Stable Reservoir Water Level
Virudhunagar,2026-08-28 22:43:53,9.5872,77.9624,30.3,75,13.7,2,0.1,4.9,16.0,2.29,1.0,0.0,5.0,0.03,4.5,village,3.48,0.76,5.0,101.0,"All 5 Live APIs & TN Dam Registry (Static Baseline (Inland District), Open-Meteo Flood REST API (Live Ingested), OpenStreetMap Nominatim REST API (Live Ingested), NASA POWER Satellite REST API (Live Ingested), Open-Meteo Elevation REST API (Live Ingested))",Pilavakkal Periyar & Kovilar Dam,Arjunabasin,0.03,NORMAL - Stable Reservoir Water Level
Ariyalur,2026-08-28 22:43:58,11.1401,79.0782,27.5,75,3.1,0,3.4,1.9,24.9,3.56,1.0,0.0,4.5,0.06,3.0,hamlet,3.68,0.66,5.0,84.0,"All 5 Live APIs & TN Dam Registry (Static Baseline (Inland District), Open-Meteo Flood REST API (Live Ingested), OpenStreetMap Nominatim REST API (Live Ingested), NASA POWER Satellite REST API (Live Ingested), Open-Meteo Elevation REST API (Live Ingested))",Marudhaiyar Storage Dam,Marudhaiyar River,0.06,NORMAL - Stable Reservoir Water Level
Perambalur,2026-08-28 22:44:04,11.2342,78.882,29.0,75,7.0,0,1.2,4.3,18.8,2.69,1.0,0.0,4.49,0.44,4.5,town,3.86,0.57,5.0,123.0,"All 5 Live APIs & TN Dam Registry (Static Baseline (Inland District), Open-Meteo Flood REST API (Live Ingested), OpenStreetMap Nominatim REST API (Live Ingested), NASA POWER Satellite REST API (Live Ingested), Open-Meteo Elevation REST API (Live Ingested))",Visvakudi Dam,Kallar River,0.44,NORMAL - Stable Reservoir Water Level
Nilgiris,2026-08-28 22:44:10,11.4102,76.695,13.4,75,10.5,2,1.3,19.2,41.8,5.97,1.0,0.0,5.99,0.26,3.0,village,8.24,0.63,7.0,2235.0,"All 5 Live APIs & TN Dam Registry (Static Baseline (Inland District), Open-Meteo Flood REST API (Live Ingested), OpenStreetMap Nominatim REST API (Live Ingested), NASA POWER Satellite REST API (Live Ingested), Open-Meteo Elevation REST API (Live Ingested))",Pykara Dam & Emerald Reservoir,Kundah Hydroelectric Basin,0.26,NORMAL - Stable Reservoir Water Level
Ranipet,2026-08-28 22:44:16,12.9296,79.3333,26.3,75,7.4,3,3.6,7.6,41.5,5.93,1.0,0.0,4.99,0.26,6.5,quarter,3.58,0.71,5.0,173.0,"All 5 Live APIs & TN Dam Registry (Static Baseline (Inland District), Open-Meteo Flood REST API (Live Ingested), OpenStreetMap Nominatim REST API (Live Ingested), NASA POWER Satellite REST API (Live Ingested), Open-Meteo Elevation REST API (Live Ingested))",Kaveripakkam Lake & Palar Anicut,Palar River,0.26,NORMAL - Stable Reservoir Water Level
Tirupathur,2026-08-28 22:44:20,12.4929,78.5678,26.3,75,6.6,3,1.5,5.3,31.7,4.53,1.0,0.0,5.0,0.11,4.0,village,4.32,0.59,6.0,392.0,"All 5 Live APIs & TN Dam Registry (Static Baseline (Inland District), Open-Meteo Flood REST API (Live Ingested), OpenStreetMap Nominatim REST API (Live Ingested), NASA POWER Satellite REST API (Live Ingested), Open-Meteo Elevation REST API (Live Ingested))",Mordhana Dam,Koundinya River,0.11,NORMAL - Stable Reservoir Water Level
Chengalpattu,2026-08-28 22:44:27,12.6921,79.9777,27.2,75,16.8,51,1.0,5.5,46.5,6.64,8.75,0.5,5.0,0.19,8.5,suburb,3.46,0.77,4.0,52.0,"All 5 Live APIs & TN Dam Registry (Open-Meteo Marine REST API (Live Ingested), Open-Meteo Flood REST API (Live Ingested), OpenStreetMap Nominatim REST API (Live Ingested), NASA POWER Satellite REST API (Live Ingested), Open-Meteo Elevation REST API (Live Ingested))",Chembarambakkam Reservoir,Adyar River,1.5,NORMAL - Stable Reservoir Water Level
Kallakurichi,2026-08-28 22:44:32,11.7384,78.9639,26.7,75,8.7,3,2.8,4.2,14.3,2.04,1.0,0.0,4.5,0.25,5.0,town,4.36,0.57,5.0,131.0,"All 5 Live APIs & TN Dam Registry (Static Baseline (Inland District), Open-Meteo Flood REST API (Live Ingested), OpenStreetMap Nominatim REST API (Live Ingested), NASA POWER Satellite REST API (Live Ingested), Open-Meteo Elevation REST API (Live Ingested))",Gomukhi Dam,Gomukhi River,0.25,NORMAL - Stable Reservoir Water Level
Tenkasi,2026-08-28 22:44:36,8.9593,77.3149,25.0,75,24.2,3,0.5,12.0,21.1,3.01,1.0,0.0,5.38,5.84,3.5,village,4.86,0.82,5.5,168.0,"All 5 Live APIs & TN Dam Registry (Static Baseline (Inland District), Open-Meteo Flood REST API (Live Ingested), OpenStreetMap Nominatim REST API (Live Ingested), NASA POWER Satellite REST API (Live Ingested), Open-Meteo Elevation REST API (Live Ingested))",Karuppanadhi & Adavinainar Dams,Hanumanadhi River,5.84,NORMAL - Stable Reservoir Water Level
Mayiladuthurai,2026-08-28 22:44:43,11.1018,79.6522,28.5,75,8.9,1,0.1,2.8,6.2,0.89,9.25,0.5,3.99,0.43,6.0,suburb,3.18,0.66,3.0,17.0,"All 5 Live APIs & TN Dam Registry (Open-Meteo Marine REST API (Live Ingested), Open-Meteo Flood REST API (Live Ingested), OpenStreetMap Nominatim REST API (Live Ingested), NASA POWER Satellite REST API (Live Ingested), Open-Meteo Elevation REST API (Live Ingested))",Anaikarai Lower Anaicut,Kollidam River,0.43,NORMAL - Stable Reservoir Water Level
Coimbatore,2026-08-28 22:41:17,11.0168,76.9558,22.8,75,11.7,2,3.9,22.0,24.7,3.53,1.0,0.0,6.48,0.77,9.0,administrative,4.52,0.74,7.5,431.0,"All 5 Live APIs & TN Dam Registry (Static Baseline (Inland District), Open-Meteo Flood REST API (Live Ingested), OpenStreetMap Nominatim REST API (Live Ingested), NASA POWER Satellite REST API (Live Ingested), Open-Meteo Elevation REST API (Live Ingested))",Aliyar Dam & Sholayar Dam,Aliyar / Parambikulam Basin,14.35,NORMAL - Stable Reservoir Water Level
Chennai,2026-08-28 22:41:24,13.0827,80.2707,30.1,75,11.4,3,0.3,5.0,29.1,4.16,10.0,0.82,3.9,5.0,10.0,administrative,2.34,0.83,2.5,12.0,"All 5 Live APIs & TN Dam Registry (Open-Meteo Marine REST API (Live Ingested), Open-Meteo Flood REST API (Live Ingested), OpenStreetMap Nominatim REST API (Live Ingested), NASA POWER Satellite REST API (Live Ingested), Open-Meteo Elevation REST API (Live Ingested))",Chembarambakkam & Poondi Feeder Reservoirs,Adyar / Kosasthalaiyar Basin,1.5,NORMAL - Stable Reservoir Water Level
Madurai,2026-08-28 22:41:30,9.9252,78.1198,29.9,75,11.0,1,0.4,10.7,14.5,2.07,1.0,0.0,5.49,0.74,8.5,suburb,3.54,0.73,5.0,141.0,"All 5 Live APIs & TN Dam Registry (Static Baseline (Inland District), Open-Meteo Flood REST API (Live Ingested), OpenStreetMap Nominatim REST API (Live Ingested), NASA POWER Satellite REST API (Live Ingested), Open-Meteo Elevation REST API (Live Ingested))",Vaigai River Regulator Anicut,Vaigai River Basin,0.74,NORMAL - Stable Reservoir Water Level
Salem,2026-08-28 22:41:35,11.6643,78.146,26.6,75,3.4,3,0.6,7.2,29.0,4.14,1.0,0.0,6.97,1.65,8.0,quarter,4.92,0.54,7.0,284.0,"All 5 Live APIs & TN Dam Registry (Static Baseline (Inland District), Open-Meteo Flood REST API (Live Ingested), OpenStreetMap Nominatim REST API (Live Ingested), NASA POWER Satellite REST API (Live Ingested), Open-Meteo Elevation REST API (Live Ingested))",Mettur Dam (Stanley Reservoir),Kaveri River,0.03,NORMAL - Stable Reservoir Water Level
Erode,2026-08-28 22:41:41,11.341,77.7172,26.5,75,13.3,3,1.7,10.1,25.0,3.57,1.0,0.0,1.0,296.85,7.5,suburb,4.48,0.51,6.0,177.0,"All 5 Live APIs & TN Dam Registry (Static Baseline (Inland District), Open-Meteo Flood REST API (Live Ingested), OpenStreetMap Nominatim REST API (Live Ingested), NASA POWER Satellite REST API (Live Ingested), Open-Meteo Elevation REST API (Live Ingested))",Bhavanisagar Dam,Bhavani River,54.85,CRITICAL - Emergency Spillway Release Warning
Tiruchirappalli,2026-08-28 22:41:50,10.7905,78.7047,29.4,75,23.2,0,0.0,4.4,11.7,1.67,1.0,0.0,5.98,1.03,8.0,administrative,3.86,0.57,5.5,80.0,"All 5 Live APIs & TN Dam Registry (Static Baseline (Inland District), Open-Meteo Flood REST API (Live Ingested), OpenStreetMap Nominatim REST API (Live Ingested), NASA POWER Satellite REST API (Live Ingested), Open-Meteo Elevation REST API (Live Ingested))",Mukkombu & Grand Anaicut (Kallanai),Kaveri / Kollidam River,1.94,NORMAL - Stable Reservoir Water Level
Tirunelveli,2026-08-28 22:41:57,8.7139,77.7567,29.3,75,12.3,0,0.0,3.8,7.1,1.01,4.75,0.5,5.85,7.38,7.0,suburb,4.34,0.83,5.0,50.0,"All 5 Live APIs & TN Dam Registry (Open-Meteo Marine REST API (Live Ingested), Open-Meteo Flood REST API (Live Ingested), OpenStreetMap Nominatim REST API (Live Ingested), NASA POWER Satellite REST API (Live Ingested), Open-Meteo Elevation REST API (Live Ingested))",Papanasam & Manimuthar Dams,Thamirabarani River,7.51,NORMAL - Stable Reservoir Water Level
Vellore,2026-08-28 22:42:02,12.9165,79.1325,27.5,75,9.2,2,1.3,9.6,30.5,4.36,1.0,0.0,4.99,0.32,7.5,suburb,3.58,0.71,6.0,218.0,"All 5 Live APIs & TN Dam Registry (Static Baseline (Inland District), Open-Meteo Flood REST API (Live Ingested), OpenStreetMap Nominatim REST API (Live Ingested), NASA POWER Satellite REST API (Live Ingested), Open-Meteo Elevation REST API (Live Ingested))",Palar River Regulator Dam,Palar River,0.32,NORMAL - Stable Reservoir Water Level
Thanjavur,2026-08-28 22:42:09,10.787,79.1378,29.6,75,14.3,0,0.3,2.5,7.5,1.07,7.25,0.5,5.47,1.32,6.5,suburb,3.18,0.66,4.5,59.0,"All 5 Live APIs & TN Dam Registry (Open-Meteo Marine REST API (Live Ingested), Open-Meteo Flood REST API (Live Ingested), OpenStreetMap Nominatim REST API (Live Ingested), NASA POWER Satellite REST API (Live Ingested), Open-Meteo Elevation REST API (Live Ingested))",Grand Anaicut (Kallanai Regulator),Kaveri Delta Channels,1.97,NORMAL - Stable Reservoir Water Level
Kanchipuram,2026-08-28 22:42:13,12.8342,79.7036,27.7,75,12.6,3,0.9,4.6,47.7,6.81,4.0,0.0,5.0,0.07,6.0,village,3.34,0.83,5.0,88.0,"All 5 Live APIs & TN Dam Registry (Static Baseline (Inland District), Open-Meteo Flood REST API (Live Ingested), OpenStreetMap Nominatim REST API (Live Ingested), NASA POWER Satellite REST API (Live Ingested), Open-Meteo Elevation REST API (Live Ingested))",Palar River Anicut & Regulators,Palar River,0.07,NORMAL - Stable Reservoir Water Level
Cuddalore,2026-08-28 22:42:19,11.748,79.7714,27.0,75,9.9,51,1.7,4.0,16.8,2.4,9.1,0.4,4.4,5.0,7.0,suburb,3.84,0.83,3.0,7.0,"All 5 Live APIs & TN Dam Registry (Open-Meteo Marine REST API (Live Ingested), Open-Meteo Flood REST API (Live Ingested), OpenStreetMap Nominatim REST API (Live Ingested), NASA POWER Satellite REST API (Live Ingested), Open-Meteo Elevation REST API (Live Ingested))",Sethiathope Anicut & Vellar Basin,Vellar River,1.5,NORMAL - Stable Reservoir Water Level
Tiruppur,2026-08-28 22:42:24,11.1085,77.3411,24.1,75,14.9,3,0.6,10.1,15.1,2.16,1.0,0.0,5.7,14.78,8.5,suburb,4.38,0.56,6.5,304.0,"All 5 Live APIs & TN Dam Registry (Static Baseline (Inland District), Open-Meteo Flood REST API (Live Ingested), OpenStreetMap Nominatim REST API (Live Ingested), NASA POWER Satellite REST API (Live Ingested), Open-Meteo Elevation REST API (Live Ingested))",Amaravathi Dam,Amaravathi River,37.02,WARNING - Controlled Reservoir Release
Dindigul,2026-08-28 22:42:29,10.3673,77.9803,29.1,75,7.3,0,2.0,26.9,32.6,4.66,1.0,0.0,5.99,0.58,4.5,village,5.74,0.63,6.5,284.0,"All 5 Live APIs & TN Dam Registry (Static Baseline (Inland District), Open-Meteo Flood REST API (Live Ingested), OpenStreetMap Nominatim REST API (Live Ingested), NASA POWER Satellite REST API (Live Ingested), Open-Meteo Elevation REST API (Live Ingested))",Palar-Porandalar & Kudaraganar Dam,Shanmuganadhi Basin,0.58,NORMAL - Stable Reservoir Water Level
Kanyakumari,2026-08-28 22:42:34,8.1833,77.4119,26.3,75,17.9,3,0.3,11.5,20.2,2.89,10.0,1.84,5.47,1.29,7.5,suburb,5.54,0.73,5.0,58.0,"All 5 Live APIs & TN Dam Registry (Open-Meteo Marine REST API (Live Ingested), Open-Meteo Flood REST API (Live Ingested), OpenStreetMap Nominatim REST API (Live Ingested), NASA POWER Satellite REST API (Live Ingested), Open-Meteo Elevation REST API (Live Ingested))",Pechiparai & Perunchani Dams,Kodayar River,0.4,NORMAL - Stable Reservoir Water Level
Nagapattinam,2026-08-28 22:42:39,10.7672,79.8449,28.6,75,13.2,1,1.4,6.6,11.4,1.63,9.87,0.58,3.98,0.87,4.0,hamlet,2.84,0.83,2.5,7.0,"All 5 Live APIs & TN Dam Registry (Open-Meteo Marine REST API (Live Ingested), Open-Meteo Flood REST API (Live Ingested), OpenStreetMap Nominatim REST API (Live Ingested), NASA POWER Satellite REST API (Live Ingested), Open-Meteo Elevation REST API (Live Ingested))",Coleroon River Tail-End Anicut,Kollidam Delta,0.87,NORMAL - Stable Reservoir Water Level
Thoothukudi,2026-08-28 22:42:45,8.7642,78.1348,30.2,75,15.4,1,0.0,9.4,13.9,1.99,10.0,1.42,4.99,0.62,7.5,suburb,2.46,0.77,3.5,3.0,"All 5 Live APIs & TN Dam Registry (Open-Meteo Marine REST API (Live Ingested), Open-Meteo Flood REST API (Live Ingested), OpenStreetMap Nominatim REST API (Live Ingested), NASA POWER Satellite REST API (Live Ingested), Open-Meteo Elevation REST API (Live Ingested))",Srivaikuntam Dam Anicut,Thamirabarani River Delta,5.25,NORMAL - Stable Reservoir Water Level
Ramanathapuram,2026-08-28 22:42:50,9.3639,78.8318,30.2,75,14.0,3,0.1,6.2,10.7,1.53,10.0,1.2,3.02,48.77,5.0,town,2.44,0.78,3.0,11.0,"All 5 Live APIs & TN Dam Registry (Open-Meteo Marine REST API (Live Ingested), Open-Meteo Flood REST API (Live Ingested), OpenStreetMap Nominatim REST API (Live Ingested), NASA POWER Satellite REST API (Live Ingested), Open-Meteo Elevation REST API (Live Ingested))",Ramanathapuram Big Tank (Periyakulam),Vaigai Delta Storage,48.77,WARNING - Controlled Reservoir Release
Dharmapuri,2026-08-28 22:42:55,12.1211,78.1582,26.9,75,18.0,2,1.4,3.3,15.0,2.14,1.0,0.0,5.0,0.01,5.5,city,4.96,0.52,6.5,461.0,"All 5 Live APIs & TN Dam Registry (Static Baseline (Inland District), Open-Meteo Flood REST API (Live Ingested), OpenStreetMap Nominatim REST API (Live Ingested), NASA POWER Satellite REST API (Live Ingested), Open-Meteo Elevation REST API (Live Ingested))",Kesaragulihalla Dam,Pennagaram Basin,0.01,NORMAL - Stable Reservoir Water Level
Krishnagiri,2026-08-28 22:43:00,12.5186,78.2137,26.0,75,18.0,3,0.3,4.2,21.3,3.04,1.0,0.0,5.5,0.04,4.0,village,5.12,0.44,7.0,489.0,"All 5 Live APIs & TN Dam Registry (Static Baseline (Inland District), Open-Meteo Flood REST API (Live Ingested), OpenStreetMap Nominatim REST API (Live Ingested), NASA POWER Satellite REST API (Live Ingested), Open-Meteo Elevation REST API (Live Ingested))",Krishnagiri Reservoir Project (KRP Dam),South Pennar River,0.45,NORMAL - Stable Reservoir Water Level
Karur,2026-08-28 22:43:04,10.9601,78.0766,26.5,75,20.6,0,1.2,5.1,8.7,1.24,1.0,0.0,4.37,56.68,6.0,suburb,3.38,0.56,5.5,128.0,"All 5 Live APIs & TN Dam Registry (Static Baseline (Inland District), Open-Meteo Flood REST API (Live Ingested), OpenStreetMap Nominatim REST API (Live Ingested), NASA POWER Satellite REST API (Live Ingested), Open-Meteo Elevation REST API (Live Ingested))",Mayanur Barrage Regulator,Kaveri River,56.68,CRITICAL - Emergency Spillway Release Warning
Namakkal,2026-08-28 22:43:10,11.2189,78.1674,27.7,75,13.9,2,0.6,5.5,11.2,1.6,1.0,0.0,5.48,1.13,6.5,suburb,3.88,0.56,6.0,200.0,"All 5 Live APIs & TN Dam Registry (Static Baseline (Inland District), Open-Meteo Flood REST API (Live Ingested), OpenStreetMap Nominatim REST API (Live Ingested), NASA POWER Satellite REST API (Live Ingested), Open-Meteo Elevation REST API (Live Ingested))",Jedarpalayam Barrage Anicut,Kaveri River,1.13,NORMAL - Stable Reservoir Water Level
Pudukkottai,2026-08-28 22:43:16,10.3797,78.8202,28.5,75,2.7,0,1.5,6.8,24.3,3.47,6.75,0.5,5.0,0.05,5.5,administrative,3.76,0.62,4.5,100.0,"All 5 Live APIs & TN Dam Registry (Open-Meteo Marine REST API (Live Ingested), Open-Meteo Flood REST API (Live Ingested), OpenStreetMap Nominatim REST API (Live Ingested), NASA POWER Satellite REST API (Live Ingested), Open-Meteo Elevation REST API (Live Ingested))",Kavinad Big Tank Anicut,Agniyar Basin,0.05,NORMAL - Stable Reservoir Water Level
Sivaganga,2026-08-28 22:43:21,9.8433,78.4809,29.7,75,11.0,2,0.4,4.3,7.1,1.01,4.0,0.0,5.0,0.01,5.0,town,3.5,0.75,4.5,99.0,"All 5 Live APIs & TN Dam Registry (Static Baseline (Inland District), Open-Meteo Flood REST API (Live Ingested), OpenStreetMap Nominatim REST API (Live Ingested), NASA POWER Satellite REST API (Live Ingested), Open-Meteo Elevation REST API (Live Ingested))",Vaigai Downstream Regulator Tanks,Vaigai Channel,0.01,NORMAL - Stable Reservoir Water Level
Theni,2026-08-28 22:43:27,10.0104,77.4768,27.0,75,8.1,2,0.6,13.1,19.1,2.73,1.0,0.0,5.87,31.28,5.5,suburb,6.44,0.78,7.0,298.0,"All 5 Live APIs & TN Dam Registry (Static Baseline (Inland District), Open-Meteo Flood REST API (Live Ingested), OpenStreetMap Nominatim REST API (Live Ingested), NASA POWER Satellite REST API (Live Ingested), Open-Meteo Elevation REST API (Live Ingested))",Vaigai Dam,Vaigai River,17.45,WARNING - Controlled Reservoir Release
Tiruvallur,2026-08-28 22:43:33,13.1432,79.907,27.8,75,9.2,3,0.8,6.1,26.6,3.8,8.25,0.5,4.99,0.73,8.0,suburb,3.34,0.83,4.0,46.0,"All 5 Live APIs & TN Dam Registry (Open-Meteo Marine REST API (Live Ingested), Open-Meteo Flood REST API (Live Ingested), OpenStreetMap Nominatim REST API (Live Ingested), NASA POWER Satellite REST API (Live Ingested), Open-Meteo Elevation REST API (Live Ingested))",Poondi Reservoir (Sathyamurthy),Kosasthalaiyar River,0.05,NORMAL - Stable Reservoir Water Level
Tiruvannamalai,2026-08-28 22:43:39,12.2253,79.0747,28.4,75,13.8,3,1.2,4.7,16.8,2.4,1.0,0.0,4.98,0.94,5.5,town,4.2,0.65,5.0,173.0,"All 5 Live APIs & TN Dam Registry (Static Baseline (Inland District), Open-Meteo Flood REST API (Live Ingested), OpenStreetMap Nominatim REST API (Live Ingested), NASA POWER Satellite REST API (Live Ingested), Open-Meteo Elevation REST API (Live Ingested))",Sathanur Dam,Ponnayyar River,0.16,NORMAL - Stable Reservoir Water Level
Tiruvarur,2026-08-28 22:43:45,10.7709,79.6366,28.5,75,12.5,1,0.8,9.1,11.4,1.63,8.75,0.5,4.48,0.8,3.5,hamlet,2.68,0.66,3.0,12.0,"All 5 Live APIs & TN Dam Registry (Open-Meteo Marine REST API (Live Ingested), Open-Meteo Flood REST API (Live Ingested), OpenStreetMap Nominatim REST API (Live Ingested), NASA POWER Satellite REST API (Live Ingested), Open-Meteo Elevation REST API (Live Ingested))",Vennar Regulator Anicut,Kaveri Delta Vennar,0.8,NORMAL - Stable Reservoir Water Level
Viluppuram,2026-08-28 22:43:52,11.9401,79.4861,26.9,75,7.4,51,3.3,3.8,19.2,2.74,7.75,0.5,4.48,0.8,5.5,town,3.7,0.65,4.5,48.0,"All 5 Live APIs & TN Dam Registry (Open-Meteo Marine REST API (Live Ingested), Open-Meteo Flood REST API (Live Ingested), OpenStreetMap Nominatim REST API (Live Ingested), NASA POWER Satellite REST API (Live Ingested), Open-Meteo Elevation REST API (Live Ingested))",Vidur Dam,Varahanadhi River,0.8,NORMAL - Stable Reservoir Water Level
Virudhunagar,2026-08-28 22:43:57,9.5872,77.9624,30.3,75,13.7,2,0.1,4.9,16.0,2.29,1.0,0.0,5.0,0.03,4.5,village,3.48,0.76,5.0,101.0,"All 5 Live APIs & TN Dam Registry (Static Baseline (Inland District), Open-Meteo Flood REST API (Live Ingested), OpenStreetMap Nominatim REST API (Live Ingested), NASA POWER Satellite REST API (Live Ingested), Open-Meteo Elevation REST API (Live Ingested))",Pilavakkal Periyar & Kovilar Dam,Arjunabasin,0.03,NORMAL - Stable Reservoir Water Level
Ariyalur,2026-08-28 22:44:03,11.1401,79.0782,27.5,75,3.1,0,3.4,1.9,24.9,3.56,1.0,0.0,4.5,0.06,3.0,hamlet,3.68,0.66,5.0,84.0,"All 5 Live APIs & TN Dam Registry (Static Baseline (Inland District), Open-Meteo Flood REST API (Live Ingested), OpenStreetMap Nominatim REST API (Live Ingested), NASA POWER Satellite REST API (Live Ingested), Open-Meteo Elevation REST API (Live Ingested))",Marudhaiyar Storage Dam,Marudhaiyar River,0.06,NORMAL - Stable Reservoir Water Level
Perambalur,2026-08-28 22:44:08,11.2342,78.882,29.0,75,7.0,0,1.2,4.3,18.8,2.69,1.0,0.0,4.49,0.44,4.5,town,3.86,0.57,5.0,123.0,"All 5 Live APIs & TN Dam Registry (Static Baseline (Inland District), Open-Meteo Flood REST API (Live Ingested), OpenStreetMap Nominatim REST API (Live Ingested), NASA POWER Satellite REST API (Live Ingested), Open-Meteo Elevation REST API (Live Ingested))",Visvakudi Dam,Kallar River,0.44,NORMAL - Stable Reservoir Water Level
Nilgiris,2026-08-28 22:44:13,11.4102,76.695,13.4,75,10.5,2,1.3,19.2,41.8,5.97,1.0,0.0,5.99,0.26,3.0,village,8.24,0.63,7.0,2235.0,"All 5 Live APIs & TN Dam Registry (Static Baseline (Inland District), Open-Meteo Flood REST API (Live Ingested), OpenStreetMap Nominatim REST API (Live Ingested), NASA POWER Satellite REST API (Live Ingested), Open-Meteo Elevation REST API (Live Ingested))",Pykara Dam & Emerald Reservoir,Kundah Hydroelectric Basin,0.26,NORMAL - Stable Reservoir Water Level
Ranipet,2026-08-28 22:44:18,12.9296,79.3333,26.3,75,7.4,3,3.6,7.6,41.5,5.93,1.0,0.0,4.99,0.26,6.5,quarter,3.58,0.71,5.0,173.0,"All 5 Live APIs & TN Dam Registry (Static Baseline (Inland District), Open-Meteo Flood REST API (Live Ingested), OpenStreetMap Nominatim REST API (Live Ingested), NASA POWER Satellite REST API (Live Ingested), Open-Meteo Elevation REST API (Live Ingested))",Kaveripakkam Lake & Palar Anicut,Palar River,0.26,NORMAL - Stable Reservoir Water Level
Tirupathur,2026-08-28 22:44:23,12.4929,78.5678,26.3,75,6.6,3,1.5,5.3,31.7,4.53,1.0,0.0,5.0,0.11,4.0,village,4.32,0.59,6.0,392.0,"All 5 Live APIs & TN Dam Registry (Static Baseline (Inland District), Open-Meteo Flood REST API (Live Ingested), OpenStreetMap Nominatim REST API (Live Ingested), NASA POWER Satellite REST API (Live Ingested), Open-Meteo Elevation REST API (Live Ingested))",Mordhana Dam,Koundinya River,0.11,NORMAL - Stable Reservoir Water Level
Chengalpattu,2026-08-28 22:44:29,12.6921,79.9777,27.2,75,16.8,51,1.0,5.5,46.5,6.64,8.75,0.5,5.0,0.19,8.5,suburb,3.46,0.77,4.0,52.0,"All 5 Live APIs & TN Dam Registry (Open-Meteo Marine REST API (Live Ingested), Open-Meteo Flood REST API (Live Ingested), OpenStreetMap Nominatim REST API (Live Ingested), NASA POWER Satellite REST API (Live Ingested), Open-Meteo Elevation REST API (Live Ingested))",Chembarambakkam Reservoir,Adyar River,1.5,NORMAL - Stable Reservoir Water Level
Kallakurichi,2026-08-28 22:44:34,11.7384,78.9639,26.7,75,8.7,3,2.8,4.2,14.3,2.04,1.0,0.0,4.5,0.25,5.0,town,4.36,0.57,5.0,131.0,"All 5 Live APIs & TN Dam Registry (Static Baseline (Inland District), Open-Meteo Flood REST API (Live Ingested), OpenStreetMap Nominatim REST API (Live Ingested), NASA POWER Satellite REST API (Live Ingested), Open-Meteo Elevation REST API (Live Ingested))",Gomukhi Dam,Gomukhi River,0.25,NORMAL - Stable Reservoir Water Level
Tenkasi,2026-08-28 22:44:39,8.9593,77.3149,25.0,75,24.2,3,0.5,12.0,21.1,3.01,1.0,0.0,5.38,5.84,3.5,village,4.86,0.82,5.5,168.0,"All 5 Live APIs & TN Dam Registry (Static Baseline (Inland District), Open-Meteo Flood REST API (Live Ingested), OpenStreetMap Nominatim REST API (Live Ingested), NASA POWER Satellite REST API (Live Ingested), Open-Meteo Elevation REST API (Live Ingested))",Karuppanadhi & Adavinainar Dams,Hanumanadhi River,5.84,NORMAL - Stable Reservoir Water Level
Mayiladuthurai,2026-08-28 22:44:44,11.1018,79.6522,28.5,75,8.9,1,0.1,2.8,6.2,0.89,9.25,0.5,3.99,0.43,6.0,suburb,3.18,0.66,3.0,17.0,"All 5 Live APIs & TN Dam Registry (Open-Meteo Marine REST API (Live Ingested), Open-Meteo Flood REST API (Live Ingested), OpenStreetMap Nominatim REST API (Live Ingested), NASA POWER Satellite REST API (Live Ingested), Open-Meteo Elevation REST API (Live Ingested))",Anaikarai Lower Anaicut,Kollidam River,0.43,NORMAL - Stable Reservoir Water Level
Coimbatore,2026-08-28 23:11:03,11.0168,76.9558,22.7,75,11.2,2,3.9,22.0,24.7,3.53,1.0,0.0,6.48,0.77,9.0,administrative,4.52,0.74,7.5,431.0,"All 5 Live APIs & TN Dam Registry (Static Baseline (Inland District), Open-Meteo Flood REST API (Live Ingested), OpenStreetMap Nominatim REST API (Live Ingested), NASA POWER Satellite REST API (Live Ingested), Open-Meteo Elevation REST API (Live Ingested))",Aliyar Dam & Sholayar Dam,Aliyar / Parambikulam Basin,14.35,NORMAL - Stable Reservoir Water Level
Chennai,2026-08-28 23:11:10,13.0827,80.2707,29.9,75,11.7,3,0.3,5.0,29.1,4.16,10.0,0.82,3.9,5.0,10.0,administrative,2.34,0.83,2.5,12.0,"All 5 Live APIs & TN Dam Registry (Open-Meteo Marine REST API (Live Ingested), Open-Meteo Flood REST API (Live Ingested), OpenStreetMap Nominatim REST API (Live Ingested), NASA POWER Satellite REST API (Live Ingested), Open-Meteo Elevation REST API (Live Ingested))",Chembarambakkam & Poondi Feeder Reservoirs,Adyar / Kosasthalaiyar Basin,1.5,NORMAL - Stable Reservoir Water Level
Madurai,2026-08-28 23:11:15,9.9252,78.1198,29.5,75,11.4,2,0.4,10.7,14.5,2.07,1.0,0.0,5.49,0.74,8.5,suburb,3.54,0.73,5.0,141.0,"All 5 Live APIs & TN Dam Registry (Static Baseline (Inland District), Open-Meteo Flood REST API (Live Ingested), OpenStreetMap Nominatim REST API (Live Ingested), NASA POWER Satellite REST API (Live Ingested), Open-Meteo Elevation REST API (Live Ingested))",Vaigai River Regulator Anicut,Vaigai River Basin,0.74,NORMAL - Stable Reservoir Water Level
Salem,2026-08-28 23:11:20,11.6643,78.146,26.4,75,2.8,3,0.6,7.2,29.0,4.14,1.0,0.0,6.97,1.65,8.0,quarter,4.92,0.54,7.0,284.0,"All 5 Live APIs & TN Dam Registry (Static Baseline (Inland District), Open-Meteo Flood REST API (Live Ingested), OpenStreetMap Nominatim REST API (Live Ingested), NASA POWER Satellite REST API (Live Ingested), Open-Meteo Elevation REST API (Live Ingested))",Mettur Dam (Stanley Reservoir),Kaveri River,0.03,NORMAL - Stable Reservoir Water Level
Erode,2026-08-28 23:11:25,11.341,77.7172,26.3,75,11.9,3,1.7,10.1,25.0,3.57,1.0,0.0,1.0,296.85,7.5,suburb,4.48,0.51,6.0,177.0,"All 5 Live APIs & TN Dam Registry (Static Baseline (Inland District), Open-Meteo Flood REST API (Live Ingested), OpenStreetMap Nominatim REST API (Live Ingested), NASA POWER Satellite REST API (Live Ingested), Open-Meteo Elevation REST API (Live Ingested))",Bhavanisagar Dam,Bhavani River,54.85,CRITICAL - Emergency Spillway Release Warning
Tiruchirappalli,2026-08-28 23:11:30,10.7905,78.7047,29.0,75,23.8,1,0.0,4.4,11.7,1.67,1.0,0.0,5.98,1.03,8.0,administrative,3.86,0.57,5.5,80.0,"All 5 Live APIs & TN Dam Registry (Static Baseline (Inland District), Open-Meteo Flood REST API (Live Ingested), OpenStreetMap Nominatim REST API (Live Ingested), NASA POWER Satellite REST API (Live Ingested), Open-Meteo Elevation REST API (Live Ingested))",Mukkombu & Grand Anaicut (Kallanai),Kaveri / Kollidam River,1.94,NORMAL - Stable Reservoir Water Level
Tirunelveli,2026-08-28 23:11:36,8.7139,77.7567,29.1,75,11.0,0,0.0,3.8,7.1,1.01,4.75,0.5,5.85,7.38,7.0,suburb,4.34,0.83,5.0,50.0,"All 5 Live APIs & TN Dam Registry (Open-Meteo Marine REST API (Live Ingested), Open-Meteo Flood REST API (Live Ingested), OpenStreetMap Nominatim REST API (Live Ingested), NASA POWER Satellite REST API (Live Ingested), Open-Meteo Elevation REST API (Live Ingested))",Papanasam & Manimuthar Dams,Thamirabarani River,7.51,NORMAL - Stable Reservoir Water Level
Vellore,2026-08-28 23:11:41,12.9165,79.1325,27.7,75,11.1,2,1.3,9.6,30.5,4.36,1.0,0.0,4.99,0.32,7.5,suburb,3.58,0.71,6.0,218.0,"All 5 Live APIs & TN Dam Registry (Static Baseline (Inland District), Open-Meteo Flood REST API (Live Ingested), OpenStreetMap Nominatim REST API (Live Ingested), NASA POWER Satellite REST API (Live Ingested), Open-Meteo Elevation REST API (Live Ingested))",Palar River Regulator Dam,Palar River,0.32,NORMAL - Stable Reservoir Water Level
Thanjavur,2026-08-28 23:11:47,10.787,79.1378,29.3,75,15.4,2,0.3,2.5,7.5,1.07,7.25,0.5,5.47,1.32,6.5,suburb,3.18,0.66,4.5,59.0,"All 5 Live APIs & TN Dam Registry (Open-Meteo Marine REST API (Live Ingested), Open-Meteo Flood REST API (Live Ingested), OpenStreetMap Nominatim REST API (Live Ingested), NASA POWER Satellite REST API (Live Ingested), Open-Meteo Elevation REST API (Live Ingested))",Grand Anaicut (Kallanai Regulator),Kaveri Delta Channels,1.97,NORMAL - Stable Reservoir Water Level
Kanchipuram,2026-08-28 23:11:52,12.8342,79.7036,27.5,75,12.8,3,0.9,4.6,47.7,6.81,4.0,0.0,5.0,0.07,6.0,village,3.34,0.83,5.0,88.0,"All 5 Live APIs & TN Dam Registry (Static Baseline (Inland District), Open-Meteo Flood REST API (Live Ingested), OpenStreetMap Nominatim REST API (Live Ingested), NASA POWER Satellite REST API (Live Ingested), Open-Meteo Elevation REST API (Live Ingested))",Palar River Anicut & Regulators,Palar River,0.07,NORMAL - Stable Reservoir Water Level
Cuddalore,2026-08-28 23:11:58,11.748,79.7714,27.1,75,10.3,3,1.7,4.0,16.8,2.4,9.1,0.4,4.4,5.0,7.0,suburb,3.84,0.83,3.0,7.0,"All 5 Live APIs & TN Dam Registry (Open-Meteo Marine REST API (Live Ingested), Open-Meteo Flood REST API (Live Ingested), OpenStreetMap Nominatim REST API (Live Ingested), NASA POWER Satellite REST API (Live Ingested), Open-Meteo Elevation REST API (Live Ingested))",Sethiathope Anicut & Vellar Basin,Vellar River,1.5,NORMAL - Stable Reservoir Water Level
Tiruppur,2026-08-28 23:12:04,11.1085,77.3411,23.9,75,15.4,3,0.6,10.1,15.1,2.16,1.0,0.0,5.7,14.78,8.5,suburb,4.38,0.56,6.5,304.0,"All 5 Live APIs & TN Dam Registry (Static Baseline (Inland District), Open-Meteo Flood REST API (Live Ingested), OpenStreetMap Nominatim REST API (Live Ingested), NASA POWER Satellite REST API (Live Ingested), Open-Meteo Elevation REST API (Live Ingested))",Amaravathi Dam,Amaravathi River,37.02,WARNING - Controlled Reservoir Release
Dindigul,2026-08-28 23:12:10,10.3673,77.9803,28.8,75,6.4,0,2.0,26.9,32.6,4.66,1.0,0.0,5.99,0.58,4.5,village,5.74,0.63,6.5,284.0,"All 5 Live APIs & TN Dam Registry (Static Baseline (Inland District), Open-Meteo Flood REST API (Live Ingested), OpenStreetMap Nominatim REST API (Live Ingested), NASA POWER Satellite REST API (Live Ingested), Open-Meteo Elevation REST API (Live Ingested))",Palar-Porandalar & Kudaraganar Dam,Shanmuganadhi Basin,0.58,NORMAL - Stable Reservoir Water Level
Kanyakumari,2026-08-28 23:12:16,8.1833,77.4119,26.2,75,18.1,3,0.3,11.5,20.2,2.89,10.0,1.84,5.47,1.29,7.5,suburb,5.54,0.73,5.0,58.0,"All 5 Live APIs & TN Dam Registry (Open-Meteo Marine REST API (Live Ingested), Open-Meteo Flood REST API (Live Ingested), OpenStreetMap Nominatim REST API (Live Ingested), NASA POWER Satellite REST API (Live Ingested), Open-Meteo Elevation REST API (Live Ingested))",Pechiparai & Perunchani Dams,Kodayar River,0.4,NORMAL - Stable Reservoir Water Level
Nagapattinam,2026-08-28 23:12:23,10.7672,79.8449,28.4,75,12.8,2,1.4,6.6,11.4,1.63,9.87,0.58,3.98,0.87,4.0,hamlet,2.84,0.83,2.5,7.0,"All 5 Live APIs & TN Dam Registry (Open-Meteo Marine REST API (Live Ingested), Open-Meteo Flood REST API (Live Ingested), OpenStreetMap Nominatim REST API (Live Ingested), NASA POWER Satellite REST API (Live Ingested), Open-Meteo Elevation REST API (Live Ingested))",Coleroon River Tail-End Anicut,Kollidam Delta,0.87,NORMAL - Stable Reservoir Water Level
Thoothukudi,2026-08-28 23:12:29,8.7642,78.1348,29.9,75,15.7,1,0.0,9.4,13.9,1.99,10.0,1.42,4.99,0.62,7.5,suburb,2.46,0.77,3.5,3.0,"All 5 Live APIs & TN Dam Registry (Open-Meteo Marine REST API (Live Ingested), Open-Meteo Flood REST API (Live Ingested), OpenStreetMap Nominatim REST API (Live Ingested), NASA POWER Satellite REST API (Live Ingested), Open-Meteo Elevation REST API (Live Ingested))",Srivaikuntam Dam Anicut,Thamirabarani River Delta,5.25,NORMAL - Stable Reservoir Water Level
Ramanathapuram,2026-08-28 23:12:35,9.3639,78.8318,29.9,75,13.6,3,0.1,6.2,10.7,1.53,10.0,1.2,3.02,48.77,5.0,town,2.44,0.78,3.0,11.0,"All 5 Live APIs & TN Dam Registry (Open-Meteo Marine REST API (Live Ingested), Open-Meteo Flood REST API (Live Ingested), OpenStreetMap Nominatim REST API (Live Ingested), NASA POWER Satellite REST API (Live Ingested), Open-Meteo Elevation REST API (Live Ingested))",Ramanathapuram Big Tank (Periyakulam),Vaigai Delta Storage,48.77,WARNING - Controlled Reservoir Release
Dharmapuri,2026-08-28 23:12:40,12.1211,78.1582,26.4,75,18.1,2,1.4,3.3,15.0,2.14,1.0,0.0,5.0,0.01,5.5,city,4.96,0.52,6.5,461.0,"All 5 Live APIs & TN Dam Registry (Static Baseline (Inland District), Open-Meteo Flood REST API (Live Ingested), OpenStreetMap Nominatim REST API (Live Ingested), NASA POWER Satellite REST API (Live Ingested), Open-Meteo Elevation REST API (Live Ingested))",Kesaragulihalla Dam,Pennagaram Basin,0.01,NORMAL - Stable Reservoir Water Level
Krishnagiri,2026-08-28 23:12:46,12.5186,78.2137,25.6,75,17.8,3,0.3,4.2,21.3,3.04,1.0,0.0,5.5,0.04,4.0,village,5.12,0.44,7.0,489.0,"All 5 Live APIs & TN Dam Registry (Static Baseline (Inland District), Open-Meteo Flood REST API (Live Ingested), OpenStreetMap Nominatim REST API (Live Ingested), NASA POWER Satellite REST API (Live Ingested), Open-Meteo Elevation REST API (Live Ingested))",Krishnagiri Reservoir Project (KRP Dam),South Pennar River,0.45,NORMAL - Stable Reservoir Water Level
Karur,2026-08-28 23:12:50,10.9601,78.0766,26.4,75,20.2,0,1.2,5.1,8.7,1.24,1.0,0.0,4.37,56.68,6.0,suburb,3.38,0.56,5.5,128.0,"All 5 Live APIs & TN Dam Registry (Static Baseline (Inland District), Open-Meteo Flood REST API (Live Ingested), OpenStreetMap Nominatim REST API (Live Ingested), NASA POWER Satellite REST API (Live Ingested), Open-Meteo Elevation REST API (Live Ingested))",Mayanur Barrage Regulator,Kaveri River,56.68,CRITICAL - Emergency Spillway Release Warning
Namakkal,2026-08-28 23:12:55,11.2189,78.1674,27.4,75,13.7,2,0.6,5.5,11.2,1.6,1.0,0.0,5.48,1.13,6.5,suburb,3.88,0.56,6.0,200.0,"All 5 Live APIs & TN Dam Registry (Static Baseline (Inland District), Open-Meteo Flood REST API (Live Ingested), OpenStreetMap Nominatim REST API (Live Ingested), NASA POWER Satellite REST API (Live Ingested), Open-Meteo Elevation REST API (Live Ingested))",Jedarpalayam Barrage Anicut,Kaveri River,1.13,NORMAL - Stable Reservoir Water Level
Pudukkottai,2026-08-28 23:13:01,10.3797,78.8202,28.2,75,3.5,1,1.5,6.8,24.3,3.47,6.75,0.5,5.0,0.05,5.5,administrative,3.76,0.62,4.5,100.0,"All 5 Live APIs & TN Dam Registry (Open-Meteo Marine REST API (Live Ingested), Open-Meteo Flood REST API (Live Ingested), OpenStreetMap Nominatim REST API (Live Ingested), NASA POWER Satellite REST API (Live Ingested), Open-Meteo Elevation REST API (Live Ingested))",Kavinad Big Tank Anicut,Agniyar Basin,0.05,NORMAL - Stable Reservoir Water Level
Sivaganga,2026-08-28 23:13:07,9.8433,78.4809,29.4,75,9.9,2,0.4,4.3,7.1,1.01,4.0,0.0,5.0,0.01,5.0,town,3.5,0.75,4.5,99.0,"All 5 Live APIs & TN Dam Registry (Static Baseline (Inland District), Open-Meteo Flood REST API (Live Ingested), OpenStreetMap Nominatim REST API (Live Ingested), NASA POWER Satellite REST API (Live Ingested), Open-Meteo Elevation REST API (Live Ingested))",Vaigai Downstream Regulator Tanks,Vaigai Channel,0.01,NORMAL - Stable Reservoir Water Level
Theni,2026-08-28 23:13:12,10.0104,77.4768,26.8,75,7.3,1,0.6,13.1,19.1,2.73,1.0,0.0,5.87,31.28,5.5,suburb,6.44,0.78,7.0,298.0,"All 5 Live APIs & TN Dam Registry (Static Baseline (Inland District), Open-Meteo Flood REST API (Live Ingested), OpenStreetMap Nominatim REST API (Live Ingested), NASA POWER Satellite REST API (Live Ingested), Open-Meteo Elevation REST API (Live Ingested))",Vaigai Dam,Vaigai River,17.45,WARNING - Controlled Reservoir Release
Tiruvallur,2026-08-28 23:13:22,13.1432,79.907,27.6,75,7.9,3,0.8,6.1,26.6,3.8,8.25,0.5,5.0,0.0,8.0,suburb,3.34,0.83,4.0,46.0,"All 5 Live APIs & TN Dam Registry (Open-Meteo Marine REST API (Live Ingested), Static Baseline (Fallback), OpenStreetMap Nominatim REST API (Live Ingested), NASA POWER Satellite REST API (Live Ingested), Open-Meteo Elevation REST API (Live Ingested))",Poondi Reservoir (Sathyamurthy),Kosasthalaiyar River,0.05,NORMAL - Stable Reservoir Water Level
Tiruvannamalai,2026-08-28 23:13:28,12.2253,79.0747,28.1,75,13.2,3,1.2,4.7,16.8,2.4,1.0,0.0,4.98,0.94,5.5,town,4.2,0.65,5.0,173.0,"All 5 Live APIs & TN Dam Registry (Static Baseline (Inland District), Open-Meteo Flood REST API (Live Ingested), OpenStreetMap Nominatim REST API (Live Ingested), NASA POWER Satellite REST API (Live Ingested), Open-Meteo Elevation REST API (Live Ingested))",Sathanur Dam,Ponnayyar River,0.16,NORMAL - Stable Reservoir Water Level
Tiruvarur,2026-08-28 23:13:38,10.7709,79.6366,28.3,75,11.0,2,0.8,9.1,11.4,1.63,8.75,0.5,4.48,0.8,3.5,hamlet,2.68,0.66,3.0,12.0,"All 5 Live APIs & TN Dam Registry (Open-Meteo Marine REST API (Live Ingested), Open-Meteo Flood REST API (Live Ingested), OpenStreetMap Nominatim REST API (Live Ingested), NASA POWER Satellite REST API (Live Ingested), Open-Meteo Elevation REST API (Live Ingested))",Vennar Regulator Anicut,Kaveri Delta Vennar,0.8,NORMAL - Stable Reservoir Water Level
Viluppuram,2026-08-28 23:13:50,11.9401,79.4861,26.9,75,7.7,3,3.3,3.8,19.2,2.74,7.75,0.5,4.48,0.8,5.5,town,3.7,0.65,4.5,48.0,"All 5 Live APIs & TN Dam Registry (Open-Meteo Marine REST API (Live Ingested), Open-Meteo Flood REST API (Live Ingested), OpenStreetMap Nominatim REST API (Live Ingested), NASA POWER Satellite REST API (Live Ingested), Open-Meteo Elevation REST API (Live Ingested))",Vidur Dam,Varahanadhi River,0.8,NORMAL - Stable Reservoir Water Level
Virudhunagar,2026-08-28 23:13:56,9.5872,77.9624,30.1,75,11.7,2,0.1,4.9,16.0,2.29,1.0,0.0,5.0,0.03,4.5,village,3.48,0.76,5.0,101.0,"All 5 Live APIs & TN Dam Registry (Static Baseline (Inland District), Open-Meteo Flood REST API (Live Ingested), OpenStreetMap Nominatim REST API (Live Ingested), NASA POWER Satellite REST API (Live Ingested), Open-Meteo Elevation REST API (Live Ingested))",Pilavakkal Periyar & Kovilar Dam,Arjunabasin,0.03,NORMAL - Stable Reservoir Water Level
Ariyalur,2026-08-28 23:14:04,11.1401,79.0782,27.5,75,7.4,1,3.4,1.9,24.9,3.56,1.0,0.0,4.5,0.06,3.0,hamlet,3.68,0.66,5.0,84.0,"All 5 Live APIs & TN Dam Registry (Static Baseline (Inland District), Open-Meteo Flood REST API (Live Ingested), OpenStreetMap Nominatim REST API (Live Ingested), NASA POWER Satellite REST API (Live Ingested), Open-Meteo Elevation REST API (Live Ingested))",Marudhaiyar Storage Dam,Marudhaiyar River,0.06,NORMAL - Stable Reservoir Water Level
Perambalur,2026-08-28 23:14:09,11.2342,78.882,28.8,75,8.4,1,1.2,4.3,18.8,2.69,1.0,0.0,4.49,0.44,4.5,town,3.86,0.57,5.0,123.0,"All 5 Live APIs & TN Dam Registry (Static Baseline (Inland District), Open-Meteo Flood REST API (Live Ingested), OpenStreetMap Nominatim REST API (Live Ingested), NASA POWER Satellite REST API (Live Ingested), Open-Meteo Elevation REST API (Live Ingested))",Visvakudi Dam,Kallar River,0.44,NORMAL - Stable Reservoir Water Level
Nilgiris,2026-08-28 23:14:18,11.4102,76.695,13.4,75,10.5,2,1.3,19.2,41.8,5.97,1.0,0.0,5.99,0.26,3.0,village,8.24,0.63,7.0,2235.0,"All 5 Live APIs & TN Dam Registry (Static Baseline (Inland District), Open-Meteo Flood REST API (Live Ingested), OpenStreetMap Nominatim REST API (Live Ingested), NASA POWER Satellite REST API (Live Ingested), Open-Meteo Elevation REST API (Live Ingested))",Pykara Dam & Emerald Reservoir,Kundah Hydroelectric Basin,0.26,NORMAL - Stable Reservoir Water Level
Ranipet,2026-08-28 23:14:23,12.9296,79.3333,26.3,75,7.8,3,3.6,7.6,41.5,5.93,1.0,0.0,4.99,0.26,6.5,quarter,3.58,0.71,5.0,173.0,"All 5 Live APIs & TN Dam Registry (Static Baseline (Inland District), Open-Meteo Flood REST API (Live Ingested), OpenStreetMap Nominatim REST API (Live Ingested), NASA POWER Satellite REST API (Live Ingested), Open-Meteo Elevation REST API (Live Ingested))",Kaveripakkam Lake & Palar Anicut,Palar River,0.26,NORMAL - Stable Reservoir Water Level
Tirupathur,2026-08-28 23:14:31,12.4929,78.5678,26.2,75,7.7,3,1.5,5.3,31.7,4.53,1.0,0.0,5.0,0.11,4.0,village,4.32,0.59,6.0,392.0,"All 5 Live APIs & TN Dam Registry (Static Baseline (Inland District), Open-Meteo Flood REST API (Live Ingested), OpenStreetMap Nominatim REST API (Live Ingested), NASA POWER Satellite REST API (Live Ingested), Open-Meteo Elevation REST API (Live Ingested))",Mordhana Dam,Koundinya River,0.11,NORMAL - Stable Reservoir Water Level
Chengalpattu,2026-08-28 23:14:42,12.6921,79.9777,26.9,75,17.1,3,1.0,5.5,46.5,6.64,8.75,0.5,5.0,0.19,8.5,suburb,3.46,0.77,4.0,52.0,"All 5 Live APIs & TN Dam Registry (Open-Meteo Marine REST API (Live Ingested), Open-Meteo Flood REST API (Live Ingested), OpenStreetMap Nominatim REST API (Live Ingested), NASA POWER Satellite REST API (Live Ingested), Open-Meteo Elevation REST API (Live Ingested))",Chembarambakkam Reservoir,Adyar River,1.5,NORMAL - Stable Reservoir Water Level
Kallakurichi,2026-08-28 23:14:48,11.7384,78.9639,26.7,75,4.7,3,2.8,4.2,14.3,2.04,1.0,0.0,4.5,0.25,5.0,town,4.36,0.57,5.0,131.0,"All 5 Live APIs & TN Dam Registry (Static Baseline (Inland District), Open-Meteo Flood REST API (Live Ingested), OpenStreetMap Nominatim REST API (Live Ingested), NASA POWER Satellite REST API (Live Ingested), Open-Meteo Elevation REST API (Live Ingested))",Gomukhi Dam,Gomukhi River,0.25,NORMAL - Stable Reservoir Water Level
Tenkasi,2026-08-28 23:14:53,8.9593,77.3149,24.9,75,24.1,2,0.5,12.0,21.1,3.01,1.0,0.0,5.38,5.84,3.5,village,4.86,0.82,5.5,168.0,"All 5 Live APIs & TN Dam Registry (Static Baseline (Inland District), Open-Meteo Flood REST API (Live Ingested), OpenStreetMap Nominatim REST API (Live Ingested), NASA POWER Satellite REST API (Live Ingested), Open-Meteo Elevation REST API (Live Ingested))",Karuppanadhi & Adavinainar Dams,Hanumanadhi River,5.84,NORMAL - Stable Reservoir Water Level
Mayiladuthurai,2026-08-28 23:15:00,11.1018,79.6522,28.3,75,9.9,2,0.1,2.8,6.2,0.89,9.25,0.5,3.99,0.43,6.0,suburb,3.18,0.66,3.0,17.0,"All 5 Live APIs & TN Dam Registry (Open-Meteo Marine REST API (Live Ingested), Open-Meteo Flood REST API (Live Ingested), OpenStreetMap Nominatim REST API (Live Ingested), NASA POWER Satellite REST API (Live Ingested), Open-Meteo Elevation REST API (Live Ingested))",Anaikarai Lower Anaicut,Kollidam River,0.43,NORMAL - Stable Reservoir Water Level
Coimbatore,2026-08-28 23:11:16,11.0168,76.9558,22.7,75,11.2,2,3.9,22.0,24.7,3.53,1.0,0.0,6.48,0.77,9.0,administrative,4.52,0.74,7.5,431.0,"All 5 Live APIs & TN Dam Registry (Static Baseline (Inland District), Open-Meteo Flood REST API (Live Ingested), OpenStreetMap Nominatim REST API (Live Ingested), NASA POWER Satellite REST API (Live Ingested), Open-Meteo Elevation REST API (Live Ingested))",Aliyar Dam & Sholayar Dam,Aliyar / Parambikulam Basin,14.35,NORMAL - Stable Reservoir Water Level
Chennai,2026-08-28 23:11:22,13.0827,80.2707,29.9,75,11.7,3,0.3,5.0,29.1,4.16,10.0,0.82,3.9,5.0,10.0,administrative,2.34,0.83,2.5,12.0,"All 5 Live APIs & TN Dam Registry (Open-Meteo Marine REST API (Live Ingested), Open-Meteo Flood REST API (Live Ingested), OpenStreetMap Nominatim REST API (Live Ingested), NASA POWER Satellite REST API (Live Ingested), Open-Meteo Elevation REST API (Live Ingested))",Chembarambakkam & Poondi Feeder Reservoirs,Adyar / Kosasthalaiyar Basin,1.5,NORMAL - Stable Reservoir Water Level
Madurai,2026-08-28 23:11:27,9.9252,78.1198,29.5,75,11.4,2,0.4,10.7,14.5,2.07,1.0,0.0,5.49,0.74,8.5,suburb,3.54,0.73,5.0,141.0,"All 5 Live APIs & TN Dam Registry (Static Baseline (Inland District), Open-Meteo Flood REST API (Live Ingested), OpenStreetMap Nominatim REST API (Live Ingested), NASA POWER Satellite REST API (Live Ingested), Open-Meteo Elevation REST API (Live Ingested))",Vaigai River Regulator Anicut,Vaigai River Basin,0.74,NORMAL - Stable Reservoir Water Level
Salem,2026-08-28 23:11:33,11.6643,78.146,26.4,75,2.8,3,0.6,7.2,29.0,4.14,1.0,0.0,6.97,1.65,8.0,quarter,4.92,0.54,7.0,284.0,"All 5 Live APIs & TN Dam Registry (Static Baseline (Inland District), Open-Meteo Flood REST API (Live Ingested), OpenStreetMap Nominatim REST API (Live Ingested), NASA POWER Satellite REST API (Live Ingested), Open-Meteo Elevation REST API (Live Ingested))",Mettur Dam (Stanley Reservoir),Kaveri River,0.03,NORMAL - Stable Reservoir Water Level
Erode,2026-08-28 23:11:38,11.341,77.7172,26.3,75,11.9,3,1.7,10.1,25.0,3.57,1.0,0.0,1.0,296.85,7.5,suburb,4.48,0.51,6.0,177.0,"All 5 Live APIs & TN Dam Registry (Static Baseline (Inland District), Open-Meteo Flood REST API (Live Ingested), OpenStreetMap Nominatim REST API (Live Ingested), NASA POWER Satellite REST API (Live Ingested), Open-Meteo Elevation REST API (Live Ingested))",Bhavanisagar Dam,Bhavani River,54.85,CRITICAL - Emergency Spillway Release Warning
Tiruchirappalli,2026-08-28 23:11:43,10.7905,78.7047,29.0,75,23.8,1,0.0,4.4,11.7,1.67,1.0,0.0,5.98,1.03,8.0,administrative,3.86,0.57,5.5,80.0,"All 5 Live APIs & TN Dam Registry (Static Baseline (Inland District), Open-Meteo Flood REST API (Live Ingested), OpenStreetMap Nominatim REST API (Live Ingested), NASA POWER Satellite REST API (Live Ingested), Open-Meteo Elevation REST API (Live Ingested))",Mukkombu & Grand Anaicut (Kallanai),Kaveri / Kollidam River,1.94,NORMAL - Stable Reservoir Water Level
Tirunelveli,2026-08-28 23:11:50,8.7139,77.7567,29.1,75,11.0,0,0.0,3.8,7.1,1.01,4.75,0.5,5.85,7.38,7.0,suburb,4.34,0.83,5.0,50.0,"All 5 Live APIs & TN Dam Registry (Open-Meteo Marine REST API (Live Ingested), Open-Meteo Flood REST API (Live Ingested), OpenStreetMap Nominatim REST API (Live Ingested), NASA POWER Satellite REST API (Live Ingested), Open-Meteo Elevation REST API (Live Ingested))",Papanasam & Manimuthar Dams,Thamirabarani River,7.51,NORMAL - Stable Reservoir Water Level
Vellore,2026-08-28 23:11:55,12.9165,79.1325,27.7,75,11.1,2,1.3,9.6,30.5,4.36,1.0,0.0,4.99,0.32,7.5,suburb,3.58,0.71,6.0,218.0,"All 5 Live APIs & TN Dam Registry (Static Baseline (Inland District), Open-Meteo Flood REST API (Live Ingested), OpenStreetMap Nominatim REST API (Live Ingested), NASA POWER Satellite REST API (Live Ingested), Open-Meteo Elevation REST API (Live Ingested))",Palar River Regulator Dam,Palar River,0.32,NORMAL - Stable Reservoir Water Level
Thanjavur,2026-08-28 23:12:02,10.787,79.1378,29.3,75,15.4,2,0.3,2.5,7.5,1.07,7.25,0.5,5.47,1.32,6.5,suburb,3.18,0.66,4.5,59.0,"All 5 Live APIs & TN Dam Registry (Open-Meteo Marine REST API (Live Ingested), Open-Meteo Flood REST API (Live Ingested), OpenStreetMap Nominatim REST API (Live Ingested), NASA POWER Satellite REST API (Live Ingested), Open-Meteo Elevation REST API (Live Ingested))",Grand Anaicut (Kallanai Regulator),Kaveri Delta Channels,1.97,NORMAL - Stable Reservoir Water Level
Kanchipuram,2026-08-28 23:12:07,12.8342,79.7036,27.5,75,12.8,3,0.9,4.6,47.7,6.81,4.0,0.0,5.0,0.07,6.0,village,3.34,0.83,5.0,88.0,"All 5 Live APIs & TN Dam Registry (Static Baseline (Inland District), Open-Meteo Flood REST API (Live Ingested), OpenStreetMap Nominatim REST API (Live Ingested), NASA POWER Satellite REST API (Live Ingested), Open-Meteo Elevation REST API (Live Ingested))",Palar River Anicut & Regulators,Palar River,0.07,NORMAL - Stable Reservoir Water Level
Cuddalore,2026-08-28 23:12:13,11.748,79.7714,27.1,75,10.3,3,1.7,4.0,16.8,2.4,9.1,0.4,4.4,5.0,7.0,suburb,3.84,0.83,3.0,7.0,"All 5 Live APIs & TN Dam Registry (Open-Meteo Marine REST API (Live Ingested), Open-Meteo Flood REST API (Live Ingested), OpenStreetMap Nominatim REST API (Live Ingested), NASA POWER Satellite REST API (Live Ingested), Open-Meteo Elevation REST API (Live Ingested))",Sethiathope Anicut & Vellar Basin,Vellar River,1.5,NORMAL - Stable Reservoir Water Level
Tiruppur,2026-08-28 23:12:17,11.1085,77.3411,23.9,75,15.4,3,0.6,10.1,15.1,2.16,1.0,0.0,5.7,14.78,8.5,suburb,4.38,0.56,6.5,304.0,"All 5 Live APIs & TN Dam Registry (Static Baseline (Inland District), Open-Meteo Flood REST API (Live Ingested), OpenStreetMap Nominatim REST API (Live Ingested), NASA POWER Satellite REST API (Live Ingested), Open-Meteo Elevation REST API (Live Ingested))",Amaravathi Dam,Amaravathi River,37.02,WARNING - Controlled Reservoir Release
Dindigul,2026-08-28 23:12:22,10.3673,77.9803,28.8,75,6.4,0,2.0,26.9,32.6,4.66,1.0,0.0,5.99,0.58,4.5,village,5.74,0.63,6.5,284.0,"All 5 Live APIs & TN Dam Registry (Static Baseline (Inland District), Open-Meteo Flood REST API (Live Ingested), OpenStreetMap Nominatim REST API (Live Ingested), NASA POWER Satellite REST API (Live Ingested), Open-Meteo Elevation REST API (Live Ingested))",Palar-Porandalar & Kudaraganar Dam,Shanmuganadhi Basin,0.58,NORMAL - Stable Reservoir Water Level
Kanyakumari,2026-08-28 23:12:27,8.1833,77.4119,26.2,75,18.1,3,0.3,11.5,20.2,2.89,10.0,1.84,5.47,1.29,7.5,suburb,5.54,0.73,5.0,58.0,"All 5 Live APIs & TN Dam Registry (Open-Meteo Marine REST API (Live Ingested), Open-Meteo Flood REST API (Live Ingested), OpenStreetMap Nominatim REST API (Live Ingested), NASA POWER Satellite REST API (Live Ingested), Open-Meteo Elevation REST API (Live Ingested))",Pechiparai & Perunchani Dams,Kodayar River,0.4,NORMAL - Stable Reservoir Water Level
Nagapattinam,2026-08-28 23:12:33,10.7672,79.8449,28.4,75,12.8,2,1.4,6.6,11.4,1.63,9.87,0.58,3.98,0.87,4.0,hamlet,2.84,0.83,2.5,7.0,"All 5 Live APIs & TN Dam Registry (Open-Meteo Marine REST API (Live Ingested), Open-Meteo Flood REST API (Live Ingested), OpenStreetMap Nominatim REST API (Live Ingested), NASA POWER Satellite REST API (Live Ingested), Open-Meteo Elevation REST API (Live Ingested))",Coleroon River Tail-End Anicut,Kollidam Delta,0.87,NORMAL - Stable Reservoir Water Level
Thoothukudi,2026-08-28 23:12:39,8.7642,78.1348,29.9,75,15.7,1,0.0,9.4,13.9,1.99,10.0,1.42,4.99,0.62,7.5,suburb,2.46,0.77,3.5,3.0,"All 5 Live APIs & TN Dam Registry (Open-Meteo Marine REST API (Live Ingested), Open-Meteo Flood REST API (Live Ingested), OpenStreetMap Nominatim REST API (Live Ingested), NASA POWER Satellite REST API (Live Ingested), Open-Meteo Elevation REST API (Live Ingested))",Srivaikuntam Dam Anicut,Thamirabarani River Delta,5.25,NORMAL - Stable Reservoir Water Level
Ramanathapuram,2026-08-28 23:12:44,9.3639,78.8318,29.9,75,13.6,3,0.1,6.2,10.7,1.53,10.0,1.2,3.02,48.77,5.0,town,2.44,0.78,3.0,11.0,"All 5 Live APIs & TN Dam Registry (Open-Meteo Marine REST API (Live Ingested), Open-Meteo Flood REST API (Live Ingested), OpenStreetMap Nominatim REST API (Live Ingested), NASA POWER Satellite REST API (Live Ingested), Open-Meteo Elevation REST API (Live Ingested))",Ramanathapuram Big Tank (Periyakulam),Vaigai Delta Storage,48.77,WARNING - Controlled Reservoir Release
Dharmapuri,2026-08-28 23:12:49,12.1211,78.1582,26.4,75,18.1,2,1.4,3.3,15.0,2.14,1.0,0.0,5.0,0.01,5.5,city,4.96,0.52,6.5,461.0,"All 5 Live APIs & TN Dam Registry (Static Baseline (Inland District), Open-Meteo Flood REST API (Live Ingested), OpenStreetMap Nominatim REST API (Live Ingested), NASA POWER Satellite REST API (Live Ingested), Open-Meteo Elevation REST API (Live Ingested))",Kesaragulihalla Dam,Pennagaram Basin,0.01,NORMAL - Stable Reservoir Water Level
Krishnagiri,2026-08-28 23:12:54,12.5186,78.2137,25.6,75,17.8,3,0.3,4.2,21.3,3.04,1.0,0.0,5.5,0.04,4.0,village,5.12,0.44,7.0,489.0,"All 5 Live APIs & TN Dam Registry (Static Baseline (Inland District), Open-Meteo Flood REST API (Live Ingested), OpenStreetMap Nominatim REST API (Live Ingested), NASA POWER Satellite REST API (Live Ingested), Open-Meteo Elevation REST API (Live Ingested))",Krishnagiri Reservoir Project (KRP Dam),South Pennar River,0.45,NORMAL - Stable Reservoir Water Level
Karur,2026-08-28 23:12:59,10.9601,78.0766,26.4,75,20.2,0,1.2,5.1,8.7,1.24,1.0,0.0,4.37,56.68,6.0,suburb,3.38,0.56,5.5,128.0,"All 5 Live APIs & TN Dam Registry (Static Baseline (Inland District), Open-Meteo Flood REST API (Live Ingested), OpenStreetMap Nominatim REST API (Live Ingested), NASA POWER Satellite REST API (Live Ingested), Open-Meteo Elevation REST API (Live Ingested))",Mayanur Barrage Regulator,Kaveri River,56.68,CRITICAL - Emergency Spillway Release Warning
Namakkal,2026-08-28 23:13:04,11.2189,78.1674,27.4,75,13.7,2,0.6,5.5,11.2,1.6,1.0,0.0,5.48,1.13,6.5,suburb,3.88,0.56,6.0,200.0,"All 5 Live APIs & TN Dam Registry (Static Baseline (Inland District), Open-Meteo Flood REST API (Live Ingested), OpenStreetMap Nominatim REST API (Live Ingested), NASA POWER Satellite REST API (Live Ingested), Open-Meteo Elevation REST API (Live Ingested))",Jedarpalayam Barrage Anicut,Kaveri River,1.13,NORMAL - Stable Reservoir Water Level
Pudukkottai,2026-08-28 23:13:09,10.3797,78.8202,28.2,75,3.5,1,1.5,6.8,24.3,3.47,6.75,0.5,5.0,0.05,5.5,administrative,3.76,0.62,4.5,100.0,"All 5 Live APIs & TN Dam Registry (Open-Meteo Marine REST API (Live Ingested), Open-Meteo Flood REST API (Live Ingested), OpenStreetMap Nominatim REST API (Live Ingested), NASA POWER Satellite REST API (Live Ingested), Open-Meteo Elevation REST API (Live Ingested))",Kavinad Big Tank Anicut,Agniyar Basin,0.05,NORMAL - Stable Reservoir Water Level
Sivaganga,2026-08-28 23:13:14,9.8433,78.4809,29.4,75,9.9,2,0.4,4.3,7.1,1.01,4.0,0.0,5.0,0.01,5.0,town,3.5,0.75,4.5,99.0,"All 5 Live APIs & TN Dam Registry (Static Baseline (Inland District), Open-Meteo Flood REST API (Live Ingested), OpenStreetMap Nominatim REST API (Live Ingested), NASA POWER Satellite REST API (Live Ingested), Open-Meteo Elevation REST API (Live Ingested))",Vaigai Downstream Regulator Tanks,Vaigai Channel,0.01,NORMAL - Stable Reservoir Water Level
Theni,2026-08-28 23:13:19,10.0104,77.4768,26.8,75,7.3,1,0.6,13.1,19.1,2.73,1.0,0.0,5.87,31.28,5.5,suburb,6.44,0.78,7.0,298.0,"All 5 Live APIs & TN Dam Registry (Static Baseline (Inland District), Open-Meteo Flood REST API (Live Ingested), OpenStreetMap Nominatim REST API (Live Ingested), NASA POWER Satellite REST API (Live Ingested), Open-Meteo Elevation REST API (Live Ingested))",Vaigai Dam,Vaigai River,17.45,WARNING - Controlled Reservoir Release
Tiruvallur,2026-08-28 23:13:24,13.1432,79.907,27.6,75,7.9,3,0.8,6.1,26.6,3.8,8.25,0.5,4.99,0.73,8.0,suburb,3.34,0.83,4.0,46.0,"All 5 Live APIs & TN Dam Registry (Open-Meteo Marine REST API (Live Ingested), Open-Meteo Flood REST API (Live Ingested), OpenStreetMap Nominatim REST API (Live Ingested), NASA POWER Satellite REST API (Live Ingested), Open-Meteo Elevation REST API (Live Ingested))",Poondi Reservoir (Sathyamurthy),Kosasthalaiyar River,0.05,NORMAL - Stable Reservoir Water Level
Tiruvannamalai,2026-08-28 23:13:29,12.2253,79.0747,28.1,75,13.2,3,1.2,4.7,16.8,2.4,1.0,0.0,4.98,0.94,5.5,town,4.2,0.65,5.0,173.0,"All 5 Live APIs & TN Dam Registry (Static Baseline (Inland District), Open-Meteo Flood REST API (Live Ingested), OpenStreetMap Nominatim REST API (Live Ingested), NASA POWER Satellite REST API (Live Ingested), Open-Meteo Elevation REST API (Live Ingested))",Sathanur Dam,Ponnayyar River,0.16,NORMAL - Stable Reservoir Water Level
Tiruvarur,2026-08-28 23:13:38,10.7709,79.6366,28.3,75,11.0,2,0.8,9.1,11.4,1.63,8.75,0.5,4.48,0.8,3.5,hamlet,2.68,0.66,3.0,12.0,"All 5 Live APIs & TN Dam Registry (Open-Meteo Marine REST API (Live Ingested), Open-Meteo Flood REST API (Live Ingested), OpenStreetMap Nominatim REST API (Live Ingested), NASA POWER Satellite REST API (Live Ingested), Open-Meteo Elevation REST API (Live Ingested))",Vennar Regulator Anicut,Kaveri Delta Vennar,0.8,NORMAL - Stable Reservoir Water Level
Viluppuram,2026-08-28 23:13:50,11.9401,79.4861,26.9,75,7.7,3,3.3,3.8,19.2,2.74,7.75,0.5,4.48,0.8,5.5,town,3.7,0.65,4.5,48.0,"All 5 Live APIs & TN Dam Registry (Open-Meteo Marine REST API (Live Ingested), Open-Meteo Flood REST API (Live Ingested), OpenStreetMap Nominatim REST API (Live Ingested), NASA POWER Satellite REST API (Live Ingested), Open-Meteo Elevation REST API (Live Ingested))",Vidur Dam,Varahanadhi River,0.8,NORMAL - Stable Reservoir Water Level
Virudhunagar,2026-08-28 23:13:55,9.5872,77.9624,30.1,75,11.7,2,0.1,4.9,16.0,2.29,1.0,0.0,5.0,0.03,4.5,village,3.48,0.76,5.0,101.0,"All 5 Live APIs & TN Dam Registry (Static Baseline (Inland District), Open-Meteo Flood REST API (Live Ingested), OpenStreetMap Nominatim REST API (Live Ingested), NASA POWER Satellite REST API (Live Ingested), Open-Meteo Elevation REST API (Live Ingested))",Pilavakkal Periyar & Kovilar Dam,Arjunabasin,0.03,NORMAL - Stable Reservoir Water Level
Ariyalur,2026-08-28 23:14:04,11.1401,79.0782,27.5,75,7.4,1,3.4,1.9,24.9,3.56,1.0,0.0,4.5,0.06,3.0,hamlet,3.68,0.66,5.0,84.0,"All 5 Live APIs & TN Dam Registry (Static Baseline (Inland District), Open-Meteo Flood REST API (Live Ingested), OpenStreetMap Nominatim REST API (Live Ingested), NASA POWER Satellite REST API (Live Ingested), Open-Meteo Elevation REST API (Live Ingested))",Marudhaiyar Storage Dam,Marudhaiyar River,0.06,NORMAL - Stable Reservoir Water Level
Perambalur,2026-08-28 23:14:09,11.2342,78.882,28.8,75,8.4,1,1.2,4.3,18.8,2.69,1.0,0.0,4.49,0.44,4.5,town,3.86,0.57,5.0,123.0,"All 5 Live APIs & TN Dam Registry (Static Baseline (Inland District), Open-Meteo Flood REST API (Live Ingested), OpenStreetMap Nominatim REST API (Live Ingested), NASA POWER Satellite REST API (Live Ingested), Open-Meteo Elevation REST API (Live Ingested))",Visvakudi Dam,Kallar River,0.44,NORMAL - Stable Reservoir Water Level
Nilgiris,2026-08-28 23:14:18,11.4102,76.695,13.4,75,10.5,2,1.3,19.2,41.8,5.97,1.0,0.0,5.99,0.26,3.0,village,8.24,0.63,7.0,2235.0,"All 5 Live APIs & TN Dam Registry (Static Baseline (Inland District), Open-Meteo Flood REST API (Live Ingested), OpenStreetMap Nominatim REST API (Live Ingested), NASA POWER Satellite REST API (Live Ingested), Open-Meteo Elevation REST API (Live Ingested))",Pykara Dam & Emerald Reservoir,Kundah Hydroelectric Basin,0.26,NORMAL - Stable Reservoir Water Level
Ranipet,2026-08-28 23:14:24,12.9296,79.3333,26.3,75,7.8,3,3.6,7.6,41.5,5.93,1.0,0.0,4.99,0.26,6.5,quarter,3.58,0.71,5.0,173.0,"All 5 Live APIs & TN Dam Registry (Static Baseline (Inland District), Open-Meteo Flood REST API (Live Ingested), OpenStreetMap Nominatim REST API (Live Ingested), NASA POWER Satellite REST API (Live Ingested), Open-Meteo Elevation REST API (Live Ingested))",Kaveripakkam Lake & Palar Anicut,Palar River,0.26,NORMAL - Stable Reservoir Water Level
Tirupathur,2026-08-28 23:14:34,12.4929,78.5678,26.2,75,7.7,3,1.5,5.3,31.7,4.53,1.0,0.0,5.0,0.11,4.0,village,4.32,0.59,6.0,392.0,"All 5 Live APIs & TN Dam Registry (Static Baseline (Inland District), Open-Meteo Flood REST API (Live Ingested), OpenStreetMap Nominatim REST API (Live Ingested), NASA POWER Satellite REST API (Live Ingested), Open-Meteo Elevation REST API (Live Ingested))",Mordhana Dam,Koundinya River,0.11,NORMAL - Stable Reservoir Water Level
Chengalpattu,2026-08-28 23:14:44,12.6921,79.9777,26.9,75,17.1,3,1.0,5.5,46.5,6.64,8.75,0.5,5.0,0.19,8.5,suburb,3.46,0.77,4.0,52.0,"All 5 Live APIs & TN Dam Registry (Open-Meteo Marine REST API (Live Ingested), Open-Meteo Flood REST API (Live Ingested), OpenStreetMap Nominatim REST API (Live Ingested), NASA POWER Satellite REST API (Live Ingested), Open-Meteo Elevation REST API (Live Ingested))",Chembarambakkam Reservoir,Adyar River,1.5,NORMAL - Stable Reservoir Water Level
Kallakurichi,2026-08-28 23:14:49,11.7384,78.9639,26.7,75,4.7,3,2.8,4.2,14.3,2.04,1.0,0.0,4.5,0.25,5.0,town,4.36,0.57,5.0,131.0,"All 5 Live APIs & TN Dam Registry (Static Baseline (Inland District), Open-Meteo Flood REST API (Live Ingested), OpenStreetMap Nominatim REST API (Live Ingested), NASA POWER Satellite REST API (Live Ingested), Open-Meteo Elevation REST API (Live Ingested))",Gomukhi Dam,Gomukhi River,0.25,NORMAL - Stable Reservoir Water Level
Tenkasi,2026-08-28 23:14:55,8.9593,77.3149,24.9,75,24.1,2,0.5,12.0,21.1,3.01,1.0,0.0,5.38,5.84,3.5,village,4.86,0.82,5.5,168.0,"All 5 Live APIs & TN Dam Registry (Static Baseline (Inland District), Open-Meteo Flood REST API (Live Ingested), OpenStreetMap Nominatim REST API (Live Ingested), NASA POWER Satellite REST API (Live Ingested), Open-Meteo Elevation REST API (Live Ingested))",Karuppanadhi & Adavinainar Dams,Hanumanadhi River,5.84,NORMAL - Stable Reservoir Water Level
Mayiladuthurai,2026-08-28 23:15:02,11.1018,79.6522,28.3,75,9.9,2,0.1,2.8,6.2,0.89,9.25,0.5,3.99,0.43,6.0,suburb,3.18,0.66,3.0,17.0,"All 5 Live APIs & TN Dam Registry (Open-Meteo Marine REST API (Live Ingested), Open-Meteo Flood REST API (Live Ingested), OpenStreetMap Nominatim REST API (Live Ingested), NASA POWER Satellite REST API (Live Ingested), Open-Meteo Elevation REST API (Live Ingested))",Anaikarai Lower Anaicut,Kollidam River,0.43,NORMAL - Stable Reservoir Water Level
Coimbatore,2026-08-29 11:14:32,11.0168,76.9558,29.6,75,17.9,3,0.0,6.0,28.2,4.03,1.0,0.0,6.49,0.64,9.0,administrative,4.52,0.74,7.5,431.0,"All 5 Live APIs & TN Dam Registry (Static Baseline (Inland District), Open-Meteo Flood REST API (Live Ingested), OpenStreetMap Nominatim REST API (Live Ingested), NASA POWER Satellite REST API (Live Ingested), Open-Meteo Elevation REST API (Live Ingested))",Aliyar Dam & Sholayar Dam,Aliyar / Parambikulam Basin,17.16,WARNING - Controlled Reservoir Release
Chennai,2026-08-29 11:14:41,13.0827,80.2707,34.9,75,15.5,1,2.7,3.9,25.9,3.7,10.0,0.86,3.9,5.0,10.0,administrative,2.34,0.83,2.5,12.0,"All 5 Live APIs & TN Dam Registry (Open-Meteo Marine REST API (Live Ingested), Open-Meteo Flood REST API (Live Ingested), OpenStreetMap Nominatim REST API (Live Ingested), NASA POWER Satellite REST API (Live Ingested), Open-Meteo Elevation REST API (Live Ingested))",Chembarambakkam & Poondi Feeder Reservoirs,Adyar / Kosasthalaiyar Basin,1.5,NORMAL - Stable Reservoir Water Level
Madurai,2026-08-29 11:14:48,9.9252,78.1198,35.5,75,7.5,3,0.5,2.8,14.2,2.03,1.0,0.0,5.49,0.68,8.5,suburb,3.54,0.73,5.0,141.0,"All 5 Live APIs & TN Dam Registry (Static Baseline (Inland District), Open-Meteo Flood REST API (Live Ingested), OpenStreetMap Nominatim REST API (Live Ingested), NASA POWER Satellite REST API (Live Ingested), Open-Meteo Elevation REST API (Live Ingested))",Vaigai River Regulator Anicut,Vaigai River Basin,0.68,NORMAL - Stable Reservoir Water Level
Salem,2026-08-29 11:14:58,11.6643,78.146,29.5,78,10.5,1,8.5,25.0,65.0,9.28,5.0,0.0,5.0,0.0,5.0,fallback,4.0,0.5,5.0,10.0,Synthetic Fallback Engine,Salem Reservoir,Regional River Basin,0.0,NORMAL - Stable Reservoir Water Level
Erode,2026-08-29 11:15:06,11.341,77.7172,34.7,75,11.5,3,0.6,4.0,26.3,3.76,1.0,0.0,1.0,306.61,7.5,suburb,4.48,0.51,6.0,177.0,"All 5 Live APIs & TN Dam Registry (Static Baseline (Inland District), Open-Meteo Flood REST API (Live Ingested), OpenStreetMap Nominatim REST API (Live Ingested), NASA POWER Satellite REST API (Live Ingested), Open-Meteo Elevation REST API (Live Ingested))",Bhavanisagar Dam,Bhavani River,56.02,CRITICAL - Emergency Spillway Release Warning
Tiruchirappalli,2026-08-29 11:15:13,10.7905,78.7047,35.1,75,19.3,3,0.0,4.3,11.0,1.57,1.0,0.0,5.98,1.07,8.0,administrative,3.86,0.57,5.5,80.0,"All 5 Live APIs & TN Dam Registry (Static Baseline (Inland District), Open-Meteo Flood REST API (Live Ingested), OpenStreetMap Nominatim REST API (Live Ingested), NASA POWER Satellite REST API (Live Ingested), Open-Meteo Elevation REST API (Live Ingested))",Mukkombu & Grand Anaicut (Kallanai),Kaveri / Kollidam River,2.08,NORMAL - Stable Reservoir Water Level
Tirunelveli,2026-08-29 11:15:22,8.7139,77.7567,36.3,75,18.4,3,0.1,3.7,7.0,1.0,4.75,0.5,5.52,24.12,7.0,suburb,4.34,0.83,5.0,50.0,"All 5 Live APIs & TN Dam Registry (Open-Meteo Marine REST API (Live Ingested), Open-Meteo Flood REST API (Live Ingested), OpenStreetMap Nominatim REST API (Live Ingested), NASA POWER Satellite REST API (Live Ingested), Open-Meteo Elevation REST API (Live Ingested))",Papanasam & Manimuthar Dams,Thamirabarani River,15.33,WARNING - Controlled Reservoir Release
Vellore,2026-08-29 11:15:31,12.9165,79.1325,35.4,75,21.3,2,0.2,5.2,26.9,3.84,1.0,0.0,5.0,0.23,7.5,suburb,3.58,0.71,6.0,218.0,"All 5 Live APIs & TN Dam Registry (Static Baseline (Inland District), Open-Meteo Flood REST API (Live Ingested), OpenStreetMap Nominatim REST API (Live Ingested), NASA POWER Satellite REST API (Live Ingested), Open-Meteo Elevation REST API (Live Ingested))",Palar River Regulator Dam,Palar River,0.23,NORMAL - Stable Reservoir Water Level
Thanjavur,2026-08-29 11:15:39,10.787,79.1378,33.8,75,17.3,3,1.0,2.8,7.9,1.13,7.25,0.5,5.47,1.33,6.5,suburb,3.18,0.66,4.5,59.0,"All 5 Live APIs & TN Dam Registry (Open-Meteo Marine REST API (Live Ingested), Open-Meteo Flood REST API (Live Ingested), OpenStreetMap Nominatim REST API (Live Ingested), NASA POWER Satellite REST API (Live Ingested), Open-Meteo Elevation REST API (Live Ingested))",Grand Anaicut (Kallanai Regulator),Kaveri Delta Channels,2.06,NORMAL - Stable Reservoir Water Level
Kanchipuram,2026-08-29 11:15:44,12.8342,79.7036,33.5,75,17.1,1,2.7,3.4,33.1,4.73,4.0,0.0,5.0,0.04,6.0,village,3.34,0.83,5.0,88.0,"All 5 Live APIs & TN Dam Registry (Static Baseline (Inland District), Open-Meteo Flood REST API (Live Ingested), OpenStreetMap Nominatim REST API (Live Ingested), NASA POWER Satellite REST API (Live Ingested), Open-Meteo Elevation REST API (Live Ingested))",Palar River Anicut & Regulators,Palar River,0.04,NORMAL - Stable Reservoir Water Level
Cuddalore,2026-08-29 11:15:53,11.748,79.7714,32.5,75,13.6,3,1.4,2.6,16.0,2.29,9.16,0.44,4.4,5.0,7.0,suburb,3.84,0.83,3.0,7.0,"All 5 Live APIs & TN Dam Registry (Open-Meteo Marine REST API (Live Ingested), Open-Meteo Flood REST API (Live Ingested), OpenStreetMap Nominatim REST API (Live Ingested), NASA POWER Satellite REST API (Live Ingested), Open-Meteo Elevation REST API (Live Ingested))",Sethiathope Anicut & Vellar Basin,Vellar River,1.5,NORMAL - Stable Reservoir Water Level
Tiruppur,2026-08-29 11:15:59,11.1085,77.3411,32.3,75,13.4,3,1.2,3.2,15.5,2.21,1.0,0.0,5.7,15.18,8.5,suburb,4.38,0.56,6.5,304.0,"All 5 Live APIs & TN Dam Registry (Static Baseline (Inland District), Open-Meteo Flood REST API (Live Ingested), OpenStreetMap Nominatim REST API (Live Ingested), NASA POWER Satellite REST API (Live Ingested), Open-Meteo Elevation REST API (Live Ingested))",Amaravathi Dam,Amaravathi River,42.95,WARNING - Controlled Reservoir Release
Dindigul,2026-08-29 11:16:07,10.3673,77.9803,35.9,75,6.3,3,0.4,5.6,34.6,4.94,1.0,0.0,5.99,0.56,4.5,village,5.74,0.63,6.5,284.0,"All 5 Live APIs & TN Dam Registry (Static Baseline (Inland District), Open-Meteo Flood REST API (Live Ingested), OpenStreetMap Nominatim REST API (Live Ingested), NASA POWER Satellite REST API (Live Ingested), Open-Meteo Elevation REST API (Live Ingested))",Palar-Porandalar & Kudaraganar Dam,Shanmuganadhi Basin,0.56,NORMAL - Stable Reservoir Water Level
Kanyakumari,2026-08-29 11:16:16,8.1833,77.4119,32.9,75,25.3,51,0.2,5.4,20.5,2.93,10.0,1.64,5.47,1.28,7.5,suburb,5.54,0.73,5.0,58.0,"All 5 Live APIs & TN Dam Registry (Open-Meteo Marine REST API (Live Ingested), Open-Meteo Flood REST API (Live Ingested), OpenStreetMap Nominatim REST API (Live Ingested), NASA POWER Satellite REST API (Live Ingested), Open-Meteo Elevation REST API (Live Ingested))",Pechiparai & Perunchani Dams,Kodayar River,0.4,NORMAL - Stable Reservoir Water Level
Nagapattinam,2026-08-29 11:16:24,10.7672,79.8449,34.3,75,16.6,3,0.8,6.4,12.2,1.74,9.87,0.58,3.98,0.99,4.0,hamlet,2.84,0.83,2.5,7.0,"All 5 Live APIs & TN Dam Registry (Open-Meteo Marine REST API (Live Ingested), Open-Meteo Flood REST API (Live Ingested), OpenStreetMap Nominatim REST API (Live Ingested), NASA POWER Satellite REST API (Live Ingested), Open-Meteo Elevation REST API (Live Ingested))",Coleroon River Tail-End Anicut,Kollidam Delta,0.99,NORMAL - Stable Reservoir Water Level
Thoothukudi,2026-08-29 11:16:35,8.7642,78.1348,36.8,75,18.0,3,0.0,8.5,13.9,1.99,10.0,1.26,4.99,0.71,7.5,suburb,2.46,0.77,3.5,3.0,"All 5 Live APIs & TN Dam Registry (Open-Meteo Marine REST API (Live Ingested), Open-Meteo Flood REST API (Live Ingested), OpenStreetMap Nominatim REST API (Live Ingested), NASA POWER Satellite REST API (Live Ingested), Open-Meteo Elevation REST API (Live Ingested))",Srivaikuntam Dam Anicut,Thamirabarani River Delta,0.0,NORMAL - Stable Reservoir Level (Fallback)
Ramanathapuram,2026-08-29 11:16:45,9.3639,78.8318,37.1,75,12.0,3,0.9,5.5,10.3,1.47,10.0,1.06,1.87,106.65,5.0,town,2.44,0.78,3.0,11.0,"All 5 Live APIs & TN Dam Registry (Open-Meteo Marine REST API (Live Ingested), Open-Meteo Flood REST API (Live Ingested), OpenStreetMap Nominatim REST API (Live Ingested), NASA POWER Satellite REST API (Live Ingested), Open-Meteo Elevation REST API (Live Ingested))",Ramanathapuram Big Tank (Periyakulam),Vaigai Delta Storage,106.65,CRITICAL - Emergency Spillway Release Warning
Dharmapuri,2026-08-29 11:16:53,12.1211,78.1582,32.8,75,22.7,3,1.4,4.5,16.6,2.37,1.0,0.0,5.0,0.01,5.5,city,4.96,0.52,6.5,461.0,"All 5 Live APIs & TN Dam Registry (Static Baseline (Inland District), Open-Meteo Flood REST API (Live Ingested), OpenStreetMap Nominatim REST API (Live Ingested), NASA POWER Satellite REST API (Live Ingested), Open-Meteo Elevation REST API (Live Ingested))",Kesaragulihalla Dam,Pennagaram Basin,0.01,NORMAL - Stable Reservoir Water Level
Krishnagiri,2026-08-29 11:16:59,12.5186,78.2137,31.8,75,27.5,2,0.5,1.8,21.2,3.03,1.0,0.0,5.5,0.05,4.0,village,5.12,0.44,7.0,489.0,"All 5 Live APIs & TN Dam Registry (Static Baseline (Inland District), Open-Meteo Flood REST API (Live Ingested), OpenStreetMap Nominatim REST API (Live Ingested), NASA POWER Satellite REST API (Live Ingested), Open-Meteo Elevation REST API (Live Ingested))",Krishnagiri Reservoir Project (KRP Dam),South Pennar River,0.47,NORMAL - Stable Reservoir Water Level
Karur,2026-08-29 11:17:04,10.9601,78.0766,34.2,75,22.5,3,0.0,3.0,9.8,1.4,1.0,0.0,4.19,65.53,6.0,suburb,3.38,0.56,5.5,128.0,"All 5 Live APIs & TN Dam Registry (Static Baseline (Inland District), Open-Meteo Flood REST API (Live Ingested), OpenStreetMap Nominatim REST API (Live Ingested), NASA POWER Satellite REST API (Live Ingested), Open-Meteo Elevation REST API (Live Ingested))",Mayanur Barrage Regulator,Kaveri River,65.53,CRITICAL - Emergency Spillway Release Warning
Namakkal,2026-08-29 11:17:11,11.2189,78.1674,33.0,75,11.5,3,0.8,2.8,11.8,1.69,1.0,0.0,5.48,1.19,6.5,suburb,3.88,0.56,6.0,200.0,"All 5 Live APIs & TN Dam Registry (Static Baseline (Inland District), Open-Meteo Flood REST API (Live Ingested), OpenStreetMap Nominatim REST API (Live Ingested), NASA POWER Satellite REST API (Live Ingested), Open-Meteo Elevation REST API (Live Ingested))",Jedarpalayam Barrage Anicut,Kaveri River,1.19,NORMAL - Stable Reservoir Water Level
Pudukkottai,2026-08-29 11:17:19,10.3797,78.8202,34.8,75,9.8,3,0.6,6.9,25.4,3.63,6.75,0.5,5.0,0.12,5.5,administrative,3.76,0.62,4.5,100.0,"All 5 Live APIs & TN Dam Registry (Open-Meteo Marine REST API (Live Ingested), Open-Meteo Flood REST API (Live Ingested), OpenStreetMap Nominatim REST API (Live Ingested), NASA POWER Satellite REST API (Live Ingested), Open-Meteo Elevation REST API (Live Ingested))",Kavinad Big Tank Anicut,Agniyar Basin,0.12,NORMAL - Stable Reservoir Water Level
Sivaganga,2026-08-29 11:17:26,9.8433,78.4809,34.2,75,7.9,3,0.8,4.3,7.3,1.04,4.0,0.0,5.0,0.01,5.0,town,3.5,0.75,4.5,99.0,"All 5 Live APIs & TN Dam Registry (Static Baseline (Inland District), Open-Meteo Flood REST API (Live Ingested), OpenStreetMap Nominatim REST API (Live Ingested), NASA POWER Satellite REST API (Live Ingested), Open-Meteo Elevation REST API (Live Ingested))",Vaigai Downstream Regulator Tanks,Vaigai Channel,0.01,NORMAL - Stable Reservoir Water Level
Theni,2026-08-29 11:17:31,10.0104,77.4768,34.5,75,9.8,3,0.1,4.7,19.7,2.81,1.0,0.0,5.15,67.39,5.5,suburb,6.44,0.78,7.0,298.0,"All 5 Live APIs & TN Dam Registry (Static Baseline (Inland District), Open-Meteo Flood REST API (Live Ingested), OpenStreetMap Nominatim REST API (Live Ingested), NASA POWER Satellite REST API (Live Ingested), Open-Meteo Elevation REST API (Live Ingested))",Vaigai Dam,Vaigai River,25.0,WARNING - Controlled Reservoir Release
Tiruvallur,2026-08-29 11:17:37,13.1432,79.907,34.9,75,17.4,2,2.2,3.7,21.1,3.01,8.25,0.5,4.99,0.56,8.0,suburb,3.34,0.83,4.0,46.0,"All 5 Live APIs & TN Dam Registry (Open-Meteo Marine REST API (Live Ingested), Open-Meteo Flood REST API (Live Ingested), OpenStreetMap Nominatim REST API (Live Ingested), NASA POWER Satellite REST API (Live Ingested), Open-Meteo Elevation REST API (Live Ingested))",Poondi Reservoir (Sathyamurthy),Kosasthalaiyar River,0.05,NORMAL - Stable Reservoir Water Level
Tiruvannamalai,2026-08-29 11:17:42,12.2253,79.0747,33.6,75,20.9,3,0.3,6.4,16.2,2.31,1.0,0.0,4.98,0.86,5.5,town,4.2,0.65,5.0,173.0,"All 5 Live APIs & TN Dam Registry (Static Baseline (Inland District), Open-Meteo Flood REST API (Live Ingested), OpenStreetMap Nominatim REST API (Live Ingested), NASA POWER Satellite REST API (Live Ingested), Open-Meteo Elevation REST API (Live Ingested))",Sathanur Dam,Ponnayyar River,0.16,NORMAL - Stable Reservoir Water Level
Tiruvarur,2026-08-29 11:17:49,10.7709,79.6366,33.5,75,15.7,3,0.5,7.4,12.0,1.71,8.75,0.5,4.48,0.77,3.5,hamlet,2.68,0.66,3.0,12.0,"All 5 Live APIs & TN Dam Registry (Open-Meteo Marine REST API (Live Ingested), Open-Meteo Flood REST API (Live Ingested), OpenStreetMap Nominatim REST API (Live Ingested), NASA POWER Satellite REST API (Live Ingested), Open-Meteo Elevation REST API (Live Ingested))",Vennar Regulator Anicut,Kaveri Delta Vennar,0.77,NORMAL - Stable Reservoir Water Level
Viluppuram,2026-08-29 11:17:56,11.9401,79.4861,32.8,75,15.0,3,0.4,4.2,18.3,2.61,7.75,0.5,4.49,0.72,5.5,town,3.7,0.65,4.5,48.0,"All 5 Live APIs & TN Dam Registry (Open-Meteo Marine REST API (Live Ingested), Open-Meteo Flood REST API (Live Ingested), OpenStreetMap Nominatim REST API (Live Ingested), NASA POWER Satellite REST API (Live Ingested), Open-Meteo Elevation REST API (Live Ingested))",Vidur Dam,Varahanadhi River,0.72,NORMAL - Stable Reservoir Water Level
Virudhunagar,2026-08-29 11:18:02,9.5872,77.9624,36.9,75,5.0,3,0.7,3.2,16.1,2.3,1.0,0.0,5.0,0.04,4.5,village,3.48,0.76,5.0,101.0,"All 5 Live APIs & TN Dam Registry (Static Baseline (Inland District), Open-Meteo Flood REST API (Live Ingested), OpenStreetMap Nominatim REST API (Live Ingested), NASA POWER Satellite REST API (Live Ingested), Open-Meteo Elevation REST API (Live Ingested))",Pilavakkal Periyar & Kovilar Dam,Arjunabasin,0.04,NORMAL - Stable Reservoir Water Level
Ariyalur,2026-08-29 11:18:08,11.1401,79.0782,33.8,75,14.7,3,0.1,2.0,25.6,3.66,1.0,0.0,4.5,0.07,3.0,hamlet,3.68,0.66,5.0,84.0,"All 5 Live APIs & TN Dam Registry (Static Baseline (Inland District), Open-Meteo Flood REST API (Live Ingested), OpenStreetMap Nominatim REST API (Live Ingested), NASA POWER Satellite REST API (Live Ingested), Open-Meteo Elevation REST API (Live Ingested))",Marudhaiyar Storage Dam,Marudhaiyar River,0.07,NORMAL - Stable Reservoir Water Level
Perambalur,2026-08-29 11:18:13,11.2342,78.882,33.9,75,6.5,3,0.0,3.4,19.2,2.74,1.0,0.0,4.49,0.43,4.5,town,3.86,0.57,5.0,123.0,"All 5 Live APIs & TN Dam Registry (Static Baseline (Inland District), Open-Meteo Flood REST API (Live Ingested), OpenStreetMap Nominatim REST API (Live Ingested), NASA POWER Satellite REST API (Live Ingested), Open-Meteo Elevation REST API (Live Ingested))",Visvakudi Dam,Kallar River,0.43,NORMAL - Stable Reservoir Water Level
Nilgiris,2026-08-29 11:18:18,11.4102,76.695,20.0,75,13.5,3,0.0,6.2,42.7,6.1,1.0,0.0,5.99,0.26,3.0,village,8.24,0.63,7.0,2235.0,"All 5 Live APIs & TN Dam Registry (Static Baseline (Inland District), Open-Meteo Flood REST API (Live Ingested), OpenStreetMap Nominatim REST API (Live Ingested), NASA POWER Satellite REST API (Live Ingested), Open-Meteo Elevation REST API (Live Ingested))",Pykara Dam & Emerald Reservoir,Kundah Hydroelectric Basin,0.26,NORMAL - Stable Reservoir Water Level
Ranipet,2026-08-29 11:18:23,12.9296,79.3333,33.9,75,19.8,2,0.5,5.1,27.7,3.96,1.0,0.0,5.0,0.21,6.5,quarter,3.58,0.71,5.0,173.0,"All 5 Live APIs & TN Dam Registry (Static Baseline (Inland District), Open-Meteo Flood REST API (Live Ingested), OpenStreetMap Nominatim REST API (Live Ingested), NASA POWER Satellite REST API (Live Ingested), Open-Meteo Elevation REST API (Live Ingested))",Kaveripakkam Lake & Palar Anicut,Palar River,0.21,NORMAL - Stable Reservoir Water Level
Tirupathur,2026-08-29 11:18:29,12.4929,78.5678,32.6,75,23.0,3,0.4,3.9,33.3,4.76,1.0,0.0,5.0,0.12,4.0,village,4.32,0.59,6.0,392.0,"All 5 Live APIs & TN Dam Registry (Static Baseline (Inland District), Open-Meteo Flood REST API (Live Ingested), OpenStreetMap Nominatim REST API (Live Ingested), NASA POWER Satellite REST API (Live Ingested), Open-Meteo Elevation REST API (Live Ingested))",Mordhana Dam,Koundinya River,0.12,NORMAL - Stable Reservoir Water Level
Chengalpattu,2026-08-29 11:18:36,12.6921,79.9777,33.0,75,15.4,3,12.6,4.7,29.9,4.27,8.75,0.5,5.0,0.15,8.5,suburb,3.46,0.77,4.0,52.0,"All 5 Live APIs & TN Dam Registry (Open-Meteo Marine REST API (Live Ingested), Open-Meteo Flood REST API (Live Ingested), OpenStreetMap Nominatim REST API (Live Ingested), NASA POWER Satellite REST API (Live Ingested), Open-Meteo Elevation REST API (Live Ingested))",Chembarambakkam Reservoir,Adyar River,0.85,NORMAL - Stable Reservoir Water Level
Kallakurichi,2026-08-29 11:18:41,11.7384,78.9639,33.1,75,5.6,3,2.1,6.5,16.0,2.29,1.0,0.0,4.49,0.34,5.0,town,4.36,0.57,5.0,131.0,"All 5 Live APIs & TN Dam Registry (Static Baseline (Inland District), Open-Meteo Flood REST API (Live Ingested), OpenStreetMap Nominatim REST API (Live Ingested), NASA POWER Satellite REST API (Live Ingested), Open-Meteo Elevation REST API (Live Ingested))",Gomukhi Dam,Gomukhi River,0.34,NORMAL - Stable Reservoir Water Level
Tenkasi,2026-08-29 11:18:46,8.9593,77.3149,28.6,75,24.1,51,2.9,7.4,21.5,3.07,1.0,0.0,5.27,11.36,3.5,village,4.86,0.82,5.5,168.0,"All 5 Live APIs & TN Dam Registry (Static Baseline (Inland District), Open-Meteo Flood REST API (Live Ingested), OpenStreetMap Nominatim REST API (Live Ingested), NASA POWER Satellite REST API (Live Ingested), Open-Meteo Elevation REST API (Live Ingested))",Karuppanadhi & Adavinainar Dams,Hanumanadhi River,11.36,NORMAL - Stable Reservoir Water Level
Mayiladuthurai,2026-08-29 11:18:55,11.1018,79.6522,33.1,75,13.4,3,0.4,2.7,6.2,0.89,9.25,0.5,3.99,0.44,6.0,suburb,3.18,0.66,3.0,17.0,"All 5 Live APIs & TN Dam Registry (Open-Meteo Marine REST API (Live Ingested), Open-Meteo Flood REST API (Live Ingested), OpenStreetMap Nominatim REST API (Live Ingested), NASA POWER Satellite REST API (Live Ingested), Open-Meteo Elevation REST API (Live Ingested))",Anaikarai Lower Anaicut,Kollidam River,0.44,NORMAL - Stable Reservoir Water Level
Coimbatore,2026-08-29 11:36:33,11.0168,76.9558,30.0,75,19.8,3,0.0,6.0,28.2,4.03,1.0,0.0,6.49,0.64,9.0,administrative,4.52,0.74,7.5,431.0,"All 5 Live APIs & TN Dam Registry (Static Baseline (Inland District), Open-Meteo Flood REST API (Live Ingested), OpenStreetMap Nominatim REST API (Live Ingested), NASA POWER Satellite REST API (Live Ingested), Open-Meteo Elevation REST API (Live Ingested))",Aliyar Dam & Sholayar Dam,Aliyar / Parambikulam Basin,17.16,WARNING - Controlled Reservoir Release
Chennai,2026-08-29 11:36:40,13.0827,80.2707,35.6,75,15.8,1,2.7,3.9,25.9,3.7,10.0,0.86,3.9,5.0,10.0,administrative,2.34,0.83,2.5,12.0,"All 5 Live APIs & TN Dam Registry (Open-Meteo Marine REST API (Live Ingested), Open-Meteo Flood REST API (Live Ingested), OpenStreetMap Nominatim REST API (Live Ingested), NASA POWER Satellite REST API (Live Ingested), Open-Meteo Elevation REST API (Live Ingested))",Chembarambakkam & Poondi Feeder Reservoirs,Adyar / Kosasthalaiyar Basin,1.5,NORMAL - Stable Reservoir Water Level
Madurai,2026-08-29 11:36:47,9.9252,78.1198,36.3,75,6.9,3,0.5,2.8,14.2,2.03,1.0,0.0,5.49,0.68,8.5,suburb,3.54,0.73,5.0,141.0,"All 5 Live APIs & TN Dam Registry (Static Baseline (Inland District), Open-Meteo Flood REST API (Live Ingested), OpenStreetMap Nominatim REST API (Live Ingested), NASA POWER Satellite REST API (Live Ingested), Open-Meteo Elevation REST API (Live Ingested))",Vaigai River Regulator Anicut,Vaigai River Basin,0.68,NORMAL - Stable Reservoir Water Level
Salem,2026-08-29 11:36:53,11.6643,78.146,32.1,75,9.5,3,1.2,5.3,28.7,4.1,1.0,0.0,6.95,2.42,8.0,quarter,4.92,0.54,7.0,284.0,"All 5 Live APIs & TN Dam Registry (Static Baseline (Inland District), Open-Meteo Flood REST API (Live Ingested), OpenStreetMap Nominatim REST API (Live Ingested), NASA POWER Satellite REST API (Live Ingested), Open-Meteo Elevation REST API (Live Ingested))",Mettur Dam (Stanley Reservoir),Kaveri River,0.05,NORMAL - Stable Reservoir Water Level
Erode,2026-08-29 11:37:00,11.341,77.7172,35.1,75,11.3,3,0.6,4.0,26.3,3.76,1.0,0.0,1.0,306.61,7.5,suburb,4.48,0.51,6.0,177.0,"All 5 Live APIs & TN Dam Registry (Static Baseline (Inland District), Open-Meteo Flood REST API (Live Ingested), OpenStreetMap Nominatim REST API (Live Ingested), NASA POWER Satellite REST API (Live Ingested), Open-Meteo Elevation REST API (Live Ingested))",Bhavanisagar Dam,Bhavani River,56.02,CRITICAL - Emergency Spillway Release Warning
Tiruchirappalli,2026-08-29 11:37:06,10.7905,78.7047,35.4,75,19.5,3,0.0,4.3,11.0,1.57,1.0,0.0,5.98,1.07,8.0,administrative,3.86,0.57,5.5,80.0,"All 5 Live APIs & TN Dam Registry (Static Baseline (Inland District), Open-Meteo Flood REST API (Live Ingested), OpenStreetMap Nominatim REST API (Live Ingested), NASA POWER Satellite REST API (Live Ingested), Open-Meteo Elevation REST API (Live Ingested))",Mukkombu & Grand Anaicut (Kallanai),Kaveri / Kollidam River,2.08,NORMAL - Stable Reservoir Water Level
Tirunelveli,2026-08-29 11:37:13,8.7139,77.7567,36.6,75,19.0,2,0.1,3.7,7.0,1.0,4.75,0.5,5.52,24.12,7.0,suburb,4.34,0.83,5.0,50.0,"All 5 Live APIs & TN Dam Registry (Open-Meteo Marine REST API (Live Ingested), Open-Meteo Flood REST API (Live Ingested), OpenStreetMap Nominatim REST API (Live Ingested), NASA POWER Satellite REST API (Live Ingested), Open-Meteo Elevation REST API (Live Ingested))",Papanasam & Manimuthar Dams,Thamirabarani River,15.33,WARNING - Controlled Reservoir Release
Vellore,2026-08-29 11:37:18,12.9165,79.1325,35.8,75,21.4,2,0.2,5.2,26.9,3.84,1.0,0.0,5.0,0.23,7.5,suburb,3.58,0.71,6.0,218.0,"All 5 Live APIs & TN Dam Registry (Static Baseline (Inland District), Open-Meteo Flood REST API (Live Ingested), OpenStreetMap Nominatim REST API (Live Ingested), NASA POWER Satellite REST API (Live Ingested), Open-Meteo Elevation REST API (Live Ingested))",Palar River Regulator Dam,Palar River,0.23,NORMAL - Stable Reservoir Water Level
Thanjavur,2026-08-29 11:37:27,10.787,79.1378,34.0,75,17.1,3,1.0,2.8,7.9,1.13,7.25,0.5,5.47,1.33,6.5,suburb,3.18,0.66,4.5,59.0,"All 5 Live APIs & TN Dam Registry (Open-Meteo Marine REST API (Live Ingested), Open-Meteo Flood REST API (Live Ingested), OpenStreetMap Nominatim REST API (Live Ingested), NASA POWER Satellite REST API (Live Ingested), Open-Meteo Elevation REST API (Live Ingested))",Grand Anaicut (Kallanai Regulator),Kaveri Delta Channels,2.06,NORMAL - Stable Reservoir Water Level
Kanchipuram,2026-08-29 11:37:33,12.8342,79.7036,33.9,75,17.2,1,2.7,3.4,33.1,4.73,4.0,0.0,5.0,0.04,6.0,village,3.34,0.83,5.0,88.0,"All 5 Live APIs & TN Dam Registry (Static Baseline (Inland District), Open-Meteo Flood REST API (Live Ingested), OpenStreetMap Nominatim REST API (Live Ingested), NASA POWER Satellite REST API (Live Ingested), Open-Meteo Elevation REST API (Live Ingested))",Palar River Anicut & Regulators,Palar River,0.04,NORMAL - Stable Reservoir Water Level
Cuddalore,2026-08-29 11:37:41,11.748,79.7714,32.8,75,13.2,3,1.4,2.6,16.0,2.29,9.16,0.44,4.4,5.0,7.0,suburb,3.84,0.83,3.0,7.0,"All 5 Live APIs & TN Dam Registry (Open-Meteo Marine REST API (Live Ingested), Open-Meteo Flood REST API (Live Ingested), OpenStreetMap Nominatim REST API (Live Ingested), NASA POWER Satellite REST API (Live Ingested), Open-Meteo Elevation REST API (Live Ingested))",Sethiathope Anicut & Vellar Basin,Vellar River,1.5,NORMAL - Stable Reservoir Water Level
Tiruppur,2026-08-29 11:37:46,11.1085,77.3411,32.7,75,13.8,3,1.2,3.2,15.5,2.21,1.0,0.0,5.7,15.18,8.5,suburb,4.38,0.56,6.5,304.0,"All 5 Live APIs & TN Dam Registry (Static Baseline (Inland District), Open-Meteo Flood REST API (Live Ingested), OpenStreetMap Nominatim REST API (Live Ingested), NASA POWER Satellite REST API (Live Ingested), Open-Meteo Elevation REST API (Live Ingested))",Amaravathi Dam,Amaravathi River,42.95,WARNING - Controlled Reservoir Release
Dindigul,2026-08-29 11:37:52,10.3673,77.9803,36.1,75,6.8,3,0.4,5.6,34.6,4.94,1.0,0.0,5.99,0.56,4.5,village,5.74,0.63,6.5,284.0,"All 5 Live APIs & TN Dam Registry (Static Baseline (Inland District), Open-Meteo Flood REST API (Live Ingested), OpenStreetMap Nominatim REST API (Live Ingested), NASA POWER Satellite REST API (Live Ingested), Open-Meteo Elevation REST API (Live Ingested))",Palar-Porandalar & Kudaraganar Dam,Shanmuganadhi Basin,0.56,NORMAL - Stable Reservoir Water Level
Kanyakumari,2026-08-29 11:37:58,8.1833,77.4119,33.0,75,25.1,51,0.2,5.4,20.5,2.93,10.0,1.64,5.47,1.28,7.5,suburb,5.54,0.73,5.0,58.0,"All 5 Live APIs & TN Dam Registry (Open-Meteo Marine REST API (Live Ingested), Open-Meteo Flood REST API (Live Ingested), OpenStreetMap Nominatim REST API (Live Ingested), NASA POWER Satellite REST API (Live Ingested), Open-Meteo Elevation REST API (Live Ingested))",Pechiparai & Perunchani Dams,Kodayar River,0.4,NORMAL - Stable Reservoir Water Level
Nagapattinam,2026-08-29 11:38:04,10.7672,79.8449,34.6,75,16.3,3,0.8,6.4,12.2,1.74,9.87,0.58,3.98,0.99,4.0,hamlet,2.84,0.83,2.5,7.0,"All 5 Live APIs & TN Dam Registry (Open-Meteo Marine REST API (Live Ingested), Open-Meteo Flood REST API (Live Ingested), OpenStreetMap Nominatim REST API (Live Ingested), NASA POWER Satellite REST API (Live Ingested), Open-Meteo Elevation REST API (Live Ingested))",Coleroon River Tail-End Anicut,Kollidam Delta,0.99,NORMAL - Stable Reservoir Water Level
Thoothukudi,2026-08-29 11:38:12,8.7642,78.1348,37.1,75,17.3,3,0.0,8.5,13.9,1.99,10.0,1.26,4.99,0.71,7.5,suburb,2.46,0.77,3.5,3.0,"All 5 Live APIs & TN Dam Registry (Open-Meteo Marine REST API (Live Ingested), Open-Meteo Flood REST API (Live Ingested), OpenStreetMap Nominatim REST API (Live Ingested), NASA POWER Satellite REST API (Live Ingested), Open-Meteo Elevation REST API (Live Ingested))",Srivaikuntam Dam Anicut,Thamirabarani River Delta,22.17,WARNING - Controlled Reservoir Release
Ramanathapuram,2026-08-29 11:38:20,9.3639,78.8318,37.4,75,12.5,3,0.9,5.5,10.3,1.47,10.0,1.06,1.87,106.65,5.0,town,2.44,0.78,3.0,11.0,"All 5 Live APIs & TN Dam Registry (Open-Meteo Marine REST API (Live Ingested), Open-Meteo Flood REST API (Live Ingested), OpenStreetMap Nominatim REST API (Live Ingested), NASA POWER Satellite REST API (Live Ingested), Open-Meteo Elevation REST API (Live Ingested))",Ramanathapuram Big Tank (Periyakulam),Vaigai Delta Storage,106.65,CRITICAL - Emergency Spillway Release Warning
Dharmapuri,2026-08-29 11:38:25,12.1211,78.1582,33.3,75,22.8,3,1.4,4.5,16.6,2.37,1.0,0.0,5.0,0.01,5.5,city,4.96,0.52,6.5,461.0,"All 5 Live APIs & TN Dam Registry (Static Baseline (Inland District), Open-Meteo Flood REST API (Live Ingested), OpenStreetMap Nominatim REST API (Live Ingested), NASA POWER Satellite REST API (Live Ingested), Open-Meteo Elevation REST API (Live Ingested))",Kesaragulihalla Dam,Pennagaram Basin,0.01,NORMAL - Stable Reservoir Water Level
Krishnagiri,2026-08-29 11:38:32,12.5186,78.2137,31.9,75,27.1,2,0.5,1.8,21.2,3.03,1.0,0.0,5.5,0.05,4.0,village,5.12,0.44,7.0,489.0,"All 5 Live APIs & TN Dam Registry (Static Baseline (Inland District), Open-Meteo Flood REST API (Live Ingested), OpenStreetMap Nominatim REST API (Live Ingested), NASA POWER Satellite REST API (Live Ingested), Open-Meteo Elevation REST API (Live Ingested))",Krishnagiri Reservoir Project (KRP Dam),South Pennar River,0.47,NORMAL - Stable Reservoir Water Level
Karur,2026-08-29 11:38:39,10.9601,78.0766,34.5,75,23.2,3,0.0,3.0,9.8,1.4,1.0,0.0,4.19,65.53,6.0,suburb,3.38,0.56,5.5,128.0,"All 5 Live APIs & TN Dam Registry (Static Baseline (Inland District), Open-Meteo Flood REST API (Live Ingested), OpenStreetMap Nominatim REST API (Live Ingested), NASA POWER Satellite REST API (Live Ingested), Open-Meteo Elevation REST API (Live Ingested))",Mayanur Barrage Regulator,Kaveri River,65.53,CRITICAL - Emergency Spillway Release Warning
Namakkal,2026-08-29 11:38:44,11.2189,78.1674,33.3,75,11.2,3,0.8,2.8,11.8,1.69,1.0,0.0,5.48,1.19,6.5,suburb,3.88,0.56,6.0,200.0,"All 5 Live APIs & TN Dam Registry (Static Baseline (Inland District), Open-Meteo Flood REST API (Live Ingested), OpenStreetMap Nominatim REST API (Live Ingested), NASA POWER Satellite REST API (Live Ingested), Open-Meteo Elevation REST API (Live Ingested))",Jedarpalayam Barrage Anicut,Kaveri River,1.19,NORMAL - Stable Reservoir Water Level
Pudukkottai,2026-08-29 11:38:50,10.3797,78.8202,35.0,75,9.1,3,0.6,6.9,25.4,3.63,6.75,0.5,5.0,0.12,5.5,administrative,3.76,0.62,4.5,100.0,"All 5 Live APIs & TN Dam Registry (Open-Meteo Marine REST API (Live Ingested), Open-Meteo Flood REST API (Live Ingested), OpenStreetMap Nominatim REST API (Live Ingested), NASA POWER Satellite REST API (Live Ingested), Open-Meteo Elevation REST API (Live Ingested))",Kavinad Big Tank Anicut,Agniyar Basin,0.12,NORMAL - Stable Reservoir Water Level
Sivaganga,2026-08-29 11:38:55,9.8433,78.4809,34.5,75,7.2,3,0.8,4.3,7.3,1.04,4.0,0.0,5.0,0.01,5.0,town,3.5,0.75,4.5,99.0,"All 5 Live APIs & TN Dam Registry (Static Baseline (Inland District), Open-Meteo Flood REST API (Live Ingested), OpenStreetMap Nominatim REST API (Live Ingested), NASA POWER Satellite REST API (Live Ingested), Open-Meteo Elevation REST API (Live Ingested))",Vaigai Downstream Regulator Tanks,Vaigai Channel,0.01,NORMAL - Stable Reservoir Water Level
Theni,2026-08-29 11:39:01,10.0104,77.4768,34.8,75,10.0,3,0.1,4.7,19.7,2.81,1.0,0.0,5.15,67.39,5.5,suburb,6.44,0.78,7.0,298.0,"All 5 Live APIs & TN Dam Registry (Static Baseline (Inland District), Open-Meteo Flood REST API (Live Ingested), OpenStreetMap Nominatim REST API (Live Ingested), NASA POWER Satellite REST API (Live Ingested), Open-Meteo Elevation REST API (Live Ingested))",Vaigai Dam,Vaigai River,25.0,WARNING - Controlled Reservoir Release
Tiruvallur,2026-08-29 11:39:07,13.1432,79.907,35.3,75,17.4,2,2.2,3.7,21.1,3.01,8.25,0.5,4.99,0.56,8.0,suburb,3.34,0.83,4.0,46.0,"All 5 Live APIs & TN Dam Registry (Open-Meteo Marine REST API (Live Ingested), Open-Meteo Flood REST API (Live Ingested), OpenStreetMap Nominatim REST API (Live Ingested), NASA POWER Satellite REST API (Live Ingested), Open-Meteo Elevation REST API (Live Ingested))",Poondi Reservoir (Sathyamurthy),Kosasthalaiyar River,0.05,NORMAL - Stable Reservoir Water Level
Tiruvannamalai,2026-08-29 11:39:14,12.2253,79.0747,34.0,75,20.7,3,0.3,6.4,16.2,2.31,1.0,0.0,4.98,0.86,5.5,town,4.2,0.65,5.0,173.0,"All 5 Live APIs & TN Dam Registry (Static Baseline (Inland District), Open-Meteo Flood REST API (Live Ingested), OpenStreetMap Nominatim REST API (Live Ingested), NASA POWER Satellite REST API (Live Ingested), Open-Meteo Elevation REST API (Live Ingested))",Sathanur Dam,Ponnayyar River,0.16,NORMAL - Stable Reservoir Water Level
Tiruvarur,2026-08-29 11:39:20,10.7709,79.6366,33.8,75,15.4,3,0.5,7.4,12.0,1.71,8.75,0.5,4.48,0.77,3.5,hamlet,2.68,0.66,3.0,12.0,"All 5 Live APIs & TN Dam Registry (Open-Meteo Marine REST API (Live Ingested), Open-Meteo Flood REST API (Live Ingested), OpenStreetMap Nominatim REST API (Live Ingested), NASA POWER Satellite REST API (Live Ingested), Open-Meteo Elevation REST API (Live Ingested))",Vennar Regulator Anicut,Kaveri Delta Vennar,0.77,NORMAL - Stable Reservoir Water Level
Viluppuram,2026-08-29 11:39:30,11.9401,79.4861,29.5,78,10.5,1,8.5,25.0,65.0,9.28,5.0,0.0,5.0,0.0,5.0,fallback,4.0,0.5,5.0,10.0,Synthetic Fallback Engine,Viluppuram Reservoir,Regional River Basin,0.0,NORMAL - Stable Reservoir Water Level
Virudhunagar,2026-08-29 11:39:37,9.5872,77.9624,37.3,75,5.2,3,0.7,3.2,16.1,2.3,1.0,0.0,5.0,0.04,4.5,village,3.48,0.76,5.0,101.0,"All 5 Live APIs & TN Dam Registry (Static Baseline (Inland District), Open-Meteo Flood REST API (Live Ingested), OpenStreetMap Nominatim REST API (Live Ingested), NASA POWER Satellite REST API (Live Ingested), Open-Meteo Elevation REST API (Live Ingested))",Pilavakkal Periyar & Kovilar Dam,Arjunabasin,0.04,NORMAL - Stable Reservoir Water Level
Ariyalur,2026-08-29 11:39:45,11.1401,79.0782,34.1,75,15.0,3,0.1,2.0,25.6,3.66,1.0,0.0,4.5,0.07,3.0,hamlet,3.68,0.66,5.0,84.0,"All 5 Live APIs & TN Dam Registry (Static Baseline (Inland District), Open-Meteo Flood REST API (Live Ingested), OpenStreetMap Nominatim REST API (Live Ingested), NASA POWER Satellite REST API (Live Ingested), Open-Meteo Elevation REST API (Live Ingested))",Marudhaiyar Storage Dam,Marudhaiyar River,0.07,NORMAL - Stable Reservoir Water Level
Perambalur,2026-08-29 11:39:52,11.2342,78.882,34.3,75,6.6,3,0.0,3.4,19.2,2.74,1.0,0.0,4.49,0.43,4.5,town,3.86,0.57,5.0,123.0,"All 5 Live APIs & TN Dam Registry (Static Baseline (Inland District), Open-Meteo Flood REST API (Live Ingested), OpenStreetMap Nominatim REST API (Live Ingested), NASA POWER Satellite REST API (Live Ingested), Open-Meteo Elevation REST API (Live Ingested))",Visvakudi Dam,Kallar River,0.43,NORMAL - Stable Reservoir Water Level
Nilgiris,2026-08-29 11:39:59,11.4102,76.695,20.1,75,14.1,3,0.0,6.2,42.7,6.1,1.0,0.0,5.99,0.26,3.0,village,8.24,0.63,7.0,2235.0,"All 5 Live APIs & TN Dam Registry (Static Baseline (Inland District), Open-Meteo Flood REST API (Live Ingested), OpenStreetMap Nominatim REST API (Live Ingested), NASA POWER Satellite REST API (Live Ingested), Open-Meteo Elevation REST API (Live Ingested))",Pykara Dam & Emerald Reservoir,Kundah Hydroelectric Basin,0.26,NORMAL - Stable Reservoir Water Level
Ranipet,2026-08-29 11:40:06,12.9296,79.3333,34.2,75,20.0,2,0.5,5.1,27.7,3.96,1.0,0.0,5.0,0.21,6.5,quarter,3.58,0.71,5.0,173.0,"All 5 Live APIs & TN Dam Registry (Static Baseline (Inland District), Open-Meteo Flood REST API (Live Ingested), OpenStreetMap Nominatim REST API (Live Ingested), NASA POWER Satellite REST API (Live Ingested), Open-Meteo Elevation REST API (Live Ingested))",Kaveripakkam Lake & Palar Anicut,Palar River,0.21,NORMAL - Stable Reservoir Water Level
Tirupathur,2026-08-29 11:40:12,12.4929,78.5678,33.0,75,23.3,3,0.4,3.9,33.3,4.76,1.0,0.0,5.0,0.12,4.0,village,4.32,0.59,6.0,392.0,"All 5 Live APIs & TN Dam Registry (Static Baseline (Inland District), Open-Meteo Flood REST API (Live Ingested), OpenStreetMap Nominatim REST API (Live Ingested), NASA POWER Satellite REST API (Live Ingested), Open-Meteo Elevation REST API (Live Ingested))",Mordhana Dam,Koundinya River,0.12,NORMAL - Stable Reservoir Water Level
Chengalpattu,2026-08-29 11:40:19,12.6921,79.9777,33.3,75,15.4,3,12.6,4.7,29.9,4.27,8.75,0.5,5.0,0.15,8.5,suburb,3.46,0.77,4.0,52.0,"All 5 Live APIs & TN Dam Registry (Open-Meteo Marine REST API (Live Ingested), Open-Meteo Flood REST API (Live Ingested), OpenStreetMap Nominatim REST API (Live Ingested), NASA POWER Satellite REST API (Live Ingested), Open-Meteo Elevation REST API (Live Ingested))",Chembarambakkam Reservoir,Adyar River,0.85,NORMAL - Stable Reservoir Water Level
Kallakurichi,2026-08-29 11:40:24,11.7384,78.9639,33.5,75,5.7,3,2.1,6.5,16.0,2.29,1.0,0.0,4.49,0.34,5.0,town,4.36,0.57,5.0,131.0,"All 5 Live APIs & TN Dam Registry (Static Baseline (Inland District), Open-Meteo Flood REST API (Live Ingested), OpenStreetMap Nominatim REST API (Live Ingested), NASA POWER Satellite REST API (Live Ingested), Open-Meteo Elevation REST API (Live Ingested))",Gomukhi Dam,Gomukhi River,0.34,NORMAL - Stable Reservoir Water Level
Tenkasi,2026-08-29 11:40:29,8.9593,77.3149,28.7,75,24.1,51,2.9,7.4,21.5,3.07,1.0,0.0,5.27,11.36,3.5,village,4.86,0.82,5.5,168.0,"All 5 Live APIs & TN Dam Registry (Static Baseline (Inland District), Open-Meteo Flood REST API (Live Ingested), OpenStreetMap Nominatim REST API (Live Ingested), NASA POWER Satellite REST API (Live Ingested), Open-Meteo Elevation REST API (Live Ingested))",Karuppanadhi & Adavinainar Dams,Hanumanadhi River,11.36,NORMAL - Stable Reservoir Water Level
Mayiladuthurai,2026-08-29 11:40:37,11.1018,79.6522,33.4,75,13.2,3,0.4,2.7,6.2,0.89,9.25,0.5,3.99,0.44,6.0,suburb,3.18,0.66,3.0,17.0,"All 5 Live APIs & TN Dam Registry (Open-Meteo Marine REST API (Live Ingested), Open-Meteo Flood REST API (Live Ingested), OpenStreetMap Nominatim REST API (Live Ingested), NASA POWER Satellite REST API (Live Ingested), Open-Meteo Elevation REST API (Live Ingested))",Anaikarai Lower Anaicut,Kollidam River,0.44,NORMAL - Stable Reservoir Water Level
Coimbatore,2026-08-29 11:44:28,11.0168,76.9558,30.0,75,19.8,3,0.0,6.0,28.2,4.03,1.0,0.0,6.49,0.64,9.0,administrative,4.52,0.74,7.5,431.0,"All 5 Live APIs & TN Dam Registry (Static Baseline (Inland District), Open-Meteo Flood REST API (Live Ingested), OpenStreetMap Nominatim REST API (Live Ingested), NASA POWER Satellite REST API (Live Ingested), Open-Meteo Elevation REST API (Live Ingested))",Aliyar Dam & Sholayar Dam,Aliyar / Parambikulam Basin,17.16,WARNING - Controlled Reservoir Release
Chennai,2026-08-29 11:44:38,13.0827,80.2707,35.6,75,15.8,1,2.7,3.9,25.9,3.7,10.0,0.86,3.9,5.0,10.0,administrative,2.34,0.83,2.5,12.0,"All 5 Live APIs & TN Dam Registry (Open-Meteo Marine REST API (Live Ingested), Open-Meteo Flood REST API (Live Ingested), OpenStreetMap Nominatim REST API (Live Ingested), NASA POWER Satellite REST API (Live Ingested), Open-Meteo Elevation REST API (Live Ingested))",Chembarambakkam & Poondi Feeder Reservoirs,Adyar / Kosasthalaiyar Basin,1.5,NORMAL - Stable Reservoir Water Level
Madurai,2026-08-29 11:44:44,9.9252,78.1198,36.3,75,6.9,3,0.5,2.8,14.2,2.03,1.0,0.0,5.49,0.68,8.5,suburb,3.54,0.73,5.0,141.0,"All 5 Live APIs & TN Dam Registry (Static Baseline (Inland District), Open-Meteo Flood REST API (Live Ingested), OpenStreetMap Nominatim REST API (Live Ingested), NASA POWER Satellite REST API (Live Ingested), Open-Meteo Elevation REST API (Live Ingested))",Vaigai River Regulator Anicut,Vaigai River Basin,0.68,NORMAL - Stable Reservoir Water Level
Salem,2026-08-29 11:44:52,11.6643,78.146,32.1,75,9.5,3,1.2,5.3,28.7,4.1,1.0,0.0,6.95,2.42,8.0,quarter,4.92,0.54,7.0,284.0,"All 5 Live APIs & TN Dam Registry (Static Baseline (Inland District), Open-Meteo Flood REST API (Live Ingested), OpenStreetMap Nominatim REST API (Live Ingested), NASA POWER Satellite REST API (Live Ingested), Open-Meteo Elevation REST API (Live Ingested))",Mettur Dam (Stanley Reservoir),Kaveri River,0.05,NORMAL - Stable Reservoir Water Level
Erode,2026-08-29 11:44:57,11.341,77.7172,35.1,75,11.3,3,0.6,4.0,26.3,3.76,1.0,0.0,1.0,306.61,7.5,suburb,4.48,0.51,6.0,177.0,"All 5 Live APIs & TN Dam Registry (Static Baseline (Inland District), Open-Meteo Flood REST API (Live Ingested), OpenStreetMap Nominatim REST API (Live Ingested), NASA POWER Satellite REST API (Live Ingested), Open-Meteo Elevation REST API (Live Ingested))",Bhavanisagar Dam,Bhavani River,56.02,CRITICAL - Emergency Spillway Release Warning
Tiruchirappalli,2026-08-29 11:45:03,10.7905,78.7047,35.7,75,19.7,3,0.0,4.3,11.0,1.57,1.0,0.0,5.98,1.07,8.0,administrative,3.86,0.57,5.5,80.0,"All 5 Live APIs & TN Dam Registry (Static Baseline (Inland District), Open-Meteo Flood REST API (Live Ingested), OpenStreetMap Nominatim REST API (Live Ingested), NASA POWER Satellite REST API (Live Ingested), Open-Meteo Elevation REST API (Live Ingested))",Mukkombu & Grand Anaicut (Kallanai),Kaveri / Kollidam River,2.08,NORMAL - Stable Reservoir Water Level
Tirunelveli,2026-08-29 11:45:08,8.7139,77.7567,36.9,75,19.2,3,0.1,3.7,7.0,1.0,4.75,0.5,5.52,24.12,7.0,suburb,4.34,0.83,5.0,50.0,"All 5 Live APIs & TN Dam Registry (Open-Meteo Marine REST API (Live Ingested), Open-Meteo Flood REST API (Live Ingested), OpenStreetMap Nominatim REST API (Live Ingested), NASA POWER Satellite REST API (Live Ingested), Open-Meteo Elevation REST API (Live Ingested))",Papanasam & Manimuthar Dams,Thamirabarani River,15.33,WARNING - Controlled Reservoir Release
Vellore,2026-08-29 11:45:13,12.9165,79.1325,36.2,75,21.5,2,0.2,5.2,26.9,3.84,1.0,0.0,5.0,0.23,7.5,suburb,3.58,0.71,6.0,218.0,"All 5 Live APIs & TN Dam Registry (Static Baseline (Inland District), Open-Meteo Flood REST API (Live Ingested), OpenStreetMap Nominatim REST API (Live Ingested), NASA POWER Satellite REST API (Live Ingested), Open-Meteo Elevation REST API (Live Ingested))",Palar River Regulator Dam,Palar River,0.23,NORMAL - Stable Reservoir Water Level
Thanjavur,2026-08-29 11:45:19,10.787,79.1378,34.3,75,17.0,3,1.0,2.8,7.9,1.13,7.25,0.5,5.47,1.33,6.5,suburb,3.18,0.66,4.5,59.0,"All 5 Live APIs & TN Dam Registry (Open-Meteo Marine REST API (Live Ingested), Open-Meteo Flood REST API (Live Ingested), OpenStreetMap Nominatim REST API (Live Ingested), NASA POWER Satellite REST API (Live Ingested), Open-Meteo Elevation REST API (Live Ingested))",Grand Anaicut (Kallanai Regulator),Kaveri Delta Channels,2.06,NORMAL - Stable Reservoir Water Level
Kanchipuram,2026-08-29 11:45:24,12.8342,79.7036,34.2,75,17.2,1,2.7,3.4,33.1,4.73,4.0,0.0,5.0,0.04,6.0,village,3.34,0.83,5.0,88.0,"All 5 Live APIs & TN Dam Registry (Static Baseline (Inland District), Open-Meteo Flood REST API (Live Ingested), OpenStreetMap Nominatim REST API (Live Ingested), NASA POWER Satellite REST API (Live Ingested), Open-Meteo Elevation REST API (Live Ingested))",Palar River Anicut & Regulators,Palar River,0.04,NORMAL - Stable Reservoir Water Level
Cuddalore,2026-08-29 11:45:31,11.748,79.7714,33.0,75,12.5,3,1.4,2.6,16.0,2.29,9.16,0.44,4.4,5.0,7.0,suburb,3.84,0.83,3.0,7.0,"All 5 Live APIs & TN Dam Registry (Open-Meteo Marine REST API (Live Ingested), Open-Meteo Flood REST API (Live Ingested), OpenStreetMap Nominatim REST API (Live Ingested), NASA POWER Satellite REST API (Live Ingested), Open-Meteo Elevation REST API (Live Ingested))",Sethiathope Anicut & Vellar Basin,Vellar River,1.5,NORMAL - Stable Reservoir Water Level
Tiruppur,2026-08-29 11:45:36,11.1085,77.3411,33.0,75,14.7,3,1.2,3.2,15.5,2.21,1.0,0.0,5.7,15.18,8.5,suburb,4.38,0.56,6.5,304.0,"All 5 Live APIs & TN Dam Registry (Static Baseline (Inland District), Open-Meteo Flood REST API (Live Ingested), OpenStreetMap Nominatim REST API (Live Ingested), NASA POWER Satellite REST API (Live Ingested), Open-Meteo Elevation REST API (Live Ingested))",Amaravathi Dam,Amaravathi River,42.95,WARNING - Controlled Reservoir Release
Dindigul,2026-08-29 11:45:42,10.3673,77.9803,36.3,75,7.3,51,0.4,5.6,34.6,4.94,1.0,0.0,5.99,0.56,4.5,village,5.74,0.63,6.5,284.0,"All 5 Live APIs & TN Dam Registry (Static Baseline (Inland District), Open-Meteo Flood REST API (Live Ingested), OpenStreetMap Nominatim REST API (Live Ingested), NASA POWER Satellite REST API (Live Ingested), Open-Meteo Elevation REST API (Live Ingested))",Palar-Porandalar & Kudaraganar Dam,Shanmuganadhi Basin,0.56,NORMAL - Stable Reservoir Water Level
Kanyakumari,2026-08-29 11:45:49,8.1833,77.4119,33.2,75,25.3,1,0.2,5.4,20.5,2.93,10.0,1.64,5.47,1.28,7.5,suburb,5.54,0.73,5.0,58.0,"All 5 Live APIs & TN Dam Registry (Open-Meteo Marine REST API (Live Ingested), Open-Meteo Flood REST API (Live Ingested), OpenStreetMap Nominatim REST API (Live Ingested), NASA POWER Satellite REST API (Live Ingested), Open-Meteo Elevation REST API (Live Ingested))",Pechiparai & Perunchani Dams,Kodayar River,0.4,NORMAL - Stable Reservoir Water Level
Nagapattinam,2026-08-29 11:45:55,10.7672,79.8449,34.8,75,16.2,3,0.8,6.4,12.2,1.74,9.87,0.58,3.98,0.99,4.0,hamlet,2.84,0.83,2.5,7.0,"All 5 Live APIs & TN Dam Registry (Open-Meteo Marine REST API (Live Ingested), Open-Meteo Flood REST API (Live Ingested), OpenStreetMap Nominatim REST API (Live Ingested), NASA POWER Satellite REST API (Live Ingested), Open-Meteo Elevation REST API (Live Ingested))",Coleroon River Tail-End Anicut,Kollidam Delta,0.99,NORMAL - Stable Reservoir Water Level
Thoothukudi,2026-08-29 11:46:01,8.7642,78.1348,37.4,75,16.4,3,0.0,8.5,13.9,1.99,10.0,1.26,4.99,0.71,7.5,suburb,2.46,0.77,3.5,3.0,"All 5 Live APIs & TN Dam Registry (Open-Meteo Marine REST API (Live Ingested), Open-Meteo Flood REST API (Live Ingested), OpenStreetMap Nominatim REST API (Live Ingested), NASA POWER Satellite REST API (Live Ingested), Open-Meteo Elevation REST API (Live Ingested))",Srivaikuntam Dam Anicut,Thamirabarani River Delta,22.17,WARNING - Controlled Reservoir Release
Ramanathapuram,2026-08-29 11:46:10,9.3639,78.8318,37.5,75,13.2,3,0.9,5.5,10.3,1.47,10.0,1.06,1.87,106.65,5.0,town,2.44,0.78,3.0,11.0,"All 5 Live APIs & TN Dam Registry (Open-Meteo Marine REST API (Live Ingested), Open-Meteo Flood REST API (Live Ingested), OpenStreetMap Nominatim REST API (Live Ingested), NASA POWER Satellite REST API (Live Ingested), Open-Meteo Elevation REST API (Live Ingested))",Ramanathapuram Big Tank (Periyakulam),Vaigai Delta Storage,106.65,CRITICAL - Emergency Spillway Release Warning
Dharmapuri,2026-08-29 11:46:16,12.1211,78.1582,33.6,75,23.0,3,1.4,4.5,16.6,2.37,1.0,0.0,5.0,0.01,5.5,city,4.96,0.52,6.5,461.0,"All 5 Live APIs & TN Dam Registry (Static Baseline (Inland District), Open-Meteo Flood REST API (Live Ingested), OpenStreetMap Nominatim REST API (Live Ingested), NASA POWER Satellite REST API (Live Ingested), Open-Meteo Elevation REST API (Live Ingested))",Kesaragulihalla Dam,Pennagaram Basin,0.01,NORMAL - Stable Reservoir Water Level
Krishnagiri,2026-08-29 11:46:23,12.5186,78.2137,31.9,75,26.5,2,0.5,1.8,21.2,3.03,1.0,0.0,5.5,0.05,4.0,village,5.12,0.44,7.0,489.0,"All 5 Live APIs & TN Dam Registry (Static Baseline (Inland District), Open-Meteo Flood REST API (Live Ingested), OpenStreetMap Nominatim REST API (Live Ingested), NASA POWER Satellite REST API (Live Ingested), Open-Meteo Elevation REST API (Live Ingested))",Krishnagiri Reservoir Project (KRP Dam),South Pennar River,0.47,NORMAL - Stable Reservoir Water Level
Karur,2026-08-29 11:46:29,10.9601,78.0766,34.9,75,23.8,3,0.0,3.0,9.8,1.4,1.0,0.0,4.19,65.53,6.0,suburb,3.38,0.56,5.5,128.0,"All 5 Live APIs & TN Dam Registry (Static Baseline (Inland District), Open-Meteo Flood REST API (Live Ingested), OpenStreetMap Nominatim REST API (Live Ingested), NASA POWER Satellite REST API (Live Ingested), Open-Meteo Elevation REST API (Live Ingested))",Mayanur Barrage Regulator,Kaveri River,65.53,CRITICAL - Emergency Spillway Release Warning
Namakkal,2026-08-29 11:46:34,11.2189,78.1674,33.6,75,10.5,3,0.8,2.8,11.8,1.69,1.0,0.0,5.48,1.19,6.5,suburb,3.88,0.56,6.0,200.0,"All 5 Live APIs & TN Dam Registry (Static Baseline (Inland District), Open-Meteo Flood REST API (Live Ingested), OpenStreetMap Nominatim REST API (Live Ingested), NASA POWER Satellite REST API (Live Ingested), Open-Meteo Elevation REST API (Live Ingested))",Jedarpalayam Barrage Anicut,Kaveri River,1.19,NORMAL - Stable Reservoir Water Level
Pudukkottai,2026-08-29 11:46:40,10.3797,78.8202,35.2,75,8.8,3,0.6,6.9,25.4,3.63,6.75,0.5,5.0,0.12,5.5,administrative,3.76,0.62,4.5,100.0,"All 5 Live APIs & TN Dam Registry (Open-Meteo Marine REST API (Live Ingested), Open-Meteo Flood REST API (Live Ingested), OpenStreetMap Nominatim REST API (Live Ingested), NASA POWER Satellite REST API (Live Ingested), Open-Meteo Elevation REST API (Live Ingested))",Kavinad Big Tank Anicut,Agniyar Basin,0.12,NORMAL - Stable Reservoir Water Level
Sivaganga,2026-08-29 11:46:45,9.8433,78.4809,34.9,75,6.1,3,0.8,4.3,7.3,1.04,4.0,0.0,5.0,0.01,5.0,town,3.5,0.75,4.5,99.0,"All 5 Live APIs & TN Dam Registry (Static Baseline (Inland District), Open-Meteo Flood REST API (Live Ingested), OpenStreetMap Nominatim REST API (Live Ingested), NASA POWER Satellite REST API (Live Ingested), Open-Meteo Elevation REST API (Live Ingested))",Vaigai Downstream Regulator Tanks,Vaigai Channel,0.01,NORMAL - Stable Reservoir Water Level
Theni,2026-08-29 11:46:50,10.0104,77.4768,35.1,75,10.0,3,0.1,4.7,19.7,2.81,1.0,0.0,5.15,67.39,5.5,suburb,6.44,0.78,7.0,298.0,"All 5 Live APIs & TN Dam Registry (Static Baseline (Inland District), Open-Meteo Flood REST API (Live Ingested), OpenStreetMap Nominatim REST API (Live Ingested), NASA POWER Satellite REST API (Live Ingested), Open-Meteo Elevation REST API (Live Ingested))",Vaigai Dam,Vaigai River,25.0,WARNING - Controlled Reservoir Release
Tiruvallur,2026-08-29 11:46:56,13.1432,79.907,35.6,75,17.3,2,2.2,3.7,21.1,3.01,8.25,0.5,4.99,0.56,8.0,suburb,3.34,0.83,4.0,46.0,"All 5 Live APIs & TN Dam Registry (Open-Meteo Marine REST API (Live Ingested), Open-Meteo Flood REST API (Live Ingested), OpenStreetMap Nominatim REST API (Live Ingested), NASA POWER Satellite REST API (Live Ingested), Open-Meteo Elevation REST API (Live Ingested))",Poondi Reservoir (Sathyamurthy),Kosasthalaiyar River,0.05,NORMAL - Stable Reservoir Water Level
Tiruvannamalai,2026-08-29 11:47:01,12.2253,79.0747,34.3,75,20.4,3,0.3,6.4,16.2,2.31,1.0,0.0,4.98,0.86,5.5,town,4.2,0.65,5.0,173.0,"All 5 Live APIs & TN Dam Registry (Static Baseline (Inland District), Open-Meteo Flood REST API (Live Ingested), OpenStreetMap Nominatim REST API (Live Ingested), NASA POWER Satellite REST API (Live Ingested), Open-Meteo Elevation REST API (Live Ingested))",Sathanur Dam,Ponnayyar River,0.16,NORMAL - Stable Reservoir Water Level
Tiruvarur,2026-08-29 11:47:11,10.7709,79.6366,34.0,75,15.3,3,0.5,7.4,12.0,1.71,8.75,0.5,4.48,0.77,3.5,hamlet,2.68,0.66,3.0,12.0,"All 5 Live APIs & TN Dam Registry (Open-Meteo Marine REST API (Live Ingested), Open-Meteo Flood REST API (Live Ingested), OpenStreetMap Nominatim REST API (Live Ingested), NASA POWER Satellite REST API (Live Ingested), Open-Meteo Elevation REST API (Live Ingested))",Vennar Regulator Anicut,Kaveri Delta Vennar,0.77,NORMAL - Stable Reservoir Water Level
Viluppuram,2026-08-29 11:47:21,11.9401,79.4861,29.5,78,10.5,1,8.5,25.0,65.0,9.28,5.0,0.0,5.0,0.0,5.0,fallback,4.0,0.5,5.0,10.0,Synthetic Fallback Engine,Viluppuram Reservoir,Regional River Basin,0.0,NORMAL - Stable Reservoir Water Level
Virudhunagar,2026-08-29 11:47:27,9.5872,77.9624,37.5,75,5.4,3,0.7,3.2,16.1,2.3,1.0,0.0,5.0,0.04,4.5,village,3.48,0.76,5.0,101.0,"All 5 Live APIs & TN Dam Registry (Static Baseline (Inland District), Open-Meteo Flood REST API (Live Ingested), OpenStreetMap Nominatim REST API (Live Ingested), NASA POWER Satellite REST API (Live Ingested), Open-Meteo Elevation REST API (Live Ingested))",Pilavakkal Periyar & Kovilar Dam,Arjunabasin,0.04,NORMAL - Stable Reservoir Water Level
Ariyalur,2026-08-29 11:47:36,11.1401,79.0782,34.5,75,15.6,3,0.1,2.0,25.6,3.66,1.0,0.0,4.5,0.07,3.0,hamlet,3.68,0.66,5.0,84.0,"All 5 Live APIs & TN Dam Registry (Static Baseline (Inland District), Open-Meteo Flood REST API (Live Ingested), OpenStreetMap Nominatim REST API (Live Ingested), NASA POWER Satellite REST API (Live Ingested), Open-Meteo Elevation REST API (Live Ingested))",Marudhaiyar Storage Dam,Marudhaiyar River,0.07,NORMAL - Stable Reservoir Water Level
Perambalur,2026-08-29 11:47:42,11.2342,78.882,34.7,75,6.7,3,0.0,3.4,19.2,2.74,1.0,0.0,4.49,0.43,4.5,town,3.86,0.57,5.0,123.0,"All 5 Live APIs & TN Dam Registry (Static Baseline (Inland District), Open-Meteo Flood REST API (Live Ingested), OpenStreetMap Nominatim REST API (Live Ingested), NASA POWER Satellite REST API (Live Ingested), Open-Meteo Elevation REST API (Live Ingested))",Visvakudi Dam,Kallar River,0.43,NORMAL - Stable Reservoir Water Level
Nilgiris,2026-08-29 11:47:47,11.4102,76.695,20.2,75,14.3,3,0.0,6.2,42.7,6.1,1.0,0.0,5.99,0.26,3.0,village,8.24,0.63,7.0,2235.0,"All 5 Live APIs & TN Dam Registry (Static Baseline (Inland District), Open-Meteo Flood REST API (Live Ingested), OpenStreetMap Nominatim REST API (Live Ingested), NASA POWER Satellite REST API (Live Ingested), Open-Meteo Elevation REST API (Live Ingested))",Pykara Dam & Emerald Reservoir,Kundah Hydroelectric Basin,0.26,NORMAL - Stable Reservoir Water Level
Ranipet,2026-08-29 11:47:53,12.9296,79.3333,34.5,75,19.7,1,0.5,5.1,27.7,3.96,1.0,0.0,5.0,0.21,6.5,quarter,3.58,0.71,5.0,173.0,"All 5 Live APIs & TN Dam Registry (Static Baseline (Inland District), Open-Meteo Flood REST API (Live Ingested), OpenStreetMap Nominatim REST API (Live Ingested), NASA POWER Satellite REST API (Live Ingested), Open-Meteo Elevation REST API (Live Ingested))",Kaveripakkam Lake & Palar Anicut,Palar River,0.21,NORMAL - Stable Reservoir Water Level
Tirupathur,2026-08-29 11:47:59,12.4929,78.5678,33.2,75,23.4,3,0.4,3.9,33.3,4.76,1.0,0.0,5.0,0.12,4.0,village,4.32,0.59,6.0,392.0,"All 5 Live APIs & TN Dam Registry (Static Baseline (Inland District), Open-Meteo Flood REST API (Live Ingested), OpenStreetMap Nominatim REST API (Live Ingested), NASA POWER Satellite REST API (Live Ingested), Open-Meteo Elevation REST API (Live Ingested))",Mordhana Dam,Koundinya River,0.12,NORMAL - Stable Reservoir Water Level
Chengalpattu,2026-08-29 11:48:06,12.6921,79.9777,33.5,75,15.4,3,12.6,4.7,29.9,4.27,8.75,0.5,5.0,0.15,8.5,suburb,3.46,0.77,4.0,52.0,"All 5 Live APIs & TN Dam Registry (Open-Meteo Marine REST API (Live Ingested), Open-Meteo Flood REST API (Live Ingested), OpenStreetMap Nominatim REST API (Live Ingested), NASA POWER Satellite REST API (Live Ingested), Open-Meteo Elevation REST API (Live Ingested))",Chembarambakkam Reservoir,Adyar River,0.85,NORMAL - Stable Reservoir Water Level
Kallakurichi,2026-08-29 11:48:12,11.7384,78.9639,33.9,75,5.6,3,2.1,6.5,16.0,2.29,1.0,0.0,4.49,0.34,5.0,town,4.36,0.57,5.0,131.0,"All 5 Live APIs & TN Dam Registry (Static Baseline (Inland District), Open-Meteo Flood REST API (Live Ingested), OpenStreetMap Nominatim REST API (Live Ingested), NASA POWER Satellite REST API (Live Ingested), Open-Meteo Elevation REST API (Live Ingested))",Gomukhi Dam,Gomukhi River,0.34,NORMAL - Stable Reservoir Water Level
Tenkasi,2026-08-29 11:48:18,8.9593,77.3149,28.7,75,24.2,51,2.9,7.4,21.5,3.07,1.0,0.0,5.27,11.36,3.5,village,4.86,0.82,5.5,168.0,"All 5 Live APIs & TN Dam Registry (Static Baseline (Inland District), Open-Meteo Flood REST API (Live Ingested), OpenStreetMap Nominatim REST API (Live Ingested), NASA POWER Satellite REST API (Live Ingested), Open-Meteo Elevation REST API (Live Ingested))",Karuppanadhi & Adavinainar Dams,Hanumanadhi River,11.36,NORMAL - Stable Reservoir Water Level
Mayiladuthurai,2026-08-29 11:48:24,11.1018,79.6522,33.7,75,13.3,3,0.4,2.7,6.2,0.89,9.25,0.5,3.99,0.44,6.0,suburb,3.18,0.66,3.0,17.0,"All 5 Live APIs & TN Dam Registry (Open-Meteo Marine REST API (Live Ingested), Open-Meteo Flood REST API (Live Ingested), OpenStreetMap Nominatim REST API (Live Ingested), NASA POWER Satellite REST API (Live Ingested), Open-Meteo Elevation REST API (Live Ingested))",Anaikarai Lower Anaicut,Kollidam River,0.44,NORMAL - Stable Reservoir Water Level
Coimbatore,2026-08-29 12:08:30,11.0168,76.9558,30.0,75,21.6,3,0.0,6.0,28.2,4.03,1.0,0.0,6.49,0.64,9.0,administrative,4.52,0.74,7.5,431.0,"All 5 Live APIs & TN Dam Registry (Static Baseline (Inland District), Open-Meteo Flood REST API (Live Ingested), OpenStreetMap Nominatim REST API (Live Ingested), NASA POWER Satellite REST API (Live Ingested), Open-Meteo Elevation REST API (Live Ingested))",Aliyar Dam & Sholayar Dam,Aliyar / Parambikulam Basin,17.16,WARNING - Controlled Reservoir Release
Chennai,2026-08-29 12:08:36,13.0827,80.2707,36.2,75,16.6,2,2.7,3.9,25.9,3.7,10.0,0.86,3.9,5.0,10.0,administrative,2.34,0.83,2.5,12.0,"All 5 Live APIs & TN Dam Registry (Open-Meteo Marine REST API (Live Ingested), Open-Meteo Flood REST API (Live Ingested), OpenStreetMap Nominatim REST API (Live Ingested), NASA POWER Satellite REST API (Live Ingested), Open-Meteo Elevation REST API (Live Ingested))",Chembarambakkam & Poondi Feeder Reservoirs,Adyar / Kosasthalaiyar Basin,1.5,NORMAL - Stable Reservoir Water Level
Madurai,2026-08-29 12:08:41,9.9252,78.1198,36.9,75,6.6,3,0.5,2.8,14.2,2.03,1.0,0.0,5.49,0.68,8.5,suburb,3.54,0.73,5.0,141.0,"All 5 Live APIs & TN Dam Registry (Static Baseline (Inland District), Open-Meteo Flood REST API (Live Ingested), OpenStreetMap Nominatim REST API (Live Ingested), NASA POWER Satellite REST API (Live Ingested), Open-Meteo Elevation REST API (Live Ingested))",Vaigai River Regulator Anicut,Vaigai River Basin,0.68,NORMAL - Stable Reservoir Water Level
Salem,2026-08-29 12:08:46,11.6643,78.146,32.6,75,9.9,3,1.2,5.3,28.7,4.1,1.0,0.0,6.95,2.42,8.0,quarter,4.92,0.54,7.0,284.0,"All 5 Live APIs & TN Dam Registry (Static Baseline (Inland District), Open-Meteo Flood REST API (Live Ingested), OpenStreetMap Nominatim REST API (Live Ingested), NASA POWER Satellite REST API (Live Ingested), Open-Meteo Elevation REST API (Live Ingested))",Mettur Dam (Stanley Reservoir),Kaveri River,0.05,NORMAL - Stable Reservoir Water Level
Erode,2026-08-29 12:08:51,11.341,77.7172,35.8,75,11.0,3,0.6,4.0,26.3,3.76,1.0,0.0,1.0,306.61,7.5,suburb,4.48,0.51,6.0,177.0,"All 5 Live APIs & TN Dam Registry (Static Baseline (Inland District), Open-Meteo Flood REST API (Live Ingested), OpenStreetMap Nominatim REST API (Live Ingested), NASA POWER Satellite REST API (Live Ingested), Open-Meteo Elevation REST API (Live Ingested))",Bhavanisagar Dam,Bhavani River,56.02,CRITICAL - Emergency Spillway Release Warning
Tiruchirappalli,2026-08-29 12:08:55,10.7905,78.7047,36.0,75,20.1,3,0.0,4.3,11.0,1.57,1.0,0.0,5.98,1.07,8.0,administrative,3.86,0.57,5.5,80.0,"All 5 Live APIs & TN Dam Registry (Static Baseline (Inland District), Open-Meteo Flood REST API (Live Ingested), OpenStreetMap Nominatim REST API (Live Ingested), NASA POWER Satellite REST API (Live Ingested), Open-Meteo Elevation REST API (Live Ingested))",Mukkombu & Grand Anaicut (Kallanai),Kaveri / Kollidam River,2.08,NORMAL - Stable Reservoir Water Level
Tirunelveli,2026-08-29 12:09:01,8.7139,77.7567,37.1,75,19.5,3,0.1,3.7,7.0,1.0,4.75,0.5,5.52,24.12,7.0,suburb,4.34,0.83,5.0,50.0,"All 5 Live APIs & TN Dam Registry (Open-Meteo Marine REST API (Live Ingested), Open-Meteo Flood REST API (Live Ingested), OpenStreetMap Nominatim REST API (Live Ingested), NASA POWER Satellite REST API (Live Ingested), Open-Meteo Elevation REST API (Live Ingested))",Papanasam & Manimuthar Dams,Thamirabarani River,15.33,WARNING - Controlled Reservoir Release
Vellore,2026-08-29 12:09:11,12.9165,79.1325,29.5,78,10.5,1,8.5,25.0,65.0,9.28,5.0,0.0,5.0,0.0,5.0,fallback,4.0,0.5,5.0,10.0,Synthetic Fallback Engine,Vellore Reservoir,Regional River Basin,0.0,NORMAL - Stable Reservoir Water Level
Thanjavur,2026-08-29 12:09:18,10.787,79.1378,34.5,75,17.0,3,1.0,2.8,7.9,1.13,7.25,0.5,5.47,1.33,6.5,suburb,3.18,0.66,4.5,59.0,"All 5 Live APIs & TN Dam Registry (Open-Meteo Marine REST API (Live Ingested), Open-Meteo Flood REST API (Live Ingested), OpenStreetMap Nominatim REST API (Live Ingested), NASA POWER Satellite REST API (Live Ingested), Open-Meteo Elevation REST API (Live Ingested))",Grand Anaicut (Kallanai Regulator),Kaveri Delta Channels,2.06,NORMAL - Stable Reservoir Water Level
Kanchipuram,2026-08-29 12:09:23,12.8342,79.7036,34.5,75,17.4,3,2.7,3.4,33.1,4.73,4.0,0.0,5.0,0.04,6.0,village,3.34,0.83,5.0,88.0,"All 5 Live APIs & TN Dam Registry (Static Baseline (Inland District), Open-Meteo Flood REST API (Live Ingested), OpenStreetMap Nominatim REST API (Live Ingested), NASA POWER Satellite REST API (Live Ingested), Open-Meteo Elevation REST API (Live Ingested))",Palar River Anicut & Regulators,Palar River,0.04,NORMAL - Stable Reservoir Water Level
Cuddalore,2026-08-29 12:09:29,11.748,79.7714,33.1,75,11.8,3,1.4,2.6,16.0,2.29,9.16,0.44,4.4,5.0,7.0,suburb,3.84,0.83,3.0,7.0,"All 5 Live APIs & TN Dam Registry (Open-Meteo Marine REST API (Live Ingested), Open-Meteo Flood REST API (Live Ingested), OpenStreetMap Nominatim REST API (Live Ingested), NASA POWER Satellite REST API (Live Ingested), Open-Meteo Elevation REST API (Live Ingested))",Sethiathope Anicut & Vellar Basin,Vellar River,1.5,NORMAL - Stable Reservoir Water Level
Tiruppur,2026-08-29 12:09:33,11.1085,77.3411,33.2,75,15.8,3,1.2,3.2,15.5,2.21,1.0,0.0,5.7,15.18,8.5,suburb,4.38,0.56,6.5,304.0,"All 5 Live APIs & TN Dam Registry (Static Baseline (Inland District), Open-Meteo Flood REST API (Live Ingested), OpenStreetMap Nominatim REST API (Live Ingested), NASA POWER Satellite REST API (Live Ingested), Open-Meteo Elevation REST API (Live Ingested))",Amaravathi Dam,Amaravathi River,42.95,WARNING - Controlled Reservoir Release
Dindigul,2026-08-29 12:09:38,10.3673,77.9803,36.5,75,7.8,51,0.4,5.6,34.6,4.94,1.0,0.0,5.99,0.56,4.5,village,5.74,0.63,6.5,284.0,"All 5 Live APIs & TN Dam Registry (Static Baseline (Inland District), Open-Meteo Flood REST API (Live Ingested), OpenStreetMap Nominatim REST API (Live Ingested), NASA POWER Satellite REST API (Live Ingested), Open-Meteo Elevation REST API (Live Ingested))",Palar-Porandalar & Kudaraganar Dam,Shanmuganadhi Basin,0.56,NORMAL - Stable Reservoir Water Level
Kanyakumari,2026-08-29 12:09:44,8.1833,77.4119,33.4,75,25.5,3,0.2,5.4,20.5,2.93,10.0,1.64,5.47,1.28,7.5,suburb,5.54,0.73,5.0,58.0,"All 5 Live APIs & TN Dam Registry (Open-Meteo Marine REST API (Live Ingested), Open-Meteo Flood REST API (Live Ingested), OpenStreetMap Nominatim REST API (Live Ingested), NASA POWER Satellite REST API (Live Ingested), Open-Meteo Elevation REST API (Live Ingested))",Pechiparai & Perunchani Dams,Kodayar River,0.4,NORMAL - Stable Reservoir Water Level
Nagapattinam,2026-08-29 12:09:49,10.7672,79.8449,35.0,75,16.0,3,0.8,6.4,12.2,1.74,9.87,0.58,3.98,0.99,4.0,hamlet,2.84,0.83,2.5,7.0,"All 5 Live APIs & TN Dam Registry (Open-Meteo Marine REST API (Live Ingested), Open-Meteo Flood REST API (Live Ingested), OpenStreetMap Nominatim REST API (Live Ingested), NASA POWER Satellite REST API (Live Ingested), Open-Meteo Elevation REST API (Live Ingested))",Coleroon River Tail-End Anicut,Kollidam Delta,0.99,NORMAL - Stable Reservoir Water Level
Thoothukudi,2026-08-29 12:09:55,8.7642,78.1348,37.7,75,15.4,2,0.0,8.5,13.9,1.99,10.0,1.26,4.99,0.71,7.5,suburb,2.46,0.77,3.5,3.0,"All 5 Live APIs & TN Dam Registry (Open-Meteo Marine REST API (Live Ingested), Open-Meteo Flood REST API (Live Ingested), OpenStreetMap Nominatim REST API (Live Ingested), NASA POWER Satellite REST API (Live Ingested), Open-Meteo Elevation REST API (Live Ingested))",Srivaikuntam Dam Anicut,Thamirabarani River Delta,22.17,WARNING - Controlled Reservoir Release
Ramanathapuram,2026-08-29 12:10:00,9.3639,78.8318,37.5,75,14.3,3,0.9,5.5,10.3,1.47,10.0,1.06,1.87,106.65,5.0,town,2.44,0.78,3.0,11.0,"All 5 Live APIs & TN Dam Registry (Open-Meteo Marine REST API (Live Ingested), Open-Meteo Flood REST API (Live Ingested), OpenStreetMap Nominatim REST API (Live Ingested), NASA POWER Satellite REST API (Live Ingested), Open-Meteo Elevation REST API (Live Ingested))",Ramanathapuram Big Tank (Periyakulam),Vaigai Delta Storage,106.65,CRITICAL - Emergency Spillway Release Warning
Dharmapuri,2026-08-29 12:10:05,12.1211,78.1582,33.9,75,23.2,3,1.4,4.5,16.6,2.37,1.0,0.0,5.0,0.01,5.5,city,4.96,0.52,6.5,461.0,"All 5 Live APIs & TN Dam Registry (Static Baseline (Inland District), Open-Meteo Flood REST API (Live Ingested), OpenStreetMap Nominatim REST API (Live Ingested), NASA POWER Satellite REST API (Live Ingested), Open-Meteo Elevation REST API (Live Ingested))",Kesaragulihalla Dam,Pennagaram Basin,0.01,NORMAL - Stable Reservoir Water Level
Krishnagiri,2026-08-29 12:10:10,12.5186,78.2137,31.9,75,25.9,3,0.5,1.8,21.2,3.03,1.0,0.0,5.5,0.05,4.0,village,5.12,0.44,7.0,489.0,"All 5 Live APIs & TN Dam Registry (Static Baseline (Inland District), Open-Meteo Flood REST API (Live Ingested), OpenStreetMap Nominatim REST API (Live Ingested), NASA POWER Satellite REST API (Live Ingested), Open-Meteo Elevation REST API (Live Ingested))",Krishnagiri Reservoir Project (KRP Dam),South Pennar River,0.47,NORMAL - Stable Reservoir Water Level
Karur,2026-08-29 12:10:15,10.9601,78.0766,35.4,75,24.3,3,0.0,3.0,9.8,1.4,1.0,0.0,4.19,65.53,6.0,suburb,3.38,0.56,5.5,128.0,"All 5 Live APIs & TN Dam Registry (Static Baseline (Inland District), Open-Meteo Flood REST API (Live Ingested), OpenStreetMap Nominatim REST API (Live Ingested), NASA POWER Satellite REST API (Live Ingested), Open-Meteo Elevation REST API (Live Ingested))",Mayanur Barrage Regulator,Kaveri River,65.53,CRITICAL - Emergency Spillway Release Warning
Namakkal,2026-08-29 12:10:21,11.2189,78.1674,34.0,75,9.3,3,0.8,2.8,11.8,1.69,1.0,0.0,5.48,1.19,6.5,suburb,3.88,0.56,6.0,200.0,"All 5 Live APIs & TN Dam Registry (Static Baseline (Inland District), Open-Meteo Flood REST API (Live Ingested), OpenStreetMap Nominatim REST API (Live Ingested), NASA POWER Satellite REST API (Live Ingested), Open-Meteo Elevation REST API (Live Ingested))",Jedarpalayam Barrage Anicut,Kaveri River,1.19,NORMAL - Stable Reservoir Water Level
Pudukkottai,2026-08-29 12:10:27,10.3797,78.8202,34.9,75,8.6,3,0.6,6.9,25.4,3.63,6.75,0.5,5.0,0.12,5.5,administrative,3.76,0.62,4.5,100.0,"All 5 Live APIs & TN Dam Registry (Open-Meteo Marine REST API (Live Ingested), Open-Meteo Flood REST API (Live Ingested), OpenStreetMap Nominatim REST API (Live Ingested), NASA POWER Satellite REST API (Live Ingested), Open-Meteo Elevation REST API (Live Ingested))",Kavinad Big Tank Anicut,Agniyar Basin,0.12,NORMAL - Stable Reservoir Water Level
Sivaganga,2026-08-29 12:10:32,9.8433,78.4809,36.1,75,4.9,3,0.8,4.3,7.3,1.04,4.0,0.0,5.0,0.01,5.0,town,3.5,0.75,4.5,99.0,"All 5 Live APIs & TN Dam Registry (Static Baseline (Inland District), Open-Meteo Flood REST API (Live Ingested), OpenStreetMap Nominatim REST API (Live Ingested), NASA POWER Satellite REST API (Live Ingested), Open-Meteo Elevation REST API (Live Ingested))",Vaigai Downstream Regulator Tanks,Vaigai Channel,0.01,NORMAL - Stable Reservoir Water Level
Theni,2026-08-29 12:10:38,10.0104,77.4768,35.1,75,9.8,3,0.1,4.7,19.7,2.81,1.0,0.0,5.15,67.39,5.5,suburb,6.44,0.78,7.0,298.0,"All 5 Live APIs & TN Dam Registry (Static Baseline (Inland District), Open-Meteo Flood REST API (Live Ingested), OpenStreetMap Nominatim REST API (Live Ingested), NASA POWER Satellite REST API (Live Ingested), Open-Meteo Elevation REST API (Live Ingested))",Vaigai Dam,Vaigai River,25.0,WARNING - Controlled Reservoir Release
Tiruvallur,2026-08-29 12:10:43,13.1432,79.907,35.2,75,16.9,3,2.2,3.7,21.1,3.01,8.25,0.5,4.99,0.56,8.0,suburb,3.34,0.83,4.0,46.0,"All 5 Live APIs & TN Dam Registry (Open-Meteo Marine REST API (Live Ingested), Open-Meteo Flood REST API (Live Ingested), OpenStreetMap Nominatim REST API (Live Ingested), NASA POWER Satellite REST API (Live Ingested), Open-Meteo Elevation REST API (Live Ingested))",Poondi Reservoir (Sathyamurthy),Kosasthalaiyar River,0.05,NORMAL - Stable Reservoir Water Level
Tiruvannamalai,2026-08-29 12:10:48,12.2253,79.0747,34.8,75,20.0,3,0.3,6.4,16.2,2.31,1.0,0.0,4.98,0.86,5.5,town,4.2,0.65,5.0,173.0,"All 5 Live APIs & TN Dam Registry (Static Baseline (Inland District), Open-Meteo Flood REST API (Live Ingested), OpenStreetMap Nominatim REST API (Live Ingested), NASA POWER Satellite REST API (Live Ingested), Open-Meteo Elevation REST API (Live Ingested))",Sathanur Dam,Ponnayyar River,0.16,NORMAL - Stable Reservoir Water Level
Tiruvarur,2026-08-29 12:10:54,10.7709,79.6366,34.2,75,15.1,3,0.5,7.4,12.0,1.71,8.75,0.5,4.48,0.77,3.5,hamlet,2.68,0.66,3.0,12.0,"All 5 Live APIs & TN Dam Registry (Open-Meteo Marine REST API (Live Ingested), Open-Meteo Flood REST API (Live Ingested), OpenStreetMap Nominatim REST API (Live Ingested), NASA POWER Satellite REST API (Live Ingested), Open-Meteo Elevation REST API (Live Ingested))",Vennar Regulator Anicut,Kaveri Delta Vennar,0.77,NORMAL - Stable Reservoir Water Level
Viluppuram,2026-08-29 12:11:00,11.9401,79.4861,33.4,75,13.0,3,0.4,4.2,18.3,2.61,7.75,0.5,4.49,0.72,5.5,town,3.7,0.65,4.5,48.0,"All 5 Live APIs & TN Dam Registry (Open-Meteo Marine REST API (Live Ingested), Open-Meteo Flood REST API (Live Ingested), OpenStreetMap Nominatim REST API (Live Ingested), NASA POWER Satellite REST API (Live Ingested), Open-Meteo Elevation REST API (Live Ingested))",Vidur Dam,Varahanadhi River,0.72,NORMAL - Stable Reservoir Water Level
Virudhunagar,2026-08-29 12:11:05,9.5872,77.9624,37.9,75,5.4,3,0.7,3.2,16.1,2.3,1.0,0.0,5.0,0.04,4.5,village,3.48,0.76,5.0,101.0,"All 5 Live APIs & TN Dam Registry (Static Baseline (Inland District), Open-Meteo Flood REST API (Live Ingested), OpenStreetMap Nominatim REST API (Live Ingested), NASA POWER Satellite REST API (Live Ingested), Open-Meteo Elevation REST API (Live Ingested))",Pilavakkal Periyar & Kovilar Dam,Arjunabasin,0.04,NORMAL - Stable Reservoir Water Level
Ariyalur,2026-08-29 12:11:10,11.1401,79.0782,35.1,75,16.2,3,0.1,2.0,25.6,3.66,1.0,0.0,4.5,0.07,3.0,hamlet,3.68,0.66,5.0,84.0,"All 5 Live APIs & TN Dam Registry (Static Baseline (Inland District), Open-Meteo Flood REST API (Live Ingested), OpenStreetMap Nominatim REST API (Live Ingested), NASA POWER Satellite REST API (Live Ingested), Open-Meteo Elevation REST API (Live Ingested))",Marudhaiyar Storage Dam,Marudhaiyar River,0.07,NORMAL - Stable Reservoir Water Level
Perambalur,2026-08-29 12:11:15,11.2342,78.882,35.3,75,7.3,3,0.0,3.4,19.2,2.74,1.0,0.0,4.49,0.43,4.5,town,3.86,0.57,5.0,123.0,"All 5 Live APIs & TN Dam Registry (Static Baseline (Inland District), Open-Meteo Flood REST API (Live Ingested), OpenStreetMap Nominatim REST API (Live Ingested), NASA POWER Satellite REST API (Live Ingested), Open-Meteo Elevation REST API (Live Ingested))",Visvakudi Dam,Kallar River,0.43,NORMAL - Stable Reservoir Water Level
Nilgiris,2026-08-29 12:11:20,11.4102,76.695,20.4,75,14.9,3,0.0,6.2,42.7,6.1,1.0,0.0,5.99,0.26,3.0,village,8.24,0.63,7.0,2235.0,"All 5 Live APIs & TN Dam Registry (Static Baseline (Inland District), Open-Meteo Flood REST API (Live Ingested), OpenStreetMap Nominatim REST API (Live Ingested), NASA POWER Satellite REST API (Live Ingested), Open-Meteo Elevation REST API (Live Ingested))",Pykara Dam & Emerald Reservoir,Kundah Hydroelectric Basin,0.26,NORMAL - Stable Reservoir Water Level
Ranipet,2026-08-29 12:11:25,12.9296,79.3333,34.8,75,19.9,2,0.5,5.1,27.7,3.96,1.0,0.0,5.0,0.21,6.5,quarter,3.58,0.71,5.0,173.0,"All 5 Live APIs & TN Dam Registry (Static Baseline (Inland District), Open-Meteo Flood REST API (Live Ingested), OpenStreetMap Nominatim REST API (Live Ingested), NASA POWER Satellite REST API (Live Ingested), Open-Meteo Elevation REST API (Live Ingested))",Kaveripakkam Lake & Palar Anicut,Palar River,0.21,NORMAL - Stable Reservoir Water Level
Tirupathur,2026-08-29 12:11:30,12.4929,78.5678,33.4,75,21.6,3,0.4,3.9,33.3,4.76,1.0,0.0,5.0,0.12,4.0,village,4.32,0.59,6.0,392.0,"All 5 Live APIs & TN Dam Registry (Static Baseline (Inland District), Open-Meteo Flood REST API (Live Ingested), OpenStreetMap Nominatim REST API (Live Ingested), NASA POWER Satellite REST API (Live Ingested), Open-Meteo Elevation REST API (Live Ingested))",Mordhana Dam,Koundinya River,0.12,NORMAL - Stable Reservoir Water Level
Chengalpattu,2026-08-29 12:11:36,12.6921,79.9777,33.7,75,17.3,3,12.6,4.7,29.9,4.27,8.75,0.5,5.0,0.15,8.5,suburb,3.46,0.77,4.0,52.0,"All 5 Live APIs & TN Dam Registry (Open-Meteo Marine REST API (Live Ingested), Open-Meteo Flood REST API (Live Ingested), OpenStreetMap Nominatim REST API (Live Ingested), NASA POWER Satellite REST API (Live Ingested), Open-Meteo Elevation REST API (Live Ingested))",Chembarambakkam Reservoir,Adyar River,0.85,NORMAL - Stable Reservoir Water Level
Kallakurichi,2026-08-29 12:11:41,11.7384,78.9639,34.5,75,5.9,3,2.1,6.5,16.0,2.29,1.0,0.0,4.49,0.34,5.0,town,4.36,0.57,5.0,131.0,"All 5 Live APIs & TN Dam Registry (Static Baseline (Inland District), Open-Meteo Flood REST API (Live Ingested), OpenStreetMap Nominatim REST API (Live Ingested), NASA POWER Satellite REST API (Live Ingested), Open-Meteo Elevation REST API (Live Ingested))",Gomukhi Dam,Gomukhi River,0.34,NORMAL - Stable Reservoir Water Level
Tenkasi,2026-08-29 12:11:46,8.9593,77.3149,29.5,75,25.6,51,2.9,7.4,21.5,3.07,1.0,0.0,5.27,11.36,3.5,village,4.86,0.82,5.5,168.0,"All 5 Live APIs & TN Dam Registry (Static Baseline (Inland District), Open-Meteo Flood REST API (Live Ingested), OpenStreetMap Nominatim REST API (Live Ingested), NASA POWER Satellite REST API (Live Ingested), Open-Meteo Elevation REST API (Live Ingested))",Karuppanadhi & Adavinainar Dams,Hanumanadhi River,11.36,NORMAL - Stable Reservoir Water Level
Mayiladuthurai,2026-08-29 12:11:52,11.1018,79.6522,34.1,75,15.4,2,0.4,2.7,6.2,0.89,9.25,0.5,3.99,0.44,6.0,suburb,3.18,0.66,3.0,17.0,"All 5 Live APIs & TN Dam Registry (Open-Meteo Marine REST API (Live Ingested), Open-Meteo Flood REST API (Live Ingested), OpenStreetMap Nominatim REST API (Live Ingested), NASA POWER Satellite REST API (Live Ingested), Open-Meteo Elevation REST API (Live Ingested))",Anaikarai Lower Anaicut,Kollidam River,0.44,NORMAL - Stable Reservoir Water Level
