District,Date,Rainfall,Rainfall_1Day,Rainfall_3Day,Rainfall_7Day,Rainfall_7Day_Avg,FloodRisk
Chennai,2020-01-07,2.2,2.2,11.5,22.4,3.2,0
Chennai,2020-01-08,0.1,0.1,6.3,15.9,2.271428571428572,0
Chennai,2020-01-09,0.0,0.0,2.3000000000000003,13.6,1.942857142857143,0
Chennai,2020-01-10,0.0,0.0,0.1,12.0,1.7142857142857142,0
Chennai,2020-01-11,0.0,0.0,0.0,11.6,1.657142857142857,0
Chennai,2020-01-12,2.0,2.0,2.0,8.3,1.1857142857142855,0
Chennai,2020-01-13,0.1,0.1,2.1,4.4,0.6285714285714287,0
Chennai,2020-01-14,0.0,0.0,2.1,2.2,0.3142857142857143,0
Chennai,2020-01-15,0.0,0.0,0.1,2.1,0.3,0
Chennai,2020-01-16,0.0,0.0,0.0,2.1,0.3,0
Chennai,2020-01-17,2.2,2.2,2.2,4.300000000000001,0.6142857142857144,0
Chennai,2020-01-18,10.7,10.7,12.9,15.0,2.142857142857143,0
Chennai,2020-01-19,0.0,0.0,12.9,13.0,1.8571428571428568,0
Chennai,2020-01-20,0.0,0.0,10.7,12.9,1.842857142857143,0
Chennai,2020-01-21,0.0,0.0,0.0,12.9,1.842857142857143,0
Chennai,2020-01-22,0.0,0.0,0.0,12.9,1.842857142857143,0
Chennai,2020-01-23,0.1,0.1,0.1,13.0,1.8571428571428568,0
Chennai,2020-01-24,0.0,0.0,0.1,10.8,1.5428571428571427,0
Chennai,2020-01-25,0.0,0.0,0.1,0.1,0.0142857142857142,0
Chennai,2020-01-26,0.0,0.0,0.0,0.1,0.0142857142857142,0
Chennai,2020-01-27,0.0,0.0,0.0,0.1,0.0142857142857142,0
Chennai,2020-01-28,0.0,0.0,0.0,0.1,0.0142857142857142,0
Chennai,2020-01-29,0.0,0.0,0.0,0.1,0.0142857142857142,0
Chennai,2020-01-30,0.0,0.0,0.0,0.0,0.0,0
Chennai,2020-01-31,0.0,0.0,0.0,0.0,0.0,0
Chennai,2020-02-01,0.0,0.0,0.0,0.0,0.0,0
Chennai,2020-02-02,0.0,0.0,0.0,0.0,0.0,0
Chennai,2020-02-03,0.0,0.0,0.0,0.0,0.0,0
Chennai,2020-02-04,1.0,1.0,1.0,1.0,0.1428571428571428,0
Chennai,2020-02-05,0.0,0.0,1.0,1.0,0.1428571428571428,0
Chennai,2020-02-06,0.0,0.0,1.0,1.0,0.1428571428571428,0
Chennai,2020-02-07,0.0,0.0,0.0,1.0,0.1428571428571428,0
Chennai,2020-02-08,0.0,0.0,0.0,1.0,0.1428571428571428,0
Chennai,2020-02-09,0.8,0.8,0.8,1.8,0.2571428571428572,0
Chennai,2020-02-10,0.0,0.0,0.8,1.8,0.2571428571428572,0
Chennai,2020-02-11,0.2,0.2,1.0,1.0,0.1428571428571428,0
Chennai,2020-02-12,0.5,0.5,0.7,1.5,0.2142857142857142,0
Chennai,2020-02-13,0.0,0.0,0.7,1.5,0.2142857142857142,0
Chennai,2020-02-14,0.0,0.0,0.4999999999999999,1.5,0.2142857142857142,0
Chennai,2020-02-15,0.0,0.0,0.0,1.5,0.2142857142857142,0
Chennai,2020-02-16,0.0,0.0,0.0,0.7,0.0999999999999999,0
Chennai,2020-02-17,0.0,0.0,0.0,0.7,0.0999999999999999,0
Chennai,2020-02-18,0.0,0.0,0.0,0.4999999999999999,0.0714285714285714,0
Chennai,2020-02-19,0.0,0.0,0.0,0.0,0.0,0
Chennai,2020-02-20,0.0,0.0,0.0,0.0,0.0,0
Chennai,2020-02-21,0.0,0.0,0.0,0.0,0.0,0
Chennai,2020-02-22,0.3,0.3,0.2999999999999999,0.2999999999999999,0.0428571428571428,0
Chennai,2020-02-23,0.8,0.8,1.1,1.1,0.1571428571428571,0
Chennai,2020-02-24,0.0,0.0,1.1,1.1,0.1571428571428571,0
Chennai,2020-02-25,0.1,0.1,0.8999999999999999,1.2,0.1714285714285714,0
Chennai,2020-02-26,0.4,0.4,0.4999999999999999,1.6,0.2285714285714286,0
Chennai,2020-02-27,0.2,0.2,0.7,1.8,0.2571428571428572,0
Chennai,2020-02-28,0.3,0.3,0.8999999999999999,2.1,0.3,0
Chennai,2020-02-29,0.5,0.5,1.0,2.3,0.3285714285714285,0
Chennai,2020-03-01,0.2,0.2,0.9999999999999998,1.7,0.2428571428571428,0
Chennai,2020-03-02,0.0,0.0,0.7,1.7,0.2428571428571428,0
Chennai,2020-03-03,0.0,0.0,0.1999999999999999,1.6,0.2285714285714285,0
Chennai,2020-03-04,0.0,0.0,0.0,1.2,0.1714285714285714,0
Chennai,2020-03-05,0.0,0.0,0.0,1.0,0.1428571428571428,0
Chennai,2020-03-06,0.6,0.6,0.5999999999999999,1.2999999999999998,0.1857142857142857,0
Chennai,2020-03-07,0.7,0.7,1.2999999999999998,1.4999999999999998,0.2142857142857142,0
Chennai,2020-03-08,0.2,0.2,1.4999999999999998,1.4999999999999998,0.2142857142857142,0
Chennai,2020-03-09,0.0,0.0,0.8999999999999999,1.4999999999999998,0.2142857142857142,0
Chennai,2020-03-10,0.0,0.0,0.1999999999999999,1.4999999999999998,0.2142857142857142,0
Chennai,2020-03-11,0.0,0.0,0.0,1.4999999999999998,0.2142857142857142,0
Chennai,2020-03-12,0.0,0.0,0.0,1.4999999999999998,0.2142857142857142,0
Chennai,2020-03-13,0.0,0.0,0.0,0.8999999999999997,0.1285714285714285,0
Chennai,2020-03-14,0.0,0.0,0.0,0.1999999999999998,0.0285714285714285,0
Chennai,2020-03-15,0.0,0.0,0.0,0.0,0.0,0
Chennai,2020-03-16,0.0,0.0,0.0,0.0,0.0,0
Chennai,2020-03-17,0.0,0.0,0.0,0.0,0.0,0
Chennai,2020-03-18,0.0,0.0,0.0,0.0,0.0,0
Chennai,2020-03-19,0.0,0.0,0.0,0.0,0.0,0
Chennai,2020-03-20,0.0,0.0,0.0,0.0,0.0,0
Chennai,2020-03-21,0.0,0.0,0.0,0.0,0.0,0
Chennai,2020-03-22,0.0,0.0,0.0,0.0,0.0,0
Chennai,2020-03-23,0.0,0.0,0.0,0.0,0.0,0
Chennai,2020-03-24,0.0,0.0,0.0,0.0,0.0,0
Chennai,2020-03-25,0.0,0.0,0.0,0.0,0.0,0
Chennai,2020-03-26,0.0,0.0,0.0,0.0,0.0,0
Chennai,2020-03-27,0.0,0.0,0.0,0.0,0.0,0
Chennai,2020-03-28,0.0,0.0,0.0,0.0,0.0,0
Chennai,2020-03-29,0.0,0.0,0.0,0.0,0.0,0
Chennai,2020-03-30,0.0,0.0,0.0,0.0,0.0,0
Chennai,2020-03-31,0.0,0.0,0.0,0.0,0.0,0
Chennai,2020-04-01,0.0,0.0,0.0,0.0,0.0,0
Chennai,2020-04-02,0.0,0.0,0.0,0.0,0.0,0
Chennai,2020-04-03,0.0,0.0,0.0,0.0,0.0,0
Chennai,2020-04-04,0.0,0.0,0.0,0.0,0.0,0
Chennai,2020-04-05,1.0,1.0,1.0,0.9999999999999998,0.1428571428571428,0
Chennai,2020-04-06,1.3,1.3,2.3,2.3,0.3285714285714285,0
Chennai,2020-04-07,0.6,0.6,2.9,2.9,0.4142857142857142,0
Chennai,2020-04-08,0.8,0.8,2.7,3.7,0.5285714285714286,0
Chennai,2020-04-09,1.5,1.5,2.9000000000000004,5.199999999999999,0.7428571428571428,0
Chennai,2020-04-10,0.1,0.1,2.4,5.3,0.7571428571428571,0
Chennai,2020-04-11,0.3,0.3,1.9000000000000004,5.6,0.7999999999999999,0
Chennai,2020-04-12,0.0,0.0,0.4000000000000002,4.6,0.6571428571428571,0
Chennai,2020-04-13,0.0,0.0,0.3000000000000002,3.3,0.4714285714285714,0
Chennai,2020-04-14,0.0,0.0,0.0,2.7,0.3857142857142857,0
Chennai,2020-04-15,0.0,0.0,0.0,1.8999999999999997,0.2714285714285713,0
Chennai,2020-04-16,0.0,0.0,0.0,0.3999999999999996,0.057142857142857,0
Chennai,2020-04-17,0.0,0.0,0.0,0.2999999999999996,0.0428571428571428,0
Chennai,2020-04-18,0.2,0.2,0.2000000000000002,0.1999999999999995,0.0285714285714285,0
Chennai,2020-04-19,0.2,0.2,0.4000000000000002,0.3999999999999996,0.057142857142857,0
Chennai,2020-04-20,0.2,0.2,0.6000000000000001,0.5999999999999996,0.0857142857142856,0
Chennai,2020-04-21,0.0,0.0,0.4000000000000002,0.5999999999999996,0.0857142857142856,0
Chennai,2020-04-22,0.2,0.2,0.4000000000000002,0.7999999999999996,0.1142857142857142,0
Chennai,2020-04-23,0.0,0.0,0.2000000000000002,0.7999999999999996,0.1142857142857142,0
Chennai,2020-04-24,0.2,0.2,0.4000000000000002,0.9999999999999996,0.1428571428571428,0
Chennai,2020-04-25,0.0,0.0,0.2000000000000002,0.7999999999999996,0.1142857142857142,0
Chennai,2020-04-26,0.5,0.5,0.7000000000000002,1.0999999999999996,0.157142857142857,0
Chennai,2020-04-27,2.9,2.9,3.4000000000000004,3.8,0.5428571428571428,0
Chennai,2020-04-28,0.9,0.9,4.3,4.699999999999999,0.6714285714285714,0
Chennai,2020-04-29,0.0,0.0,3.8,4.499999999999999,0.6428571428571427,0
Chennai,2020-04-30,0.3,0.3,1.2,4.799999999999999,0.6857142857142856,0
Chennai,2020-05-01,0.0,0.0,0.3,4.599999999999999,0.6571428571428569,0
Chennai,2020-05-02,0.0,0.0,0.3,4.599999999999999,0.6571428571428569,0
Chennai,2020-05-03,0.0,0.0,0.0,4.099999999999999,0.5857142857142855,0
Chennai,2020-05-04,0.0,0.0,0.0,1.1999999999999995,0.1714285714285713,0
Chennai,2020-05-05,0.0,0.0,0.0,0.2999999999999995,0.0428571428571427,0
Chennai,2020-05-06,0.0,0.0,0.0,0.2999999999999995,0.0428571428571427,0
Chennai,2020-05-07,0.2,0.2,0.2,0.1999999999999995,0.0285714285714285,0
Chennai,2020-05-08,0.2,0.2,0.4,0.3999999999999996,0.057142857142857,0
Chennai,2020-05-09,0.0,0.0,0.4,0.3999999999999996,0.057142857142857,0
Chennai,2020-05-10,0.0,0.0,0.2,0.3999999999999996,0.057142857142857,0
Chennai,2020-05-11,0.3,0.3,0.3,0.6999999999999995,0.0999999999999999,0
Chennai,2020-05-12,1.0,1.0,1.3,1.6999999999999995,0.2428571428571428,0
Chennai,2020-05-13,0.0,0.0,1.3,1.6999999999999995,0.2428571428571428,0
Chennai,2020-05-14,0.2,0.2,1.2,1.6999999999999995,0.2428571428571428,0
Chennai,2020-05-15,0.7,0.7,0.8999999999999999,2.1999999999999997,0.3142857142857141,0
Chennai,2020-05-16,0.1,0.1,1.0,2.2999999999999994,0.3285714285714284,0
Chennai,2020-05-17,0.0,0.0,0.7999999999999998,2.2999999999999994,0.3285714285714284,0
Chennai,2020-05-18,0.4,0.4,0.4999999999999999,2.3999999999999995,0.3428571428571428,0
Chennai,2020-05-19,0.1,0.1,0.4999999999999999,1.4999999999999996,0.2142857142857142,0
Chennai,2020-05-20,0.0,0.0,0.4999999999999999,1.4999999999999996,0.2142857142857142,0
Chennai,2020-05-21,0.0,0.0,0.0999999999999999,1.2999999999999996,0.1857142857142856,0
Chennai,2020-05-22,0.0,0.0,0.0,0.5999999999999995,0.0857142857142856,0
Chennai,2020-05-23,0.0,0.0,0.0,0.4999999999999995,0.0714285714285713,0
Chennai,2020-05-24,0.2,0.2,0.1999999999999999,0.6999999999999996,0.0999999999999999,0
Chennai,2020-05-25,0.1,0.1,0.2999999999999999,0.3999999999999996,0.057142857142857,0
Chennai,2020-05-26,1.1,1.1,1.4,1.3999999999999997,0.1999999999999999,0
Chennai,2020-05-27,0.2,0.2,1.4,1.5999999999999996,0.2285714285714285,0
Chennai,2020-05-28,0.0,0.0,1.2999999999999998,1.5999999999999996,0.2285714285714285,0
Chennai,2020-05-29,0.0,0.0,0.1999999999999998,1.5999999999999996,0.2285714285714285,0
Chennai,2020-05-30,0.0,0.0,0.0,1.5999999999999996,0.2285714285714285,0
Chennai,2020-05-31,0.0,0.0,0.0,1.3999999999999997,0.1999999999999999,0
Chennai,2020-06-01,0.0,0.0,0.0,1.2999999999999996,0.1857142857142856,0
Chennai,2020-06-02,0.7,0.7,0.6999999999999997,0.8999999999999995,0.1285714285714285,0
Chennai,2020-06-03,0.0,0.0,0.6999999999999997,0.6999999999999995,0.0999999999999999,0
Chennai,2020-06-04,0.0,0.0,0.6999999999999997,0.6999999999999995,0.0999999999999999,0
Chennai,2020-06-05,0.7,0.7,0.6999999999999997,1.3999999999999997,0.1999999999999999,0
Chennai,2020-06-06,2.2,2.2,2.9,3.6,0.5142857142857142,0
Chennai,2020-06-07,0.0,0.0,2.9,3.6,0.5142857142857142,0
Chennai,2020-06-08,0.1,0.1,2.3000000000000003,3.7,0.5285714285714286,0
Chennai,2020-06-09,0.0,0.0,0.1,3.0,0.4285714285714285,0
Chennai,2020-06-10,0.8,0.8,0.9,3.8,0.5428571428571428,0
Chennai,2020-06-11,1.2,1.2,2.0,5.0,0.7142857142857143,0
Chennai,2020-06-12,0.0,0.0,2.0,4.3,0.6142857142857142,0
Chennai,2020-06-13,0.7,0.7,1.9,2.8,0.3999999999999999,0
Chennai,2020-06-14,0.7,0.7,1.4,3.5,0.4999999999999999,0
Chennai,2020-06-15,1.9,1.9,3.3,5.299999999999999,0.757142857142857,0
Chennai,2020-06-16,0.0,0.0,2.6,5.299999999999999,0.757142857142857,0
Chennai,2020-06-17,0.5,0.5,2.4,5.0,0.7142857142857143,0
Chennai,2020-06-18,0.3,0.3,0.8,4.1,0.5857142857142856,0
Chennai,2020-06-19,0.3,0.3,1.1,4.4,0.6285714285714284,0
Chennai,2020-06-20,0.4,0.4,1.0,4.1,0.5857142857142856,0
Chennai,2020-06-21,0.4,0.4,1.1,3.8,0.5428571428571428,0
Chennai,2020-06-22,7.1,7.1,7.899999999999999,9.0,1.2857142857142858,0
Chennai,2020-06-23,8.1,8.1,15.599999999999998,17.099999999999998,2.4428571428571426,0
Chennai,2020-06-24,2.5,2.5,17.7,19.1,2.728571428571428,0
Chennai,2020-06-25,1.3,1.3,11.900000000000002,20.1,2.871428571428571,0
Chennai,2020-06-26,3.3,3.3,7.1,23.099999999999994,3.2999999999999994,0
Chennai,2020-06-27,2.1,2.1,6.699999999999999,24.8,3.5428571428571423,0
Chennai,2020-06-28,2.8,2.8,8.2,27.2,3.8857142857142857,0
Chennai,2020-06-29,5.7,5.7,10.6,25.8,3.6857142857142855,0
Chennai,2020-06-30,10.3,10.3,18.800000000000004,28.0,4.0,0
Chennai,2020-07-01,7.1,7.1,23.1,32.6,4.6571428571428575,0
Chennai,2020-07-02,4.9,4.9,22.300000000000004,36.2,5.171428571428572,0
Chennai,2020-07-03,1.8,1.8,13.800000000000002,34.7,4.957142857142857,0
Chennai,2020-07-04,1.7,1.7,8.400000000000002,34.3,4.9,0
Chennai,2020-07-05,0.0,0.0,3.5000000000000018,31.5,4.5,0
Chennai,2020-07-06,1.4,1.4,3.1000000000000014,27.2,3.885714285714285,0
Chennai,2020-07-07,2.6,2.6,4.000000000000002,19.5,2.7857142857142856,0
Chennai,2020-07-08,5.8,5.8,9.8,18.2,2.6,0
Chennai,2020-07-09,17.0,17.0,25.4,30.3,4.328571428571428,0
Chennai,2020-07-10,22.2,22.2,45.0,50.7,7.242857142857142,1
Chennai,2020-07-11,5.4,5.4,44.6,54.4,7.771428571428571,1
Chennai,2020-07-12,5.7,5.7,33.3,60.1,8.585714285714285,1
Chennai,2020-07-13,5.8,5.8,16.9,64.5,9.214285714285714,1
Chennai,2020-07-14,0.8,0.8,12.3,62.7,8.957142857142857,1
Chennai,2020-07-15,4.0,4.0,10.6,60.9,8.7,1
Chennai,2020-07-16,0.8,0.8,5.6,44.7,6.385714285714285,0
Chennai,2020-07-17,1.1,1.1,5.9,23.6,3.371428571428571,0
Chennai,2020-07-18,0.0,0.0,1.9,18.2,2.599999999999999,0
Chennai,2020-07-19,3.9,3.9,5.0,16.399999999999995,2.342857142857142,0
Chennai,2020-07-20,6.6,6.6,10.5,17.199999999999996,2.4571428571428564,0
Chennai,2020-07-21,0.5,0.5,11.0,16.899999999999995,2.4142857142857137,0
Chennai,2020-07-22,0.7,0.7,7.8,13.599999999999994,1.942857142857142,0
Chennai,2020-07-23,11.9,11.9,13.1,24.7,3.528571428571428,0
Chennai,2020-07-24,9.7,9.7,22.3,33.3,4.757142857142857,0
Chennai,2020-07-25,2.3,2.3,23.9,35.599999999999994,5.0857142857142845,0
Chennai,2020-07-26,0.3,0.3,12.3,32.0,4.571428571428571,0
Chennai,2020-07-27,5.5,5.5,8.1,30.9,4.414285714285714,0
Chennai,2020-07-28,13.2,13.2,19.0,43.6,6.228571428571428,0
Chennai,2020-07-29,25.1,25.1,43.8,68.0,9.714285714285714,1
Chennai,2020-07-30,8.9,8.9,47.2,65.0,9.285714285714286,1
Chennai,2020-07-31,5.2,5.2,39.2,60.49999999999999,8.642857142857142,1
Chennai,2020-08-01,0.6,0.6,14.7,58.8,8.4,1
Chennai,2020-08-02,8.2,8.2,14.0,66.7,9.528571428571428,1
Chennai,2020-08-03,1.5,1.5,10.3,62.7,8.957142857142857,1
Chennai,2020-08-04,0.7,0.7,10.4,50.2,7.171428571428571,1
Chennai,2020-08-05,3.5,3.5,5.7,28.599999999999994,4.0857142857142845,0
Chennai,2020-08-06,0.0,0.0,4.2,19.7,2.8142857142857136,0
Chennai,2020-08-07,1.3,1.3,4.8,15.799999999999992,2.257142857142856,0
Chennai,2020-08-08,0.8,0.8,2.1,15.999999999999991,2.2857142857142847,0
Chennai,2020-08-09,5.4,5.4,7.5,13.199999999999994,1.8857142857142848,0
Chennai,2020-08-10,9.9,9.9,16.1,21.599999999999994,3.085714285714285,0
Chennai,2020-08-11,4.7,4.7,20.0,25.599999999999994,3.657142857142856,0
Chennai,2020-08-12,0.5,0.5,15.099999999999998,22.599999999999994,3.228571428571428,0
Chennai,2020-08-13,0.1,0.1,5.299999999999998,22.7,3.2428571428571424,0
Chennai,2020-08-14,0.3,0.3,0.8999999999999982,21.7,3.099999999999999,0
Chennai,2020-08-15,0.0,0.0,0.3999999999999982,20.899999999999995,2.985714285714285,0
Chennai,2020-08-16,1.4,1.4,1.6999999999999982,16.89999999999999,2.4142857142857133,0
Chennai,2020-08-17,2.8,2.8,4.1999999999999975,9.799999999999994,1.399999999999999,0
Chennai,2020-08-18,3.3,3.3,7.499999999999998,8.399999999999991,1.1999999999999988,0
Chennai,2020-08-19,0.0,0.0,6.099999999999998,7.899999999999992,1.1285714285714274,0
Chennai,2020-08-20,0.0,0.0,3.299999999999998,7.799999999999993,1.1142857142857132,0
Chennai,2020-08-21,0.9,0.9,0.8999999999999982,8.399999999999991,1.1999999999999988,0
Chennai,2020-08-22,6.3,6.3,7.199999999999998,14.699999999999992,2.0999999999999988,0
Chennai,2020-08-23,7.1,7.1,14.299999999999995,20.39999999999999,2.9142857142857133,0
Chennai,2020-08-24,9.7,9.7,23.099999999999994,27.29999999999999,3.899999999999999,0
Chennai,2020-08-25,3.3,3.3,20.099999999999994,27.29999999999999,3.899999999999999,0
Chennai,2020-08-26,3.7,3.7,16.699999999999996,30.999999999999996,4.428571428571428,0
Chennai,2020-08-27,1.5,1.5,8.499999999999998,32.49999999999999,4.6428571428571415,0
Chennai,2020-08-28,2.3,2.3,7.499999999999998,33.89999999999999,4.842857142857142,0
Chennai,2020-08-29,2.0,2.0,5.799999999999998,29.59999999999999,4.228571428571427,0
Chennai,2020-08-30,6.8,6.8,11.099999999999998,29.299999999999997,4.185714285714285,0
Chennai,2020-08-31,7.2,7.2,15.999999999999996,26.799999999999997,3.828571428571428,0
Chennai,2020-09-01,12.4,12.4,26.4,35.89999999999999,5.128571428571427,0
Chennai,2020-09-02,17.0,17.0,36.6,49.19999999999999,7.028571428571427,0
Chennai,2020-09-03,0.3,0.3,29.7,47.99999999999999,6.857142857142856,0
Chennai,2020-09-04,3.2,3.2,20.5,48.89999999999999,6.985714285714285,0
Chennai,2020-09-05,0.9,0.9,4.4,47.8,6.828571428571428,0
Chennai,2020-09-06,4.3,4.3,8.4,45.3,6.471428571428571,0
Chennai,2020-09-07,1.9,1.9,7.1,39.99999999999999,5.7142857142857135,0
Chennai,2020-09-08,5.3,5.3,11.5,32.89999999999999,4.699999999999998,0
Chennai,2020-09-09,5.3,5.3,12.5,21.199999999999992,3.028571428571428,0
Chennai,2020-09-10,2.2,2.2,12.8,23.099999999999994,3.2999999999999994,0
Chennai,2020-09-11,1.1,1.1,8.600000000000001,20.999999999999996,2.999999999999999,0
Chennai,2020-09-12,7.0,7.0,10.3,27.099999999999994,3.8714285714285706,0
Chennai,2020-09-13,24.6,24.6,32.7,47.39999999999999,6.7714285714285705,0
Chennai,2020-09-14,4.4,4.4,36.0,49.9,7.128571428571428,0
Chennai,2020-09-15,3.8,3.8,32.800000000000004,48.39999999999999,6.914285714285713,0
Chennai,2020-09-16,4.6,4.6,12.8,47.7,6.814285714285714,0
Chennai,2020-09-17,1.5,1.5,9.9,46.99999999999999,6.7142857142857135,0
Chennai,2020-09-18,11.3,11.3,17.4,57.19999999999999,8.171428571428569,1
Chennai,2020-09-19,13.9,13.9,26.7,64.1,9.157142857142857,1
Chennai,2020-09-20,0.9,0.9,26.1,40.4,5.771428571428571,0
Chennai,2020-09-21,0.0,0.0,14.8,35.99999999999999,5.1428571428571415,0
Chennai,2020-09-22,0.1,0.1,0.9999999999999982,32.3,4.614285714285714,0
Chennai,2020-09-23,0.2,0.2,0.2999999999999982,27.899999999999995,3.985714285714285,0
Chennai,2020-09-24,0.0,0.0,0.2999999999999982,26.399999999999995,3.771428571428571,0
Chennai,2020-09-25,5.3,5.3,5.499999999999998,20.39999999999999,2.9142857142857133,0
Chennai,2020-09-26,2.4,2.4,7.699999999999997,8.899999999999993,1.2714285714285705,0
Chennai,2020-09-27,2.4,2.4,10.099999999999998,10.399999999999991,1.4857142857142844,0
Chennai,2020-09-28,1.6,1.6,6.399999999999999,11.999999999999991,1.7142857142857133,0
Chennai,2020-09-29,24.1,24.1,28.1,35.99999999999999,5.1428571428571415,0
Chennai,2020-09-30,3.6,3.6,29.300000000000004,39.39999999999999,5.628571428571427,0
Chennai,2020-10-01,11.3,11.3,39.0,50.69999999999999,7.242857142857141,1
Chennai,2020-10-02,0.5,0.5,15.4,45.89999999999999,6.557142857142856,0
Chennai,2020-10-03,0.1,0.1,11.9,43.6,6.228571428571428,0
Chennai,2020-10-04,0.3,0.3,0.9,41.49999999999999,5.928571428571428,0
Chennai,2020-10-05,0.0,0.0,0.4,39.89999999999999,5.699999999999998,0
Chennai,2020-10-06,0.4,0.4,0.7000000000000001,16.199999999999992,2.314285714285713,0
Chennai,2020-10-07,0.5,0.5,0.9,13.099999999999994,1.8714285714285703,0
Chennai,2020-10-08,2.6,2.6,3.5,4.399999999999993,0.6285714285714276,0
Chennai,2020-10-09,5.4,5.4,8.5,9.299999999999994,1.3285714285714276,0
Chennai,2020-10-10,28.5,28.5,36.5,37.7,5.385714285714285,0
Chennai,2020-10-11,21.6,21.6,55.5,59.0,8.428571428571429,1
Chennai,2020-10-12,1.5,1.5,51.6,60.5,8.642857142857142,1
Chennai,2020-10-13,1.7,1.7,24.8,61.8,8.828571428571427,1
Chennai,2020-10-14,0.2,0.2,3.4,61.49999999999999,8.785714285714285,1
Chennai,2020-10-15,0.0,0.0,1.9,58.89999999999999,8.414285714285713,1
Chennai,2020-10-16,3.8,3.8,4.0,57.3,8.185714285714285,1
Chennai,2020-10-17,24.8,24.8,28.6,53.6,7.657142857142857,1
Chennai,2020-10-18,12.1,12.1,40.7,44.1,6.299999999999999,0
Chennai,2020-10-19,6.1,6.1,43.0,48.69999999999999,6.957142857142856,0
Chennai,2020-10-20,26.2,26.2,44.4,73.19999999999999,10.457142857142856,1
Chennai,2020-10-21,10.4,10.4,42.7,83.39999999999999,11.914285714285713,1
Chennai,2020-10-22,18.6,18.6,55.2,102.0,14.57142857142857,2
Chennai,2020-10-23,22.5,22.5,51.5,120.7,17.24285714285714,2
Chennai,2020-10-24,2.1,2.1,43.2,98.0,13.999999999999998,1
Chennai,2020-10-25,0.0,0.0,24.6,85.89999999999999,12.27142857142857,1
Chennai,2020-10-26,0.0,0.0,2.1,79.79999999999998,11.399999999999997,1
Chennai,2020-10-27,1.9,1.9,1.9,55.49999999999999,7.928571428571428,1
Chennai,2020-10-28,9.4,9.4,11.3,54.49999999999999,7.785714285714285,1
Chennai,2020-10-29,16.0,16.0,27.3,51.89999999999999,7.414285714285713,1
Chennai,2020-10-30,0.3,0.3,25.700000000000003,29.699999999999992,4.242857142857142,0
Chennai,2020-10-31,0.0,0.0,16.3,27.59999999999999,3.9428571428571417,0
Chennai,2020-11-01,0.0,0.0,0.3,27.59999999999999,3.9428571428571417,0
Chennai,2020-11-02,0.2,0.2,0.2,27.79999999999999,3.97142857142857,0
Chennai,2020-11-03,0.5,0.5,0.7,26.39999999999999,3.77142857142857,0
Chennai,2020-11-04,9.2,9.2,9.9,26.199999999999992,3.7428571428571416,0
Chennai,2020-11-05,7.5,7.5,17.2,17.699999999999992,2.528571428571428,0
Chennai,2020-11-06,5.0,5.0,21.7,22.39999999999999,3.199999999999999,0
Chennai,2020-11-07,5.7,5.7,18.2,28.09999999999999,4.014285714285713,0
Chennai,2020-11-08,1.0,1.0,11.7,29.09999999999999,4.157142857142856,0
Chennai,2020-11-09,0.0,0.0,6.7,28.89999999999999,4.128571428571427,0
Chennai,2020-11-10,0.1,0.1,1.1,28.499999999999996,4.07142857142857,0
Chennai,2020-11-11,6.4,6.4,6.5,25.699999999999992,3.6714285714285695,0
Chennai,2020-11-12,19.5,19.5,26.0,37.69999999999999,5.385714285714284,0
Chennai,2020-11-13,8.4,8.4,34.3,41.1,5.871428571428571,0
Chennai,2020-11-14,2.0,2.0,29.9,37.39999999999999,5.342857142857142,0
Chennai,2020-11-15,25.4,25.4,35.8,61.79999999999999,8.828571428571427,1
Chennai,2020-11-16,53.5,53.5,80.9,115.29999999999998,16.471428571428568,2
Chennai,2020-11-17,10.2,10.2,89.1,125.4,17.914285714285715,2
Chennai,2020-11-18,3.5,3.5,67.2,122.5,17.499999999999996,2
Chennai,2020-11-19,1.1,1.1,14.8,104.1,14.87142857142857,2
Chennai,2020-11-20,0.1,0.1,4.7,95.8,13.685714285714283,1
Chennai,2020-11-21,0.0,0.0,1.2000000000000002,93.8,13.4,1
Chennai,2020-11-22,0.0,0.0,0.1,68.39999999999999,9.77142857142857,1
Chennai,2020-11-23,1.7,1.7,1.7,16.59999999999999,2.37142857142857,0
Chennai,2020-11-24,20.0,20.0,21.7,26.39999999999999,3.77142857142857,0
Chennai,2020-11-25,97.3,97.3,119.0,120.2,17.17142857142857,2
Chennai,2020-11-26,11.4,11.4,128.7,130.5,18.642857142857142,2
Chennai,2020-11-27,2.1,2.1,110.8,132.5,18.928571428571427,2
Chennai,2020-11-28,3.0,3.0,16.5,135.5,19.357142857142858,2
Chennai,2020-11-29,4.1,4.1,9.2,139.6,19.942857142857143,2
Chennai,2020-11-30,2.0,2.0,9.1,139.89999999999998,19.985714285714284,2
Chennai,2020-12-01,0.0,0.0,6.1,119.89999999999998,17.128571428571426,2
Chennai,2020-12-02,10.1,10.1,12.1,32.7,4.671428571428572,0
Chennai,2020-12-03,57.0,57.0,67.1,78.30000000000001,11.185714285714289,1
Chennai,2020-12-04,46.5,46.5,113.6,122.7,17.52857142857143,2
Chennai,2020-12-05,18.9,18.9,122.4,138.6,19.8,2
Chennai,2020-12-06,21.5,21.5,86.9,156.0,22.285714285714285,2
Chennai,2020-12-07,29.7,29.7,70.1,183.7,26.24285714285714,2
Chennai,2020-12-08,13.6,13.6,64.8,197.3,28.185714285714287,2
Chennai,2020-12-09,5.9,5.9,49.2,193.1,27.585714285714285,2
Chennai,2020-12-10,0.0,0.0,19.5,136.1,19.442857142857143,2
Chennai,2020-12-11,0.1,0.1,6.0,89.7,12.814285714285717,1
Chennai,2020-12-12,0.0,0.0,0.1,70.80000000000001,10.114285714285716,1
Chennai,2020-12-13,0.0,0.0,0.1,49.3,7.042857142857144,0
Chennai,2020-12-14,0.0,0.0,0.0,19.60000000000001,2.800000000000001,0
Chennai,2020-12-15,1.2,1.2,1.2,7.200000000000007,1.0285714285714296,0
Chennai,2020-12-16,4.4,4.4,5.6000000000000005,5.700000000000007,0.8142857142857153,0
Chennai,2020-12-17,1.1,1.1,6.700000000000001,6.800000000000008,0.9714285714285724,0
Chennai,2020-12-18,1.0,1.0,6.5,7.700000000000008,1.1000000000000012,0
Chennai,2020-12-19,0.2,0.2,2.3000000000000003,7.900000000000007,1.1285714285714297,0
Chennai,2020-12-20,0.0,0.0,1.2,7.900000000000007,1.1285714285714297,0
Chennai,2020-12-21,0.0,0.0,0.2,7.900000000000007,1.1285714285714297,0
Chennai,2020-12-22,0.0,0.0,0.0,6.700000000000007,0.9571428571428582,0
Chennai,2020-12-23,0.0,0.0,0.0,2.300000000000008,0.3285714285714296,0
Chennai,2020-12-24,0.0,0.0,0.0,1.200000000000007,0.1714285714285724,0
Chennai,2020-12-25,0.0,0.0,0.0,0.2000000000000071,0.0285714285714295,0
Chennai,2020-12-26,0.0,0.0,0.0,0.0,0.0,0
Chennai,2020-12-27,0.0,0.0,0.0,0.0,0.0,0
Chennai,2020-12-28,0.0,0.0,0.0,0.0,0.0,0
Chennai,2020-12-29,0.3,0.3,0.3,0.3000000000000071,0.0428571428571438,0
Chennai,2020-12-30,43.3,43.3,43.6,43.6,6.228571428571429,0
Chennai,2020-12-31,0.9,0.9,44.49999999999999,44.5,6.357142857142857,0
Chennai,2021-01-01,0.1,0.1,44.3,44.6,6.371428571428572,0
Chennai,2021-01-02,15.7,15.7,16.7,60.3,8.614285714285714,1
Chennai,2021-01-03,3.5,3.5,19.3,63.8,9.114285714285714,1
Chennai,2021-01-04,4.5,4.5,23.7,68.3,9.757142857142856,1
Chennai,2021-01-05,17.6,17.6,25.6,85.60000000000001,12.22857142857143,1
Chennai,2021-01-06,16.1,16.1,38.2,58.400000000000006,8.342857142857143,1
Chennai,2021-01-07,3.4,3.4,37.1,60.90000000000001,8.700000000000001,1
Chennai,2021-01-08,4.2,4.2,23.700000000000003,65.00000000000001,9.285714285714288,1
Chennai,2021-01-09,2.0,2.0,9.6,51.3,7.328571428571429,1
Chennai,2021-01-10,0.9,0.9,7.1,48.70000000000001,6.957142857142858,0
Chennai,2021-01-11,3.0,3.0,5.9,47.2,6.742857142857143,0
Chennai,2021-01-12,0.9,0.9,4.8,30.500000000000007,4.3571428571428585,0
Chennai,2021-01-13,0.7,0.7,4.6,15.100000000000009,2.157142857142858,0
Chennai,2021-01-14,1.6,1.6,3.2,13.300000000000006,1.9000000000000008,0
Chennai,2021-01-15,0.0,0.0,2.3000000000000003,9.100000000000009,1.300000000000001,0
Chennai,2021-01-16,0.0,0.0,1.6,7.100000000000007,1.0142857142857151,0
Chennai,2021-01-17,0.0,0.0,0.0,6.200000000000006,0.8857142857142867,0
Chennai,2021-01-18,0.0,0.0,0.0,3.2000000000000077,0.4571428571428582,0
Chennai,2021-01-19,0.0,0.0,0.0,2.300000000000008,0.3285714285714296,0
Chennai,2021-01-20,0.0,0.0,0.0,1.6000000000000072,0.2285714285714296,0
Chennai,2021-01-21,0.2,0.2,0.2,0.2000000000000071,0.0285714285714295,0
Chennai,2021-01-22,1.1,1.1,1.3,1.3000000000000071,0.1857142857142867,0
Chennai,2021-01-23,0.4,0.4,1.7000000000000002,1.7000000000000073,0.2428571428571439,0
Chennai,2021-01-24,0.3,0.3,1.8,2.000000000000007,0.2857142857142867,0
Chennai,2021-01-25,0.8,0.8,1.5,2.800000000000007,0.4000000000000009,0
Chennai,2021-01-26,0.0,0.0,1.1,2.800000000000007,0.4000000000000009,0
Chennai,2021-01-27,0.0,0.0,0.8,2.800000000000007,0.4000000000000009,0
Chennai,2021-01-28,0.8,0.8,0.8,3.400000000000007,0.4857142857142867,0
Chennai,2021-01-29,0.7,0.7,1.5,3.000000000000007,0.4285714285714296,0
Chennai,2021-01-30,0.0,0.0,1.5,2.6000000000000068,0.3714285714285724,0
Chennai,2021-01-31,0.0,0.0,0.7,2.300000000000007,0.3285714285714295,0
Chennai,2021-02-01,0.0,0.0,0.0,1.500000000000007,0.2142857142857153,0
Chennai,2021-02-02,0.5,0.5,0.5,2.000000000000007,0.2857142857142867,0
Chennai,2021-02-03,0.0,0.0,0.5,2.000000000000007,0.2857142857142867,0
Chennai,2021-02-04,0.0,0.0,0.5,1.200000000000007,0.1714285714285724,0
Chennai,2021-02-05,0.0,0.0,0.0,0.5000000000000071,0.0714285714285724,0
Chennai,2021-02-06,0.0,0.0,0.0,0.5000000000000071,0.0714285714285724,0
Chennai,2021-02-07,0.0,0.0,0.0,0.5000000000000071,0.0714285714285724,0
Chennai,2021-02-08,0.0,0.0,0.0,0.5000000000000071,0.0714285714285724,0
Chennai,2021-02-09,0.0,0.0,0.0,0.0,0.0,0
Chennai,2021-02-10,0.0,0.0,0.0,0.0,0.0,0
Chennai,2021-02-11,0.0,0.0,0.0,0.0,0.0,0
Chennai,2021-02-12,0.0,0.0,0.0,0.0,0.0,0
Chennai,2021-02-13,0.0,0.0,0.0,0.0,0.0,0
Chennai,2021-02-14,0.0,0.0,0.0,0.0,0.0,0
Chennai,2021-02-15,0.0,0.0,0.0,0.0,0.0,0
Chennai,2021-02-16,0.0,0.0,0.0,0.0,0.0,0
Chennai,2021-02-17,0.0,0.0,0.0,0.0,0.0,0
Chennai,2021-02-18,0.0,0.0,0.0,0.0,0.0,0
Chennai,2021-02-19,4.8,4.8,4.8,4.800000000000007,0.6857142857142867,0
Chennai,2021-02-20,4.6,4.6,9.4,9.400000000000006,1.3428571428571436,0
Chennai,2021-02-21,11.3,11.3,20.7,20.700000000000006,2.957142857142858,0
Chennai,2021-02-22,0.6,0.6,16.5,21.300000000000008,3.042857142857144,0
Chennai,2021-02-23,0.0,0.0,11.9,21.300000000000008,3.042857142857144,0
Chennai,2021-02-24,0.0,0.0,0.6,21.300000000000008,3.042857142857144,0
Chennai,2021-02-25,0.0,0.0,0.0,21.300000000000008,3.042857142857144,0
Chennai,2021-02-26,0.0,0.0,0.0,16.500000000000007,2.357142857142858,0
Chennai,2021-02-27,0.0,0.0,0.0,11.900000000000007,1.700000000000001,0
Chennai,2021-02-28,0.0,0.0,0.0,0.6000000000000071,0.0857142857142867,0
Chennai,2021-03-01,0.0,0.0,0.0,0.0,0.0,0
Chennai,2021-03-02,0.0,0.0,0.0,0.0,0.0,0
Chennai,2021-03-03,0.0,0.0,0.0,0.0,0.0,0
Chennai,2021-03-04,0.0,0.0,0.0,0.0,0.0,0
Chennai,2021-03-05,0.0,0.0,0.0,0.0,0.0,0
Chennai,2021-03-06,0.0,0.0,0.0,0.0,0.0,0
Chennai,2021-03-07,0.0,0.0,0.0,0.0,0.0,0
Chennai,2021-03-08,0.0,0.0,0.0,0.0,0.0,0
Chennai,2021-03-09,0.1,0.1,0.1,0.1000000000000071,0.0142857142857153,0
Chennai,2021-03-10,0.5,0.5,0.6,0.6000000000000071,0.0857142857142867,0
Chennai,2021-03-11,0.0,0.0,0.6,0.6000000000000071,0.0857142857142867,0
Chennai,2021-03-12,0.0,0.0,0.5,0.6000000000000071,0.0857142857142867,0
Chennai,2021-03-13,0.0,0.0,0.0,0.6000000000000071,0.0857142857142867,0
Chennai,2021-03-14,0.0,0.0,0.0,0.6000000000000071,0.0857142857142867,0
Chennai,2021-03-15,0.0,0.0,0.0,0.6000000000000071,0.0857142857142867,0
Chennai,2021-03-16,0.0,0.0,0.0,0.5000000000000071,0.0714285714285724,0
Chennai,2021-03-17,0.0,0.0,0.0,0.0,0.0,0
Chennai,2021-03-18,0.0,0.0,0.0,0.0,0.0,0
Chennai,2021-03-19,0.0,0.0,0.0,0.0,0.0,0
Chennai,2021-03-20,0.0,0.0,0.0,0.0,0.0,0
Chennai,2021-03-21,0.0,0.0,0.0,0.0,0.0,0
Chennai,2021-03-22,0.0,0.0,0.0,0.0,0.0,0
Chennai,2021-03-23,0.0,0.0,0.0,0.0,0.0,0
Chennai,2021-03-24,0.0,0.0,0.0,0.0,0.0,0
Chennai,2021-03-25,0.0,0.0,0.0,0.0,0.0,0
Chennai,2021-03-26,0.0,0.0,0.0,0.0,0.0,0
Chennai,2021-03-27,0.0,0.0,0.0,0.0,0.0,0
Chennai,2021-03-28,0.0,0.0,0.0,0.0,0.0,0
Chennai,2021-03-29,0.0,0.0,0.0,0.0,0.0,0
Chennai,2021-03-30,0.0,0.0,0.0,0.0,0.0,0
Chennai,2021-03-31,0.0,0.0,0.0,0.0,0.0,0
Chennai,2021-04-01,0.0,0.0,0.0,0.0,0.0,0
Chennai,2021-04-02,0.0,0.0,0.0,0.0,0.0,0
Chennai,2021-04-03,0.0,0.0,0.0,0.0,0.0,0
Chennai,2021-04-04,0.0,0.0,0.0,0.0,0.0,0
Chennai,2021-04-05,0.0,0.0,0.0,0.0,0.0,0
Chennai,2021-04-06,0.1,0.1,0.1,0.1000000000000071,0.0142857142857153,0
Chennai,2021-04-07,0.0,0.0,0.1,0.1000000000000071,0.0142857142857153,0
Chennai,2021-04-08,0.0,0.0,0.1,0.1000000000000071,0.0142857142857153,0
Chennai,2021-04-09,0.0,0.0,0.0,0.1000000000000071,0.0142857142857153,0
Chennai,2021-04-10,0.8,0.8,0.8,0.9000000000000071,0.1285714285714295,0
Chennai,2021-04-11,0.6,0.6,1.4,1.500000000000007,0.2142857142857153,0
Chennai,2021-04-12,0.2,0.2,1.6,1.700000000000007,0.2428571428571438,0
Chennai,2021-04-13,0.0,0.0,0.8,1.600000000000007,0.2285714285714295,0
Chennai,2021-04-14,2.1,2.1,2.3000000000000003,3.7000000000000073,0.5285714285714296,0
Chennai,2021-04-15,3.7,3.7,5.800000000000001,7.400000000000007,1.0571428571428585,0
Chennai,2021-04-16,0.6,0.6,6.4,8.000000000000007,1.142857142857144,0
Chennai,2021-04-17,0.0,0.0,4.300000000000001,7.200000000000007,1.0285714285714296,0
Chennai,2021-04-18,0.0,0.0,0.6,6.600000000000007,0.9428571428571438,0
Chennai,2021-04-19,0.0,0.0,0.0,6.400000000000008,0.9142857142857154,0
Chennai,2021-04-20,0.0,0.0,0.0,6.400000000000008,0.9142857142857154,0
Chennai,2021-04-21,0.0,0.0,0.0,4.300000000000007,0.6142857142857153,0
Chennai,2021-04-22,0.2,0.2,0.2,0.8000000000000067,0.1142857142857152,0
Chennai,2021-04-23,0.6,0.6,0.8,0.8000000000000066,0.1142857142857152,0
Chennai,2021-04-24,0.1,0.1,0.8999999999999999,0.9000000000000066,0.1285714285714295,0
Chennai,2021-04-25,0.2,0.2,0.9,1.1000000000000063,0.157142857142858,0
Chennai,2021-04-26,0.4,0.4,0.7,1.5000000000000069,0.2142857142857152,0
Chennai,2021-04-27,0.2,0.2,0.8,1.7000000000000066,0.2428571428571438,0
Chennai,2021-04-28,0.0,0.0,0.5999999999999999,1.7000000000000066,0.2428571428571438,0
Chennai,2021-04-29,0.0,0.0,0.1999999999999999,1.5000000000000069,0.2142857142857152,0
Chennai,2021-04-30,0.3,0.3,0.2999999999999999,1.2000000000000066,0.1714285714285723,0
Chennai,2021-05-01,0.2,0.2,0.4999999999999999,1.3000000000000065,0.1857142857142866,0
Chennai,2021-05-02,0.2,0.2,0.7,1.3000000000000065,0.1857142857142866,0
Chennai,2021-05-03,0.5,0.5,0.8999999999999999,1.4000000000000066,0.2000000000000009,0
Chennai,2021-05-04,0.9,0.9,1.6,2.1000000000000068,0.300000000000001,0
Chennai,2021-05-05,0.7,0.7,2.1,2.8000000000000065,0.4000000000000009,0
Chennai,2021-05-06,0.1,0.1,1.6999999999999995,2.9000000000000066,0.4142857142857152,0
Chennai,2021-05-07,1.3,1.3,2.1,3.900000000000007,0.557142857142858,0
Chennai,2021-05-08,0.4,0.4,1.7999999999999998,4.100000000000007,0.5857142857142866,0
Chennai,2021-05-09,0.7,0.7,2.4,4.600000000000007,0.6571428571428581,0
Chennai,2021-05-10,0.0,0.0,1.0999999999999996,4.100000000000007,0.5857142857142866,0
Chennai,2021-05-11,0.0,0.0,0.6999999999999997,3.2000000000000064,0.4571428571428581,0
Chennai,2021-05-12,1.2,1.2,1.1999999999999995,3.7000000000000064,0.5285714285714295,0
Chennai,2021-05-13,0.1,0.1,1.2999999999999998,3.700000000000007,0.5285714285714296,0
Chennai,2021-05-14,0.5,0.5,1.7999999999999998,2.9000000000000066,0.4142857142857152,0
Chennai,2021-05-15,0.0,0.0,0.5999999999999998,2.5000000000000067,0.3571428571428581,0
Chennai,2021-05-16,0.3,0.3,0.7999999999999998,2.1000000000000063,0.3000000000000009,0
Chennai,2021-05-17,0.1,0.1,0.3999999999999998,2.2000000000000064,0.3142857142857152,0
Chennai,2021-05-18,0.0,0.0,0.3999999999999998,2.2000000000000064,0.3142857142857152,0
Chennai,2021-05-19,0.8,0.8,0.8999999999999999,1.8000000000000067,0.2571428571428581,0
Chennai,2021-05-20,30.0,30.0,30.8,31.700000000000006,4.528571428571429,0
Chennai,2021-05-21,7.7,7.7,38.5,38.900000000000006,5.557142857142858,0
Chennai,2021-05-22,2.6,2.6,40.3,41.50000000000001,5.92857142857143,0
Chennai,2021-05-23,0.0,0.0,10.3,41.20000000000001,5.885714285714287,0
Chennai,2021-05-24,0.0,0.0,2.6,41.10000000000001,5.871428571428573,0
Chennai,2021-05-25,0.7,0.7,0.7,41.80000000000001,5.971428571428573,0
Chennai,2021-05-26,0.0,0.0,0.7,41.00000000000001,5.8571428571428585,0
Chennai,2021-05-27,0.0,0.0,0.7,11.000000000000009,1.5714285714285725,0
Chennai,2021-05-28,0.0,0.0,0.0,3.300000000000007,0.4714285714285724,0
Chennai,2021-05-29,0.0,0.0,0.0,0.7000000000000071,0.100000000000001,0
Chennai,2021-05-30,0.1,0.1,0.1,0.800000000000007,0.1142857142857153,0
Chennai,2021-05-31,0.1,0.1,0.2,0.900000000000007,0.1285714285714295,0
Chennai,2021-06-01,0.0,0.0,0.2,0.2000000000000071,0.0285714285714295,0
Chennai,2021-06-02,0.1,0.1,0.2,0.3000000000000071,0.0428571428571438,0
Chennai,2021-06-03,0.1,0.1,0.2,0.4000000000000071,0.0571428571428581,0
Chennai,2021-06-04,1.6,1.6,1.8,2.000000000000007,0.2857142857142867,0
Chennai,2021-06-05,3.9,3.9,5.6,5.900000000000008,0.842857142857144,0
Chennai,2021-06-06,0.4,0.4,5.9,6.200000000000007,0.8857142857142868,0
Chennai,2021-06-07,4.7,4.7,9.0,10.800000000000008,1.542857142857144,0
Chennai,2021-06-08,1.0,1.0,6.1000000000000005,11.800000000000008,1.6857142857142868,0
Chennai,2021-06-09,0.2,0.2,5.9,11.900000000000007,1.700000000000001,0
Chennai,2021-06-10,0.9,0.9,2.1,12.700000000000008,1.8142857142857156,0
Chennai,2021-06-11,0.0,0.0,1.1,11.100000000000009,1.585714285714287,0
Chennai,2021-06-12,0.9,0.9,1.8000000000000005,8.100000000000009,1.1571428571428584,0
Chennai,2021-06-13,0.1,0.1,1.0,7.800000000000008,1.1142857142857154,0
Chennai,2021-06-14,0.0,0.0,1.0,3.100000000000007,0.4428571428571439,0
Chennai,2021-06-15,0.1,0.1,0.2,2.2000000000000077,0.3142857142857153,0
Chennai,2021-06-16,0.1,0.1,0.2,2.100000000000007,0.300000000000001,0
Chennai,2021-06-17,0.6,0.6,0.8,1.8000000000000071,0.2571428571428581,0
Chennai,2021-06-18,0.0,0.0,0.7,1.8000000000000071,0.2571428571428581,0
Chennai,2021-06-19,0.0,0.0,0.5999999999999999,0.9000000000000071,0.1285714285714295,0
Chennai,2021-06-20,0.6,0.6,0.6,1.400000000000007,0.200000000000001,0
Chennai,2021-06-21,0.3,0.3,0.8999999999999999,1.700000000000007,0.2428571428571438,0
Chennai,2021-06-22,2.8,2.8,3.7,4.400000000000007,0.6285714285714296,0
Chennai,2021-06-23,4.0,4.0,7.1,8.300000000000008,1.1857142857142868,0
Chennai,2021-06-24,1.1,1.1,7.9,8.800000000000006,1.257142857142858,0
Chennai,2021-06-25,0.0,0.0,5.1,8.800000000000006,1.257142857142858,0
Chennai,2021-06-26,0.8,0.8,1.9,9.600000000000009,1.3714285714285723,0
Chennai,2021-06-27,2.6,2.6,3.4000000000000004,11.600000000000009,1.657142857142858,0
Chennai,2021-06-28,5.4,5.4,8.8,16.700000000000006,2.3857142857142866,0
Chennai,2021-06-29,0.8,0.8,8.8,14.700000000000008,2.100000000000001,0
Chennai,2021-06-30,1.4,1.4,7.6,12.100000000000009,1.7285714285714295,0
Chennai,2021-07-01,3.6,3.6,5.8,14.600000000000009,2.0857142857142867,0
Chennai,2021-07-02,18.3,18.3,23.3,32.900000000000006,4.700000000000001,0
Chennai,2021-07-03,1.7,1.7,23.6,33.80000000000001,4.82857142857143,0
Chennai,2021-07-04,10.7,10.7,30.7,41.900000000000006,5.985714285714287,0
Chennai,2021-07-05,2.6,2.6,14.999999999999998,39.1,5.585714285714286,0
Chennai,2021-07-06,8.2,8.2,21.5,46.50000000000001,6.642857142857144,0
Chennai,2021-07-07,7.6,7.6,18.4,52.7,7.528571428571429,1
Chennai,2021-07-08,3.9,3.9,19.7,53.00000000000001,7.571428571428572,1
Chennai,2021-07-09,4.9,4.9,16.4,39.6,5.6571428571428575,0
Chennai,2021-07-10,6.3,6.3,15.1,44.2,6.314285714285715,0
Chennai,2021-07-11,1.4,1.4,12.6,34.900000000000006,4.985714285714287,0
Chennai,2021-07-12,0.4,0.4,8.1,32.70000000000001,4.671428571428573,0
Chennai,2021-07-13,4.1,4.1,5.9,28.600000000000005,4.085714285714286,0
Chennai,2021-07-14,5.3,5.3,9.8,26.300000000000008,3.7571428571428576,0
Chennai,2021-07-15,5.2,5.2,14.6,27.60000000000001,3.942857142857144,0
Chennai,2021-07-16,20.1,20.1,30.6,42.80000000000001,6.114285714285716,0
Chennai,2021-07-17,26.8,26.8,52.1,63.30000000000001,9.042857142857144,1
Chennai,2021-07-18,13.1,13.1,60.00000000000001,75.0,10.714285714285714,1
Chennai,2021-07-19,0.9,0.9,40.8,75.50000000000001,10.785714285714288,1
Chennai,2021-07-20,0.0,0.0,14.0,71.4,10.2,1
Chennai,2021-07-21,0.6,0.6,1.5,66.7,9.528571428571428,1
Chennai,2021-07-22,1.7,1.7,2.3,63.2,9.028571428571428,1
Chennai,2021-07-23,3.9,3.9,6.2,47.000000000000014,6.714285714285716,0
Chennai,2021-07-24,0.0,0.0,5.6000000000000005,20.200000000000006,2.8857142857142866,0
Chennai,2021-07-25,0.4,0.4,4.300000000000001,7.500000000000007,1.0714285714285725,0
Chennai,2021-07-26,1.3,1.3,1.7000000000000006,7.900000000000007,1.1285714285714294,0
Chennai,2021-07-27,0.2,0.2,1.9000000000000008,8.100000000000007,1.157142857142858,0
Chennai,2021-07-28,0.0,0.0,1.5000000000000004,7.500000000000007,1.0714285714285725,0
Chennai,2021-07-29,0.1,0.1,0.3000000000000007,5.900000000000007,0.8428571428571437,0
Chennai,2021-07-30,0.0,0.0,0.1000000000000006,2.000000000000007,0.2857142857142867,0
Chennai,2021-07-31,0.6,0.6,0.7000000000000006,2.600000000000007,0.3714285714285724,0
Chennai,2021-08-01,0.5,0.5,1.1000000000000003,2.7000000000000077,0.3857142857142867,0
Chennai,2021-08-02,1.1,1.1,2.2000000000000006,2.500000000000007,0.3571428571428581,0
Chennai,2021-08-03,0.6,0.6,2.2000000000000006,2.900000000000007,0.4142857142857153,0
Chennai,2021-08-04,0.9,0.9,2.6000000000000005,3.800000000000007,0.5428571428571438,0
Chennai,2021-08-05,1.5,1.5,3.0000000000000004,5.200000000000007,0.7428571428571439,0
Chennai,2021-08-06,1.7,1.7,4.1000000000000005,6.900000000000008,0.9857142857142868,0
Chennai,2021-08-07,2.0,2.0,5.2,8.300000000000006,1.1857142857142866,0
Chennai,2021-08-08,3.7,3.7,7.4,11.500000000000009,1.642857142857144,0
Chennai,2021-08-09,3.6,3.6,9.3,14.000000000000009,2.000000000000001,0
Chennai,2021-08-10,6.5,6.5,13.8,19.90000000000001,2.842857142857144,0
Chennai,2021-08-11,4.0,4.0,14.1,23.000000000000007,3.285714285714287,0
Chennai,2021-08-12,5.6,5.6,16.1,27.10000000000001,3.8714285714285728,0
Chennai,2021-08-13,10.2,10.2,19.8,35.60000000000001,5.085714285714287,0
Chennai,2021-08-14,1.5,1.5,17.299999999999997,35.10000000000001,5.014285714285715,0
Chennai,2021-08-15,1.4,1.4,13.1,32.800000000000004,4.685714285714286,0
Chennai,2021-08-16,0.9,0.9,3.8,30.100000000000005,4.300000000000001,0
Chennai,2021-08-17,0.8,0.8,3.1,24.40000000000001,3.485714285714287,0
Chennai,2021-08-18,2.3,2.3,4.0,22.700000000000003,3.2428571428571438,0
Chennai,2021-08-19,5.2,5.2,8.3,22.300000000000004,3.1857142857142864,0
Chennai,2021-08-20,4.7,4.7,12.2,16.800000000000008,2.400000000000001,0
Chennai,2021-08-21,3.4,3.4,13.3,18.700000000000006,2.671428571428572,0
Chennai,2021-08-22,0.2,0.2,8.3,17.500000000000007,2.500000000000001,0
Chennai,2021-08-23,0.0,0.0,3.6,16.600000000000005,2.3714285714285723,0
Chennai,2021-08-24,0.6,0.6,0.8,16.400000000000006,2.342857142857144,0
Chennai,2021-08-25,6.6,6.6,7.199999999999999,20.700000000000006,2.957142857142858,0
Chennai,2021-08-26,10.7,10.7,17.9,26.200000000000006,3.742857142857144,0
Chennai,2021-08-27,11.8,11.8,29.1,33.30000000000001,4.757142857142859,0
Chennai,2021-08-28,27.4,27.4,49.9,57.3,8.185714285714287,1
Chennai,2021-08-29,35.1,35.1,74.30000000000001,92.20000000000002,13.171428571428574,1
Chennai,2021-08-30,0.6,0.6,63.1,92.8,13.257142857142858,1
Chennai,2021-08-31,1.8,1.8,37.5,94.0,13.428571428571429,1
Chennai,2021-09-01,0.4,0.4,2.8,87.80000000000001,12.542857142857144,1
Chennai,2021-09-02,26.7,26.7,28.9,103.8,14.828571428571433,2
Chennai,2021-09-03,19.8,19.8,46.9,111.8,15.971428571428572,2
Chennai,2021-09-04,12.5,12.5,59.0,96.9,13.842857142857143,1
Chennai,2021-09-05,10.4,10.4,42.7,72.2,10.314285714285717,1
Chennai,2021-09-06,1.9,1.9,24.8,73.50000000000001,10.500000000000002,1
Chennai,2021-09-07,0.0,0.0,12.3,71.7,10.242857142857144,1
Chennai,2021-09-08,0.2,0.2,2.1,71.50000000000001,10.214285714285715,1
Chennai,2021-09-09,0.3,0.3,0.5,45.10000000000001,6.442857142857144,0
Chennai,2021-09-10,0.1,0.1,0.6,25.40000000000001,3.628571428571429,0
Chennai,2021-09-11,1.5,1.5,1.9,14.400000000000007,2.0571428571428583,0
Chennai,2021-09-12,0.8,0.8,2.4,4.800000000000007,0.6857142857142867,0
Chennai,2021-09-13,0.0,0.0,2.3,2.9000000000000075,0.4142857142857153,0
Chennai,2021-09-14,0.0,0.0,0.8,2.9000000000000075,0.4142857142857153,0
Chennai,2021-09-15,0.7,0.7,0.7,3.400000000000007,0.4857142857142867,0
Chennai,2021-09-16,1.3,1.3,2.0,4.400000000000008,0.6285714285714297,0
Chennai,2021-09-17,3.3,3.3,5.3,7.600000000000008,1.0857142857142867,0
Chennai,2021-09-18,2.5,2.5,7.1,8.600000000000007,1.2285714285714295,0
Chennai,2021-09-19,1.4,1.4,7.199999999999999,9.200000000000006,1.3142857142857152,0
Chennai,2021-09-20,3.7,3.7,7.6,12.900000000000007,1.842857142857144,0
Chennai,2021-09-21,7.5,7.5,12.6,20.40000000000001,2.914285714285715,0
Chennai,2021-09-22,2.9,2.9,14.1,22.60000000000001,3.22857142857143,0
Chennai,2021-09-23,5.4,5.4,15.8,26.70000000000001,3.814285714285716,0
Chennai,2021-09-24,4.9,4.9,13.2,28.300000000000008,4.042857142857144,0
Chennai,2021-09-25,9.4,9.4,19.700000000000003,35.20000000000001,5.02857142857143,0
Chennai,2021-09-26,4.6,4.6,18.9,38.400000000000006,5.485714285714287,0
Chennai,2021-09-27,1.4,1.4,15.4,36.10000000000001,5.157142857142858,0
Chennai,2021-09-28,1.0,1.0,7.0,29.600000000000005,4.2285714285714295,0
Chennai,2021-09-29,0.0,0.0,2.4,26.700000000000006,3.8142857142857154,0
Chennai,2021-09-30,11.4,11.4,12.4,32.7,4.671428571428572,0
Chennai,2021-10-01,10.1,10.1,21.5,37.900000000000006,5.414285714285716,0
Chennai,2021-10-02,11.0,11.0,32.5,39.50000000000001,5.642857142857144,0
Chennai,2021-10-03,3.6,3.6,24.700000000000003,38.50000000000001,5.500000000000001,0
Chennai,2021-10-04,0.9,0.9,15.5,38.00000000000001,5.42857142857143,0
Chennai,2021-10-05,30.7,30.7,35.2,67.70000000000002,9.671428571428574,1
Chennai,2021-10-06,6.8,6.8,38.4,74.50000000000001,10.642857142857144,1
Chennai,2021-10-07,2.8,2.8,40.3,65.9,9.414285714285716,1
Chennai,2021-10-08,9.2,9.2,18.8,65.00000000000001,9.285714285714288,1
Chennai,2021-10-09,13.5,13.5,25.5,67.50000000000001,9.642857142857144,1
Chennai,2021-10-10,3.2,3.2,25.9,67.10000000000001,9.585714285714287,1
Chennai,2021-10-11,14.7,14.7,31.4,80.9,11.55714285714286,1
Chennai,2021-10-12,13.1,13.1,31.0,63.3,9.042857142857144,1
Chennai,2021-10-13,0.0,0.0,27.8,56.50000000000001,8.071428571428573,1
Chennai,2021-10-14,4.7,4.7,17.8,58.400000000000006,8.342857142857143,1
Chennai,2021-10-15,5.8,5.8,10.5,55.00000000000001,7.857142857142858,1
Chennai,2021-10-16,2.5,2.5,13.0,44.00000000000001,6.285714285714287,0
Chennai,2021-10-17,2.1,2.1,10.4,42.900000000000006,6.128571428571429,0
Chennai,2021-10-18,1.8,1.8,6.4,30.000000000000007,4.285714285714287,0
Chennai,2021-10-19,2.4,2.4,6.3,19.300000000000004,2.7571428571428576,0
Chennai,2021-10-20,9.1,9.1,13.3,28.40000000000001,4.057142857142858,0
Chennai,2021-10-21,2.5,2.5,14.0,26.200000000000006,3.742857142857144,0
Chennai,2021-10-22,10.0,10.0,21.6,30.40000000000001,4.342857142857143,0
Chennai,2021-10-23,6.1,6.1,18.6,34.00000000000001,4.8571428571428585,0
Chennai,2021-10-24,4.6,4.6,20.7,36.50000000000001,5.214285714285715,0
Chennai,2021-10-25,2.1,2.1,12.8,36.80000000000001,5.257142857142859,0
Chennai,2021-10-26,0.6,0.6,7.3,35.00000000000001,5.000000000000001,0
Chennai,2021-10-27,0.7,0.7,3.4,26.600000000000005,3.8000000000000007,0
Chennai,2021-10-28,16.6,16.6,17.900000000000002,40.7,5.814285714285715,0
Chennai,2021-10-29,16.1,16.1,33.400000000000006,46.80000000000001,6.685714285714288,0
Chennai,2021-10-30,5.6,5.6,38.3,46.3,6.614285714285715,0
Chennai,2021-10-31,20.6,20.6,42.3,62.3,8.9,1
Chennai,2021-11-01,23.6,23.6,49.8,83.80000000000001,11.971428571428572,1
Chennai,2021-11-02,9.4,9.4,53.6,92.6,13.22857142857143,1
Chennai,2021-11-03,14.2,14.2,47.2,106.1,15.157142857142858,2
Chennai,2021-11-04,28.4,28.4,51.99999999999999,117.9,16.842857142857145,2
Chennai,2021-11-05,26.0,26.0,68.6,127.8,18.25714285714286,2
Chennai,2021-11-06,17.9,17.9,72.29999999999998,140.1,20.014285714285712,2
Chennai,2021-11-07,58.3,58.3,102.2,177.8,25.4,2
Chennai,2021-11-08,12.8,12.8,88.99999999999999,167.0,23.857142857142858,2
Chennai,2021-11-09,12.6,12.6,83.7,170.20000000000002,24.31428571428572,2
Chennai,2021-11-10,76.4,76.4,101.8,232.40000000000003,33.2,2
Chennai,2021-11-11,186.3,186.3,275.3,390.30000000000007,55.75714285714287,2
Chennai,2021-11-12,1.6,1.6,264.3,365.9,52.27142857142858,2
Chennai,2021-11-13,0.8,0.8,188.7,348.8,49.82857142857143,2
Chennai,2021-11-14,11.6,11.6,14.0,302.1,43.15714285714286,2
Chennai,2021-11-15,7.0,7.0,19.4,296.30000000000007,42.32857142857144,2
Chennai,2021-11-16,10.4,10.4,29.0,294.1,42.01428571428572,2
Chennai,2021-11-17,13.9,13.9,31.3,231.60000000000005,33.085714285714296,2
Chennai,2021-11-18,62.2,62.2,86.5,107.50000000000004,15.35714285714286,2
Chennai,2021-11-19,8.0,8.0,84.1,113.90000000000003,16.271428571428576,2
Chennai,2021-11-20,12.6,12.6,82.8,125.70000000000002,17.95714285714286,2
Chennai,2021-11-21,5.8,5.8,26.4,119.90000000000003,17.128571428571433,2
Chennai,2021-11-22,11.8,11.8,30.2,124.70000000000005,17.81428571428572,2
Chennai,2021-11-23,1.3,1.3,18.9,115.60000000000002,16.514285714285716,2
Chennai,2021-11-24,0.6,0.6,13.7,102.30000000000004,14.614285714285716,2
Chennai,2021-11-25,34.3,34.3,36.2,74.40000000000003,10.628571428571432,1
Chennai,2021-11-26,40.3,40.3,75.19999999999999,106.70000000000002,15.242857142857146,2
Chennai,2021-11-27,29.7,29.7,104.29999999999998,123.80000000000004,17.68571428571429,2
Chennai,2021-11-28,30.2,30.2,100.2,148.20000000000002,21.17142857142857,2
Chennai,2021-11-29,27.5,27.5,87.4,163.90000000000003,23.41428571428572,2
Chennai,2021-11-30,6.6,6.6,64.3,169.20000000000002,24.17142857142857,2
Chennai,2021-12-01,3.9,3.9,38.0,172.50000000000003,24.642857142857142,2
Chennai,2021-12-02,0.3,0.3,10.8,138.50000000000003,19.78571428571429,2
Chennai,2021-12-03,0.0,0.0,4.2,98.20000000000005,14.028571428571434,1
Chennai,2021-12-04,0.0,0.0,0.3,68.50000000000003,9.78571428571429,1
Chennai,2021-12-05,0.7,0.7,0.7,39.00000000000003,5.571428571428576,0
Chennai,2021-12-06,0.6,0.6,1.2999999999999998,12.100000000000028,1.7285714285714326,0
Chennai,2021-12-07,0.2,0.2,1.5,5.700000000000029,0.8142857142857184,0
Chennai,2021-12-08,1.2,1.2,2.0,3.0000000000000284,0.4285714285714326,0
Chennai,2021-12-09,1.4,1.4,2.8,4.100000000000028,0.5857142857142897,0
Chennai,2021-12-10,3.1,3.1,5.7,7.200000000000029,1.028571428571433,0
Chennai,2021-12-11,7.2,7.2,11.7,14.400000000000029,2.0571428571428614,0
Chennai,2021-12-12,10.1,10.1,20.4,23.800000000000026,3.4000000000000035,0
Chennai,2021-12-13,4.5,4.5,21.8,27.70000000000003,3.9571428571428617,0
Chennai,2021-12-14,6.1,6.1,20.7,33.60000000000002,4.800000000000003,0
Chennai,2021-12-15,0.0,0.0,10.6,32.400000000000034,4.628571428571433,0
Chennai,2021-12-16,0.0,0.0,6.100000000000001,31.00000000000003,4.428571428571432,0
Chennai,2021-12-17,0.0,0.0,0.0,27.900000000000027,3.9857142857142898,0
Chennai,2021-12-18,0.0,0.0,0.0,20.700000000000028,2.9571428571428613,0
Chennai,2021-12-19,0.0,0.0,0.0,10.600000000000028,1.5142857142857182,0
Chennai,2021-12-20,0.0,0.0,0.0,6.100000000000028,0.8714285714285754,0
Chennai,2021-12-21,0.0,0.0,0.0,0.0,0.0,0
Chennai,2021-12-22,0.0,0.0,0.0,0.0,0.0,0
Chennai,2021-12-23,0.0,0.0,0.0,0.0,0.0,0
Chennai,2021-12-24,0.0,0.0,0.0,0.0,0.0,0
Chennai,2021-12-25,0.0,0.0,0.0,0.0,0.0,0
Chennai,2021-12-26,0.0,0.0,0.0,0.0,0.0,0
Chennai,2021-12-27,0.0,0.0,0.0,0.0,0.0,0
Chennai,2021-12-28,1.0,1.0,1.0000000000000018,1.0000000000000284,0.1428571428571469,0
Chennai,2021-12-29,0.8,0.8,1.8000000000000018,1.8000000000000285,0.2571428571428612,0
Chennai,2021-12-30,11.7,11.7,13.500000000000002,13.500000000000028,1.9285714285714328,0
Chennai,2021-12-31,17.3,17.3,29.800000000000004,30.80000000000003,4.400000000000004,0
Chennai,2022-01-01,8.6,8.6,37.6,39.40000000000003,5.6285714285714326,0
Chennai,2022-01-02,0.9,0.9,26.8,40.300000000000026,5.757142857142861,0
Chennai,2022-01-03,0.0,0.0,9.5,40.300000000000026,5.757142857142861,0
Chennai,2022-01-04,0.0,0.0,0.9,39.300000000000026,5.614285714285718,0
Chennai,2022-01-05,0.1,0.1,0.1,38.60000000000003,5.514285714285719,0
Chennai,2022-01-06,0.1,0.1,0.2,27.00000000000003,3.857142857142861,0
Chennai,2022-01-07,2.5,2.5,2.7,12.200000000000028,1.7428571428571469,0
Chennai,2022-01-08,0.4,0.4,3.0,4.000000000000028,0.5714285714285755,0
Chennai,2022-01-09,0.0,0.0,2.9,3.1000000000000285,0.4428571428571469,0
Chennai,2022-01-10,0.0,0.0,0.4,3.1000000000000285,0.4428571428571469,0
Chennai,2022-01-11,0.2,0.2,0.2,3.3000000000000287,0.4714285714285755,0
Chennai,2022-01-12,2.3,2.3,2.5,5.500000000000028,0.7857142857142898,0
Chennai,2022-01-13,1.3,1.3,3.8,6.700000000000029,0.9571428571428612,0
Chennai,2022-01-14,1.9,1.9,5.5,6.100000000000028,0.8714285714285754,0
Chennai,2022-01-15,3.6,3.6,6.8,9.30000000000003,1.3285714285714327,0
Chennai,2022-01-16,1.4,1.4,6.9,10.700000000000028,1.5285714285714325,0
Chennai,2022-01-17,3.2,3.2,8.2,13.900000000000029,1.9857142857142895,0
Chennai,2022-01-18,0.9,0.9,5.5,14.60000000000003,2.08571428571429,0
Chennai,2022-01-19,0.0,0.0,4.1,12.30000000000003,1.7571428571428611,0
Chennai,2022-01-20,0.0,0.0,0.9,11.000000000000028,1.5714285714285754,0
Chennai,2022-01-21,0.0,0.0,0.0,9.10000000000003,1.3000000000000045,0
Chennai,2022-01-22,0.0,0.0,0.0,5.500000000000028,0.7857142857142898,0
Chennai,2022-01-23,0.5,0.5,0.5,4.600000000000028,0.6571428571428611,0
Chennai,2022-01-24,2.1,2.1,2.6,3.5000000000000284,0.5000000000000041,0
Chennai,2022-01-25,1.2,1.2,3.8,3.800000000000028,0.5428571428571469,0
Chennai,2022-01-26,0.1,0.1,3.4,3.900000000000028,0.5571428571428612,0
Chennai,2022-01-27,0.8,0.8,2.1,4.700000000000029,0.6714285714285755,0
Chennai,2022-01-28,0.8,0.8,1.7000000000000002,5.500000000000028,0.7857142857142898,0
Chennai,2022-01-29,0.5,0.5,2.1,6.000000000000028,0.8571428571428612,0
Chennai,2022-01-30,0.2,0.2,1.5000000000000002,5.700000000000029,0.8142857142857184,0
Chennai,2022-01-31,0.0,0.0,0.7,3.6000000000000285,0.5142857142857183,0
Chennai,2022-02-01,0.0,0.0,0.2,2.4000000000000288,0.3428571428571469,0
Chennai,2022-02-02,0.0,0.0,0.0,2.3000000000000287,0.3285714285714327,0
Chennai,2022-02-03,0.0,0.0,0.0,1.5000000000000284,0.2142857142857183,0
Chennai,2022-02-04,0.0,0.0,0.0,0.7000000000000284,0.100000000000004,0
Chennai,2022-02-05,0.5,0.5,0.5,0.7000000000000284,0.100000000000004,0
Chennai,2022-02-06,0.9,0.9,1.4,1.4000000000000283,0.200000000000004,0
Chennai,2022-02-07,0.0,0.0,1.4,1.4000000000000283,0.200000000000004,0
Chennai,2022-02-08,0.0,0.0,0.9,1.4000000000000283,0.200000000000004,0
Chennai,2022-02-09,0.0,0.0,0.0,1.4000000000000283,0.200000000000004,0
Chennai,2022-02-10,0.0,0.0,0.0,1.4000000000000283,0.200000000000004,0
Chennai,2022-02-11,0.0,0.0,0.0,1.4000000000000283,0.200000000000004,0
Chennai,2022-02-12,0.0,0.0,0.0,0.9000000000000284,0.1285714285714326,0
Chennai,2022-02-13,0.1,0.1,0.1,0.1000000000000284,0.0142857142857183,0
Chennai,2022-02-14,2.0,2.0,2.1,2.1000000000000285,0.3000000000000041,0
Chennai,2022-02-15,0.0,0.0,2.1,2.1000000000000285,0.3000000000000041,0
Chennai,2022-02-16,0.0,0.0,2.0,2.1000000000000285,0.3000000000000041,0
Chennai,2022-02-17,0.1,0.1,0.1,2.2000000000000286,0.3142857142857184,0
Chennai,2022-02-18,0.0,0.0,0.1,2.2000000000000286,0.3142857142857184,0
Chennai,2022-02-19,0.0,0.0,0.1,2.2000000000000286,0.3142857142857184,0
Chennai,2022-02-20,0.0,0.0,0.0,2.1000000000000285,0.3000000000000041,0
Chennai,2022-02-21,0.0,0.0,0.0,0.1000000000000284,0.0142857142857183,0
Chennai,2022-02-22,0.0,0.0,0.0,0.1000000000000284,0.0142857142857183,0
Chennai,2022-02-23,0.0,0.0,0.0,0.1000000000000284,0.0142857142857183,0
Chennai,2022-02-24,0.1,0.1,0.1,0.1000000000000284,0.0142857142857183,0
Chennai,2022-02-25,0.0,0.0,0.1,0.1000000000000284,0.0142857142857183,0
Chennai,2022-02-26,0.1,0.1,0.2,0.2000000000000284,0.0285714285714326,0
Chennai,2022-02-27,0.0,0.0,0.1,0.2000000000000284,0.0285714285714326,0
Chennai,2022-02-28,0.0,0.0,0.1,0.2000000000000284,0.0285714285714326,0
Chennai,2022-03-01,0.0,0.0,0.0,0.2000000000000284,0.0285714285714326,0
Chennai,2022-03-02,0.0,0.0,0.0,0.2000000000000284,0.0285714285714326,0
Chennai,2022-03-03,0.1,0.1,0.1,0.2000000000000284,0.0285714285714326,0
Chennai,2022-03-04,0.3,0.3,0.4,0.5000000000000284,0.0714285714285754,0
Chennai,2022-03-05,0.0,0.0,0.3999999999999999,0.4000000000000284,0.0571428571428612,0
Chennai,2022-03-06,0.2,0.2,0.4999999999999999,0.6000000000000285,0.0857142857142897,0
Chennai,2022-03-07,0.0,0.0,0.2,0.6000000000000285,0.0857142857142897,0
Chennai,2022-03-08,0.0,0.0,0.2,0.6000000000000285,0.0857142857142897,0
Chennai,2022-03-09,0.0,0.0,0.0,0.6000000000000285,0.0857142857142897,0
Chennai,2022-03-10,0.0,0.0,0.0,0.5000000000000284,0.0714285714285754,0
Chennai,2022-03-11,0.0,0.0,0.0,0.2000000000000284,0.0285714285714326,0
Chennai,2022-03-12,0.0,0.0,0.0,0.2000000000000284,0.0285714285714326,0
Chennai,2022-03-13,0.0,0.0,0.0,0.0,0.0,0
Chennai,2022-03-14,0.0,0.0,0.0,0.0,0.0,0
Chennai,2022-03-15,0.0,0.0,0.0,0.0,0.0,0
Chennai,2022-03-16,0.0,0.0,0.0,0.0,0.0,0
Chennai,2022-03-17,0.0,0.0,0.0,0.0,0.0,0
Chennai,2022-03-18,0.0,0.0,0.0,0.0,0.0,0
Chennai,2022-03-19,0.0,0.0,0.0,0.0,0.0,0
Chennai,2022-03-20,4.8,4.8,4.8,4.800000000000028,0.6857142857142897,0
Chennai,2022-03-21,0.0,0.0,4.8,4.800000000000028,0.6857142857142897,0
Chennai,2022-03-22,0.0,0.0,4.8,4.800000000000028,0.6857142857142897,0
Chennai,2022-03-23,0.2,0.2,0.2,5.000000000000028,0.7142857142857183,0
Chennai,2022-03-24,0.8,0.8,1.0,5.800000000000028,0.8285714285714326,0
Chennai,2022-03-25,0.5,0.5,1.5,6.300000000000028,0.900000000000004,0
Chennai,2022-03-26,0.6,0.6,1.9,6.900000000000028,0.9857142857142897,0
Chennai,2022-03-27,0.1,0.1,1.2,2.2000000000000286,0.3142857142857184,0
Chennai,2022-03-28,0.0,0.0,0.7,2.2000000000000286,0.3142857142857184,0
Chennai,2022-03-29,0.0,0.0,0.1,2.2000000000000286,0.3142857142857184,0
Chennai,2022-03-30,0.1,0.1,0.1,2.100000000000028,0.300000000000004,0
Chennai,2022-03-31,0.0,0.0,0.1,1.3000000000000285,0.1857142857142897,0
Chennai,2022-04-01,0.7,0.7,0.7999999999999999,1.5000000000000284,0.2142857142857183,0
Chennai,2022-04-02,0.6,0.6,1.2999999999999998,1.5000000000000284,0.2142857142857183,0
Chennai,2022-04-03,0.0,0.0,1.2999999999999998,1.4000000000000283,0.200000000000004,0
Chennai,2022-04-04,0.1,0.1,0.7,1.5000000000000284,0.2142857142857183,0
Chennai,2022-04-05,0.2,0.2,0.3,1.7000000000000284,0.2428571428571469,0
Chennai,2022-04-06,0.0,0.0,0.3,1.6000000000000285,0.2285714285714326,0
Chennai,2022-04-07,0.0,0.0,0.2,1.6000000000000285,0.2285714285714326,0
Chennai,2022-04-08,0.1,0.1,0.1,1.0000000000000284,0.1428571428571469,0
Chennai,2022-04-09,0.5,0.5,0.6,0.9000000000000286,0.1285714285714326,0
Chennai,2022-04-10,0.5,0.5,1.1,1.4000000000000286,0.2000000000000041,0
Chennai,2022-04-11,1.2,1.2,2.2,2.5000000000000284,0.3571428571428612,0
Chennai,2022-04-12,0.8,0.8,2.5,3.100000000000029,0.442857142857147,0
Chennai,2022-04-13,1.1,1.1,3.1,4.200000000000029,0.6000000000000041,0
Chennai,2022-04-14,1.2,1.2,3.1,5.400000000000029,0.7714285714285756,0
Chennai,2022-04-15,0.0,0.0,2.3,5.300000000000028,0.7571428571428612,0
Chennai,2022-04-16,0.0,0.0,1.2,4.800000000000028,0.6857142857142897,0
Chennai,2022-04-17,0.5,0.5,0.5,4.800000000000028,0.6857142857142897,0
Chennai,2022-04-18,0.2,0.2,0.7,3.8000000000000287,0.5428571428571469,0
Chennai,2022-04-19,0.0,0.0,0.7,3.0000000000000284,0.4285714285714326,0
Chennai,2022-04-20,0.1,0.1,0.3,2.0000000000000284,0.2857142857142897,0
Chennai,2022-04-21,0.1,0.1,0.2,0.9000000000000284,0.1285714285714326,0
Chennai,2022-04-22,0.0,0.0,0.2,0.9000000000000284,0.1285714285714326,0
Chennai,2022-04-23,0.0,0.0,0.1,0.9000000000000284,0.1285714285714326,0
Chennai,2022-04-24,0.0,0.0,0.0,0.4000000000000284,0.0571428571428612,0
Chennai,2022-04-25,0.0,0.0,0.0,0.2000000000000284,0.0285714285714326,0
Chennai,2022-04-26,0.0,0.0,0.0,0.2000000000000284,0.0285714285714326,0
Chennai,2022-04-27,0.0,0.0,0.0,0.1000000000000284,0.0142857142857183,0
Chennai,2022-04-28,0.0,0.0,0.0,0.0,0.0,0
Chennai,2022-04-29,0.0,0.0,0.0,0.0,0.0,0
Chennai,2022-04-30,0.0,0.0,0.0,0.0,0.0,0
Chennai,2022-05-01,0.0,0.0,0.0,0.0,0.0,0
Chennai,2022-05-02,0.0,0.0,0.0,0.0,0.0,0
Chennai,2022-05-03,0.0,0.0,0.0,0.0,0.0,0
Chennai,2022-05-04,0.1,0.1,0.1,0.1000000000000284,0.0142857142857183,0
Chennai,2022-05-05,0.2,0.2,0.3,0.3000000000000284,0.0428571428571469,0
Chennai,2022-05-06,0.0,0.0,0.3,0.3000000000000284,0.0428571428571469,0
Chennai,2022-05-07,0.0,0.0,0.2,0.3000000000000284,0.0428571428571469,0
Chennai,2022-05-08,0.0,0.0,0.0,0.3000000000000284,0.0428571428571469,0
Chennai,2022-05-09,0.3,0.3,0.3,0.6000000000000284,0.0857142857142897,0
Chennai,2022-05-10,22.3,22.3,22.6,22.90000000000003,3.271428571428576,0
Chennai,2022-05-11,4.0,4.0,26.6,26.80000000000003,3.8285714285714327,0
Chennai,2022-05-12,13.8,13.8,40.1,40.400000000000034,5.771428571428577,0
Chennai,2022-05-13,6.5,6.5,24.3,46.900000000000034,6.700000000000005,0
Chennai,2022-05-14,16.8,16.8,37.1,63.70000000000003,9.100000000000003,1
Chennai,2022-05-15,16.3,16.3,39.6,80.00000000000003,11.428571428571432,1
Chennai,2022-05-16,0.3,0.3,33.4,80.00000000000003,11.428571428571432,1
Chennai,2022-05-17,4.6,4.6,21.2,62.30000000000003,8.900000000000004,1
Chennai,2022-05-18,2.3,2.3,7.199999999999999,60.60000000000003,8.657142857142862,1
Chennai,2022-05-19,0.9,0.9,7.8,47.70000000000002,6.814285714285718,0
Chennai,2022-05-20,7.3,7.3,10.5,48.50000000000004,6.928571428571433,0
Chennai,2022-05-21,0.6,0.6,8.799999999999999,32.300000000000026,4.614285714285718,0
Chennai,2022-05-22,0.0,0.0,7.899999999999999,16.00000000000003,2.2857142857142896,0
Chennai,2022-05-23,0.0,0.0,0.6,15.700000000000028,2.242857142857147,0
Chennai,2022-05-24,0.3,0.3,0.3,11.400000000000029,1.6285714285714328,0
Chennai,2022-05-25,0.0,0.0,0.3,9.100000000000028,1.300000000000004,0
Chennai,2022-05-26,4.6,4.6,4.9,12.80000000000003,1.8285714285714327,0
Chennai,2022-05-27,0.4,0.4,5.0,5.900000000000029,0.842857142857147,0
Chennai,2022-05-28,0.0,0.0,5.0,5.300000000000029,0.7571428571428613,0
Chennai,2022-05-29,0.1,0.1,0.5,5.400000000000029,0.7714285714285756,0
Chennai,2022-05-30,0.1,0.1,0.2,5.500000000000028,0.7857142857142898,0
Chennai,2022-05-31,0.0,0.0,0.2,5.200000000000028,0.7428571428571468,0
Chennai,2022-06-01,0.0,0.0,0.1,5.200000000000028,0.7428571428571468,0
Chennai,2022-06-02,0.1,0.1,0.1,0.7000000000000285,0.100000000000004,0
Chennai,2022-06-03,0.0,0.0,0.1,0.3000000000000284,0.0428571428571469,0
Chennai,2022-06-04,0.0,0.0,0.1,0.3000000000000284,0.0428571428571469,0
Chennai,2022-06-05,0.0,0.0,0.0,0.2000000000000284,0.0285714285714326,0
Chennai,2022-06-06,2.3,2.3,2.3,2.4000000000000283,0.3428571428571469,0
Chennai,2022-06-07,0.1,0.1,2.4,2.5000000000000284,0.3571428571428612,0
Chennai,2022-06-08,0.5,0.5,2.9,3.0000000000000284,0.4285714285714326,0
Chennai,2022-06-09,0.0,0.0,0.6,2.9000000000000283,0.4142857142857183,0
Chennai,2022-06-10,0.0,0.0,0.5,2.9000000000000283,0.4142857142857183,0
Chennai,2022-06-11,0.0,0.0,0.0,2.9000000000000283,0.4142857142857183,0
Chennai,2022-06-12,0.0,0.0,0.0,2.9000000000000283,0.4142857142857183,0
Chennai,2022-06-13,0.0,0.0,0.0,0.6000000000000284,0.0857142857142897,0
Chennai,2022-06-14,5.2,5.2,5.2,5.700000000000029,0.8142857142857184,0
Chennai,2022-06-15,5.6,5.6,10.8,10.80000000000003,1.542857142857147,0
Chennai,2022-06-16,4.5,4.5,15.3,15.30000000000003,2.18571428571429,0
Chennai,2022-06-17,0.5,0.5,10.6,15.80000000000003,2.257142857142861,0
Chennai,2022-06-18,5.3,5.3,10.3,21.10000000000003,3.0142857142857187,0
Chennai,2022-06-19,7.4,7.4,13.2,28.50000000000003,4.071428571428576,0
Chennai,2022-06-20,0.9,0.9,13.6,29.400000000000027,4.200000000000004,0
Chennai,2022-06-21,5.6,5.6,13.900000000000002,29.80000000000003,4.257142857142862,0
Chennai,2022-06-22,1.1,1.1,7.6,25.30000000000003,3.6142857142857183,0
Chennai,2022-06-23,3.5,3.5,10.2,24.30000000000003,3.4714285714285755,0
Chennai,2022-06-24,1.6,1.6,6.2,25.400000000000027,3.628571428571433,0
Chennai,2022-06-25,0.3,0.3,5.4,20.40000000000003,2.9142857142857186,0
Chennai,2022-06-26,0.6,0.6,2.5,13.600000000000028,1.9428571428571468,0
Chennai,2022-06-27,0.2,0.2,1.1,12.900000000000029,1.842857142857147,0
Chennai,2022-06-28,0.4,0.4,1.2,7.700000000000029,1.100000000000004,0
Chennai,2022-06-29,3.0,3.0,3.6,9.600000000000028,1.3714285714285754,0
Chennai,2022-06-30,0.3,0.3,3.7,6.400000000000028,0.9142857142857184,0
Chennai,2022-07-01,5.3,5.3,8.6,10.100000000000028,1.4428571428571468,0
Chennai,2022-07-02,1.1,1.1,6.699999999999999,10.900000000000029,1.557142857142861,0
Chennai,2022-07-03,16.1,16.1,22.5,26.400000000000027,3.7714285714285753,0
Chennai,2022-07-04,6.7,6.7,23.9,32.90000000000003,4.700000000000004,0
Chennai,2022-07-05,5.2,5.2,28.0,37.70000000000003,5.385714285714291,0
Chennai,2022-07-06,5.1,5.1,17.0,39.800000000000026,5.6857142857142895,0
Chennai,2022-07-07,5.5,5.5,15.8,45.00000000000003,6.428571428571432,0
Chennai,2022-07-08,0.1,0.1,10.7,39.800000000000026,5.6857142857142895,0
Chennai,2022-07-09,2.7,2.7,8.3,41.40000000000003,5.914285714285718,0
Chennai,2022-07-10,1.2,1.2,4.0,26.500000000000025,3.785714285714289,0
Chennai,2022-07-11,0.6,0.6,4.5,20.400000000000027,2.914285714285718,0
Chennai,2022-07-12,0.5,0.5,2.3,15.700000000000024,2.2428571428571464,0
Chennai,2022-07-13,0.8,0.8,1.9,11.400000000000023,1.628571428571432,0
Chennai,2022-07-14,0.0,0.0,1.2999999999999998,5.900000000000025,0.8428571428571464,0
Chennai,2022-07-15,0.3,0.3,1.1,6.100000000000025,0.8714285714285751,0
Chennai,2022-07-16,0.3,0.3,0.6,3.700000000000025,0.5285714285714321,0
Chennai,2022-07-17,2.2,2.2,2.8000000000000003,4.700000000000025,0.671428571428575,0
Chennai,2022-07-18,3.3,3.3,5.800000000000001,7.400000000000025,1.0571428571428607,0
Chennai,2022-07-19,0.1,0.1,5.6000000000000005,7.000000000000025,1.0000000000000036,0
Chennai,2022-07-20,10.8,10.8,14.2,17.000000000000025,2.428571428571432,0
Chennai,2022-07-21,19.8,19.8,30.700000000000003,36.800000000000026,5.257142857142861,0
Chennai,2022-07-22,9.7,9.7,40.3,46.20000000000003,6.600000000000004,0
Chennai,2022-07-23,5.5,5.5,35.0,51.40000000000002,7.342857142857146,1
Chennai,2022-07-24,2.9,2.9,18.1,52.10000000000002,7.442857142857146,1
Chennai,2022-07-25,1.7,1.7,10.1,50.50000000000002,7.214285714285717,1
Chennai,2022-07-26,10.3,10.3,14.9,60.70000000000002,8.671428571428574,1
Chennai,2022-07-27,1.6,1.6,13.6,51.50000000000003,7.357142857142861,1
Chennai,2022-07-28,0.4,0.4,12.3,32.10000000000002,4.585714285714289,0
Chennai,2022-07-29,2.1,2.1,4.1,24.50000000000002,3.500000000000003,0
Chennai,2022-07-30,0.4,0.4,2.9,19.400000000000023,2.771428571428575,0
Chennai,2022-07-31,1.5,1.5,4.0,18.00000000000002,2.5714285714285743,0
Chennai,2022-08-01,7.2,7.2,9.1,23.50000000000002,3.3571428571428603,0
Chennai,2022-08-02,19.0,19.0,27.7,32.200000000000024,4.600000000000003,0
Chennai,2022-08-03,16.9,16.9,43.1,47.50000000000002,6.785714285714289,0
Chennai,2022-08-04,21.2,21.2,57.1,68.30000000000003,9.757142857142862,1
Chennai,2022-08-05,0.0,0.0,38.1,66.20000000000003,9.45714285714286,1
Chennai,2022-08-06,2.8,2.8,24.0,68.60000000000002,9.800000000000002,1
Chennai,2022-08-07,0.4,0.4,3.2,67.50000000000003,9.642857142857148,1
Chennai,2022-08-08,0.0,0.0,3.2,60.30000000000002,8.614285714285717,1
Chennai,2022-08-09,0.0,0.0,0.4,41.300000000000026,5.900000000000004,0
Chennai,2022-08-10,0.2,0.2,0.2,24.600000000000023,3.5142857142857173,0
Chennai,2022-08-11,0.0,0.0,0.2,3.400000000000025,0.4857142857142892,0
Chennai,2022-08-12,0.1,0.1,0.3,3.500000000000025,0.5000000000000036,0
Chennai,2022-08-13,0.2,0.2,0.3,0.9000000000000249,0.1285714285714321,0
Chennai,2022-08-14,0.0,0.0,0.3,0.5000000000000249,0.0714285714285749,0
Chennai,2022-08-15,0.3,0.3,0.5,0.8000000000000249,0.1142857142857178,0
Chennai,2022-08-16,5.7,5.7,6.0,6.500000000000025,0.9285714285714322,0
Chennai,2022-08-17,10.0,10.0,16.0,16.300000000000026,2.3285714285714323,0
Chennai,2022-08-18,1.6,1.6,17.3,17.900000000000027,2.557142857142861,0
Chennai,2022-08-19,1.3,1.3,12.9,19.100000000000023,2.728571428571432,0
Chennai,2022-08-20,0.0,0.0,2.9000000000000004,18.900000000000023,2.7000000000000037,0
Chennai,2022-08-21,1.1,1.1,2.4000000000000004,20.000000000000025,2.8571428571428608,0
Chennai,2022-08-22,4.9,4.9,6.000000000000001,24.600000000000023,3.5142857142857173,0
Chennai,2022-08-23,1.9,1.9,7.9,20.800000000000026,2.971428571428575,0
Chennai,2022-08-24,12.9,12.9,19.700000000000003,23.700000000000024,3.385714285714289,0
Chennai,2022-08-25,2.5,2.5,17.3,24.600000000000023,3.5142857142857173,0
Chennai,2022-08-26,8.2,8.2,23.6,31.50000000000003,4.500000000000004,0
Chennai,2022-08-27,15.0,15.0,25.7,46.50000000000003,6.642857142857147,0
Chennai,2022-08-28,11.1,11.1,34.3,56.50000000000003,8.071428571428575,1
Chennai,2022-08-29,2.9,2.9,29.0,54.50000000000003,7.78571428571429,1
Chennai,2022-08-30,5.3,5.3,19.3,57.90000000000003,8.271428571428576,1
Chennai,2022-08-31,3.4,3.4,11.6,48.40000000000002,6.914285714285717,0
Chennai,2022-09-01,16.8,16.8,25.5,62.70000000000002,8.957142857142859,1
Chennai,2022-09-02,2.8,2.8,23.000000000000004,57.300000000000026,8.185714285714289,1
Chennai,2022-09-03,1.0,1.0,20.6,43.300000000000026,6.1857142857142895,0
Chennai,2022-09-04,4.5,4.5,8.3,36.70000000000002,5.242857142857146,0
Chennai,2022-09-05,0.1,0.1,5.6,33.90000000000003,4.842857142857147,0
Chennai,2022-09-06,6.3,6.3,10.9,34.90000000000002,4.985714285714288,0
Chennai,2022-09-07,11.4,11.4,17.8,42.90000000000003,6.1285714285714326,0
Chennai,2022-09-08,5.5,5.5,23.2,31.600000000000023,4.514285714285718,0
Chennai,2022-09-09,15.2,15.2,32.1,44.00000000000002,6.285714285714289,0
Chennai,2022-09-10,2.1,2.1,22.8,45.10000000000002,6.442857142857146,0
Chennai,2022-09-11,0.0,0.0,17.3,40.60000000000002,5.800000000000003,0
Chennai,2022-09-12,0.0,0.0,2.1,40.50000000000002,5.785714285714289,0
Chennai,2022-09-13,0.2,0.2,0.2,34.40000000000003,4.914285714285718,0
Chennai,2022-09-14,2.7,2.7,2.9000000000000004,25.700000000000028,3.6714285714285753,0
Chennai,2022-09-15,2.7,2.7,5.6000000000000005,22.900000000000023,3.271428571428575,0
Chennai,2022-09-16,1.2,1.2,6.6000000000000005,8.900000000000025,1.2714285714285751,0
Chennai,2022-09-17,0.2,0.2,4.1000000000000005,7.000000000000026,1.0000000000000038,0
Chennai,2022-09-18,0.0,0.0,1.4,7.000000000000025,1.0000000000000036,0
Chennai,2022-09-19,0.7,0.7,0.8999999999999999,7.700000000000025,1.1000000000000036,0
Chennai,2022-09-20,0.0,0.0,0.7,7.500000000000026,1.0714285714285752,0
Chennai,2022-09-21,0.0,0.0,0.7,4.800000000000026,0.6857142857142894,0
Chennai,2022-09-22,0.0,0.0,0.0,2.1000000000000245,0.3000000000000035,0
Chennai,2022-09-23,0.4,0.4,0.4,1.3000000000000247,0.1857142857142892,0
Chennai,2022-09-24,1.1,1.1,1.5,2.200000000000025,0.3142857142857179,0
Chennai,2022-09-25,1.4,1.4,2.9,3.6000000000000245,0.5142857142857178,0
Chennai,2022-09-26,3.5,3.5,6.0,6.400000000000024,0.9142857142857178,0
Chennai,2022-09-27,3.8,3.8,8.7,10.200000000000024,1.4571428571428606,0
Chennai,2022-09-28,25.6,25.6,32.9,35.800000000000026,5.114285714285718,0
Chennai,2022-09-29,11.8,11.8,41.2,47.60000000000002,6.800000000000003,0
Chennai,2022-09-30,1.6,1.6,39.0,48.800000000000026,6.971428571428575,0
Chennai,2022-10-01,8.4,8.4,21.8,56.10000000000002,8.014285714285718,1
Chennai,2022-10-02,0.0,0.0,9.999999999999996,54.70000000000003,7.8142857142857185,1
Chennai,2022-10-03,0.0,0.0,8.399999999999997,51.20000000000003,7.3142857142857185,1
Chennai,2022-10-04,0.0,0.0,0.0,47.40000000000002,6.771428571428574,0
Chennai,2022-10-05,10.2,10.2,10.199999999999996,32.00000000000003,4.571428571428576,0
Chennai,2022-10-06,20.0,20.0,30.2,40.20000000000002,5.742857142857146,0
Chennai,2022-10-07,5.4,5.4,35.599999999999994,44.00000000000002,6.285714285714289,0
Chennai,2022-10-08,51.5,51.5,76.89999999999999,87.10000000000002,12.442857142857148,1
Chennai,2022-10-09,20.9,20.9,77.79999999999998,108.00000000000004,15.428571428571432,2
Chennai,2022-10-10,16.1,16.1,88.49999999999999,124.10000000000002,17.72857142857143,2
Chennai,2022-10-11,1.8,1.8,38.79999999999999,125.90000000000002,17.985714285714288,2
Chennai,2022-10-12,6.2,6.2,24.099999999999994,121.90000000000002,17.414285714285718,2
Chennai,2022-10-13,2.9,2.9,10.899999999999991,104.80000000000004,14.971428571428577,2
Chennai,2022-10-14,6.6,6.6,15.699999999999992,106.00000000000004,15.142857142857148,2
Chennai,2022-10-15,9.9,9.9,19.39999999999999,64.40000000000002,9.200000000000005,1
Chennai,2022-10-16,6.8,6.8,23.299999999999997,50.300000000000026,7.1857142857142895,1
Chennai,2022-10-17,3.6,3.6,20.299999999999997,37.80000000000002,5.400000000000003,0
Chennai,2022-10-18,11.8,11.8,22.2,47.800000000000026,6.828571428571432,0
Chennai,2022-10-19,2.7,2.7,18.099999999999994,44.300000000000026,6.328571428571432,0
Chennai,2022-10-20,6.6,6.6,21.099999999999994,48.00000000000002,6.85714285714286,0
Chennai,2022-10-21,12.3,12.3,21.599999999999994,53.70000000000002,7.671428571428575,1
Chennai,2022-10-22,12.2,12.2,31.099999999999994,56.00000000000003,8.000000000000004,1
Chennai,2022-10-23,0.0,0.0,24.499999999999996,49.20000000000002,7.028571428571431,0
Chennai,2022-10-24,0.0,0.0,12.199999999999992,45.60000000000002,6.514285714285718,0
Chennai,2022-10-25,0.0,0.0,0.0,33.800000000000026,4.828571428571432,0
Chennai,2022-10-26,0.0,0.0,0.0,31.100000000000023,4.442857142857146,0
Chennai,2022-10-27,2.3,2.3,2.2999999999999927,26.800000000000026,3.828571428571432,0
Chennai,2022-10-28,5.7,5.7,7.999999999999993,20.20000000000002,2.885714285714289,0
Chennai,2022-10-29,0.5,0.5,8.499999999999993,8.500000000000021,1.2142857142857173,0
Chennai,2022-10-30,0.1,0.1,6.299999999999993,8.600000000000021,1.2285714285714315,0
Chennai,2022-10-31,37.3,37.3,37.89999999999999,45.90000000000002,6.55714285714286,0
Chennai,2022-11-01,80.2,80.2,117.6,126.10000000000002,18.014285714285716,2
Chennai,2022-11-02,23.9,23.9,141.4,150.00000000000003,21.428571428571438,2
Chennai,2022-11-03,14.6,14.6,118.7,162.3,23.185714285714287,2
Chennai,2022-11-04,5.8,5.8,44.3,162.40000000000003,23.200000000000006,2
Chennai,2022-11-05,2.2,2.2,22.6,164.10000000000002,23.442857142857147,2
Chennai,2022-11-06,0.2,0.2,8.2,164.20000000000002,23.45714285714286,2
Chennai,2022-11-07,3.6,3.6,6.0,130.50000000000003,18.642857142857142,2
Chennai,2022-11-08,4.4,4.4,8.2,54.70000000000003,7.8142857142857185,1
Chennai,2022-11-09,1.9,1.9,9.9,32.70000000000003,4.671428571428576,0
Chennai,2022-11-10,4.5,4.5,10.8,22.60000000000003,3.2285714285714326,0
Chennai,2022-11-11,32.4,32.4,38.8,49.20000000000003,7.028571428571433,0
Chennai,2022-11-12,20.4,20.4,57.3,67.40000000000003,9.628571428571432,1
Chennai,2022-11-13,16.6,16.6,69.4,83.80000000000003,11.971428571428577,1
Chennai,2022-11-14,4.0,4.0,41.0,84.20000000000003,12.028571428571434,1
Chennai,2022-11-15,0.5,0.5,21.1,80.30000000000003,11.471428571428577,1
Chennai,2022-11-16,0.0,0.0,4.5,78.40000000000003,11.200000000000005,1
Chennai,2022-11-17,0.0,0.0,0.5,73.90000000000003,10.557142857142862,1
Chennai,2022-11-18,0.0,0.0,0.0,41.50000000000003,5.928571428571432,0
Chennai,2022-11-19,0.0,0.0,0.0,21.10000000000003,3.0142857142857187,0
Chennai,2022-11-20,0.6,0.6,0.6,5.100000000000028,0.7285714285714325,0
Chennai,2022-11-21,48.3,48.3,48.9,49.40000000000003,7.057142857142861,0
Chennai,2022-11-22,67.6,67.6,116.5,116.50000000000004,16.642857142857146,2
Chennai,2022-11-23,9.4,9.4,125.3,125.90000000000003,17.98571428571429,2
Chennai,2022-11-24,4.3,4.3,81.3,130.20000000000002,18.6,2
Chennai,2022-11-25,1.0,1.0,14.7,131.20000000000002,18.742857142857144,2
Chennai,2022-11-26,0.9,0.9,6.2,132.10000000000002,18.871428571428574,2
Chennai,2022-11-27,1.6,1.6,3.5,133.10000000000002,19.01428571428572,2
Chennai,2022-11-28,1.2,1.2,3.7,86.00000000000003,12.28571428571429,1
Chennai,2022-11-29,0.0,0.0,2.8,18.400000000000027,2.628571428571433,0
Chennai,2022-11-30,0.5,0.5,1.7,9.500000000000028,1.3571428571428612,0
Chennai,2022-12-01,2.0,2.0,2.5,7.200000000000029,1.028571428571433,0
Chennai,2022-12-02,2.0,2.0,4.5,8.200000000000028,1.1714285714285757,0
Chennai,2022-12-03,4.8,4.8,8.8,12.100000000000028,1.7285714285714326,0
Chennai,2022-12-04,2.5,2.5,9.3,13.000000000000028,1.8571428571428608,0
Chennai,2022-12-05,0.2,0.2,7.5,12.000000000000028,1.7142857142857184,0
Chennai,2022-12-06,0.0,0.0,2.7,12.000000000000028,1.7142857142857184,0
Chennai,2022-12-07,0.0,0.0,0.2,11.500000000000028,1.642857142857147,0
Chennai,2022-12-08,23.8,23.8,23.8,33.300000000000026,4.757142857142861,0
Chennai,2022-12-09,114.0,114.0,137.8,145.3,20.75714285714286,2
Chennai,2022-12-10,13.7,13.7,151.5,154.20000000000002,22.028571428571432,2
Chennai,2022-12-11,7.0,7.0,134.7,158.70000000000002,22.67142857142857,2
Chennai,2022-12-12,21.6,21.6,42.3,180.10000000000002,25.72857142857143,2
Chennai,2022-12-13,1.1,1.1,29.700000000000003,181.2,25.88571428571429,2
Chennai,2022-12-14,1.2,1.2,23.9,182.40000000000003,26.05714285714286,2
Chennai,2022-12-15,0.0,0.0,2.3,158.60000000000002,22.657142857142865,2
Chennai,2022-12-16,0.0,0.0,1.2,44.60000000000003,6.371428571428575,0
Chennai,2022-12-17,0.0,0.0,0.0,30.90000000000003,4.414285714285719,0
Chennai,2022-12-18,1.5,1.5,1.5,25.40000000000003,3.628571428571433,0
Chennai,2022-12-19,0.1,0.1,1.6,3.900000000000028,0.5571428571428612,0
Chennai,2022-12-20,0.4,0.4,2.0,3.2000000000000286,0.4571428571428612,0
Chennai,2022-12-21,0.7,0.7,1.2,2.700000000000028,0.3857142857142897,0
Chennai,2022-12-22,0.0,0.0,1.1,2.7000000000000286,0.3857142857142898,0
Chennai,2022-12-23,0.4,0.4,1.1,3.1000000000000285,0.4428571428571469,0
Chennai,2022-12-24,4.1,4.1,4.5,7.200000000000028,1.0285714285714325,0
Chennai,2022-12-25,13.1,13.1,17.6,18.800000000000026,2.685714285714289,0
Chennai,2022-12-26,6.4,6.4,23.6,25.100000000000023,3.5857142857142894,0
Chennai,2022-12-27,1.4,1.4,20.9,26.100000000000023,3.728571428571432,0
Chennai,2022-12-28,0.4,0.4,8.200000000000001,25.80000000000003,3.68571428571429,0
Chennai,2022-12-29,0.3,0.3,2.1,26.10000000000003,3.7285714285714326,0
Chennai,2022-12-30,0.0,0.0,0.7,25.700000000000028,3.6714285714285753,0
Chennai,2022-12-31,0.0,0.0,0.3,21.60000000000003,3.08571428571429,0
Chennai,2023-01-01,0.0,0.0,0.0,8.500000000000028,1.2142857142857184,0
Chennai,2023-01-02,0.1,0.1,0.1,2.200000000000028,0.3142857142857183,0
Chennai,2023-01-03,0.3,0.3,0.4,1.1000000000000285,0.1571428571428612,0
Chennai,2023-01-04,1.9,1.9,2.3,2.6000000000000285,0.3714285714285755,0
Chennai,2023-01-05,0.0,0.0,2.2,2.3000000000000287,0.3285714285714327,0
Chennai,2023-01-06,0.0,0.0,1.9,2.3000000000000287,0.3285714285714327,0
Chennai,2023-01-07,0.9,0.9,0.9,3.2000000000000286,0.4571428571428612,0
Chennai,2023-01-08,1.4,1.4,2.3,4.600000000000028,0.6571428571428611,0
Chennai,2023-01-09,0.0,0.0,2.3,4.500000000000028,0.6428571428571469,0
Chennai,2023-01-10,0.0,0.0,1.4,4.200000000000028,0.600000000000004,0
Chennai,2023-01-11,0.0,0.0,0.0,2.3000000000000287,0.3285714285714327,0
Chennai,2023-01-12,0.0,0.0,0.0,2.300000000000028,0.3285714285714326,0
Chennai,2023-01-13,0.0,0.0,0.0,2.300000000000028,0.3285714285714326,0
Chennai,2023-01-14,0.0,0.0,0.0,1.4000000000000283,0.200000000000004,0
Chennai,2023-01-15,0.0,0.0,0.0,0.0,0.0,0
Chennai,2023-01-16,0.0,0.0,0.0,0.0,0.0,0
Chennai,2023-01-17,0.2,0.2,0.2,0.2000000000000284,0.0285714285714326,0
Chennai,2023-01-18,0.0,0.0,0.2,0.2000000000000284,0.0285714285714326,0
Chennai,2023-01-19,0.0,0.0,0.2,0.2000000000000284,0.0285714285714326,0
Chennai,2023-01-20,3.2,3.2,3.2,3.4000000000000288,0.4857142857142898,0
Chennai,2023-01-21,1.9,1.9,5.1,5.300000000000029,0.7571428571428613,0
Chennai,2023-01-22,0.0,0.0,5.1,5.300000000000029,0.7571428571428613,0
Chennai,2023-01-23,0.2,0.2,2.1,5.500000000000028,0.7857142857142898,0
Chennai,2023-01-24,0.0,0.0,0.2,5.300000000000028,0.7571428571428612,0
Chennai,2023-01-25,0.4,0.4,0.6000000000000001,5.700000000000029,0.8142857142857184,0
Chennai,2023-01-26,0.0,0.0,0.4,5.700000000000029,0.8142857142857184,0
Chennai,2023-01-27,0.0,0.0,0.4,2.5000000000000284,0.3571428571428612,0
Chennai,2023-01-28,0.2,0.2,0.2,0.8000000000000285,0.1142857142857183,0
Chennai,2023-01-29,0.6,0.6,0.8,1.4000000000000283,0.200000000000004,0
Chennai,2023-01-30,1.9,1.9,2.7,3.100000000000028,0.4428571428571469,0
Chennai,2023-01-31,2.0,2.0,4.5,5.100000000000028,0.7285714285714325,0
Chennai,2023-02-01,0.9,0.9,4.8,5.600000000000028,0.800000000000004,0
Chennai,2023-02-02,0.0,0.0,2.9,5.600000000000028,0.800000000000004,0
Chennai,2023-02-03,0.9,0.9,1.8,6.500000000000028,0.9285714285714324,0
Chennai,2023-02-04,0.0,0.0,0.9,6.300000000000027,0.9000000000000039,0
Chennai,2023-02-05,0.0,0.0,0.9,5.700000000000028,0.8142857142857183,0
Chennai,2023-02-06,0.0,0.0,0.0,3.800000000000028,0.5428571428571469,0
Chennai,2023-02-07,0.0,0.0,0.0,1.800000000000028,0.2571428571428611,0
Chennai,2023-02-08,0.0,0.0,0.0,0.900000000000028,0.1285714285714325,0
Chennai,2023-02-09,0.0,0.0,0.0,0.900000000000028,0.1285714285714325,0
Chennai,2023-02-10,0.0,0.0,0.0,0.0,0.0,0
Chennai,2023-02-11,0.0,0.0,0.0,0.0,0.0,0
Chennai,2023-02-12,0.0,0.0,0.0,0.0,0.0,0
Chennai,2023-02-13,0.0,0.0,0.0,0.0,0.0,0
Chennai,2023-02-14,0.0,0.0,0.0,0.0,0.0,0
Chennai,2023-02-15,0.0,0.0,0.0,0.0,0.0,0
Chennai,2023-02-16,0.0,0.0,0.0,0.0,0.0,0
Chennai,2023-02-17,0.0,0.0,0.0,0.0,0.0,0
Chennai,2023-02-18,0.0,0.0,0.0,0.0,0.0,0
Chennai,2023-02-19,0.1,0.1,0.1,0.1000000000000279,0.0142857142857182,0
Chennai,2023-02-20,0.0,0.0,0.1,0.1000000000000279,0.0142857142857182,0
Chennai,2023-02-21,0.0,0.0,0.1,0.1000000000000279,0.0142857142857182,0
Chennai,2023-02-22,0.0,0.0,0.0,0.1000000000000279,0.0142857142857182,0
Chennai,2023-02-23,0.0,0.0,0.0,0.1000000000000279,0.0142857142857182,0
Chennai,2023-02-24,0.0,0.0,0.0,0.1000000000000279,0.0142857142857182,0
Chennai,2023-02-25,0.0,0.0,0.0,0.1000000000000279,0.0142857142857182,0
Chennai,2023-02-26,0.0,0.0,0.0,0.0,0.0,0
Chennai,2023-02-27,0.0,0.0,0.0,0.0,0.0,0
Chennai,2023-02-28,0.2,0.2,0.2,0.200000000000028,0.0285714285714325,0
Chennai,2023-03-01,0.0,0.0,0.2,0.200000000000028,0.0285714285714325,0
Chennai,2023-03-02,0.0,0.0,0.2,0.200000000000028,0.0285714285714325,0
Chennai,2023-03-03,0.0,0.0,0.0,0.200000000000028,0.0285714285714325,0
Chennai,2023-03-04,0.0,0.0,0.0,0.200000000000028,0.0285714285714325,0
Chennai,2023-03-05,0.0,0.0,0.0,0.200000000000028,0.0285714285714325,0
Chennai,2023-03-06,0.0,0.0,0.0,0.200000000000028,0.0285714285714325,0
Chennai,2023-03-07,0.0,0.0,0.0,0.0,0.0,0
Chennai,2023-03-08,0.0,0.0,0.0,0.0,0.0,0
Chennai,2023-03-09,0.0,0.0,0.0,0.0,0.0,0
Chennai,2023-03-10,0.0,0.0,0.0,0.0,0.0,0
Chennai,2023-03-11,0.0,0.0,0.0,0.0,0.0,0
Chennai,2023-03-12,0.0,0.0,0.0,0.0,0.0,0
Chennai,2023-03-13,0.0,0.0,0.0,0.0,0.0,0
Chennai,2023-03-14,0.0,0.0,0.0,0.0,0.0,0
Chennai,2023-03-15,0.0,0.0,0.0,0.0,0.0,0
Chennai,2023-03-16,0.0,0.0,0.0,0.0,0.0,0
Chennai,2023-03-17,5.9,5.9,5.9,5.900000000000029,0.842857142857147,0
Chennai,2023-03-18,3.3,3.3,9.2,9.200000000000028,1.3142857142857185,0
Chennai,2023-03-19,21.5,21.5,30.7,30.700000000000028,4.38571428571429,0
Chennai,2023-03-20,1.5,1.5,26.3,32.20000000000003,4.600000000000004,0
Chennai,2023-03-21,0.3,0.3,23.3,32.50000000000003,4.642857142857147,0
Chennai,2023-03-22,1.4,1.4,3.2,33.90000000000003,4.842857142857147,0
Chennai,2023-03-23,2.0,2.0,3.7,35.90000000000003,5.1285714285714326,0
Chennai,2023-03-24,1.5,1.5,4.9,31.50000000000003,4.500000000000004,0
Chennai,2023-03-25,0.6,0.6,4.1,28.80000000000003,4.114285714285718,0
Chennai,2023-03-26,0.7,0.7,2.8,8.000000000000028,1.142857142857147,0
Chennai,2023-03-27,0.2,0.2,1.5,6.700000000000029,0.9571428571428612,0
Chennai,2023-03-28,0.1,0.1,1.0,6.500000000000028,0.9285714285714326,0
Chennai,2023-03-29,0.0,0.0,0.3,5.100000000000028,0.7285714285714325,0
Chennai,2023-03-30,0.0,0.0,0.1,3.1000000000000285,0.4428571428571469,0
Chennai,2023-03-31,0.0,0.0,0.0,1.6000000000000285,0.2285714285714326,0
Chennai,2023-04-01,2.2,2.2,2.2,3.2000000000000286,0.4571428571428612,0
Chennai,2023-04-02,6.1,6.1,8.3,8.600000000000028,1.2285714285714326,0
Chennai,2023-04-03,0.8,0.8,9.1,9.20000000000003,1.3142857142857185,0
Chennai,2023-04-04,0.4,0.4,7.3,9.500000000000028,1.357142857142861,0
Chennai,2023-04-05,0.1,0.1,1.3,9.600000000000028,1.3714285714285754,0
Chennai,2023-04-06,0.1,0.1,0.6000000000000001,9.700000000000028,1.3857142857142897,0
Chennai,2023-04-07,0.0,0.0,0.2,9.700000000000028,1.3857142857142897,0
Chennai,2023-04-08,0.0,0.0,0.1,7.500000000000028,1.0714285714285754,0
Chennai,2023-04-09,0.0,0.0,0.0,1.4000000000000286,0.2000000000000041,0
Chennai,2023-04-10,0.0,0.0,0.0,0.6000000000000285,0.0857142857142897,0
Chennai,2023-04-11,0.0,0.0,0.0,0.2000000000000284,0.0285714285714326,0
Chennai,2023-04-12,0.0,0.0,0.0,0.1000000000000284,0.0142857142857183,0
Chennai,2023-04-13,0.0,0.0,0.0,0.0,0.0,0
Chennai,2023-04-14,0.0,0.0,0.0,0.0,0.0,0
Chennai,2023-04-15,0.0,0.0,0.0,0.0,0.0,0
Chennai,2023-04-16,0.0,0.0,0.0,0.0,0.0,0
Chennai,2023-04-17,0.0,0.0,0.0,0.0,0.0,0
Chennai,2023-04-18,0.0,0.0,0.0,0.0,0.0,0
Chennai,2023-04-19,0.0,0.0,0.0,0.0,0.0,0
Chennai,2023-04-20,0.0,0.0,0.0,0.0,0.0,0
Chennai,2023-04-21,0.0,0.0,0.0,0.0,0.0,0
Chennai,2023-04-22,0.1,0.1,0.1,0.1000000000000284,0.0142857142857183,0
Chennai,2023-04-23,6.3,6.3,6.4,6.400000000000028,0.9142857142857184,0
Chennai,2023-04-24,0.9,0.9,7.3,7.300000000000028,1.042857142857147,0
Chennai,2023-04-25,0.9,0.9,8.1,8.200000000000028,1.1714285714285757,0
Chennai,2023-04-26,0.1,0.1,1.9,8.300000000000027,1.1857142857142895,0
Chennai,2023-04-27,0.1,0.1,1.1,8.400000000000029,1.2000000000000042,0
Chennai,2023-04-28,1.4,1.4,1.6,9.800000000000027,1.400000000000004,0
Chennai,2023-04-29,4.5,4.5,6.0,14.200000000000028,2.0285714285714325,0
Chennai,2023-04-30,5.5,5.5,11.4,13.400000000000029,1.914285714285718,0
Chennai,2023-05-01,25.5,25.5,35.5,38.00000000000003,5.428571428571432,0
Chennai,2023-05-02,27.8,27.8,58.8,64.90000000000003,9.271428571428576,1
Chennai,2023-05-03,9.1,9.1,62.4,73.90000000000003,10.557142857142862,1
Chennai,2023-05-04,0.7,0.7,37.6,74.50000000000003,10.642857142857148,1
Chennai,2023-05-05,13.0,13.0,22.8,86.10000000000004,12.300000000000006,1
Chennai,2023-05-06,5.0,5.0,18.7,86.60000000000002,12.371428571428575,1
Chennai,2023-05-07,0.2,0.2,18.2,81.30000000000003,11.614285714285716,1
Chennai,2023-05-08,0.0,0.0,5.2,55.800000000000026,7.971428571428575,1
Chennai,2023-05-09,0.1,0.1,0.3,28.100000000000023,4.014285714285718,0
Chennai,2023-05-10,0.0,0.0,0.1,19.00000000000003,2.7142857142857184,0
Chennai,2023-05-11,0.0,0.0,0.1,18.300000000000026,2.614285714285718,0
Chennai,2023-05-12,0.0,0.0,0.0,5.300000000000028,0.7571428571428612,0
Chennai,2023-05-13,0.0,0.0,0.0,0.3000000000000284,0.0428571428571469,0
Chennai,2023-05-14,0.0,0.0,0.0,0.1000000000000284,0.0142857142857183,0
Chennai,2023-05-15,0.0,0.0,0.0,0.1000000000000284,0.0142857142857183,0
Chennai,2023-05-16,0.0,0.0,0.0,0.0,0.0,0
Chennai,2023-05-17,0.0,0.0,0.0,0.0,0.0,0
Chennai,2023-05-18,0.7,0.7,0.7,0.7000000000000284,0.100000000000004,0
Chennai,2023-05-19,0.0,0.0,0.7,0.7000000000000284,0.100000000000004,0
Chennai,2023-05-20,0.0,0.0,0.7,0.7000000000000284,0.100000000000004,0
Chennai,2023-05-21,0.0,0.0,0.0,0.7000000000000284,0.100000000000004,0
Chennai,2023-05-22,9.8,9.8,9.8,10.500000000000028,1.500000000000004,0
Chennai,2023-05-23,0.0,0.0,9.8,10.500000000000028,1.500000000000004,0
Chennai,2023-05-24,0.0,0.0,9.8,10.500000000000028,1.500000000000004,0
Chennai,2023-05-25,0.9,0.9,0.9,10.70000000000003,1.528571428571433,0
Chennai,2023-05-26,0.3,0.3,1.2,11.000000000000028,1.5714285714285754,0
Chennai,2023-05-27,0.0,0.0,1.2,11.000000000000028,1.5714285714285754,0
Chennai,2023-05-28,7.2,7.2,7.5,18.20000000000003,2.6000000000000045,0
Chennai,2023-05-29,0.0,0.0,7.2,8.400000000000029,1.2000000000000042,0
Chennai,2023-05-30,0.3,0.3,7.5,8.70000000000003,1.242857142857147,0
Chennai,2023-05-31,0.0,0.0,0.3,8.70000000000003,1.242857142857147,0
Chennai,2023-06-01,0.0,0.0,0.3,7.800000000000028,1.1142857142857183,0
Chennai,2023-06-02,0.0,0.0,0.0,7.500000000000028,1.0714285714285754,0
Chennai,2023-06-03,0.0,0.0,0.0,7.500000000000028,1.0714285714285754,0
Chennai,2023-06-04,0.6,0.6,0.6,0.9000000000000283,0.1285714285714326,0
Chennai,2023-06-05,0.2,0.2,0.8,1.1000000000000285,0.1571428571428612,0
Chennai,2023-06-06,0.1,0.1,0.9,0.9000000000000283,0.1285714285714326,0
Chennai,2023-06-07,16.8,16.8,17.1,17.700000000000028,2.5285714285714325,0
Chennai,2023-06-08,0.0,0.0,16.900000000000002,17.700000000000028,2.5285714285714325,0
Chennai,2023-06-09,1.4,1.4,18.2,19.100000000000023,2.728571428571432,0
Chennai,2023-06-10,0.8,0.8,2.2,19.900000000000027,2.8428571428571465,0
Chennai,2023-06-11,5.8,5.8,8.0,25.100000000000023,3.5857142857142894,0
Chennai,2023-06-12,0.3,0.3,6.9,25.200000000000028,3.600000000000004,0
Chennai,2023-06-13,0.0,0.0,6.1,25.10000000000003,3.58571428571429,0
Chennai,2023-06-14,0.0,0.0,0.3,8.30000000000003,1.18571428571429,0
Chennai,2023-06-15,0.0,0.0,0.0,8.30000000000003,1.18571428571429,0
Chennai,2023-06-16,1.2,1.2,1.2,8.100000000000028,1.1571428571428612,0
Chennai,2023-06-17,0.0,0.0,1.2,7.300000000000028,1.042857142857147,0
Chennai,2023-06-18,3.0,3.0,4.2,4.500000000000028,0.6428571428571469,0
Chennai,2023-06-19,16.8,16.8,19.8,21.00000000000003,3.000000000000004,0
Chennai,2023-06-20,2.1,2.1,21.9,23.10000000000003,3.3000000000000043,0
Chennai,2023-06-21,1.2,1.2,20.1,24.30000000000003,3.4714285714285755,0
Chennai,2023-06-22,0.5,0.5,3.8,24.80000000000003,3.542857142857147,0
Chennai,2023-06-23,0.3,0.3,2.0,23.90000000000003,3.4142857142857186,0
Chennai,2023-06-24,0.2,0.2,1.0,24.10000000000003,3.442857142857147,0
Chennai,2023-06-25,0.0,0.0,0.5,21.10000000000003,3.0142857142857187,0
Chennai,2023-06-26,0.9,0.9,1.1,5.200000000000029,0.742857142857147,0
Chennai,2023-06-27,0.0,0.0,0.9,3.1000000000000285,0.4428571428571469,0
Chennai,2023-06-28,2.8,2.8,3.7,4.700000000000029,0.6714285714285755,0
Chennai,2023-06-29,0.9,0.9,3.7,5.100000000000029,0.7285714285714328,0
Chennai,2023-06-30,0.0,0.0,3.7,4.800000000000029,0.6857142857142898,0
Chennai,2023-07-01,0.6,0.6,1.5,5.200000000000029,0.742857142857147,0
Chennai,2023-07-02,3.9,3.9,4.5,9.100000000000028,1.300000000000004,0
Chennai,2023-07-03,17.7,17.7,22.2,25.900000000000027,3.700000000000004,0
Chennai,2023-07-04,13.2,13.2,34.8,39.10000000000002,5.585714285714289,0
Chennai,2023-07-05,18.4,18.4,49.3,54.70000000000003,7.8142857142857185,1
Chennai,2023-07-06,0.1,0.1,31.7,53.90000000000002,7.700000000000003,1
Chennai,2023-07-07,0.4,0.4,18.9,54.300000000000026,7.757142857142861,1
Chennai,2023-07-08,0.3,0.3,0.8,54.00000000000003,7.714285714285718,1
Chennai,2023-07-09,9.7,9.7,10.4,59.800000000000026,8.542857142857146,1
Chennai,2023-07-10,22.4,22.4,32.4,64.50000000000003,9.21428571428572,1
Chennai,2023-07-11,10.8,10.8,42.900000000000006,62.10000000000002,8.871428571428575,1
Chennai,2023-07-12,16.2,16.2,49.4,59.900000000000034,8.557142857142862,1
Chennai,2023-07-13,0.6,0.6,27.6,60.40000000000003,8.628571428571432,1
Chennai,2023-07-14,0.3,0.3,17.099999999999998,60.30000000000003,8.61428571428572,1
Chennai,2023-07-15,0.0,0.0,0.8999999999999999,60.00000000000003,8.571428571428575,1
Chennai,2023-07-16,1.0,1.0,1.2999999999999998,51.300000000000026,7.328571428571432,1
Chennai,2023-07-17,1.1,1.1,2.1,30.00000000000003,4.28571428571429,0
Chennai,2023-07-18,0.1,0.1,2.2,19.30000000000003,2.757142857142861,0
Chennai,2023-07-19,0.4,0.4,1.6,3.5000000000000284,0.5000000000000041,0
Chennai,2023-07-20,0.0,0.0,0.4999999999999998,2.9000000000000283,0.4142857142857183,0
Chennai,2023-07-21,0.0,0.0,0.3999999999999998,2.6000000000000285,0.3714285714285755,0
Chennai,2023-07-22,1.1,1.1,1.1,3.7000000000000286,0.5285714285714327,0
Chennai,2023-07-23,11.1,11.1,12.2,13.80000000000003,1.9714285714285755,0
Chennai,2023-07-24,10.3,10.3,22.5,23.00000000000003,3.2857142857142896,0
Chennai,2023-07-25,15.8,15.8,37.2,38.70000000000003,5.528571428571433,0
Chennai,2023-07-26,5.3,5.3,31.4,43.60000000000003,6.228571428571433,0
Chennai,2023-07-27,0.0,0.0,21.1,43.60000000000003,6.228571428571433,0
Chennai,2023-07-28,0.5,0.5,5.8,44.10000000000003,6.300000000000004,0
Chennai,2023-07-29,0.0,0.0,0.5,43.00000000000003,6.142857142857147,0
Chennai,2023-07-30,0.0,0.0,0.5,31.90000000000003,4.557142857142861,0
Chennai,2023-07-31,0.7,0.7,0.7,22.30000000000003,3.18571428571429,0
Chennai,2023-08-01,1.3,1.3,2.0,7.800000000000028,1.1142857142857183,0
Chennai,2023-08-02,0.0,0.0,2.0,2.5000000000000284,0.3571428571428612,0
Chennai,2023-08-03,0.7,0.7,2.0,3.2000000000000286,0.4571428571428612,0
Chennai,2023-08-04,0.9,0.9,1.6,3.6000000000000285,0.5142857142857183,0
Chennai,2023-08-05,0.6,0.6,2.2,4.200000000000029,0.6000000000000041,0
Chennai,2023-08-06,15.4,15.4,16.900000000000002,19.60000000000003,2.8000000000000043,0
Chennai,2023-08-07,0.8,0.8,16.8,19.700000000000028,2.814285714285718,0
Chennai,2023-08-08,1.7,1.7,17.9,20.10000000000003,2.871428571428576,0
Chennai,2023-08-09,1.9,1.9,4.4,22.00000000000003,3.142857142857147,0
Chennai,2023-08-10,0.7,0.7,4.3,22.00000000000003,3.142857142857147,0
Chennai,2023-08-11,2.3,2.3,4.9,23.400000000000027,3.3428571428571465,0
Chennai,2023-08-12,18.3,18.3,21.3,41.10000000000003,5.871428571428575,0
Chennai,2023-08-13,8.1,8.1,28.700000000000003,33.80000000000003,4.828571428571434,0
Chennai,2023-08-14,11.4,11.4,37.8,44.40000000000003,6.342857142857147,0
Chennai,2023-08-15,2.7,2.7,22.2,45.400000000000034,6.48571428571429,0
Chennai,2023-08-16,0.5,0.5,14.6,44.00000000000004,6.285714285714291,0
Chennai,2023-08-17,8.5,8.5,11.7,51.800000000000026,7.400000000000004,1
Chennai,2023-08-18,0.8,0.8,9.8,50.30000000000003,7.18571428571429,1
Chennai,2023-08-19,0.5,0.5,9.8,32.50000000000003,4.642857142857147,0
Chennai,2023-08-20,0.7,0.7,2.0,25.100000000000023,3.5857142857142894,0
Chennai,2023-08-21,1.8,1.8,3.0,15.500000000000028,2.2142857142857184,0
Chennai,2023-08-22,8.8,8.8,11.3,21.60000000000003,3.08571428571429,0
Chennai,2023-08-23,5.6,5.6,16.200000000000003,26.70000000000003,3.814285714285719,0
Chennai,2023-08-24,1.2,1.2,15.6,19.40000000000003,2.771428571428576,0
Chennai,2023-08-25,0.1,0.1,6.9,18.700000000000028,2.6714285714285757,0
Chennai,2023-08-26,7.2,7.2,8.5,25.400000000000027,3.628571428571433,0
Chennai,2023-08-27,12.4,12.4,19.7,37.10000000000003,5.300000000000004,0
Chennai,2023-08-28,18.7,18.7,38.3,54.00000000000003,7.714285714285718,1
Chennai,2023-08-29,8.6,8.6,39.7,53.800000000000026,7.6857142857142895,1
Chennai,2023-08-30,8.3,8.3,35.6,56.50000000000003,8.071428571428575,1
Chennai,2023-08-31,3.6,3.6,20.500000000000004,58.900000000000034,8.41428571428572,1
Chennai,2023-09-01,3.5,3.5,15.400000000000004,62.30000000000003,8.900000000000004,1
Chennai,2023-09-02,2.3,2.3,9.400000000000004,57.40000000000003,8.200000000000005,1
Chennai,2023-09-03,1.5,1.5,7.300000000000004,46.50000000000003,6.642857142857147,0
Chennai,2023-09-04,5.5,5.5,9.300000000000004,33.300000000000026,4.757142857142861,0
Chennai,2023-09-05,0.1,0.1,7.100000000000004,24.80000000000003,3.542857142857147,0
Chennai,2023-09-06,6.4,6.4,12.000000000000004,22.900000000000027,3.271428571428576,0
Chennai,2023-09-07,18.7,18.7,25.200000000000003,38.00000000000003,5.428571428571432,0
Chennai,2023-09-08,2.3,2.3,27.4,36.800000000000026,5.257142857142861,0
Chennai,2023-09-09,0.4,0.4,21.4,34.900000000000034,4.98571428571429,0
Chennai,2023-09-10,0.0,0.0,2.7000000000000037,33.400000000000034,4.771428571428577,0
Chennai,2023-09-11,0.0,0.0,0.4000000000000036,27.900000000000027,3.9857142857142898,0
Chennai,2023-09-12,5.6,5.6,5.600000000000003,33.40000000000003,4.771428571428575,0
Chennai,2023-09-13,0.6,0.6,6.200000000000003,27.600000000000023,3.9428571428571466,0
Chennai,2023-09-14,2.5,2.5,8.700000000000003,11.400000000000029,1.6285714285714328,0
Chennai,2023-09-15,0.9,0.9,4.000000000000004,10.00000000000003,1.4285714285714328,0
Chennai,2023-09-16,16.7,16.7,20.1,26.30000000000003,3.757142857142861,0
Chennai,2023-09-17,4.9,4.9,22.5,31.20000000000003,4.457142857142862,0
Chennai,2023-09-18,4.2,4.2,25.800000000000004,35.40000000000003,5.057142857142861,0
Chennai,2023-09-19,0.3,0.3,9.400000000000004,30.10000000000003,4.300000000000004,0
Chennai,2023-09-20,0.2,0.2,4.700000000000004,29.70000000000003,4.242857142857147,0
Chennai,2023-09-21,5.1,5.1,5.600000000000003,32.30000000000003,4.614285714285719,0
Chennai,2023-09-22,2.6,2.6,7.900000000000004,34.00000000000003,4.857142857142861,0
Chennai,2023-09-23,17.3,17.3,25.000000000000004,34.60000000000003,4.942857142857148,0
Chennai,2023-09-24,18.6,18.6,38.50000000000001,48.30000000000003,6.900000000000005,0
Chennai,2023-09-25,9.2,9.2,45.10000000000001,53.300000000000026,7.614285714285718,1
Chennai,2023-09-26,21.7,21.7,49.5,74.70000000000003,10.671428571428576,1
Chennai,2023-09-27,5.3,5.3,36.2,79.80000000000003,11.400000000000004,1
Chennai,2023-09-28,8.2,8.2,35.2,82.90000000000003,11.842857142857149,1
Chennai,2023-09-29,9.8,9.8,23.300000000000004,90.10000000000002,12.871428571428575,1
Chennai,2023-09-30,2.7,2.7,20.700000000000003,75.50000000000003,10.78571428571429,1
Chennai,2023-10-01,2.7,2.7,15.200000000000005,59.60000000000003,8.514285714285718,1
Chennai,2023-10-02,0.3,0.3,5.700000000000004,50.70000000000003,7.242857142857147,1
Chennai,2023-10-03,0.1,0.1,3.100000000000004,29.10000000000003,4.157142857142861,0
Chennai,2023-10-04,10.0,10.0,10.400000000000004,33.800000000000026,4.828571428571432,0
Chennai,2023-10-05,5.5,5.5,15.600000000000003,31.10000000000003,4.442857142857148,0
Chennai,2023-10-06,3.1,3.1,18.600000000000005,24.40000000000003,3.48571428571429,0
Chennai,2023-10-07,2.6,2.6,11.200000000000005,24.30000000000003,3.4714285714285755,0
Chennai,2023-10-08,0.0,0.0,5.700000000000004,21.60000000000003,3.08571428571429,0
Chennai,2023-10-09,1.4,1.4,4.000000000000004,22.70000000000003,3.2428571428571478,0
Chennai,2023-10-10,0.6,0.6,2.000000000000004,23.200000000000028,3.314285714285718,0
Chennai,2023-10-11,0.2,0.2,2.2000000000000037,13.400000000000029,1.9142857142857184,0
Chennai,2023-10-12,0.4,0.4,1.2000000000000035,8.30000000000003,1.18571428571429,0
Chennai,2023-10-13,1.8,1.8,2.4000000000000035,7.000000000000028,1.000000000000004,0
Chennai,2023-10-14,22.5,22.5,24.700000000000003,26.900000000000027,3.8428571428571465,0
Chennai,2023-10-15,2.6,2.6,26.90000000000001,29.50000000000003,4.214285714285718,0
Chennai,2023-10-16,12.6,12.6,37.7,40.70000000000003,5.814285714285719,0
Chennai,2023-10-17,0.2,0.2,15.400000000000002,40.300000000000026,5.757142857142861,0
Chennai,2023-10-18,0.1,0.1,12.900000000000004,40.20000000000002,5.742857142857146,0
Chennai,2023-10-19,0.1,0.1,0.4000000000000036,39.90000000000003,5.700000000000004,0
Chennai,2023-10-20,0.2,0.2,0.4000000000000036,38.300000000000026,5.471428571428575,0
Chennai,2023-10-21,4.8,4.8,5.100000000000003,20.600000000000023,2.9428571428571466,0
Chennai,2023-10-22,2.4,2.4,7.400000000000004,20.400000000000027,2.914285714285718,0
Chennai,2023-10-23,0.3,0.3,7.5000000000000036,8.100000000000028,1.1571428571428612,0
Chennai,2023-10-24,0.1,0.1,2.800000000000004,8.000000000000028,1.142857142857147,0
Chennai,2023-10-25,0.4,0.4,0.8000000000000036,8.300000000000027,1.1857142857142895,0
Chennai,2023-10-26,1.4,1.4,1.9000000000000037,9.600000000000028,1.3714285714285754,0
Chennai,2023-10-27,1.9,1.9,3.700000000000004,11.300000000000027,1.614285714285718,0
Chennai,2023-10-28,4.8,4.8,8.100000000000003,11.30000000000003,1.6142857142857183,0
Chennai,2023-10-29,5.7,5.7,12.400000000000004,14.600000000000028,2.08571428571429,0
Chennai,2023-10-30,8.9,8.9,19.40000000000001,23.20000000000003,3.314285714285719,0
Chennai,2023-10-31,1.5,1.5,16.1,24.60000000000003,3.5142857142857187,0
Chennai,2023-11-01,13.4,13.4,23.800000000000004,37.60000000000003,5.371428571428575,0
Chennai,2023-11-02,10.7,10.7,25.6,46.900000000000034,6.700000000000005,0
Chennai,2023-11-03,14.2,14.2,38.3,59.20000000000003,8.45714285714286,1
Chennai,2023-11-04,34.6,34.6,59.50000000000001,89.00000000000003,12.71428571428572,1
Chennai,2023-11-05,22.2,22.2,71.0,105.50000000000004,15.071428571428577,2
Chennai,2023-11-06,14.9,14.9,71.7,111.50000000000004,15.928571428571432,2
Chennai,2023-11-07,13.8,13.8,50.900000000000006,123.80000000000004,17.68571428571429,2
Chennai,2023-11-08,13.5,13.5,42.20000000000001,123.90000000000003,17.700000000000006,2
Chennai,2023-11-09,12.8,12.8,40.10000000000001,126.00000000000004,18.000000000000004,2
Chennai,2023-11-10,1.6,1.6,27.90000000000001,113.40000000000003,16.200000000000006,2
Chennai,2023-11-11,0.0,0.0,14.400000000000007,78.80000000000003,11.257142857142862,1
Chennai,2023-11-12,0.0,0.0,1.6000000000000072,56.60000000000003,8.08571428571429,1
Chennai,2023-11-13,3.8,3.8,3.800000000000007,45.50000000000003,6.500000000000004,0
Chennai,2023-11-14,51.8,51.8,55.6,83.50000000000003,11.928571428571432,1
Chennai,2023-11-15,35.4,35.4,91.0,105.40000000000003,15.057142857142862,2
Chennai,2023-11-16,1.0,1.0,88.2,93.60000000000002,13.371428571428575,1
Chennai,2023-11-17,2.2,2.2,38.60000000000001,94.20000000000002,13.45714285714286,1
Chennai,2023-11-18,1.1,1.1,4.300000000000008,95.30000000000004,13.614285714285716,1
Chennai,2023-11-19,0.2,0.2,3.5000000000000075,95.50000000000004,13.642857142857148,1
Chennai,2023-11-20,16.9,16.9,18.200000000000006,108.60000000000002,15.514285714285718,2
Chennai,2023-11-21,25.3,25.3,42.400000000000006,82.10000000000002,11.728571428571431,1
Chennai,2023-11-22,4.3,4.3,46.50000000000001,51.00000000000003,7.28571428571429,1
Chennai,2023-11-23,10.8,10.8,40.400000000000006,60.800000000000026,8.685714285714289,1
Chennai,2023-11-24,26.3,26.3,41.400000000000006,84.90000000000003,12.128571428571432,1
Chennai,2023-11-25,5.1,5.1,42.20000000000001,88.90000000000003,12.700000000000005,1
Chennai,2023-11-26,15.8,15.8,47.20000000000001,104.50000000000004,14.928571428571432,2
Chennai,2023-11-27,3.2,3.2,24.10000000000001,90.80000000000004,12.971428571428577,1
Chennai,2023-11-28,6.4,6.4,25.40000000000001,71.90000000000003,10.271428571428576,1
Chennai,2023-11-29,13.7,13.7,23.300000000000004,81.30000000000003,11.614285714285716,1
Chennai,2023-11-30,13.5,13.5,33.60000000000001,84.00000000000003,12.000000000000004,1
Chennai,2023-12-01,3.3,3.3,30.500000000000004,61.00000000000003,8.714285714285719,1
Chennai,2023-12-02,25.3,25.3,42.10000000000001,81.20000000000003,11.600000000000003,1
Chennai,2023-12-03,54.0,54.0,82.60000000000001,119.40000000000003,17.05714285714286,2
Chennai,2023-12-04,255.8,255.8,335.1,372.00000000000006,53.14285714285715,2
Chennai,2023-12-05,14.3,14.3,324.1,379.9000000000001,54.27142857142859,2
Chennai,2023-12-06,17.1,17.1,287.2,383.3,54.75714285714286,2
Chennai,2023-12-07,5.6,5.6,37.0,375.4,53.62857142857143,2
Chennai,2023-12-08,1.5,1.5,24.200000000000003,373.6000000000001,53.37142857142858,2
Chennai,2023-12-09,0.3,0.3,7.399999999999999,348.6000000000001,49.80000000000001,2
Chennai,2023-12-10,0.0,0.0,1.8,294.6000000000001,42.085714285714296,2
Chennai,2023-12-11,0.6,0.6,0.8999999999999999,39.400000000000055,5.628571428571436,0
Chennai,2023-12-12,1.4,1.4,2.0,26.500000000000057,3.785714285714294,0
Chennai,2023-12-13,0.4,0.4,2.4,9.800000000000056,1.400000000000008,0
Chennai,2023-12-14,0.4,0.4,2.2,4.6000000000000565,0.6571428571428652,0
Chennai,2023-12-15,6.1,6.1,6.9,9.200000000000056,1.3142857142857225,0
Chennai,2023-12-16,3.2,3.2,9.7,12.100000000000056,1.7285714285714364,0
Chennai,2023-12-17,3.1,3.1,12.4,15.200000000000056,2.1714285714285797,0
Chennai,2023-12-18,0.3,0.3,6.600000000000001,14.900000000000055,2.128571428571437,0
Chennai,2023-12-19,0.0,0.0,3.400000000000001,13.500000000000057,1.9285714285714368,0
Chennai,2023-12-20,0.0,0.0,0.3000000000000009,13.100000000000056,1.8714285714285797,0
Chennai,2023-12-21,0.0,0.0,0.0,12.700000000000056,1.8142857142857225,0
Chennai,2023-12-22,0.0,0.0,0.0,6.600000000000057,0.942857142857151,0
Chennai,2023-12-23,0.0,0.0,0.0,3.4000000000000568,0.4857142857142938,0
Chennai,2023-12-24,0.4,0.4,0.4000000000000009,0.7000000000000568,0.1000000000000081,0
Chennai,2023-12-25,3.4,3.4,3.8000000000000007,3.8000000000000567,0.5428571428571509,0
Chennai,2023-12-26,0.1,0.1,3.900000000000001,3.9000000000000568,0.5571428571428653,0
Chennai,2023-12-27,0.3,0.3,3.8000000000000007,4.200000000000057,0.6000000000000082,0
Chennai,2023-12-28,2.0,2.0,2.400000000000001,6.200000000000056,0.8857142857142938,0
Chennai,2023-12-29,2.0,2.0,4.300000000000001,8.200000000000056,1.1714285714285797,0
Chennai,2023-12-30,0.9,0.9,4.900000000000001,9.100000000000056,1.300000000000008,0
Chennai,2023-12-31,0.2,0.2,3.100000000000001,8.900000000000055,1.2714285714285791,0
Chennai,2024-01-01,0.0,0.0,1.100000000000001,5.500000000000057,0.7857142857142938,0
Chennai,2024-01-02,0.0,0.0,0.2000000000000009,5.400000000000057,0.7714285714285796,0
Chennai,2024-01-03,0.0,0.0,0.0,5.1000000000000565,0.7285714285714366,0
Chennai,2024-01-04,1.0,1.0,1.0000000000000009,4.1000000000000565,0.5857142857142937,0
Chennai,2024-01-05,0.3,0.3,1.300000000000001,2.4000000000000568,0.3428571428571509,0
Chennai,2024-01-06,2.7,2.7,4.000000000000001,4.200000000000057,0.6000000000000082,0
Chennai,2024-01-07,20.3,20.3,23.3,24.300000000000058,3.4714285714285795,0
Chennai,2024-01-08,25.5,25.5,48.5,49.80000000000005,7.114285714285722,0
Chennai,2024-01-09,0.1,0.1,45.9,49.900000000000055,7.128571428571436,0
Chennai,2024-01-10,0.0,0.0,25.6,49.900000000000055,7.128571428571436,0
Chennai,2024-01-11,0.0,0.0,0.1,48.900000000000055,6.985714285714294,0
Chennai,2024-01-12,0.0,0.0,0.0,48.60000000000006,6.942857142857151,0
Chennai,2024-01-13,0.2,0.2,0.2,46.10000000000006,6.585714285714294,0
Chennai,2024-01-14,0.3,0.3,0.5,26.10000000000006,3.728571428571437,0
Chennai,2024-01-15,0.0,0.0,0.5,0.6000000000000568,0.0857142857142938,0
Chennai,2024-01-16,0.0,0.0,0.3,0.5000000000000568,0.0714285714285795,0
Chennai,2024-01-17,0.0,0.0,0.0,0.5000000000000568,0.0714285714285795,0
Chennai,2024-01-18,0.0,0.0,0.0,0.5000000000000568,0.0714285714285795,0
Chennai,2024-01-19,0.1,0.1,0.1,0.6000000000000568,0.0857142857142938,0
Chennai,2024-01-20,0.0,0.0,0.1,0.4000000000000567,0.0571428571428652,0
Chennai,2024-01-21,0.0,0.0,0.1,0.1000000000000568,0.0142857142857224,0
Chennai,2024-01-22,0.0,0.0,0.0,0.1000000000000568,0.0142857142857224,0
Chennai,2024-01-23,0.0,0.0,0.0,0.1000000000000568,0.0142857142857224,0
Chennai,2024-01-24,0.0,0.0,0.0,0.1000000000000568,0.0142857142857224,0
Chennai,2024-01-25,0.0,0.0,0.0,0.1000000000000568,0.0142857142857224,0
Chennai,2024-01-26,1.0,1.0,1.0,1.0000000000000568,0.1428571428571509,0
Chennai,2024-01-27,0.3,0.3,1.3,1.3000000000000569,0.1857142857142938,0
Chennai,2024-01-28,0.2,0.2,1.5,1.5000000000000568,0.2142857142857224,0
Chennai,2024-01-29,0.0,0.0,0.5,1.5000000000000568,0.2142857142857224,0
Chennai,2024-01-30,0.0,0.0,0.2,1.5000000000000568,0.2142857142857224,0
Chennai,2024-01-31,0.0,0.0,0.0,1.5000000000000568,0.2142857142857224,0
Chennai,2024-02-01,0.6,0.6,0.6,2.100000000000057,0.3000000000000081,0
Chennai,2024-02-02,0.3,0.3,0.8999999999999999,1.4000000000000568,0.2000000000000081,0
Chennai,2024-02-03,0.0,0.0,0.8999999999999999,1.1000000000000567,0.1571428571428652,0
Chennai,2024-02-04,0.0,0.0,0.3,0.9000000000000568,0.1285714285714367,0
Chennai,2024-02-05,0.0,0.0,0.0,0.9000000000000568,0.1285714285714367,0
Chennai,2024-02-06,0.0,0.0,0.0,0.9000000000000568,0.1285714285714367,0
Chennai,2024-02-07,0.0,0.0,0.0,0.9000000000000568,0.1285714285714367,0
Chennai,2024-02-08,0.0,0.0,0.0,0.3000000000000568,0.0428571428571509,0
Chennai,2024-02-09,0.1,0.1,0.1,0.1000000000000568,0.0142857142857224,0
Chennai,2024-02-10,0.1,0.1,0.2,0.2000000000000568,0.0285714285714366,0
Chennai,2024-02-11,0.1,0.1,0.3,0.3000000000000569,0.0428571428571509,0
Chennai,2024-02-12,0.0,0.0,0.2,0.3000000000000569,0.0428571428571509,0
Chennai,2024-02-13,1.1,1.1,1.2000000000000002,1.400000000000057,0.2000000000000081,0
Chennai,2024-02-14,0.1,0.1,1.2000000000000002,1.500000000000057,0.2142857142857224,0
Chennai,2024-02-15,0.0,0.0,1.2000000000000002,1.500000000000057,0.2142857142857224,0
Chennai,2024-02-16,0.0,0.0,0.1,1.400000000000057,0.2000000000000081,0
Chennai,2024-02-17,0.0,0.0,0.0,1.300000000000057,0.1857142857142938,0
Chennai,2024-02-18,0.0,0.0,0.0,1.200000000000057,0.1714285714285795,0
Chennai,2024-02-19,0.0,0.0,0.0,1.200000000000057,0.1714285714285795,0
Chennai,2024-02-20,0.1,0.1,0.1,0.2000000000000568,0.0285714285714366,0
Chennai,2024-02-21,0.0,0.0,0.1,0.1000000000000568,0.0142857142857224,0
Chennai,2024-02-22,1.2,1.2,1.3,1.3000000000000569,0.1857142857142938,0
Chennai,2024-02-23,0.9,0.9,2.1,2.200000000000057,0.3142857142857224,0
Chennai,2024-02-24,0.1,0.1,2.2,2.300000000000057,0.3285714285714367,0
Chennai,2024-02-25,0.0,0.0,1.0,2.300000000000057,0.3285714285714367,0
Chennai,2024-02-26,1.0,1.0,1.1,3.3000000000000567,0.4714285714285795,0
Chennai,2024-02-27,0.0,0.0,1.0,3.200000000000057,0.4571428571428653,0
Chennai,2024-02-28,0.0,0.0,1.0,3.200000000000057,0.4571428571428653,0
Chennai,2024-02-29,0.0,0.0,0.0,2.000000000000057,0.2857142857142938,0
Chennai,2024-03-01,0.0,0.0,0.0,1.1000000000000567,0.1571428571428652,0
Chennai,2024-03-02,0.0,0.0,0.0,1.0000000000000568,0.1428571428571509,0
Chennai,2024-03-03,0.0,0.0,0.0,1.0000000000000568,0.1428571428571509,0
Chennai,2024-03-04,0.1,0.1,0.1000000000000001,0.1000000000000568,0.0142857142857224,0
Chennai,2024-03-05,0.0,0.0,0.1000000000000001,0.1000000000000568,0.0142857142857224,0
Chennai,2024-03-06,0.0,0.0,0.1000000000000001,0.1000000000000568,0.0142857142857224,0
Chennai,2024-03-07,0.0,0.0,0.0,0.1000000000000568,0.0142857142857224,0
Chennai,2024-03-08,0.0,0.0,0.0,0.1000000000000568,0.0142857142857224,0
Chennai,2024-03-09,0.0,0.0,0.0,0.1000000000000568,0.0142857142857224,0
Chennai,2024-03-10,0.0,0.0,0.0,0.1000000000000568,0.0142857142857224,0
Chennai,2024-03-11,0.0,0.0,0.0,0.0,0.0,0
Chennai,2024-03-12,0.0,0.0,0.0,0.0,0.0,0
Chennai,2024-03-13,0.0,0.0,0.0,0.0,0.0,0
Chennai,2024-03-14,0.0,0.0,0.0,0.0,0.0,0
Chennai,2024-03-15,0.3,0.3,0.3000000000000001,0.3000000000000568,0.0428571428571509,0
Chennai,2024-03-16,0.4,0.4,0.7000000000000002,0.7000000000000568,0.1000000000000081,0
Chennai,2024-03-17,0.3,0.3,1.0,1.0000000000000568,0.1428571428571509,0
Chennai,2024-03-18,0.0,0.0,0.7000000000000001,1.0000000000000568,0.1428571428571509,0
Chennai,2024-03-19,0.0,0.0,0.3000000000000001,1.0000000000000568,0.1428571428571509,0
Chennai,2024-03-20,0.0,0.0,0.0,1.0000000000000568,0.1428571428571509,0
Chennai,2024-03-21,3.5,3.5,3.5,4.500000000000057,0.642857142857151,0
Chennai,2024-03-22,0.2,0.2,3.7,4.400000000000057,0.6285714285714368,0
Chennai,2024-03-23,0.0,0.0,3.7,4.000000000000057,0.5714285714285795,0
Chennai,2024-03-24,0.0,0.0,0.2,3.700000000000057,0.5285714285714367,0
Chennai,2024-03-25,0.0,0.0,0.0,3.700000000000057,0.5285714285714367,0
Chennai,2024-03-26,0.0,0.0,0.0,3.700000000000057,0.5285714285714367,0
Chennai,2024-03-27,0.0,0.0,0.0,3.700000000000057,0.5285714285714367,0
Chennai,2024-03-28,0.0,0.0,0.0,0.2000000000000568,0.0285714285714366,0
Chennai,2024-03-29,0.0,0.0,0.0,0.0,0.0,0
Chennai,2024-03-30,0.0,0.0,0.0,0.0,0.0,0
Chennai,2024-03-31,0.0,0.0,0.0,0.0,0.0,0
Chennai,2024-04-01,0.1,0.1,0.1,0.1000000000000568,0.0142857142857224,0
Chennai,2024-04-02,0.0,0.0,0.1,0.1000000000000568,0.0142857142857224,0
Chennai,2024-04-03,0.0,0.0,0.1,0.1000000000000568,0.0142857142857224,0
Chennai,2024-04-04,0.0,0.0,0.0,0.1000000000000568,0.0142857142857224,0
Chennai,2024-04-05,0.0,0.0,0.0,0.1000000000000568,0.0142857142857224,0
Chennai,2024-04-06,0.0,0.0,0.0,0.1000000000000568,0.0142857142857224,0
Chennai,2024-04-07,0.0,0.0,0.0,0.1000000000000568,0.0142857142857224,0
Chennai,2024-04-08,0.0,0.0,0.0,0.0,0.0,0
Chennai,2024-04-09,0.0,0.0,0.0,0.0,0.0,0
Chennai,2024-04-10,0.0,0.0,0.0,0.0,0.0,0
Chennai,2024-04-11,0.0,0.0,0.0,0.0,0.0,0
Chennai,2024-04-12,0.0,0.0,0.0,0.0,0.0,0
Chennai,2024-04-13,0.5,0.5,0.5,0.5000000000000568,0.0714285714285795,0
Chennai,2024-04-14,0.0,0.0,0.5,0.5000000000000568,0.0714285714285795,0
Chennai,2024-04-15,0.0,0.0,0.5,0.5000000000000568,0.0714285714285795,0
Chennai,2024-04-16,0.0,0.0,0.0,0.5000000000000568,0.0714285714285795,0
Chennai,2024-04-17,0.0,0.0,0.0,0.5000000000000568,0.0714285714285795,0
Chennai,2024-04-18,0.0,0.0,0.0,0.5000000000000568,0.0714285714285795,0
Chennai,2024-04-19,0.0,0.0,0.0,0.5000000000000568,0.0714285714285795,0
Chennai,2024-04-20,0.2,0.2,0.2,0.2000000000000568,0.0285714285714366,0
Chennai,2024-04-21,0.0,0.0,0.2,0.2000000000000568,0.0285714285714366,0
Chennai,2024-04-22,0.0,0.0,0.2,0.2000000000000568,0.0285714285714366,0
Chennai,2024-04-23,0.0,0.0,0.0,0.2000000000000568,0.0285714285714366,0
Chennai,2024-04-24,0.0,0.0,0.0,0.2000000000000568,0.0285714285714366,0
Chennai,2024-04-25,0.0,0.0,0.0,0.2000000000000568,0.0285714285714366,0
Chennai,2024-04-26,0.0,0.0,0.0,0.2000000000000568,0.0285714285714366,0
Chennai,2024-04-27,0.0,0.0,0.0,0.0,0.0,0
Chennai,2024-04-28,0.0,0.0,0.0,0.0,0.0,0
Chennai,2024-04-29,0.0,0.0,0.0,0.0,0.0,0
Chennai,2024-04-30,0.0,0.0,0.0,0.0,0.0,0
Chennai,2024-05-01,0.0,0.0,0.0,0.0,0.0,0
Chennai,2024-05-02,0.0,0.0,0.0,0.0,0.0,0
Chennai,2024-05-03,0.0,0.0,0.0,0.0,0.0,0
Chennai,2024-05-04,0.0,0.0,0.0,0.0,0.0,0
Chennai,2024-05-05,0.0,0.0,0.0,0.0,0.0,0
Chennai,2024-05-06,0.0,0.0,0.0,0.0,0.0,0
Chennai,2024-05-07,0.1,0.1,0.1,0.1000000000000568,0.0142857142857224,0
Chennai,2024-05-08,2.2,2.2,2.3000000000000003,2.300000000000057,0.3285714285714367,0
Chennai,2024-05-09,2.8,2.8,5.1,5.1000000000000565,0.7285714285714366,0
Chennai,2024-05-10,7.0,7.0,12.0,12.100000000000056,1.7285714285714366,0
Chennai,2024-05-11,0.6,0.6,10.4,12.700000000000056,1.8142857142857225,0
Chennai,2024-05-12,3.2,3.2,10.8,15.900000000000055,2.27142857142858,0
Chennai,2024-05-13,8.4,8.4,12.2,24.300000000000058,3.4714285714285795,0
Chennai,2024-05-14,0.9,0.9,12.500000000000002,25.10000000000005,3.5857142857142934,0
Chennai,2024-05-15,2.9,2.9,12.2,25.800000000000058,3.685714285714294,0
Chennai,2024-05-16,19.4,19.4,23.2,42.400000000000055,6.057142857142865,0
Chennai,2024-05-17,1.6,1.6,23.9,37.00000000000006,5.285714285714294,0
Chennai,2024-05-18,6.6,6.6,27.599999999999994,43.00000000000006,6.142857142857151,0
Chennai,2024-05-19,9.5,9.5,17.699999999999996,49.30000000000005,7.042857142857151,0
Chennai,2024-05-20,13.9,13.9,29.999999999999996,54.80000000000005,7.828571428571436,1
Chennai,2024-05-21,24.0,24.0,47.39999999999999,77.90000000000006,11.128571428571435,1
Chennai,2024-05-22,21.3,21.3,59.2,96.30000000000008,13.757142857142869,1
Chennai,2024-05-23,24.7,24.7,70.0,101.60000000000004,14.51428571428572,2
Chennai,2024-05-24,0.0,0.0,46.0,100.00000000000006,14.285714285714294,2
Chennai,2024-05-25,16.6,16.6,41.3,110.00000000000006,15.714285714285722,2
Chennai,2024-05-26,0.6,0.6,17.2,101.10000000000004,14.44285714285715,2
Chennai,2024-05-27,0.1,0.1,17.299999999999997,87.30000000000007,12.47142857142858,1
Chennai,2024-05-28,0.0,0.0,0.6999999999999964,63.30000000000006,9.042857142857152,1
Chennai,2024-05-29,0.0,0.0,0.0999999999999964,42.00000000000006,6.000000000000008,0
Chennai,2024-05-30,0.0,0.0,0.0,17.300000000000058,2.4714285714285795,0
Chennai,2024-05-31,21.9,21.9,21.899999999999995,39.20000000000006,5.6000000000000085,0
Chennai,2024-06-01,1.0,1.0,22.899999999999995,23.60000000000005,3.3714285714285794,0
Chennai,2024-06-02,22.0,22.0,44.89999999999999,45.00000000000006,6.428571428571437,0
Chennai,2024-06-03,9.4,9.4,32.4,54.30000000000005,7.757142857142865,1
Chennai,2024-06-04,9.6,9.6,41.0,63.90000000000005,9.128571428571435,1
Chennai,2024-06-05,35.5,35.5,54.5,99.40000000000003,14.200000000000006,1
Chennai,2024-06-06,28.1,28.1,73.2,127.50000000000006,18.21428571428572,2
Chennai,2024-06-07,5.1,5.1,68.7,110.70000000000006,15.814285714285722,2
Chennai,2024-06-08,2.1,2.1,35.300000000000004,111.80000000000004,15.97142857142858,2
Chennai,2024-06-09,0.5,0.5,7.699999999999999,90.30000000000004,12.900000000000007,1
Chennai,2024-06-10,7.0,7.0,9.6,87.90000000000005,12.557142857142864,1
Chennai,2024-06-11,10.4,10.4,17.9,88.70000000000006,12.67142857142858,1
Chennai,2024-06-12,0.6,0.6,18.0,53.80000000000006,7.685714285714295,1
Chennai,2024-06-13,0.1,0.1,11.1,25.800000000000058,3.685714285714294,0
Chennai,2024-06-14,0.1,0.1,0.8,20.800000000000058,2.9714285714285795,0
Chennai,2024-06-15,2.3,2.3,2.5,21.000000000000057,3.000000000000008,0
Chennai,2024-06-16,0.2,0.2,2.6,20.700000000000056,2.9571428571428653,0
Chennai,2024-06-17,0.3,0.3,2.8,14.000000000000057,2.000000000000008,0
Chennai,2024-06-18,0.7,0.7,1.2,4.300000000000057,0.6142857142857224,0
Chennai,2024-06-19,16.6,16.6,17.6,20.300000000000058,2.9000000000000083,0
Chennai,2024-06-20,2.1,2.1,19.4,22.300000000000058,3.185714285714294,0
Chennai,2024-06-21,5.6,5.6,24.3,27.800000000000058,3.97142857142858,0
Chennai,2024-06-22,0.2,0.2,7.899999999999999,25.700000000000056,3.6714285714285793,0
Chennai,2024-06-23,0.9,0.9,6.699999999999999,26.40000000000006,3.77142857142858,0
Chennai,2024-06-24,0.2,0.2,1.2999999999999992,26.300000000000058,3.7571428571428656,0
Chennai,2024-06-25,0.6,0.6,1.6999999999999993,26.200000000000056,3.742857142857151,0
Chennai,2024-06-26,0.5,0.5,1.2999999999999992,10.100000000000056,1.4428571428571508,0
Chennai,2024-06-27,1.0,1.0,2.099999999999999,9.000000000000057,1.2857142857142938,0
Chennai,2024-06-28,0.0,0.0,1.4999999999999991,3.400000000000057,0.4857142857142938,0
Chennai,2024-06-29,2.1,2.1,3.099999999999999,5.300000000000057,0.7571428571428652,0
Chennai,2024-06-30,0.0,0.0,2.099999999999999,4.400000000000057,0.6285714285714368,0
Chennai,2024-07-01,2.0,2.0,4.1,6.200000000000057,0.8857142857142939,0
Chennai,2024-07-02,0.0,0.0,1.9999999999999991,5.6000000000000565,0.800000000000008,0
Chennai,2024-07-03,4.2,4.2,6.199999999999999,9.300000000000058,1.3285714285714367,0
Chennai,2024-07-04,2.6,2.6,6.799999999999999,10.900000000000055,1.5571428571428654,0
Chennai,2024-07-05,0.0,0.0,6.799999999999999,10.900000000000055,1.5571428571428654,0
Chennai,2024-07-06,2.2,2.2,4.799999999999999,11.000000000000057,1.5714285714285796,0
Chennai,2024-07-07,1.2,1.2,3.3999999999999995,12.200000000000058,1.742857142857151,0
Chennai,2024-07-08,11.6,11.6,15.0,21.800000000000058,3.1142857142857223,0
Chennai,2024-07-09,5.2,5.2,18.0,27.000000000000057,3.857142857142865,0
Chennai,2024-07-10,0.2,0.2,17.0,23.000000000000057,3.285714285714294,0
Chennai,2024-07-11,1.0,1.0,6.399999999999999,21.400000000000052,3.057142857142865,0
Chennai,2024-07-12,2.6,2.6,3.799999999999998,24.000000000000057,3.428571428571437,0
Chennai,2024-07-13,8.0,8.0,11.599999999999998,29.800000000000058,4.257142857142865,0
Chennai,2024-07-14,8.9,8.9,19.5,37.50000000000006,5.357142857142866,0
Chennai,2024-07-15,8.2,8.2,25.099999999999994,34.10000000000006,4.87142857142858,0
Chennai,2024-07-16,2.8,2.8,19.899999999999995,31.700000000000056,4.5285714285714365,0
Chennai,2024-07-17,0.1,0.1,11.099999999999998,31.60000000000006,4.514285714285722,0
Chennai,2024-07-18,1.1,1.1,3.9999999999999982,31.70000000000006,4.528571428571437,0
Chennai,2024-07-19,0.5,0.5,1.6999999999999984,29.60000000000006,4.228571428571437,0
Chennai,2024-07-20,0.1,0.1,1.6999999999999984,21.700000000000056,3.100000000000008,0
Chennai,2024-07-21,2.6,2.6,3.1999999999999984,15.400000000000055,2.200000000000008,0
Chennai,2024-07-22,0.0,0.0,2.6999999999999984,7.200000000000057,1.028571428571437,0
Chennai,2024-07-23,0.1,0.1,2.6999999999999984,4.500000000000057,0.642857142857151,0
Chennai,2024-07-24,0.0,0.0,0.0999999999999982,4.400000000000057,0.6285714285714368,0
Chennai,2024-07-25,1.1,1.1,1.1999999999999984,4.400000000000057,0.6285714285714368,0
Chennai,2024-07-26,4.6,4.6,5.6999999999999975,8.500000000000057,1.2142857142857224,0
Chennai,2024-07-27,0.3,0.3,5.999999999999997,8.700000000000058,1.242857142857151,0
Chennai,2024-07-28,0.1,0.1,4.999999999999997,6.200000000000057,0.8857142857142939,0
Chennai,2024-07-29,5.8,5.8,6.1999999999999975,12.000000000000057,1.7142857142857224,0
Chennai,2024-07-30,1.5,1.5,7.399999999999998,13.400000000000055,1.9142857142857224,0
Chennai,2024-07-31,1.5,1.5,8.799999999999997,14.900000000000055,2.128571428571437,0
Chennai,2024-08-01,2.6,2.6,5.599999999999998,16.40000000000006,2.3428571428571514,0
Chennai,2024-08-02,4.5,4.5,8.599999999999998,16.300000000000054,2.3285714285714363,0
Chennai,2024-08-03,7.7,7.7,14.799999999999995,23.700000000000056,3.3857142857142937,0
Chennai,2024-08-04,0.2,0.2,12.4,23.800000000000058,3.4000000000000083,0
Chennai,2024-08-05,0.8,0.8,8.7,18.800000000000058,2.685714285714294,0
Chennai,2024-08-06,19.1,19.1,20.1,36.40000000000006,5.200000000000009,0
Chennai,2024-08-07,8.8,8.8,28.700000000000003,43.70000000000006,6.242857142857152,0
Chennai,2024-08-08,10.9,10.9,38.8,52.00000000000006,7.428571428571437,1
Chennai,2024-08-09,20.9,20.9,40.6,68.40000000000006,9.77142857142858,1
Chennai,2024-08-10,4.1,4.1,35.9,64.80000000000005,9.257142857142863,1
Chennai,2024-08-11,16.2,16.2,41.2,80.80000000000005,11.54285714285715,1
Chennai,2024-08-12,11.4,11.4,31.700000000000003,91.40000000000006,13.057142857142866,1
Chennai,2024-08-13,0.5,0.5,28.1,72.80000000000005,10.400000000000007,1
Chennai,2024-08-14,1.0,1.0,12.900000000000007,65.00000000000006,9.285714285714294,1
Chennai,2024-08-15,1.6,1.6,3.100000000000007,55.70000000000005,7.957142857142864,1
Chennai,2024-08-16,0.9,0.9,3.500000000000007,35.70000000000005,5.100000000000008,0
Chennai,2024-08-17,0.1,0.1,2.600000000000007,31.700000000000053,4.5285714285714365,0
Chennai,2024-08-18,1.6,1.6,2.600000000000007,17.10000000000006,2.442857142857151,0
Chennai,2024-08-19,1.7,1.7,3.4000000000000075,7.400000000000057,1.0571428571428654,0
Chennai,2024-08-20,4.7,4.7,8.000000000000007,11.600000000000058,1.6571428571428657,0
Chennai,2024-08-21,1.0,1.0,7.400000000000008,11.600000000000058,1.6571428571428657,0
Chennai,2024-08-22,0.0,0.0,5.700000000000008,10.000000000000057,1.4285714285714366,0
Chennai,2024-08-23,0.1,0.1,1.100000000000008,9.200000000000058,1.3142857142857225,0
Chennai,2024-08-24,0.2,0.2,0.300000000000008,9.300000000000058,1.3285714285714367,0
Chennai,2024-08-25,0.4,0.4,0.7000000000000081,8.100000000000056,1.1571428571428652,0
Chennai,2024-08-26,1.0,1.0,1.600000000000008,7.400000000000057,1.0571428571428654,0
Chennai,2024-08-27,5.1,5.1,6.500000000000008,7.800000000000057,1.1142857142857223,0
Chennai,2024-08-28,5.1,5.1,11.200000000000006,11.900000000000055,1.700000000000008,0
Chennai,2024-08-29,8.9,8.9,19.10000000000001,20.800000000000058,2.9714285714285795,0
Chennai,2024-08-30,5.0,5.0,19.000000000000007,25.700000000000056,3.6714285714285793,0
Chennai,2024-08-31,0.3,0.3,14.20000000000001,25.800000000000058,3.685714285714294,0
Chennai,2024-09-01,0.0,0.0,5.300000000000009,25.40000000000006,3.628571428571437,0
Chennai,2024-09-02,2.5,2.5,2.8000000000000087,26.90000000000006,3.842857142857152,0
Chennai,2024-09-03,5.1,5.1,7.600000000000008,26.900000000000052,3.842857142857151,0
Chennai,2024-09-04,0.0,0.0,7.600000000000008,21.800000000000058,3.1142857142857223,0
Chennai,2024-09-05,0.7,0.7,5.800000000000009,13.600000000000056,1.9428571428571508,0
Chennai,2024-09-06,17.3,17.3,18.00000000000001,25.900000000000052,3.700000000000008,0
Chennai,2024-09-07,2.9,2.9,20.90000000000001,28.500000000000057,4.071428571428579,0
Chennai,2024-09-08,0.0,0.0,20.20000000000001,28.500000000000057,4.071428571428579,0
Chennai,2024-09-09,0.0,0.0,2.9000000000000106,26.000000000000057,3.7142857142857215,0
Chennai,2024-09-10,1.1,1.1,1.1000000000000107,22.00000000000006,3.142857142857152,0
Chennai,2024-09-11,1.2,1.2,2.3000000000000105,23.20000000000006,3.314285714285723,0
Chennai,2024-09-12,0.8,0.8,3.1000000000000107,23.30000000000006,3.328571428571437,0
Chennai,2024-09-13,0.1,0.1,2.1000000000000107,6.10000000000006,0.87142857142858,0
Chennai,2024-09-14,0.5,0.5,1.4000000000000106,3.700000000000061,0.5285714285714372,0
Chennai,2024-09-15,3.6,3.6,4.200000000000011,7.300000000000061,1.0428571428571516,0
Chennai,2024-09-16,0.4,0.4,4.500000000000011,7.700000000000061,1.1000000000000087,0
Chennai,2024-09-17,0.6,0.6,4.60000000000001,7.20000000000006,1.0285714285714371,0
Chennai,2024-09-18,1.5,1.5,2.50000000000001,7.50000000000006,1.07142857142858,0
Chennai,2024-09-19,2.0,2.0,4.10000000000001,8.70000000000006,1.242857142857151,0
Chennai,2024-09-20,0.4,0.4,3.90000000000001,9.00000000000006,1.2857142857142942,0
Chennai,2024-09-21,3.9,3.9,6.30000000000001,12.40000000000006,1.77142857142858,0
Chennai,2024-09-22,12.9,12.9,17.20000000000001,21.70000000000006,3.1000000000000085,0
Chennai,2024-09-23,15.5,15.5,32.30000000000001,36.80000000000006,5.257142857142866,0
Chennai,2024-09-24,12.4,12.4,40.80000000000001,48.60000000000006,6.942857142857151,0
Chennai,2024-09-25,11.2,11.2,39.10000000000001,58.30000000000005,8.328571428571436,1
Chennai,2024-09-26,0.8,0.8,24.40000000000001,57.10000000000006,8.157142857142865,1
Chennai,2024-09-27,7.8,7.8,19.80000000000001,64.50000000000006,9.214285714285722,1
Chennai,2024-09-28,14.1,14.1,22.70000000000001,74.70000000000006,10.67142857142858,1
Chennai,2024-09-29,0.7,0.7,22.60000000000001,62.500000000000064,8.928571428571438,1
Chennai,2024-09-30,0.9,0.9,15.70000000000001,47.90000000000006,6.842857142857151,0
Chennai,2024-10-01,0.6,0.6,2.200000000000011,36.10000000000006,5.1571428571428655,0
Chennai,2024-10-02,0.0,0.0,1.5000000000000109,24.90000000000006,3.5571428571428654,0
Chennai,2024-10-03,1.6,1.6,2.200000000000011,25.70000000000006,3.67142857142858,0
Chennai,2024-10-04,2.2,2.2,3.800000000000011,20.100000000000065,2.8714285714285803,0
Chennai,2024-10-05,0.1,0.1,3.900000000000011,6.10000000000006,0.87142857142858,0
Chennai,2024-10-06,0.0,0.0,2.300000000000011,5.40000000000006,0.77142857142858,0
Chennai,2024-10-07,1.4,1.4,1.5000000000000109,5.900000000000061,0.8428571428571515,0
Chennai,2024-10-08,1.4,1.4,2.8000000000000105,6.70000000000006,0.9571428571428656,0
Chennai,2024-10-09,2.0,2.0,4.8000000000000105,8.70000000000006,1.242857142857151,0
Chennai,2024-10-10,16.5,16.5,19.90000000000001,23.60000000000006,3.37142857142858,0
Chennai,2024-10-11,7.4,7.4,25.900000000000013,28.80000000000006,4.114285714285723,0
Chennai,2024-10-12,3.3,3.3,27.20000000000001,32.00000000000006,4.571428571428579,0
Chennai,2024-10-13,2.5,2.5,13.20000000000001,34.50000000000006,4.928571428571437,0
Chennai,2024-10-14,69.2,69.2,75.00000000000001,102.30000000000008,14.614285714285725,2
Chennai,2024-10-15,63.4,63.4,135.10000000000002,164.30000000000004,23.47142857142858,2
Chennai,2024-10-16,39.7,39.7,172.3,202.00000000000009,28.857142857142865,2
Chennai,2024-10-17,3.2,3.2,106.3,188.70000000000005,26.957142857142863,2
Chennai,2024-10-18,11.6,11.6,54.500000000000014,192.90000000000003,27.55714285714286,2
Chennai,2024-10-19,8.0,8.0,22.80000000000001,197.60000000000005,28.228571428571435,2
Chennai,2024-10-20,5.8,5.8,25.400000000000016,200.9000000000001,28.70000000000001,2
Chennai,2024-10-21,1.6,1.6,15.400000000000016,133.30000000000004,19.042857142857148,2
Chennai,2024-10-22,1.0,1.0,8.400000000000015,70.90000000000003,10.128571428571432,1
Chennai,2024-10-23,0.0,0.0,2.6000000000000143,31.20000000000004,4.457142857142864,0
Chennai,2024-10-24,0.0,0.0,1.0000000000000142,28.000000000000043,4.000000000000006,0
Chennai,2024-10-25,0.0,0.0,0.0,16.40000000000004,2.3428571428571487,0
Chennai,2024-10-26,0.0,0.0,0.0,8.400000000000043,1.2000000000000062,0
Chennai,2024-10-27,0.6,0.6,0.6000000000000142,3.200000000000043,0.4571428571428632,0
Chennai,2024-10-28,1.7,1.7,2.300000000000014,3.3000000000000425,0.4714285714285774,0
Chennai,2024-10-29,1.1,1.1,3.4000000000000146,3.4000000000000425,0.4857142857142918,0
Chennai,2024-10-30,4.8,4.8,7.600000000000014,8.200000000000042,1.1714285714285777,0
Chennai,2024-10-31,1.9,1.9,7.800000000000015,10.100000000000042,1.4428571428571488,0
Chennai,2024-11-01,5.9,5.9,12.600000000000016,16.000000000000043,2.285714285714292,0
Chennai,2024-11-02,4.4,4.4,12.200000000000015,20.40000000000004,2.9142857142857204,0
Chennai,2024-11-03,3.7,3.7,14.000000000000014,23.500000000000043,3.3571428571428634,0
Chennai,2024-11-04,1.2,1.2,9.300000000000017,23.000000000000043,3.285714285714292,0
Chennai,2024-11-05,0.1,0.1,5.000000000000014,22.00000000000005,3.142857142857149,0
Chennai,2024-11-06,14.9,14.9,16.200000000000014,32.100000000000044,4.585714285714292,0
Chennai,2024-11-07,2.6,2.6,17.600000000000016,32.80000000000005,4.685714285714292,0
Chennai,2024-11-08,0.2,0.2,17.700000000000014,27.100000000000044,3.8714285714285777,0
Chennai,2024-11-09,1.0,1.0,3.800000000000014,23.700000000000045,3.3857142857142923,0
Chennai,2024-11-10,1.5,1.5,2.7000000000000144,21.500000000000043,3.0714285714285774,0
Chennai,2024-11-11,4.4,4.4,6.900000000000015,24.70000000000004,3.5285714285714347,0
Chennai,2024-11-12,42.4,42.4,48.30000000000001,67.00000000000004,9.571428571428578,1
Chennai,2024-11-13,33.1,33.1,79.9,85.20000000000005,12.171428571428578,1
Chennai,2024-11-14,12.6,12.6,88.10000000000001,95.20000000000005,13.600000000000009,1
Chennai,2024-11-15,16.9,16.9,62.600000000000016,111.90000000000003,15.985714285714293,2
Chennai,2024-11-16,11.2,11.2,40.70000000000002,122.10000000000004,17.442857142857147,2
Chennai,2024-11-17,2.5,2.5,30.60000000000001,123.10000000000004,17.585714285714293,2
Chennai,2024-11-18,0.0,0.0,13.700000000000014,118.70000000000005,16.957142857142863,2
Chennai,2024-11-19,0.5,0.5,3.000000000000014,76.80000000000004,10.971428571428577,1
Chennai,2024-11-20,0.0,0.0,0.5000000000000142,43.70000000000003,6.242857142857147,0
Chennai,2024-11-21,0.0,0.0,0.5000000000000142,31.100000000000037,4.442857142857148,0
Chennai,2024-11-22,0.0,0.0,0.0,14.200000000000037,2.0285714285714334,0
Chennai,2024-11-23,1.1,1.1,1.1000000000000143,4.100000000000035,0.5857142857142907,0
Chennai,2024-11-24,0.1,0.1,1.2000000000000144,1.7000000000000357,0.2428571428571479,0
Chennai,2024-11-25,1.3,1.3,2.500000000000014,3.0000000000000355,0.4285714285714336,0
Chennai,2024-11-26,22.5,22.5,23.900000000000013,25.00000000000004,3.5714285714285765,0
Chennai,2024-11-27,5.4,5.4,29.20000000000001,30.400000000000038,4.342857142857148,0
Chennai,2024-11-28,21.0,21.0,48.90000000000001,51.400000000000034,7.342857142857148,1
Chennai,2024-11-29,25.6,25.6,52.000000000000014,77.00000000000003,11.000000000000004,1
Chennai,2024-11-30,158.4,158.4,205.00000000000003,234.30000000000004,33.471428571428575,2
Chennai,2024-12-01,25.3,25.3,209.30000000000004,259.50000000000006,37.07142857142858,2
Chennai,2024-12-02,10.2,10.2,193.90000000000003,268.40000000000003,38.34285714285715,2
Chennai,2024-12-03,4.0,4.0,39.50000000000003,249.90000000000003,35.7,2
Chennai,2024-12-04,3.5,3.5,17.700000000000028,248.00000000000003,35.42857142857143,2
Chennai,2024-12-05,0.8,0.8,8.30000000000003,227.80000000000004,32.54285714285715,2
Chennai,2024-12-06,1.8,1.8,6.100000000000028,204.00000000000003,29.142857142857142,2
Chennai,2024-12-07,0.4,0.4,3.0000000000000284,46.00000000000003,6.571428571428576,0
Chennai,2024-12-08,0.0,0.0,2.2000000000000286,20.700000000000028,2.9571428571428613,0
Chennai,2024-12-09,1.0,1.0,1.4000000000000283,11.500000000000028,1.642857142857147,0
Chennai,2024-12-10,0.2,0.2,1.2000000000000284,7.700000000000029,1.100000000000004,0
Chennai,2024-12-11,16.1,16.1,17.30000000000003,20.30000000000003,2.9000000000000044,0
Chennai,2024-12-12,47.9,47.9,64.20000000000003,67.40000000000003,9.628571428571432,1
Chennai,2024-12-13,2.1,2.1,66.10000000000002,67.70000000000003,9.671428571428576,1
Chennai,2024-12-14,0.0,0.0,50.00000000000003,67.30000000000003,9.614285714285716,1
Chennai,2024-12-15,0.0,0.0,2.1000000000000214,67.30000000000003,9.614285714285716,1
Chennai,2024-12-16,0.0,0.0,0.0,66.30000000000003,9.471428571428577,1
Chennai,2024-12-17,8.2,8.2,8.20000000000002,74.30000000000003,10.614285714285716,1
Chennai,2024-12-18,24.1,24.1,32.300000000000026,82.30000000000003,11.757142857142862,1
Chennai,2024-12-19,7.0,7.0,39.300000000000026,41.40000000000003,5.914285714285718,0
Chennai,2024-12-20,15.9,15.9,47.00000000000002,55.20000000000002,7.885714285714289,1
Chennai,2024-12-21,1.5,1.5,24.40000000000002,56.70000000000002,8.100000000000003,1
Chennai,2024-12-22,0.2,0.2,17.600000000000023,56.90000000000003,8.128571428571432,1
Chennai,2024-12-23,0.0,0.0,1.7000000000000213,56.90000000000003,8.128571428571432,1
Chennai,2024-12-24,7.6,7.6,7.800000000000021,56.30000000000003,8.042857142857148,1
Chennai,2024-12-25,2.8,2.8,10.40000000000002,35.00000000000003,5.000000000000004,0
Chennai,2024-12-26,10.1,10.1,20.50000000000002,38.10000000000003,5.442857142857148,0
Chennai,2024-12-27,4.1,4.1,17.00000000000002,26.30000000000003,3.757142857142861,0
Chennai,2024-12-28,0.2,0.2,14.40000000000002,25.000000000000025,3.571428571428575,0
Chennai,2024-12-29,1.0,1.0,5.300000000000023,25.800000000000026,3.6857142857142895,0
Chennai,2024-12-30,3.5,3.5,4.700000000000023,29.300000000000026,4.1857142857142895,0
Chennai,2024-12-31,0.1,0.1,4.600000000000023,21.80000000000003,3.1142857142857183,0
Chennai,2025-01-01,0.0,0.0,3.600000000000023,19.00000000000003,2.7142857142857184,0
Chennai,2025-01-02,0.0,0.0,0.1000000000000231,8.900000000000029,1.2714285714285756,0
Chennai,2025-01-03,0.1,0.1,0.1000000000000231,4.900000000000029,0.7000000000000041,0
Chennai,2025-01-04,0.1,0.1,0.2000000000000231,4.800000000000028,0.6857142857142897,0
Chennai,2025-01-05,0.0,0.0,0.2000000000000231,3.800000000000028,0.5428571428571469,0
Chennai,2025-01-06,0.5,0.5,0.6000000000000231,0.8000000000000285,0.1142857142857183,0
Chennai,2025-01-07,2.3,2.3,2.800000000000023,3.0000000000000284,0.4285714285714326,0
Chennai,2025-01-08,0.0,0.0,2.800000000000023,3.0000000000000284,0.4285714285714326,0
Chennai,2025-01-09,0.1,0.1,2.400000000000023,3.1000000000000285,0.4428571428571469,0
Chennai,2025-01-10,1.0,1.0,1.1000000000000232,4.000000000000028,0.5714285714285755,0
Chennai,2025-01-11,0.0,0.0,1.1000000000000232,3.900000000000028,0.5571428571428612,0
Chennai,2025-01-12,1.4,1.4,2.400000000000023,5.300000000000028,0.7571428571428612,0
Chennai,2025-01-13,4.6,4.6,6.000000000000023,9.400000000000029,1.3428571428571467,0
Chennai,2025-01-14,0.3,0.3,6.300000000000023,7.400000000000028,1.0571428571428612,0
Chennai,2025-01-15,0.0,0.0,4.900000000000024,7.400000000000028,1.0571428571428612,0
Chennai,2025-01-16,0.1,0.1,0.400000000000024,7.400000000000029,1.0571428571428612,0
Chennai,2025-01-17,0.4,0.4,0.500000000000024,6.800000000000028,0.9714285714285754,0
Chennai,2025-01-18,2.1,2.1,2.600000000000024,8.900000000000027,1.2714285714285751,0
Chennai,2025-01-19,12.1,12.1,14.600000000000025,19.60000000000003,2.8000000000000043,0
Chennai,2025-01-20,0.0,0.0,14.200000000000024,15.00000000000003,2.1428571428571472,0
Chennai,2025-01-21,0.0,0.0,12.100000000000025,14.70000000000003,2.100000000000004,0
Chennai,2025-01-22,0.0,0.0,0.0,14.70000000000003,2.100000000000004,0
Chennai,2025-01-23,0.0,0.0,0.0,14.60000000000003,2.08571428571429,0
Chennai,2025-01-24,0.0,0.0,0.0,14.20000000000003,2.028571428571433,0
Chennai,2025-01-25,0.1,0.1,0.1000000000000248,12.20000000000003,1.742857142857147,0
Chennai,2025-01-26,0.0,0.0,0.1000000000000248,0.1000000000000302,0.0142857142857186,0
Chennai,2025-01-27,0.0,0.0,0.1000000000000248,0.1000000000000302,0.0142857142857186,0
Chennai,2025-01-28,0.0,0.0,0.0,0.1000000000000302,0.0142857142857186,0
Chennai,2025-01-29,0.0,0.0,0.0,0.1000000000000302,0.0142857142857186,0
Chennai,2025-01-30,0.0,0.0,0.0,0.1000000000000302,0.0142857142857186,0
Chennai,2025-01-31,0.4,0.4,0.4000000000000249,0.5000000000000302,0.0714285714285757,0
Chennai,2025-02-01,1.1,1.1,1.5000000000000249,1.5000000000000302,0.2142857142857186,0
Chennai,2025-02-02,0.4,0.4,1.9000000000000248,1.90000000000003,0.2714285714285757,0
Chennai,2025-02-03,0.0,0.0,1.5000000000000249,1.90000000000003,0.2714285714285757,0
Chennai,2025-02-04,0.0,0.0,0.4000000000000249,1.90000000000003,0.2714285714285757,0
Chennai,2025-02-05,0.0,0.0,0.0,1.90000000000003,0.2714285714285757,0
Chennai,2025-02-06,0.0,0.0,0.0,1.90000000000003,0.2714285714285757,0
Chennai,2025-02-07,0.0,0.0,0.0,1.5000000000000302,0.2142857142857186,0
Chennai,2025-02-08,0.0,0.0,0.0,0.4000000000000302,0.0571428571428614,0
Chennai,2025-02-09,0.2,0.2,0.2000000000000248,0.2000000000000302,0.0285714285714328,0
Chennai,2025-02-10,0.1,0.1,0.3000000000000249,0.3000000000000302,0.0428571428571471,0
Chennai,2025-02-11,0.0,0.0,0.3000000000000249,0.3000000000000302,0.0428571428571471,0
Chennai,2025-02-12,0.0,0.0,0.1000000000000248,0.3000000000000302,0.0428571428571471,0
Chennai,2025-02-13,0.0,0.0,0.0,0.3000000000000302,0.0428571428571471,0
Chennai,2025-02-14,0.0,0.0,0.0,0.3000000000000302,0.0428571428571471,0
Chennai,2025-02-15,0.0,0.0,0.0,0.3000000000000302,0.0428571428571471,0
Chennai,2025-02-16,0.0,0.0,0.0,0.1000000000000302,0.0142857142857186,0
Chennai,2025-02-17,0.0,0.0,0.0,0.0,0.0,0
Chennai,2025-02-18,0.0,0.0,0.0,0.0,0.0,0
Chennai,2025-02-19,0.0,0.0,0.0,0.0,0.0,0
Chennai,2025-02-20,0.0,0.0,0.0,0.0,0.0,0
Chennai,2025-02-21,0.3,0.3,0.3000000000000248,0.3000000000000302,0.0428571428571471,0
Chennai,2025-02-22,0.0,0.0,0.3000000000000248,0.3000000000000302,0.0428571428571471,0
Chennai,2025-02-23,0.0,0.0,0.3000000000000248,0.3000000000000302,0.0428571428571471,0
Chennai,2025-02-24,0.0,0.0,0.0,0.3000000000000302,0.0428571428571471,0
Chennai,2025-02-25,0.0,0.0,0.0,0.3000000000000302,0.0428571428571471,0
Chennai,2025-02-26,0.0,0.0,0.0,0.3000000000000302,0.0428571428571471,0
Chennai,2025-02-27,0.0,0.0,0.0,0.3000000000000302,0.0428571428571471,0
Chennai,2025-02-28,0.1,0.1,0.1000000000000248,0.1000000000000302,0.0142857142857186,0
Chennai,2025-03-01,0.4,0.4,0.5000000000000249,0.5000000000000302,0.0714285714285757,0
Chennai,2025-03-02,0.0,0.0,0.5000000000000249,0.5000000000000302,0.0714285714285757,0
Chennai,2025-03-03,0.0,0.0,0.4000000000000249,0.5000000000000302,0.0714285714285757,0
Chennai,2025-03-04,0.0,0.0,0.0,0.5000000000000302,0.0714285714285757,0
Chennai,2025-03-05,0.0,0.0,0.0,0.5000000000000302,0.0714285714285757,0
Chennai,2025-03-06,0.0,0.0,0.0,0.5000000000000302,0.0714285714285757,0
Chennai,2025-03-07,0.0,0.0,0.0,0.4000000000000302,0.0571428571428614,0
Chennai,2025-03-08,0.0,0.0,0.0,0.0,0.0,0
Chennai,2025-03-09,0.0,0.0,0.0,0.0,0.0,0
Chennai,2025-03-10,0.1,0.1,0.1000000000000248,0.1000000000000302,0.0142857142857186,0
Chennai,2025-03-11,14.8,14.8,14.900000000000023,14.90000000000003,2.128571428571433,0
Chennai,2025-03-12,1.8,1.8,16.700000000000024,16.70000000000003,2.38571428571429,0
Chennai,2025-03-13,0.0,0.0,16.600000000000023,16.70000000000003,2.38571428571429,0
Chennai,2025-03-14,0.0,0.0,1.800000000000025,16.70000000000003,2.38571428571429,0
Chennai,2025-03-15,0.0,0.0,0.0,16.70000000000003,2.38571428571429,0
Chennai,2025-03-16,0.4,0.4,0.4000000000000249,17.10000000000003,2.442857142857147,0
Chennai,2025-03-17,0.1,0.1,0.5000000000000249,17.10000000000003,2.442857142857147,0
Chennai,2025-03-18,0.2,0.2,0.7000000000000249,2.50000000000003,0.3571428571428615,0
Chennai,2025-03-19,0.4,0.4,0.7000000000000249,1.1000000000000305,0.1571428571428614,0
Chennai,2025-03-20,0.0,0.0,0.600000000000025,1.1000000000000305,0.1571428571428614,0
Chennai,2025-03-21,0.0,0.0,0.4000000000000249,1.1000000000000305,0.1571428571428614,0
Chennai,2025-03-22,0.4,0.4,0.4000000000000249,1.5000000000000302,0.2142857142857186,0
Chennai,2025-03-23,0.2,0.2,0.600000000000025,1.3000000000000305,0.18571428571429,0
Chennai,2025-03-24,0.6,0.6,1.2000000000000248,1.8000000000000302,0.2571428571428614,0
Chennai,2025-03-25,0.0,0.0,0.8000000000000248,1.6000000000000305,0.2285714285714329,0
Chennai,2025-03-26,0.0,0.0,0.6000000000000247,1.2000000000000302,0.1714285714285757,0
Chennai,2025-03-27,0.0,0.0,0.0,1.2000000000000302,0.1714285714285757,0
Chennai,2025-03-28,0.0,0.0,0.0,1.2000000000000302,0.1714285714285757,0
Chennai,2025-03-29,0.0,0.0,0.0,0.8000000000000301,0.1142857142857185,0
Chennai,2025-03-30,0.0,0.0,0.0,0.6000000000000301,0.08571428571429,0
Chennai,2025-03-31,0.0,0.0,0.0,0.0,0.0,0
Chennai,2025-04-01,0.2,0.2,0.2000000000000248,0.2000000000000302,0.0285714285714328,0
Chennai,2025-04-02,0.8,0.8,1.0000000000000249,1.0000000000000302,0.1428571428571471,0
Chennai,2025-04-03,0.0,0.0,1.0000000000000249,1.0000000000000302,0.1428571428571471,0
Chennai,2025-04-04,7.3,7.3,8.100000000000025,8.30000000000003,1.18571428571429,0
Chennai,2025-04-05,2.9,2.9,10.200000000000024,11.20000000000003,1.6000000000000043,0
Chennai,2025-04-06,0.1,0.1,10.300000000000024,11.30000000000003,1.6142857142857183,0
Chennai,2025-04-07,0.2,0.2,3.2000000000000246,11.50000000000003,1.6428571428571472,0
Chennai,2025-04-08,0.0,0.0,0.3000000000000249,11.300000000000033,1.6142857142857188,0
Chennai,2025-04-09,0.0,0.0,0.2000000000000248,10.50000000000003,1.5000000000000042,0
Chennai,2025-04-10,0.5,0.5,0.5000000000000249,11.00000000000003,1.5714285714285758,0
Chennai,2025-04-11,0.0,0.0,0.5000000000000249,3.7000000000000304,0.5285714285714329,0
Chennai,2025-04-12,0.0,0.0,0.5000000000000249,0.8000000000000302,0.1142857142857186,0
Chennai,2025-04-13,2.3,2.3,2.3000000000000247,3.00000000000003,0.4285714285714329,0
Chennai,2025-04-14,0.1,0.1,2.400000000000025,2.90000000000003,0.4142857142857186,0
Chennai,2025-04-15,2.9,2.9,5.300000000000025,5.80000000000003,0.8285714285714328,0
Chennai,2025-04-16,2.0,2.0,5.000000000000025,7.80000000000003,1.1142857142857183,0
Chennai,2025-04-17,4.2,4.2,9.100000000000026,11.50000000000003,1.6428571428571472,0
Chennai,2025-04-18,0.0,0.0,6.200000000000025,11.50000000000003,1.6428571428571472,0
Chennai,2025-04-19,0.0,0.0,4.200000000000025,11.50000000000003,1.6428571428571472,0
Chennai,2025-04-20,0.0,0.0,0.0,9.200000000000031,1.3142857142857187,0
Chennai,2025-04-21,0.2,0.2,0.2000000000000248,9.30000000000003,1.3285714285714327,0
Chennai,2025-04-22,0.0,0.0,0.2000000000000248,6.400000000000031,0.9142857142857188,0
Chennai,2025-04-23,0.0,0.0,0.2000000000000248,4.400000000000031,0.6285714285714329,0
Chennai,2025-04-24,0.0,0.0,0.0,0.2000000000000302,0.0285714285714328,0
Chennai,2025-04-25,0.4,0.4,0.4000000000000249,0.6000000000000303,0.08571428571429,0
Chennai,2025-04-26,0.4,0.4,0.8000000000000249,1.0000000000000302,0.1428571428571471,0
Chennai,2025-04-27,0.2,0.2,1.0000000000000249,1.2000000000000304,0.1714285714285757,0
Chennai,2025-04-28,0.3,0.3,0.9000000000000249,1.3000000000000302,0.18571428571429,0
Chennai,2025-04-29,0.5,0.5,1.0000000000000249,1.8000000000000302,0.2571428571428614,0
Chennai,2025-04-30,0.0,0.0,0.8000000000000249,1.8000000000000302,0.2571428571428614,0
Chennai,2025-05-01,1.2,1.2,1.7000000000000248,3.00000000000003,0.4285714285714329,0
Chennai,2025-05-02,0.4,0.4,1.600000000000025,3.00000000000003,0.4285714285714329,0
Chennai,2025-05-03,0.5,0.5,2.100000000000025,3.10000000000003,0.4428571428571471,0
Chennai,2025-05-04,1.0,1.0,1.9000000000000248,3.90000000000003,0.5571428571428615,0
Chennai,2025-05-05,0.0,0.0,1.5000000000000249,3.60000000000003,0.5142857142857186,0
Chennai,2025-05-06,0.0,0.0,1.0000000000000249,3.10000000000003,0.4428571428571471,0
Chennai,2025-05-07,0.6,0.6,0.600000000000025,3.70000000000003,0.5285714285714328,0
Chennai,2025-05-08,9.6,9.6,10.200000000000024,12.10000000000003,1.7285714285714329,0
Chennai,2025-05-09,0.2,0.2,10.400000000000023,11.900000000000029,1.7000000000000042,0
Chennai,2025-05-10,1.4,1.4,11.200000000000024,12.80000000000003,1.8285714285714327,0
Chennai,2025-05-11,0.1,0.1,1.7000000000000248,11.900000000000029,1.7000000000000042,0
Chennai,2025-05-12,0.1,0.1,1.6000000000000247,12.00000000000003,1.7142857142857186,0
Chennai,2025-05-13,0.0,0.0,0.2000000000000248,12.00000000000003,1.7142857142857186,0
Chennai,2025-05-14,0.0,0.0,0.1000000000000248,11.40000000000003,1.628571428571433,0
Chennai,2025-05-15,0.5,0.5,0.5000000000000249,2.30000000000003,0.3285714285714328,0
Chennai,2025-05-16,2.9,2.9,3.400000000000025,5.00000000000003,0.7142857142857186,0
Chennai,2025-05-17,2.4,2.4,5.800000000000025,6.00000000000003,0.8571428571428614,0
Chennai,2025-05-18,12.4,12.4,17.700000000000024,18.30000000000003,2.6142857142857183,0
Chennai,2025-05-19,21.1,21.1,35.90000000000003,39.300000000000026,5.614285714285718,0
Chennai,2025-05-20,2.7,2.7,36.20000000000003,42.00000000000003,6.000000000000004,0
Chennai,2025-05-21,0.8,0.8,24.600000000000023,42.80000000000003,6.114285714285719,0
Chennai,2025-05-22,0.3,0.3,3.800000000000025,42.60000000000003,6.08571428571429,0
Chennai,2025-05-23,6.1,6.1,7.200000000000024,45.80000000000003,6.542857142857147,0
Chennai,2025-05-24,0.2,0.2,6.6000000000000245,43.60000000000003,6.228571428571433,0
Chennai,2025-05-25,0.0,0.0,6.300000000000025,31.200000000000028,4.457142857142861,0
Chennai,2025-05-26,0.5,0.5,0.7000000000000248,10.600000000000028,1.5142857142857182,0
Chennai,2025-05-27,0.0,0.0,0.5000000000000249,7.900000000000028,1.1285714285714326,0
Chennai,2025-05-28,3.6,3.6,4.1000000000000245,10.700000000000028,1.5285714285714325,0
Chennai,2025-05-29,2.1,2.1,5.700000000000025,12.500000000000028,1.7857142857142896,0
Chennai,2025-05-30,9.6,9.6,15.300000000000026,16.00000000000003,2.2857142857142896,0
Chennai,2025-05-31,0.0,0.0,11.700000000000024,15.800000000000027,2.257142857142861,0
Chennai,2025-06-01,0.0,0.0,9.600000000000025,15.800000000000027,2.257142857142861,0
Chennai,2025-06-02,0.3,0.3,0.3000000000000248,15.600000000000028,2.2285714285714326,0
Chennai,2025-06-03,1.4,1.4,1.7000000000000248,17.00000000000003,2.428571428571433,0
Chennai,2025-06-04,2.3,2.3,4.000000000000025,15.700000000000026,2.2428571428571464,0
Chennai,2025-06-05,0.3,0.3,4.000000000000025,13.900000000000029,1.985714285714289,0
Chennai,2025-06-06,1.6,1.6,4.200000000000025,5.900000000000027,0.8428571428571467,0
Chennai,2025-06-07,1.0,1.0,2.900000000000025,6.900000000000027,0.9857142857142897,0
Chennai,2025-06-08,2.3,2.3,4.900000000000025,9.200000000000028,1.3142857142857185,0
Chennai,2025-06-09,6.2,6.2,9.500000000000025,15.100000000000026,2.157142857142861,0
Chennai,2025-06-10,0.3,0.3,8.800000000000026,14.000000000000028,2.000000000000004,0
Chennai,2025-06-11,7.8,7.8,14.300000000000026,19.50000000000003,2.7857142857142896,0
Chennai,2025-06-12,3.0,3.0,11.100000000000026,22.200000000000024,3.171428571428575,0
Chennai,2025-06-13,3.6,3.6,14.400000000000023,24.200000000000028,3.4571428571428613,0
Chennai,2025-06-14,2.5,2.5,9.100000000000025,25.700000000000028,3.6714285714285753,0
Chennai,2025-06-15,0.0,0.0,6.1000000000000245,23.400000000000027,3.3428571428571465,0
Chennai,2025-06-16,0.0,0.0,2.500000000000025,17.200000000000024,2.4571428571428604,0
Chennai,2025-06-17,0.2,0.2,0.2000000000000248,17.100000000000026,2.4428571428571466,0
Chennai,2025-06-18,0.3,0.3,0.5000000000000249,9.600000000000026,1.3714285714285752,0
Chennai,2025-06-19,0.5,0.5,1.0000000000000249,7.100000000000026,1.014285714285718,0
Chennai,2025-06-20,0.6,0.6,1.4000000000000248,4.100000000000026,0.5857142857142895,0
Chennai,2025-06-21,0.5,0.5,1.600000000000025,2.1000000000000267,0.3000000000000038,0
Chennai,2025-06-22,1.6,1.6,2.700000000000025,3.700000000000027,0.5285714285714324,0
Chennai,2025-06-23,0.0,0.0,2.100000000000025,3.700000000000027,0.5285714285714324,0
Chennai,2025-06-24,0.1,0.1,1.700000000000025,3.6000000000000267,0.5142857142857181,0
Chennai,2025-06-25,0.5,0.5,0.6000000000000248,3.800000000000027,0.5428571428571467,0
Chennai,2025-06-26,0.5,0.5,1.100000000000025,3.800000000000027,0.5428571428571467,0
Chennai,2025-06-27,0.3,0.3,1.3000000000000247,3.500000000000026,0.5000000000000038,0
Chennai,2025-06-28,0.5,0.5,1.3000000000000247,3.500000000000026,0.5000000000000038,0
Chennai,2025-06-29,0.9,0.9,1.7000000000000248,2.8000000000000265,0.4000000000000038,0
Chennai,2025-06-30,0.3,0.3,1.7000000000000248,3.1000000000000267,0.4428571428571466,0
Chennai,2025-07-01,1.1,1.1,2.3000000000000247,4.100000000000026,0.5857142857142895,0
Chennai,2025-07-02,1.3,1.3,2.700000000000025,4.900000000000027,0.7000000000000038,0
Chennai,2025-07-03,0.0,0.0,2.400000000000025,4.400000000000027,0.6285714285714324,0
Chennai,2025-07-04,0.1,0.1,1.400000000000025,4.200000000000027,0.6000000000000039,0
Chennai,2025-07-05,2.7,2.7,2.800000000000025,6.400000000000027,0.914285714285718,0
Chennai,2025-07-06,2.2,2.2,5.000000000000025,7.700000000000027,1.100000000000004,0
Chennai,2025-07-07,0.1,0.1,5.000000000000026,7.500000000000027,1.0714285714285752,0
Chennai,2025-07-08,1.3,1.3,3.6000000000000254,7.700000000000028,1.100000000000004,0
Chennai,2025-07-09,2.5,2.5,3.900000000000025,8.900000000000027,1.2714285714285751,0
Chennai,2025-07-10,1.2,1.2,5.000000000000025,10.100000000000026,1.4428571428571466,0
Chennai,2025-07-11,5.9,5.9,9.600000000000026,15.900000000000029,2.271428571428576,0
Chennai,2025-07-12,22.1,22.1,29.200000000000028,35.300000000000026,5.042857142857146,0
Chennai,2025-07-13,0.8,0.8,28.80000000000003,33.90000000000003,4.842857142857147,0
Chennai,2025-07-14,5.2,5.2,28.100000000000023,39.00000000000003,5.571428571428576,0
Chennai,2025-07-15,1.8,1.8,7.800000000000025,39.50000000000003,5.642857142857147,0
Chennai,2025-07-16,16.2,16.2,23.200000000000024,53.20000000000003,7.600000000000004,1
Chennai,2025-07-17,4.4,4.4,22.400000000000027,56.40000000000003,8.05714285714286,1
Chennai,2025-07-18,9.2,9.2,29.800000000000026,59.70000000000002,8.528571428571432,1
Chennai,2025-07-19,7.0,7.0,20.600000000000023,44.60000000000002,6.371428571428575,0
Chennai,2025-07-20,0.2,0.2,16.400000000000027,44.00000000000003,6.28571428571429,0
Chennai,2025-07-21,2.5,2.5,9.700000000000024,41.300000000000026,5.900000000000004,0
Chennai,2025-07-22,1.1,1.1,3.800000000000025,40.60000000000003,5.800000000000004,0
Chennai,2025-07-23,3.8,3.8,7.400000000000025,28.200000000000024,4.028571428571432,0
Chennai,2025-07-24,2.6,2.6,7.500000000000025,26.400000000000027,3.7714285714285753,0
Chennai,2025-07-25,1.3,1.3,7.700000000000025,18.500000000000025,2.6428571428571463,0
Chennai,2025-07-26,1.1,1.1,5.000000000000025,12.600000000000025,1.8000000000000036,0
Chennai,2025-07-27,0.1,0.1,2.500000000000025,12.500000000000028,1.7857142857142896,0
Chennai,2025-07-28,0.0,0.0,1.200000000000025,10.000000000000025,1.4285714285714322,0
Chennai,2025-07-29,0.0,0.0,0.1000000000000248,8.900000000000025,1.2714285714285751,0
Chennai,2025-07-30,0.5,0.5,0.5000000000000249,5.600000000000025,0.8000000000000036,0
Chennai,2025-07-31,2.0,2.0,2.500000000000025,5.000000000000025,0.7142857142857179,0
Chennai,2025-08-01,0.3,0.3,2.8000000000000247,4.000000000000025,0.571428571428575,0
Chennai,2025-08-02,0.3,0.3,2.600000000000025,3.2000000000000246,0.4571428571428607,0
Chennai,2025-08-03,3.8,3.8,4.400000000000025,6.900000000000025,0.9857142857142892,0
Chennai,2025-08-04,21.3,21.3,25.400000000000027,28.200000000000024,4.028571428571432,0
Chennai,2025-08-05,4.0,4.0,29.100000000000023,32.20000000000003,4.600000000000004,0
Chennai,2025-08-06,2.1,2.1,27.400000000000027,33.800000000000026,4.828571428571432,0
Chennai,2025-08-07,8.7,8.7,14.800000000000024,40.50000000000003,5.78571428571429,0
Chennai,2025-08-08,23.1,23.1,33.90000000000003,63.30000000000003,9.042857142857148,1
Chennai,2025-08-09,8.0,8.0,39.800000000000026,71.00000000000003,10.142857142857148,1
Chennai,2025-08-10,9.6,9.6,40.70000000000003,76.80000000000003,10.971428571428577,1
Chennai,2025-08-11,10.0,10.0,27.60000000000003,65.50000000000003,9.35714285714286,1
Chennai,2025-08-12,31.6,31.6,51.20000000000003,93.10000000000004,13.300000000000006,1
Chennai,2025-08-13,2.0,2.0,43.60000000000003,93.00000000000004,13.28571428571429,1
Chennai,2025-08-14,3.5,3.5,37.10000000000003,87.80000000000004,12.542857142857148,1
Chennai,2025-08-15,2.2,2.2,7.700000000000029,66.90000000000003,9.557142857142862,1
Chennai,2025-08-16,3.2,3.2,8.900000000000029,62.10000000000003,8.871428571428575,1
Chennai,2025-08-17,12.1,12.1,17.50000000000003,64.60000000000002,9.228571428571431,1
Chennai,2025-08-18,3.0,3.0,18.30000000000003,57.60000000000003,8.228571428571433,1
Chennai,2025-08-19,0.5,0.5,15.600000000000028,26.50000000000003,3.7857142857142896,0
Chennai,2025-08-20,0.0,0.0,3.5000000000000284,24.50000000000003,3.500000000000004,0
Chennai,2025-08-21,0.1,0.1,0.6000000000000284,21.10000000000003,3.0142857142857187,0
Chennai,2025-08-22,6.4,6.4,6.500000000000028,25.30000000000003,3.6142857142857183,0
Chennai,2025-08-23,25.8,25.8,32.300000000000026,47.900000000000034,6.842857142857148,0
Chennai,2025-08-24,0.2,0.2,32.40000000000003,36.00000000000003,5.142857142857147,0
Chennai,2025-08-25,0.0,0.0,26.00000000000003,33.00000000000003,4.714285714285718,0
Chennai,2025-08-26,0.0,0.0,0.2000000000000284,32.50000000000003,4.642857142857147,0
Chennai,2025-08-27,23.0,23.0,23.00000000000003,55.50000000000003,7.928571428571432,1
Chennai,2025-08-28,13.4,13.4,36.40000000000003,68.80000000000003,9.828571428571433,1
Chennai,2025-08-29,0.9,0.9,37.300000000000026,63.300000000000026,9.042857142857146,1
Chennai,2025-08-30,22.2,22.2,36.50000000000003,59.70000000000003,8.528571428571434,1
Chennai,2025-08-31,11.2,11.2,34.300000000000026,70.70000000000003,10.100000000000003,1
Chennai,2025-09-01,4.2,4.2,37.60000000000003,74.90000000000003,10.700000000000005,1
Chennai,2025-09-02,10.4,10.4,25.80000000000003,85.30000000000003,12.185714285714289,1
Chennai,2025-09-03,12.9,12.9,27.50000000000003,75.20000000000003,10.742857142857147,1
Chennai,2025-09-04,3.0,3.0,26.300000000000036,64.80000000000003,9.257142857142862,1
Chennai,2025-09-05,0.7,0.7,16.60000000000003,64.60000000000004,9.228571428571431,1
Chennai,2025-09-06,0.5,0.5,4.200000000000029,42.90000000000003,6.1285714285714326,0
Chennai,2025-09-07,1.7,1.7,2.9000000000000283,33.40000000000003,4.771428571428575,0
Chennai,2025-09-08,2.5,2.5,4.700000000000029,31.70000000000003,4.528571428571433,0
Chennai,2025-09-09,1.6,1.6,5.800000000000029,22.900000000000027,3.271428571428576,0
Chennai,2025-09-10,4.0,4.0,8.100000000000028,14.000000000000028,2.000000000000004,0
Chennai,2025-09-11,8.6,8.6,14.200000000000028,19.60000000000003,2.8000000000000043,0
Chennai,2025-09-12,0.6,0.6,13.200000000000028,19.50000000000003,2.7857142857142896,0
Chennai,2025-09-13,0.7,0.7,9.900000000000029,19.700000000000028,2.814285714285718,0
Chennai,2025-09-14,31.6,31.6,32.900000000000034,49.60000000000003,7.08571428571429,0
Chennai,2025-09-15,5.1,5.1,37.40000000000003,52.20000000000003,7.457142857142862,1
Chennai,2025-09-16,17.3,17.3,54.00000000000004,67.90000000000003,9.700000000000005,1
Chennai,2025-09-17,15.9,15.9,38.30000000000003,79.80000000000003,11.400000000000004,1
Chennai,2025-09-18,6.2,6.2,39.40000000000003,77.40000000000003,11.057142857142862,1
Chennai,2025-09-19,3.0,3.0,25.100000000000037,79.80000000000003,11.400000000000004,1
Chennai,2025-09-20,5.5,5.5,14.700000000000031,84.60000000000002,12.085714285714287,1
Chennai,2025-09-21,0.7,0.7,9.200000000000031,53.70000000000002,7.671428571428575,1
Chennai,2025-09-22,3.4,3.4,9.600000000000032,52.00000000000003,7.428571428571432,1
Chennai,2025-09-23,5.4,5.4,9.500000000000032,40.10000000000003,5.728571428571433,0
Chennai,2025-09-24,3.5,3.5,12.300000000000033,27.70000000000003,3.9571428571428617,0
Chennai,2025-09-25,0.2,0.2,9.100000000000032,21.700000000000028,3.100000000000004,0
Chennai,2025-09-26,0.1,0.1,3.800000000000032,18.80000000000003,2.68571428571429,0
Chennai,2025-09-27,12.0,12.0,12.300000000000033,25.300000000000026,3.614285714285718,0
Chennai,2025-09-28,23.6,23.6,35.70000000000003,48.20000000000003,6.885714285714291,0
Chennai,2025-09-29,4.2,4.2,39.80000000000003,49.00000000000003,7.000000000000004,0
Chennai,2025-09-30,0.0,0.0,27.800000000000036,43.60000000000003,6.228571428571433,0
Chennai,2025-10-01,0.3,0.3,4.500000000000032,40.400000000000034,5.771428571428577,0
Chennai,2025-10-02,0.2,0.2,0.500000000000032,40.40000000000003,5.771428571428575,0
Chennai,2025-10-03,0.6,0.6,1.100000000000032,40.90000000000003,5.842857142857147,0
Chennai,2025-10-04,7.1,7.1,7.900000000000031,36.00000000000003,5.142857142857147,0
Chennai,2025-10-05,12.4,12.4,20.10000000000003,24.800000000000026,3.5428571428571467,0
Chennai,2025-10-06,10.7,10.7,30.20000000000003,31.300000000000026,4.471428571428575,0
Chennai,2025-10-07,7.8,7.8,30.90000000000003,39.10000000000002,5.585714285714289,0
Chennai,2025-10-08,1.4,1.4,19.90000000000003,40.20000000000002,5.742857142857146,0
Chennai,2025-10-09,10.3,10.3,19.500000000000032,50.300000000000026,7.1857142857142895,1
Chennai,2025-10-10,0.4,0.4,12.100000000000032,50.10000000000002,7.15714285714286,1
Chennai,2025-10-11,2.6,2.6,13.300000000000033,45.60000000000002,6.514285714285718,0
Chennai,2025-10-12,1.8,1.8,4.800000000000032,35.00000000000002,5.000000000000003,0
Chennai,2025-10-13,10.2,10.2,14.60000000000003,34.50000000000003,4.928571428571432,0
Chennai,2025-10-14,9.9,9.9,21.90000000000003,36.60000000000002,5.228571428571432,0
Chennai,2025-10-15,35.3,35.3,55.40000000000003,70.50000000000003,10.071428571428577,1
Chennai,2025-10-16,20.7,20.7,65.90000000000003,80.90000000000002,11.55714285714286,1
Chennai,2025-10-17,13.7,13.7,69.70000000000002,94.20000000000002,13.45714285714286,1
Chennai,2025-10-18,27.5,27.5,61.90000000000003,119.10000000000002,17.014285714285716,2
Chennai,2025-10-19,7.8,7.8,49.00000000000003,125.10000000000002,17.871428571428574,2
Chennai,2025-10-20,23.2,23.2,58.50000000000003,138.10000000000002,19.72857142857143,2
Chennai,2025-10-21,28.9,28.9,59.90000000000003,157.10000000000002,22.442857142857147,2
Chennai,2025-10-22,38.5,38.5,90.60000000000002,160.3,22.9,2
Chennai,2025-10-23,17.1,17.1,84.50000000000003,156.70000000000005,22.385714285714293,2
Chennai,2025-10-24,6.2,6.2,61.80000000000003,149.20000000000002,21.31428571428572,2
Chennai,2025-10-25,18.4,18.4,41.70000000000003,140.10000000000002,20.01428571428572,2
Chennai,2025-10-26,0.9,0.9,25.500000000000025,133.20000000000002,19.028571428571432,2
Chennai,2025-10-27,44.9,44.9,64.20000000000002,154.9,22.12857142857143,2
Chennai,2025-10-28,51.4,51.4,97.20000000000002,177.40000000000003,25.34285714285715,2
Chennai,2025-10-29,0.0,0.0,96.3,138.90000000000003,19.84285714285715,2
Chennai,2025-10-30,0.1,0.1,51.50000000000003,121.90000000000002,17.414285714285718,2
Chennai,2025-10-31,0.0,0.0,0.1000000000000284,115.70000000000002,16.528571428571432,2
Chennai,2025-11-01,0.6,0.6,0.7000000000000284,97.90000000000002,13.98571428571429,1
Chennai,2025-11-02,5.0,5.0,5.600000000000028,102.00000000000004,14.571428571428577,2
Chennai,2025-11-03,8.0,8.0,13.600000000000028,65.10000000000002,9.300000000000002,1
Chennai,2025-11-04,18.5,18.5,31.50000000000003,32.20000000000002,4.600000000000002,0
Chennai,2025-11-05,3.1,3.1,29.60000000000003,35.30000000000002,5.042857142857145,0
Chennai,2025-11-06,0.9,0.9,22.50000000000003,36.10000000000002,5.15714285714286,0
Chennai,2025-11-07,4.5,4.5,8.500000000000028,40.60000000000002,5.800000000000003,0
Chennai,2025-11-08,0.9,0.9,6.300000000000029,40.90000000000002,5.842857142857146,0
Chennai,2025-11-09,0.4,0.4,5.800000000000028,36.30000000000002,5.185714285714289,0
Chennai,2025-11-10,1.1,1.1,2.4000000000000288,29.40000000000002,4.200000000000003,0
Chennai,2025-11-11,1.3,1.3,2.8000000000000287,12.20000000000002,1.7428571428571458,0
Chennai,2025-11-12,0.2,0.2,2.600000000000029,9.300000000000022,1.3285714285714316,0
Chennai,2025-11-13,0.7,0.7,2.2000000000000286,9.10000000000002,1.300000000000003,0
Chennai,2025-11-14,0.0,0.0,0.9000000000000283,4.600000000000021,0.6571428571428601,0
Chennai,2025-11-15,0.2,0.2,0.9000000000000283,3.9000000000000217,0.5571428571428603,0
Chennai,2025-11-16,0.7,0.7,0.9000000000000283,4.200000000000021,0.600000000000003,0
Chennai,2025-11-17,27.5,27.5,28.400000000000027,30.600000000000023,4.371428571428575,0
Chennai,2025-11-18,11.5,11.5,39.70000000000003,40.800000000000026,5.828571428571432,0
Chennai,2025-11-19,0.7,0.7,39.70000000000002,41.30000000000002,5.900000000000003,0
Chennai,2025-11-20,0.3,0.3,12.500000000000028,40.90000000000002,5.842857142857146,0
Chennai,2025-11-21,6.8,6.8,7.800000000000028,47.70000000000002,6.814285714285718,0
Chennai,2025-11-22,11.5,11.5,18.60000000000003,59.00000000000002,8.428571428571432,1
Chennai,2025-11-23,11.8,11.8,30.10000000000003,70.10000000000002,10.014285714285718,1
Chennai,2025-11-24,4.4,4.4,27.70000000000003,47.00000000000003,6.714285714285718,0
Chennai,2025-11-25,0.8,0.8,17.000000000000032,36.300000000000026,5.1857142857142895,0
Chennai,2025-11-26,0.5,0.5,5.700000000000029,36.10000000000002,5.15714285714286,0
Chennai,2025-11-27,0.0,0.0,1.3000000000000285,35.800000000000026,5.114285714285718,0
Chennai,2025-11-28,0.6,0.6,1.1000000000000285,29.600000000000023,4.228571428571432,0
Chennai,2025-11-29,22.3,22.3,22.90000000000003,40.40000000000002,5.771428571428574,0
Chennai,2025-11-30,73.1,73.1,96.00000000000004,101.70000000000002,14.52857142857143,2
Chennai,2025-12-01,90.0,90.0,185.40000000000003,187.3,26.75714285714286,2
Chennai,2025-12-02,142.3,142.3,305.40000000000003,328.80000000000007,46.97142857142858,2
Chennai,2025-12-03,72.7,72.7,305.00000000000006,401.00000000000006,57.28571428571429,2
Chennai,2025-12-04,17.5,17.5,232.50000000000009,418.50000000000006,59.78571428571429,2
Chennai,2025-12-05,1.0,1.0,91.20000000000005,418.9,59.84285714285715,2
Chennai,2025-12-06,1.0,1.0,19.50000000000003,397.6,56.8,2
Chennai,2025-12-07,1.3,1.3,3.300000000000028,325.80000000000007,46.54285714285715,2
Chennai,2025-12-08,0.2,0.2,2.5000000000000284,236.00000000000009,33.71428571428572,2
Chennai,2025-12-09,0.5,0.5,2.0000000000000284,94.20000000000005,13.45714285714286,1
Chennai,2025-12-10,0.0,0.0,0.7000000000000284,21.50000000000003,3.071428571428576,0
Chennai,2025-12-11,0.0,0.0,0.5000000000000284,4.000000000000028,0.5714285714285755,0
Chennai,2025-12-12,0.0,0.0,0.0,3.0000000000000284,0.4285714285714326,0
Chennai,2025-12-13,0.0,0.0,0.0,2.0000000000000284,0.2857142857142897,0
Chennai,2025-12-14,0.0,0.0,0.0,0.7000000000000284,0.100000000000004,0
Chennai,2025-12-15,0.0,0.0,0.0,0.5000000000000284,0.0714285714285754,0
Chennai,2025-12-16,4.3,4.3,4.300000000000028,4.300000000000028,0.6142857142857183,0
Chennai,2025-12-17,1.9,1.9,6.200000000000028,6.200000000000028,0.8857142857142897,0
Chennai,2025-12-18,0.4,0.4,6.600000000000028,6.600000000000028,0.9428571428571468,0
Chennai,2025-12-19,0.0,0.0,2.300000000000028,6.600000000000028,0.9428571428571468,0
Chennai,2025-12-20,0.1,0.1,0.5000000000000284,6.700000000000029,0.9571428571428612,0
Chennai,2025-12-21,0.2,0.2,0.3000000000000284,6.900000000000028,0.9857142857142897,0
Chennai,2025-12-22,0.0,0.0,0.3000000000000284,6.900000000000028,0.9857142857142897,0
Chennai,2025-12-23,0.0,0.0,0.2000000000000284,2.6000000000000285,0.3714285714285755,0
Chennai,2025-12-24,0.1,0.1,0.1000000000000284,0.8000000000000285,0.1142857142857183,0
Chennai,2025-12-25,0.7,0.7,0.8000000000000284,1.1000000000000285,0.1571428571428612,0
Chennai,2025-12-26,0.0,0.0,0.8000000000000284,1.1000000000000285,0.1571428571428612,0
Chennai,2025-12-27,0.1,0.1,0.8000000000000284,1.1000000000000285,0.1571428571428612,0
Chennai,2025-12-28,0.0,0.0,0.1000000000000284,0.9000000000000283,0.1285714285714326,0
Chennai,2025-12-29,0.0,0.0,0.1000000000000284,0.9000000000000283,0.1285714285714326,0
Chennai,2025-12-30,0.0,0.0,0.0,0.9000000000000283,0.1285714285714326,0
Chennai,2025-12-31,3.0,3.0,3.0000000000000284,3.800000000000028,0.5428571428571469,0
Chennai,2026-01-01,13.4,13.4,16.400000000000027,16.50000000000003,2.357142857142861,0
Chennai,2026-01-02,0.1,0.1,16.50000000000003,16.60000000000003,2.371428571428576,0
Chennai,2026-01-03,0.0,0.0,13.500000000000028,16.50000000000003,2.357142857142861,0
Chennai,2026-01-04,0.1,0.1,0.2000000000000284,16.600000000000026,2.371428571428575,0
Chennai,2026-01-05,0.0,0.0,0.1000000000000284,16.600000000000026,2.371428571428575,0
Chennai,2026-01-06,0.0,0.0,0.1000000000000284,16.600000000000026,2.371428571428575,0
Chennai,2026-01-07,0.0,0.0,0.0,13.600000000000028,1.9428571428571468,0
Chennai,2026-01-08,0.0,0.0,0.0,0.2000000000000284,0.0285714285714326,0
Chennai,2026-01-09,2.7,2.7,2.7000000000000286,2.8000000000000287,0.4000000000000041,0
Chennai,2026-01-10,8.0,8.0,10.700000000000028,10.80000000000003,1.542857142857147,0
Chennai,2026-01-11,15.5,15.5,26.200000000000028,26.20000000000003,3.7428571428571473,0
Chennai,2026-01-12,2.7,2.7,26.200000000000028,28.90000000000003,4.1285714285714326,0
Chennai,2026-01-13,0.0,0.0,18.200000000000028,28.90000000000003,4.1285714285714326,0
Chennai,2026-01-14,0.0,0.0,2.7000000000000286,28.90000000000003,4.1285714285714326,0
Chennai,2026-01-15,0.3,0.3,0.3000000000000284,29.20000000000003,4.171428571428576,0
Chennai,2026-01-16,0.2,0.2,0.5000000000000284,26.70000000000003,3.814285714285719,0
Chennai,2026-01-17,0.0,0.0,0.5000000000000284,18.70000000000003,2.671428571428576,0
Chennai,2026-01-18,0.0,0.0,0.2000000000000284,3.2000000000000286,0.4571428571428612,0
Chennai,2026-01-19,0.0,0.0,0.0,0.5000000000000284,0.0714285714285754,0
Chennai,2026-01-20,0.0,0.0,0.0,0.5000000000000284,0.0714285714285754,0
Chennai,2026-01-21,0.1,0.1,0.1000000000000284,0.6000000000000284,0.0857142857142897,0
Chennai,2026-01-22,0.0,0.0,0.1000000000000284,0.3000000000000284,0.0428571428571469,0
Chennai,2026-01-23,3.1,3.1,3.2000000000000286,3.2000000000000286,0.4571428571428612,0
Chennai,2026-01-24,26.4,26.4,29.50000000000003,29.600000000000023,4.228571428571432,0
Chennai,2026-01-25,25.9,25.9,55.40000000000003,55.50000000000003,7.928571428571432,1
Chennai,2026-01-26,5.5,5.5,57.800000000000026,61.00000000000003,8.714285714285719,1
Chennai,2026-01-27,0.0,0.0,31.400000000000027,61.00000000000003,8.714285714285719,1
Chennai,2026-01-28,0.0,0.0,5.500000000000028,60.90000000000002,8.700000000000003,1
Chennai,2026-01-29,0.0,0.0,0.0,60.90000000000002,8.700000000000003,1
Chennai,2026-01-30,0.0,0.0,0.0,57.800000000000026,8.257142857142862,1
Chennai,2026-01-31,0.0,0.0,0.0,31.400000000000027,4.485714285714289,0
Chennai,2026-02-01,0.0,0.0,0.0,5.500000000000028,0.7857142857142898,0
Chennai,2026-02-02,0.0,0.0,0.0,0.0,0.0,0
Chennai,2026-02-03,0.0,0.0,0.0,0.0,0.0,0
Chennai,2026-02-04,0.0,0.0,0.0,0.0,0.0,0
Chennai,2026-02-05,0.0,0.0,0.0,0.0,0.0,0
Chennai,2026-02-06,0.2,0.2,0.2000000000000284,0.2000000000000284,0.0285714285714326,0
Chennai,2026-02-07,0.0,0.0,0.2000000000000284,0.2000000000000284,0.0285714285714326,0
Chennai,2026-02-08,0.0,0.0,0.2000000000000284,0.2000000000000284,0.0285714285714326,0
Chennai,2026-02-09,0.0,0.0,0.0,0.2000000000000284,0.0285714285714326,0
Chennai,2026-02-10,0.0,0.0,0.0,0.2000000000000284,0.0285714285714326,0
Chennai,2026-02-11,0.1,0.1,0.1000000000000284,0.3000000000000284,0.0428571428571469,0
Chennai,2026-02-12,0.0,0.0,0.1000000000000284,0.3000000000000284,0.0428571428571469,0
Chennai,2026-02-13,0.1,0.1,0.2000000000000284,0.2000000000000284,0.0285714285714326,0
Chennai,2026-02-14,0.0,0.0,0.1000000000000284,0.2000000000000284,0.0285714285714326,0
Chennai,2026-02-15,0.0,0.0,0.1000000000000284,0.2000000000000284,0.0285714285714326,0
Chennai,2026-02-16,0.0,0.0,0.0,0.2000000000000284,0.0285714285714326,0
Chennai,2026-02-17,0.0,0.0,0.0,0.2000000000000284,0.0285714285714326,0
Chennai,2026-02-18,0.0,0.0,0.0,0.1000000000000284,0.0142857142857183,0
Chennai,2026-02-19,0.0,0.0,0.0,0.1000000000000284,0.0142857142857183,0
Chennai,2026-02-20,0.0,0.0,0.0,0.0,0.0,0
Chennai,2026-02-21,2.4,2.4,2.4000000000000283,2.4000000000000283,0.3428571428571469,0
Chennai,2026-02-22,1.4,1.4,3.800000000000028,3.800000000000028,0.5428571428571469,0
Chennai,2026-02-23,0.0,0.0,3.800000000000028,3.800000000000028,0.5428571428571469,0
Chennai,2026-02-24,0.0,0.0,1.4000000000000283,3.800000000000028,0.5428571428571469,0
Chennai,2026-02-25,1.2,1.2,1.2000000000000284,5.000000000000028,0.7142857142857183,0
Chennai,2026-02-26,0.0,0.0,1.2000000000000284,5.000000000000028,0.7142857142857183,0
Chennai,2026-02-27,0.0,0.0,1.2000000000000284,5.000000000000028,0.7142857142857183,0
Chennai,2026-02-28,0.0,0.0,0.0,2.600000000000028,0.3714285714285754,0
Chennai,2026-03-01,0.0,0.0,0.0,1.2000000000000284,0.1714285714285754,0
Chennai,2026-03-02,0.0,0.0,0.0,1.2000000000000284,0.1714285714285754,0
Chennai,2026-03-03,0.0,0.0,0.0,1.2000000000000284,0.1714285714285754,0
Chennai,2026-03-04,0.0,0.0,0.0,0.0,0.0,0
Chennai,2026-03-05,0.0,0.0,0.0,0.0,0.0,0
Chennai,2026-03-06,0.0,0.0,0.0,0.0,0.0,0
Chennai,2026-03-07,0.0,0.0,0.0,0.0,0.0,0
Chennai,2026-03-08,0.0,0.0,0.0,0.0,0.0,0
Chennai,2026-03-09,0.4,0.4,0.4000000000000284,0.4000000000000284,0.0571428571428612,0
Chennai,2026-03-10,0.1,0.1,0.5000000000000284,0.5000000000000284,0.0714285714285754,0
Chennai,2026-03-11,0.0,0.0,0.5000000000000284,0.5000000000000284,0.0714285714285754,0
Chennai,2026-03-12,0.0,0.0,0.1000000000000284,0.5000000000000284,0.0714285714285754,0
Chennai,2026-03-13,0.0,0.0,0.0,0.5000000000000284,0.0714285714285754,0
Chennai,2026-03-14,0.0,0.0,0.0,0.5000000000000284,0.0714285714285754,0
Chennai,2026-03-15,0.0,0.0,0.0,0.5000000000000284,0.0714285714285754,0
Chennai,2026-03-16,0.4,0.4,0.4000000000000284,0.5000000000000284,0.0714285714285754,0
Chennai,2026-03-17,0.0,0.0,0.4000000000000284,0.4000000000000284,0.0571428571428612,0
Chennai,2026-03-18,0.6,0.6,1.0000000000000284,1.0000000000000284,0.1428571428571469,0
Chennai,2026-03-19,2.5,2.5,3.1000000000000285,3.5000000000000284,0.5000000000000041,0
Chennai,2026-03-20,0.0,0.0,3.1000000000000285,3.5000000000000284,0.5000000000000041,0
Chennai,2026-03-21,0.7,0.7,3.2000000000000286,4.200000000000029,0.6000000000000041,0
Chennai,2026-03-22,0.3,0.3,1.0000000000000284,4.500000000000028,0.6428571428571469,0
Chennai,2026-03-23,0.0,0.0,1.0000000000000284,4.100000000000028,0.5857142857142897,0
Chennai,2026-03-24,0.5,0.5,0.8000000000000285,4.600000000000028,0.6571428571428611,0
Chennai,2026-03-25,0.0,0.0,0.5000000000000284,4.000000000000028,0.5714285714285755,0
Chennai,2026-03-26,0.0,0.0,0.5000000000000284,1.5000000000000284,0.2142857142857183,0
Chennai,2026-03-27,0.0,0.0,0.0,1.5000000000000284,0.2142857142857183,0
Chennai,2026-03-28,0.0,0.0,0.0,0.8000000000000285,0.1142857142857183,0
Chennai,2026-03-29,0.0,0.0,0.0,0.5000000000000284,0.0714285714285754,0
Chennai,2026-03-30,0.0,0.0,0.0,0.5000000000000284,0.0714285714285754,0
Chennai,2026-03-31,0.0,0.0,0.0,0.0,0.0,0
Chennai,2026-04-01,0.0,0.0,0.0,0.0,0.0,0
Chennai,2026-04-02,0.0,0.0,0.0,0.0,0.0,0
Chennai,2026-04-03,0.0,0.0,0.0,0.0,0.0,0
Chennai,2026-04-04,1.6,1.6,1.6000000000000285,1.6000000000000285,0.2285714285714326,0
Chennai,2026-04-05,1.1,1.1,2.7000000000000286,2.7000000000000286,0.3857142857142898,0
Chennai,2026-04-06,1.9,1.9,4.600000000000028,4.600000000000028,0.6571428571428611,0
Chennai,2026-04-07,0.6,0.6,3.6000000000000285,5.200000000000029,0.742857142857147,0
Chennai,2026-04-08,0.1,0.1,2.6000000000000285,5.300000000000028,0.7571428571428612,0
Chennai,2026-04-09,1.1,1.1,1.8000000000000285,6.400000000000029,0.9142857142857184,0
Chennai,2026-04-10,0.1,0.1,1.300000000000029,6.500000000000028,0.9285714285714326,0
Chennai,2026-04-11,0.0,0.0,1.2000000000000286,4.900000000000029,0.7000000000000041,0
Chennai,2026-04-12,0.0,0.0,0.1000000000000284,3.800000000000028,0.5428571428571469,0
Chennai,2026-04-13,0.0,0.0,0.0,1.9000000000000288,0.2714285714285755,0
Chennai,2026-04-14,0.0,0.0,0.0,1.300000000000029,0.1857142857142898,0
Chennai,2026-04-15,0.0,0.0,0.0,1.2000000000000286,0.1714285714285755,0
Chennai,2026-04-16,0.0,0.0,0.0,0.1000000000000284,0.0142857142857183,0
Chennai,2026-04-17,0.0,0.0,0.0,0.0,0.0,0
Chennai,2026-04-18,0.0,0.0,0.0,0.0,0.0,0
Chennai,2026-04-19,0.0,0.0,0.0,0.0,0.0,0
Chennai,2026-04-20,0.2,0.2,0.2000000000000284,0.2000000000000284,0.0285714285714326,0
Chennai,2026-04-21,0.0,0.0,0.2000000000000284,0.2000000000000284,0.0285714285714326,0
Chennai,2026-04-22,0.0,0.0,0.2000000000000284,0.2000000000000284,0.0285714285714326,0
Chennai,2026-04-23,0.0,0.0,0.0,0.2000000000000284,0.0285714285714326,0
Chennai,2026-04-24,0.0,0.0,0.0,0.2000000000000284,0.0285714285714326,0
Chennai,2026-04-25,0.0,0.0,0.0,0.2000000000000284,0.0285714285714326,0
Chennai,2026-04-26,0.0,0.0,0.0,0.2000000000000284,0.0285714285714326,0
Chennai,2026-04-27,0.0,0.0,0.0,0.0,0.0,0
Chennai,2026-04-28,0.0,0.0,0.0,0.0,0.0,0
Chennai,2026-04-29,0.0,0.0,0.0,0.0,0.0,0
Chennai,2026-04-30,0.0,0.0,0.0,0.0,0.0,0
Chennai,2026-05-01,0.0,0.0,0.0,0.0,0.0,0
Chennai,2026-05-02,0.0,0.0,0.0,0.0,0.0,0
Chennai,2026-05-03,0.1,0.1,0.1000000000000284,0.1000000000000284,0.0142857142857183,0
Chennai,2026-05-04,7.0,7.0,7.100000000000028,7.100000000000028,1.0142857142857182,0
Chennai,2026-05-05,0.3,0.3,7.400000000000028,7.400000000000028,1.0571428571428612,0
Chennai,2026-05-06,2.7,2.7,10.000000000000028,10.100000000000028,1.4428571428571468,0
Chennai,2026-05-07,0.0,0.0,3.0000000000000284,10.100000000000028,1.4428571428571468,0
Chennai,2026-05-08,2.6,2.6,5.300000000000029,12.700000000000028,1.8142857142857185,0
Chennai,2026-05-09,8.3,8.3,10.90000000000003,21.00000000000003,3.000000000000004,0
Chennai,2026-05-10,0.8,0.8,11.700000000000031,21.700000000000028,3.100000000000004,0
Chennai,2026-05-11,0.3,0.3,9.40000000000003,15.000000000000028,2.142857142857147,0
Chennai,2026-05-12,0.3,0.3,1.40000000000003,15.000000000000028,2.142857142857147,0
Chennai,2026-05-13,0.0,0.0,0.6000000000000302,12.30000000000003,1.7571428571428611,0
Chennai,2026-05-14,0.6,0.6,0.9000000000000301,12.900000000000029,1.842857142857147,0
Chennai,2026-05-15,6.0,6.0,6.60000000000003,16.30000000000003,2.3285714285714327,0
Chennai,2026-05-16,2.9,2.9,9.50000000000003,10.900000000000029,1.5571428571428612,0
Chennai,2026-05-17,5.1,5.1,14.00000000000003,15.200000000000028,2.1714285714285757,0
Chennai,2026-05-18,1.2,1.2,9.20000000000003,16.10000000000003,2.3000000000000043,0
Chennai,2026-05-19,0.2,0.2,6.50000000000003,16.00000000000003,2.2857142857142896,0
Chennai,2026-05-20,0.0,0.0,1.40000000000003,16.00000000000003,2.2857142857142896,0
Chennai,2026-05-21,0.0,0.0,0.2000000000000302,15.400000000000029,2.200000000000004,0
Chennai,2026-05-22,0.0,0.0,0.0,9.400000000000029,1.342857142857147,0
Chennai,2026-05-23,0.0,0.0,0.0,6.500000000000028,0.9285714285714326,0
Chennai,2026-05-24,2.4,2.4,2.40000000000003,3.800000000000028,0.5428571428571469,0
Chennai,2026-05-25,0.7,0.7,3.10000000000003,3.300000000000028,0.4714285714285754,0
Chennai,2026-05-26,0.7,0.7,3.80000000000003,3.800000000000028,0.5428571428571469,0
Chennai,2026-05-27,0.0,0.0,1.40000000000003,3.800000000000028,0.5428571428571469,0
Chennai,2026-05-28,0.0,0.0,0.7000000000000302,3.800000000000028,0.5428571428571469,0
Chennai,2026-05-29,0.0,0.0,0.0,3.800000000000028,0.5428571428571469,0
Chennai,2026-05-30,0.7,0.7,0.7000000000000302,4.500000000000028,0.6428571428571469,0
Chennai,2026-05-31,0.9,0.9,1.6000000000000305,3.0000000000000284,0.4285714285714326,0
Chennai,2026-06-01,1.0,1.0,2.6000000000000303,3.300000000000028,0.4714285714285754,0
Chennai,2026-06-02,3.4,3.4,5.30000000000003,6.000000000000028,0.8571428571428612,0
Chennai,2026-06-03,1.5,1.5,5.900000000000031,7.500000000000028,1.0714285714285754,0
Chennai,2026-06-04,2.9,2.9,7.80000000000003,10.400000000000029,1.4857142857142898,0
Chennai,2026-06-05,1.0,1.0,5.400000000000031,11.400000000000029,1.6285714285714328,0
Chennai,2026-06-06,0.0,0.0,3.900000000000031,10.70000000000003,1.528571428571433,0
Chennai,2026-06-07,4.9,4.9,5.900000000000031,14.70000000000003,2.100000000000004,0
Chennai,2026-06-08,0.3,0.3,5.20000000000003,14.00000000000003,2.0000000000000044,0
Chennai,2026-06-09,1.9,1.9,7.100000000000031,12.500000000000028,1.7857142857142898,0
Chennai,2026-06-10,0.9,0.9,3.1000000000000303,11.900000000000029,1.7000000000000042,0
Chennai,2026-06-11,4.0,4.0,6.800000000000031,13.000000000000028,1.8571428571428608,0
Chennai,2026-06-12,3.3,3.3,8.200000000000031,15.30000000000003,2.18571428571429,0
Chennai,2026-06-13,1.4,1.4,8.700000000000031,16.700000000000028,2.3857142857142897,0
Chennai,2026-06-14,0.4,0.4,5.100000000000031,12.200000000000028,1.7428571428571469,0
Chennai,2026-06-15,1.7,1.7,3.500000000000031,13.600000000000026,1.9428571428571464,0
Chennai,2026-06-16,1.0,1.0,3.100000000000031,12.700000000000028,1.8142857142857185,0
Chennai,2026-06-17,0.1,0.1,2.800000000000032,11.900000000000029,1.7000000000000042,0
Chennai,2026-06-18,4.6,4.6,5.700000000000031,12.500000000000028,1.7857142857142898,0
Chennai,2026-06-19,5.8,5.8,10.500000000000032,15.000000000000028,2.142857142857147,0
Chennai,2026-06-20,4.0,4.0,14.40000000000003,17.60000000000003,2.5142857142857187,0
Chennai,2026-06-21,3.8,3.8,13.600000000000032,21.000000000000025,3.000000000000004,0
Chennai,2026-06-22,1.7,1.7,9.500000000000032,21.000000000000025,3.000000000000004,0
Chennai,2026-06-23,1.7,1.7,7.200000000000031,21.700000000000028,3.100000000000004,0
Chennai,2026-06-24,0.9,0.9,4.300000000000032,22.50000000000003,3.2142857142857184,0
Chennai,2026-06-25,2.6,2.6,5.200000000000031,20.50000000000003,2.928571428571433,0
Chennai,2026-06-26,0.0,0.0,3.500000000000032,14.700000000000028,2.100000000000004,0
Chennai,2026-06-27,6.6,6.6,9.200000000000031,17.300000000000026,2.471428571428575,0
Chennai,2026-06-28,24.5,24.5,31.10000000000003,38.00000000000003,5.428571428571432,0
Chennai,2026-06-29,1.7,1.7,32.80000000000003,38.00000000000003,5.428571428571432,0
Chennai,2026-06-30,2.9,2.9,29.10000000000003,39.20000000000002,5.600000000000003,0
Chennai,2026-07-01,0.3,0.3,4.900000000000028,38.60000000000003,5.514285714285719,0
Chennai,2026-07-02,0.1,0.1,3.300000000000028,36.10000000000002,5.15714285714286,0
Chennai,2026-07-03,1.0,1.0,1.4000000000000283,37.10000000000002,5.300000000000003,0
Chennai,2026-07-04,5.8,5.8,6.900000000000028,36.300000000000026,5.1857142857142895,0
Chennai,2026-07-05,0.0,0.0,6.800000000000028,11.800000000000024,1.685714285714289,0
Chennai,2026-07-06,0.0,0.0,5.800000000000028,10.100000000000025,1.4428571428571464,0
Chennai,2026-07-07,0.5,0.5,0.5000000000000284,7.700000000000024,1.1000000000000034,0
Chennai,2026-07-08,0.2,0.2,0.7000000000000284,7.600000000000024,1.0857142857142892,0
Chennai,2026-07-09,5.2,5.2,5.900000000000029,12.700000000000024,1.8142857142857176,0
Chennai,2026-07-10,2.9,2.9,8.30000000000003,14.600000000000025,2.0857142857142894,0
Chennai,2026-07-11,0.5,0.5,8.60000000000003,9.300000000000026,1.3285714285714323,0
Chennai,2026-07-12,0.0,0.0,3.4000000000000283,9.300000000000026,1.3285714285714323,0
Chennai,2026-07-13,0.0,0.0,0.5000000000000284,9.300000000000026,1.3285714285714323,0
Chennai,2026-07-14,0.0,0.0,0.0,8.800000000000026,1.257142857142861,0
Chennai,2026-07-15,0.0,0.0,0.0,8.600000000000025,1.228571428571432,0
Chennai,2026-07-16,0.1,0.1,0.1000000000000284,3.500000000000024,0.5000000000000034,0
Chennai,2026-07-17,4.0,4.0,4.100000000000028,4.6000000000000245,0.6571428571428607,0
Chennai,2026-07-18,2.3,2.3,6.400000000000029,6.400000000000024,0.9142857142857178,0
Chennai,2026-07-19,4.9,4.9,11.20000000000003,11.300000000000026,1.614285714285718,0
Chennai,2026-07-20,10.7,10.7,17.900000000000027,22.000000000000025,3.1428571428571463,0
Chennai,2026-07-21,0.6,0.6,16.200000000000028,22.600000000000023,3.228571428571432,0
Chennai,2026-07-22,10.0,10.0,21.30000000000003,32.60000000000002,4.65714285714286,0
Chennai,2026-07-23,1.0,1.0,11.60000000000003,33.50000000000002,4.785714285714289,0
Chennai,2026-07-24,7.5,7.5,18.50000000000003,37.00000000000002,5.285714285714289,0
Chennai,2026-07-25,4.4,4.4,12.90000000000003,39.10000000000002,5.585714285714289,0
Chennai,2026-07-26,1.4,1.4,13.300000000000033,35.60000000000002,5.085714285714289,0
Chennai,2026-07-27,1.6,1.6,7.4000000000000306,26.500000000000025,3.785714285714289,0
Chennai,2026-07-28,0.1,0.1,3.1000000000000303,26.000000000000025,3.714285714285718,0
Chennai,2026-07-29,1.5,1.5,3.2000000000000304,17.50000000000003,2.500000000000004,0
Chennai,2026-07-30,1.1,1.1,2.7000000000000304,17.600000000000026,2.5142857142857182,0
Chennai,2026-07-31,0.8,0.8,3.4000000000000306,10.900000000000023,1.5571428571428607,0
Chennai,2026-08-01,8.2,8.2,10.10000000000003,14.700000000000024,2.100000000000004,0
Chennai,2026-08-02,6.2,6.2,15.200000000000031,19.500000000000025,2.785714285714289,0
Chennai,2026-08-03,5.4,5.4,19.80000000000003,23.300000000000026,3.3285714285714323,0
Chennai,2026-08-04,6.2,6.2,17.800000000000033,29.400000000000027,4.200000000000004,0
Chennai,2026-08-05,6.7,6.7,18.300000000000036,34.60000000000002,4.942857142857146,0
Chennai,2026-08-06,4.3,4.3,17.20000000000003,37.800000000000026,5.400000000000004,0
Chennai,2026-08-07,5.6,5.6,16.60000000000003,42.60000000000002,6.085714285714289,0
Coimbatore,2020-01-07,0.4,0.4,5.999999999999999,11.1,1.5857142857142856,0
Coimbatore,2020-01-08,0.0,0.0,3.1,9.4,1.342857142857143,0
Coimbatore,2020-01-09,0.0,0.0,0.3999999999999996,8.4,1.2,0
Coimbatore,2020-01-10,0.0,0.0,0.0,8.4,1.2,0
Coimbatore,2020-01-11,0.0,0.0,0.0,6.0,0.8571428571428571,0
Coimbatore,2020-01-12,0.0,0.0,0.0,3.1,0.4428571428571429,0
Coimbatore,2020-01-13,0.0,0.0,0.0,0.4,0.0571428571428571,0
Coimbatore,2020-01-14,0.0,0.0,0.0,0.0,0.0,0
Coimbatore,2020-01-15,0.0,0.0,0.0,0.0,0.0,0
Coimbatore,2020-01-16,0.0,0.0,0.0,0.0,0.0,0
Coimbatore,2020-01-17,0.0,0.0,0.0,0.0,0.0,0
Coimbatore,2020-01-18,1.2,1.2,1.1999999999999995,1.2,0.1714285714285714,0
Coimbatore,2020-01-19,1.1,1.1,2.3,2.3,0.3285714285714285,0
Coimbatore,2020-01-20,0.0,0.0,2.3,2.3,0.3285714285714285,0
Coimbatore,2020-01-21,0.0,0.0,1.0999999999999996,2.3,0.3285714285714285,0
Coimbatore,2020-01-22,0.0,0.0,0.0,2.3,0.3285714285714285,0
Coimbatore,2020-01-23,0.0,0.0,0.0,2.3,0.3285714285714285,0
Coimbatore,2020-01-24,0.0,0.0,0.0,2.3,0.3285714285714285,0
Coimbatore,2020-01-25,0.0,0.0,0.0,1.1,0.1571428571428571,0
Coimbatore,2020-01-26,0.0,0.0,0.0,0.0,0.0,0
Coimbatore,2020-01-27,0.0,0.0,0.0,0.0,0.0,0
Coimbatore,2020-01-28,0.0,0.0,0.0,0.0,0.0,0
Coimbatore,2020-01-29,0.0,0.0,0.0,0.0,0.0,0
Coimbatore,2020-01-30,0.0,0.0,0.0,0.0,0.0,0
Coimbatore,2020-01-31,0.0,0.0,0.0,0.0,0.0,0
Coimbatore,2020-02-01,0.0,0.0,0.0,0.0,0.0,0
Coimbatore,2020-02-02,0.0,0.0,0.0,0.0,0.0,0
Coimbatore,2020-02-03,0.0,0.0,0.0,0.0,0.0,0
Coimbatore,2020-02-04,0.0,0.0,0.0,0.0,0.0,0
Coimbatore,2020-02-05,0.7,0.7,0.6999999999999995,0.7,0.0999999999999999,0
Coimbatore,2020-02-06,0.0,0.0,0.6999999999999995,0.7,0.0999999999999999,0
Coimbatore,2020-02-07,0.0,0.0,0.6999999999999995,0.7,0.0999999999999999,0
Coimbatore,2020-02-08,3.2,3.2,3.2,3.9,0.5571428571428572,0
Coimbatore,2020-02-09,0.0,0.0,3.2,3.9,0.5571428571428572,0
Coimbatore,2020-02-10,0.2,0.2,3.4,4.1000000000000005,0.5857142857142857,0
Coimbatore,2020-02-11,0.0,0.0,0.1999999999999995,4.1000000000000005,0.5857142857142857,0
Coimbatore,2020-02-12,0.0,0.0,0.1999999999999995,3.4000000000000004,0.4857142857142857,0
Coimbatore,2020-02-13,0.1,0.1,0.0999999999999995,3.5,0.5,0
Coimbatore,2020-02-14,0.0,0.0,0.0999999999999995,3.5,0.5,0
Coimbatore,2020-02-15,0.0,0.0,0.0999999999999995,0.3,0.0428571428571428,0
Coimbatore,2020-02-16,0.0,0.0,0.0,0.3,0.0428571428571428,0
Coimbatore,2020-02-17,0.0,0.0,0.0,0.1,0.0142857142857142,0
Coimbatore,2020-02-18,0.0,0.0,0.0,0.1,0.0142857142857142,0
Coimbatore,2020-02-19,0.0,0.0,0.0,0.1,0.0142857142857142,0
Coimbatore,2020-02-20,0.0,0.0,0.0,0.0,0.0,0
Coimbatore,2020-02-21,0.0,0.0,0.0,0.0,0.0,0
Coimbatore,2020-02-22,0.1,0.1,0.0999999999999995,0.1,0.0142857142857142,0
Coimbatore,2020-02-23,0.0,0.0,0.0999999999999995,0.1,0.0142857142857142,0
Coimbatore,2020-02-24,0.0,0.0,0.0999999999999995,0.1,0.0142857142857142,0
Coimbatore,2020-02-25,0.0,0.0,0.0,0.1,0.0142857142857142,0
Coimbatore,2020-02-26,0.0,0.0,0.0,0.1,0.0142857142857142,0
Coimbatore,2020-02-27,0.0,0.0,0.0,0.1,0.0142857142857142,0
Coimbatore,2020-02-28,0.1,0.1,0.0999999999999995,0.2,0.0285714285714285,0
Coimbatore,2020-02-29,0.0,0.0,0.0999999999999995,0.1,0.0142857142857142,0
Coimbatore,2020-03-01,0.0,0.0,0.0999999999999995,0.1,0.0142857142857142,0
Coimbatore,2020-03-02,1.3,1.3,1.2999999999999996,1.4,0.2,0
Coimbatore,2020-03-03,1.4,1.4,2.6999999999999997,2.8,0.3999999999999999,0
Coimbatore,2020-03-04,1.2,1.2,3.9,4.0,0.5714285714285714,0
Coimbatore,2020-03-05,1.1,1.1,3.7,5.1,0.7285714285714285,0
Coimbatore,2020-03-06,0.0,0.0,2.3,5.0,0.7142857142857143,0
Coimbatore,2020-03-07,0.9,0.9,2.0,5.9,0.8428571428571429,0
Coimbatore,2020-03-08,1.1,1.1,2.0,7.0,1.0,0
Coimbatore,2020-03-09,1.5,1.5,3.5,7.199999999999999,1.0285714285714285,0
Coimbatore,2020-03-10,0.5,0.5,3.1,6.300000000000001,0.9000000000000001,0
Coimbatore,2020-03-11,0.0,0.0,2.0,5.1,0.7285714285714285,0
Coimbatore,2020-03-12,0.0,0.0,0.4999999999999995,4.0,0.5714285714285714,0
Coimbatore,2020-03-13,0.0,0.0,0.0,4.0,0.5714285714285714,0
Coimbatore,2020-03-14,0.0,0.0,0.0,3.1,0.4428571428571429,0
Coimbatore,2020-03-15,0.0,0.0,0.0,2.0,0.2857142857142857,0
Coimbatore,2020-03-16,0.0,0.0,0.0,0.5,0.0714285714285714,0
Coimbatore,2020-03-17,0.0,0.0,0.0,0.0,0.0,0
Coimbatore,2020-03-18,0.0,0.0,0.0,0.0,0.0,0
Coimbatore,2020-03-19,0.0,0.0,0.0,0.0,0.0,0
Coimbatore,2020-03-20,0.2,0.2,0.1999999999999995,0.2,0.0285714285714285,0
Coimbatore,2020-03-21,1.0,1.0,1.1999999999999995,1.2,0.1714285714285714,0
Coimbatore,2020-03-22,1.1,1.1,2.3,2.3,0.3285714285714285,0
Coimbatore,2020-03-23,4.3,4.3,6.4,6.6,0.9428571428571428,0
Coimbatore,2020-03-24,0.0,0.0,5.4,6.6,0.9428571428571428,0
Coimbatore,2020-03-25,2.3,2.3,6.6,8.899999999999999,1.2714285714285711,0
Coimbatore,2020-03-26,0.0,0.0,2.3,8.899999999999999,1.2714285714285711,0
Coimbatore,2020-03-27,0.0,0.0,2.3,8.7,1.2428571428571429,0
Coimbatore,2020-03-28,0.0,0.0,0.0,7.699999999999999,1.1,0
Coimbatore,2020-03-29,0.0,0.0,0.0,6.6,0.9428571428571428,0
Coimbatore,2020-03-30,0.0,0.0,0.0,2.3,0.3285714285714285,0
Coimbatore,2020-03-31,0.0,0.0,0.0,2.3,0.3285714285714285,0
Coimbatore,2020-04-01,0.0,0.0,0.0,0.0,0.0,0
Coimbatore,2020-04-02,0.0,0.0,0.0,0.0,0.0,0
Coimbatore,2020-04-03,0.1,0.1,0.1,0.1,0.0142857142857142,0
Coimbatore,2020-04-04,0.0,0.0,0.1,0.1,0.0142857142857142,0
Coimbatore,2020-04-05,0.4,0.4,0.5,0.5,0.0714285714285714,0
Coimbatore,2020-04-06,0.2,0.2,0.6000000000000001,0.7,0.0999999999999999,0
Coimbatore,2020-04-07,0.2,0.2,0.8,0.9,0.1285714285714286,0
Coimbatore,2020-04-08,2.2,2.2,2.6,3.1,0.4428571428571429,0
Coimbatore,2020-04-09,3.6,3.6,6.0,6.7,0.9571428571428572,0
Coimbatore,2020-04-10,0.7,0.7,6.5,7.300000000000001,1.042857142857143,0
Coimbatore,2020-04-11,0.1,0.1,4.4,7.4,1.0571428571428572,0
Coimbatore,2020-04-12,0.0,0.0,0.7999999999999999,7.0,1.0,0
Coimbatore,2020-04-13,0.0,0.0,0.1,6.8,0.9714285714285714,0
Coimbatore,2020-04-14,0.0,0.0,0.0,6.6,0.9428571428571428,0
Coimbatore,2020-04-15,0.0,0.0,0.0,4.4,0.6285714285714287,0
Coimbatore,2020-04-16,0.0,0.0,0.0,0.7999999999999999,0.1142857142857142,0
Coimbatore,2020-04-17,0.0,0.0,0.0,0.1,0.0142857142857142,0
Coimbatore,2020-04-18,0.0,0.0,0.0,0.0,0.0,0
Coimbatore,2020-04-19,0.3,0.3,0.3,0.3,0.0428571428571428,0
Coimbatore,2020-04-20,0.2,0.2,0.5,0.5,0.0714285714285714,0
Coimbatore,2020-04-21,0.0,0.0,0.5,0.5,0.0714285714285714,0
Coimbatore,2020-04-22,0.0,0.0,0.2,0.5,0.0714285714285714,0
Coimbatore,2020-04-23,0.0,0.0,0.0,0.5,0.0714285714285714,0
Coimbatore,2020-04-24,0.3,0.3,0.3,0.8,0.1142857142857143,0
Coimbatore,2020-04-25,0.1,0.1,0.4,0.9,0.1285714285714286,0
Coimbatore,2020-04-26,0.6,0.6,1.0,1.2000000000000002,0.1714285714285714,0
Coimbatore,2020-04-27,1.2,1.2,1.9,2.2,0.3142857142857142,0
Coimbatore,2020-04-28,2.3,2.3,4.1,4.5,0.6428571428571429,0
Coimbatore,2020-04-29,4.4,4.4,7.9,8.9,1.2714285714285716,0
Coimbatore,2020-04-30,13.2,13.2,19.9,22.1,3.157142857142857,0
Coimbatore,2020-05-01,0.1,0.1,17.7,21.9,3.128571428571429,0
Coimbatore,2020-05-02,0.3,0.3,13.6,22.1,3.157142857142857,0
Coimbatore,2020-05-03,0.0,0.0,0.4,21.5,3.071428571428572,0
Coimbatore,2020-05-04,0.0,0.0,0.3,20.3,2.9,0
Coimbatore,2020-05-05,0.0,0.0,0.0,18.0,2.571428571428572,0
Coimbatore,2020-05-06,0.0,0.0,0.0,13.6,1.9428571428571428,0
Coimbatore,2020-05-07,0.1,0.1,0.1,0.5,0.0714285714285714,0
Coimbatore,2020-05-08,0.1,0.1,0.2,0.5,0.0714285714285714,0
Coimbatore,2020-05-09,0.2,0.2,0.4,0.4,0.0571428571428571,0
Coimbatore,2020-05-10,0.0,0.0,0.3,0.4,0.0571428571428571,0
Coimbatore,2020-05-11,0.4,0.4,0.6000000000000001,0.8,0.1142857142857143,0
Coimbatore,2020-05-12,0.8,0.8,1.2000000000000002,1.6,0.2285714285714286,0
Coimbatore,2020-05-13,0.1,0.1,1.3000000000000005,1.7000000000000002,0.2428571428571428,0
Coimbatore,2020-05-14,0.4,0.4,1.3000000000000005,2.0,0.2857142857142857,0
Coimbatore,2020-05-15,0.5,0.5,1.0,2.4000000000000004,0.3428571428571429,0
Coimbatore,2020-05-16,0.8,0.8,1.7000000000000002,3.0,0.4285714285714285,0
Coimbatore,2020-05-17,1.5,1.5,2.8000000000000003,4.5,0.6428571428571429,0
Coimbatore,2020-05-18,1.3,1.3,3.6000000000000005,5.4,0.7714285714285714,0
Coimbatore,2020-05-19,0.9,0.9,3.7,5.5,0.7857142857142857,0
Coimbatore,2020-05-20,0.4,0.4,2.6,5.800000000000001,0.8285714285714286,0
Coimbatore,2020-05-21,0.0,0.0,1.3,5.4,0.7714285714285715,0
Coimbatore,2020-05-22,0.4,0.4,0.8,5.3,0.7571428571428571,0
Coimbatore,2020-05-23,0.2,0.2,0.6000000000000001,4.7,0.6714285714285715,0
Coimbatore,2020-05-24,0.4,0.4,1.0,3.6,0.5142857142857143,0
Coimbatore,2020-05-25,0.5,0.5,1.1,2.8,0.3999999999999999,0
Coimbatore,2020-05-26,0.9,0.9,1.8,2.8,0.3999999999999999,0
Coimbatore,2020-05-27,0.6,0.6,2.0,3.0,0.4285714285714285,0
Coimbatore,2020-05-28,4.1,4.1,5.6,7.1,1.0142857142857142,0
Coimbatore,2020-05-29,2.2,2.2,6.9,8.899999999999999,1.2714285714285711,0
Coimbatore,2020-05-30,0.3,0.3,6.6,9.0,1.2857142857142858,0
Coimbatore,2020-05-31,0.3,0.3,2.8000000000000003,8.9,1.2714285714285716,0
Coimbatore,2020-06-01,0.3,0.3,0.8999999999999999,8.7,1.2428571428571429,0
Coimbatore,2020-06-02,0.5,0.5,1.1,8.299999999999999,1.1857142857142855,0
Coimbatore,2020-06-03,1.5,1.5,2.3,9.2,1.3142857142857145,0
Coimbatore,2020-06-04,0.9,0.9,2.9,6.0,0.8571428571428571,0
Coimbatore,2020-06-05,1.0,1.0,3.4,4.8,0.6857142857142857,0
Coimbatore,2020-06-06,1.2,1.2,3.1,5.7,0.8142857142857143,0
Coimbatore,2020-06-07,15.8,15.8,18.0,21.200000000000003,3.028571428571429,0
Coimbatore,2020-06-08,0.0,0.0,17.0,20.9,2.9857142857142853,0
Coimbatore,2020-06-09,1.0,1.0,16.8,21.4,3.057142857142857,0
Coimbatore,2020-06-10,1.2,1.2,2.2,21.1,3.0142857142857147,0
Coimbatore,2020-06-11,1.0,1.0,3.2,21.200000000000003,3.028571428571429,0
Coimbatore,2020-06-12,21.3,21.3,23.5,41.5,5.928571428571429,0
Coimbatore,2020-06-13,2.3,2.3,24.6,42.6,6.085714285714286,0
Coimbatore,2020-06-14,0.4,0.4,24.0,27.200000000000003,3.885714285714286,0
Coimbatore,2020-06-15,0.0,0.0,2.7,27.200000000000003,3.885714285714286,0
Coimbatore,2020-06-16,0.1,0.1,0.5,26.300000000000004,3.7571428571428576,0
Coimbatore,2020-06-17,0.3,0.3,0.4,25.4,3.628571428571429,0
Coimbatore,2020-06-18,0.0,0.0,0.4,24.4,3.485714285714286,0
Coimbatore,2020-06-19,2.4,2.4,2.7,5.5,0.7857142857142857,0
Coimbatore,2020-06-20,1.4,1.4,3.8,4.6,0.6571428571428571,0
Coimbatore,2020-06-21,0.0,0.0,3.8,4.199999999999999,0.5999999999999999,0
Coimbatore,2020-06-22,2.3,2.3,3.6999999999999993,6.5,0.9285714285714286,0
Coimbatore,2020-06-23,0.1,0.1,2.3999999999999995,6.5,0.9285714285714286,0
Coimbatore,2020-06-24,7.0,7.0,9.4,13.2,1.8857142857142857,0
Coimbatore,2020-06-25,2.3,2.3,9.4,15.5,2.2142857142857144,0
Coimbatore,2020-06-26,6.2,6.2,15.5,19.3,2.757142857142857,0
Coimbatore,2020-06-27,0.0,0.0,8.5,17.900000000000002,2.5571428571428574,0
Coimbatore,2020-06-28,10.5,10.5,16.7,28.4,4.057142857142858,0
Coimbatore,2020-06-29,4.9,4.9,15.4,31.0,4.428571428571429,0
Coimbatore,2020-06-30,2.4,2.4,17.799999999999997,33.3,4.757142857142857,0
Coimbatore,2020-07-01,1.1,1.1,8.399999999999999,27.4,3.914285714285714,0
Coimbatore,2020-07-02,3.2,3.2,6.699999999999998,28.300000000000004,4.042857142857144,0
Coimbatore,2020-07-03,11.3,11.3,15.6,33.400000000000006,4.771428571428572,0
Coimbatore,2020-07-04,0.2,0.2,14.7,33.6,4.8,0
Coimbatore,2020-07-05,0.2,0.2,11.7,23.3,3.3285714285714287,0
Coimbatore,2020-07-06,0.2,0.2,0.6000000000000001,18.6,2.657142857142857,0
Coimbatore,2020-07-07,4.6,4.6,4.999999999999998,20.8,2.9714285714285715,0
Coimbatore,2020-07-08,9.7,9.7,14.499999999999996,29.4,4.2,0
Coimbatore,2020-07-09,9.5,9.5,23.8,35.7,5.1000000000000005,0
Coimbatore,2020-07-10,22.6,22.6,41.8,47.0,6.714285714285714,0
Coimbatore,2020-07-11,4.9,4.9,36.99999999999999,51.7,7.385714285714285,1
Coimbatore,2020-07-12,1.0,1.0,28.5,52.5,7.5,1
Coimbatore,2020-07-13,9.1,9.1,14.999999999999996,61.4,8.77142857142857,1
Coimbatore,2020-07-14,4.9,4.9,14.999999999999996,61.7,8.814285714285713,1
Coimbatore,2020-07-15,14.0,14.0,28.0,66.0,9.428571428571429,1
Coimbatore,2020-07-16,3.9,3.9,22.8,60.4,8.628571428571428,1
Coimbatore,2020-07-17,14.4,14.4,32.3,52.2,7.457142857142857,1
Coimbatore,2020-07-18,2.2,2.2,20.5,49.5,7.071428571428571,0
Coimbatore,2020-07-19,1.8,1.8,18.4,50.3,7.185714285714286,1
Coimbatore,2020-07-20,6.5,6.5,10.499999999999996,47.7,6.814285714285715,0
Coimbatore,2020-07-21,0.2,0.2,8.499999999999996,43.0,6.142857142857143,0
Coimbatore,2020-07-22,0.5,0.5,7.199999999999997,29.500000000000004,4.214285714285714,0
Coimbatore,2020-07-23,0.0,0.0,0.6999999999999964,25.6,3.6571428571428575,0
Coimbatore,2020-07-24,0.1,0.1,0.5999999999999964,11.3,1.6142857142857143,0
Coimbatore,2020-07-25,0.0,0.0,0.0999999999999964,9.1,1.3000000000000005,0
Coimbatore,2020-07-26,3.5,3.5,3.5999999999999965,10.8,1.542857142857143,0
Coimbatore,2020-07-27,2.3,2.3,5.799999999999996,6.6,0.9428571428571428,0
Coimbatore,2020-07-28,14.0,14.0,19.8,20.4,2.914285714285714,0
Coimbatore,2020-07-29,14.7,14.7,31.0,34.599999999999994,4.942857142857142,0
Coimbatore,2020-07-30,7.5,7.5,36.2,42.1,6.014285714285713,0
Coimbatore,2020-07-31,2.1,2.1,24.3,44.1,6.299999999999999,0
Coimbatore,2020-08-01,0.6,0.6,10.199999999999996,44.7,6.385714285714285,0
Coimbatore,2020-08-02,29.5,29.5,32.2,70.69999999999999,10.099999999999998,1
Coimbatore,2020-08-03,3.9,3.9,33.99999999999999,72.3,10.328571428571427,1
Coimbatore,2020-08-04,11.9,11.9,45.3,70.2,10.028571428571428,1
Coimbatore,2020-08-05,23.4,23.4,39.2,78.89999999999999,11.27142857142857,1
Coimbatore,2020-08-06,9.7,9.7,45.0,81.1,11.585714285714284,1
Coimbatore,2020-08-07,1.1,1.1,34.19999999999999,80.1,11.44285714285714,1
Coimbatore,2020-08-08,6.1,6.1,16.899999999999995,85.6,12.228571428571428,1
Coimbatore,2020-08-09,40.1,40.1,47.3,96.2,13.742857142857142,1
Coimbatore,2020-08-10,25.7,25.7,71.89999999999999,118.0,16.857142857142854,2
Coimbatore,2020-08-11,0.5,0.5,66.3,106.6,15.228571428571428,2
Coimbatore,2020-08-12,0.0,0.0,26.199999999999992,83.19999999999999,11.885714285714284,1
Coimbatore,2020-08-13,0.0,0.0,0.4999999999999929,73.5,10.5,1
Coimbatore,2020-08-14,0.0,0.0,0.0,72.39999999999999,10.342857142857142,1
Coimbatore,2020-08-15,0.0,0.0,0.0,66.3,9.471428571428572,1
Coimbatore,2020-08-16,0.0,0.0,0.0,26.199999999999992,3.7428571428571416,0
Coimbatore,2020-08-17,0.3,0.3,0.2999999999999929,0.7999999999999929,0.1142857142857132,0
Coimbatore,2020-08-18,0.7,0.7,0.9999999999999928,0.9999999999999928,0.1428571428571418,0
Coimbatore,2020-08-19,7.1,7.1,8.099999999999993,8.099999999999993,1.157142857142856,0
Coimbatore,2020-08-20,0.3,0.3,8.099999999999993,8.399999999999993,1.199999999999999,0
Coimbatore,2020-08-21,1.1,1.1,8.499999999999993,9.499999999999991,1.357142857142856,0
Coimbatore,2020-08-22,3.2,3.2,4.599999999999993,12.699999999999992,1.8142857142857127,0
Coimbatore,2020-08-23,7.2,7.2,11.499999999999991,19.89999999999999,2.8428571428571416,0
Coimbatore,2020-08-24,3.1,3.1,13.499999999999996,22.699999999999992,3.2428571428571416,0
Coimbatore,2020-08-25,0.0,0.0,10.299999999999994,21.999999999999996,3.142857142857142,0
Coimbatore,2020-08-26,0.3,0.3,3.399999999999993,15.199999999999994,2.1714285714285704,0
Coimbatore,2020-08-27,0.0,0.0,0.2999999999999929,14.899999999999991,2.128571428571428,0
Coimbatore,2020-08-28,0.0,0.0,0.2999999999999929,13.799999999999994,1.9714285714285704,0
Coimbatore,2020-08-29,0.2,0.2,0.1999999999999929,10.799999999999994,1.542857142857142,0
Coimbatore,2020-08-30,1.3,1.3,1.499999999999993,4.899999999999993,0.6999999999999991,0
Coimbatore,2020-08-31,3.6,3.6,5.0999999999999925,5.399999999999993,0.7714285714285705,0
Coimbatore,2020-09-01,10.1,10.1,14.999999999999991,15.499999999999991,2.214285714285713,0
Coimbatore,2020-09-02,16.7,16.7,30.399999999999988,31.89999999999999,4.557142857142856,0
Coimbatore,2020-09-03,2.2,2.2,28.99999999999999,34.099999999999994,4.871428571428571,0
Coimbatore,2020-09-04,3.8,3.8,22.69999999999999,37.89999999999999,5.414285714285713,0
Coimbatore,2020-09-05,1.4,1.4,7.39999999999999,39.09999999999999,5.585714285714284,0
Coimbatore,2020-09-06,3.4,3.4,8.599999999999989,41.19999999999999,5.885714285714284,0
Coimbatore,2020-09-07,0.1,0.1,4.899999999999989,37.69999999999999,5.385714285714284,0
Coimbatore,2020-09-08,1.4,1.4,4.89999999999999,28.999999999999996,4.1428571428571415,0
Coimbatore,2020-09-09,2.3,2.3,3.799999999999989,14.599999999999993,2.0857142857142845,0
Coimbatore,2020-09-10,12.6,12.6,16.29999999999999,24.999999999999996,3.5714285714285703,0
Coimbatore,2020-09-11,19.8,19.8,34.69999999999999,40.99999999999999,5.857142857142856,0
Coimbatore,2020-09-12,9.8,9.8,42.19999999999999,49.39999999999999,7.057142857142856,0
Coimbatore,2020-09-13,1.5,1.5,31.09999999999999,47.49999999999999,6.785714285714284,0
Coimbatore,2020-09-14,1.1,1.1,12.39999999999999,48.49999999999999,6.928571428571428,0
Coimbatore,2020-09-15,0.9,0.9,3.4999999999999893,47.99999999999999,6.857142857142856,0
Coimbatore,2020-09-16,3.6,3.6,5.599999999999989,49.29999999999999,7.042857142857142,0
Coimbatore,2020-09-17,1.0,1.0,5.499999999999989,37.69999999999999,5.385714285714284,0
Coimbatore,2020-09-18,0.0,0.0,4.599999999999989,17.899999999999995,2.5571428571428565,0
Coimbatore,2020-09-19,13.4,13.4,14.39999999999999,21.499999999999996,3.0714285714285703,0
Coimbatore,2020-09-20,35.1,35.1,48.49999999999999,55.1,7.871428571428571,1
Coimbatore,2020-09-21,15.3,15.3,63.8,69.3,9.9,1
Coimbatore,2020-09-22,4.6,4.6,54.99999999999999,72.99999999999999,10.428571428571429,1
Coimbatore,2020-09-23,0.1,0.1,19.999999999999996,69.5,9.928571428571429,1
Coimbatore,2020-09-24,2.4,2.4,7.0999999999999925,70.89999999999999,10.128571428571428,1
Coimbatore,2020-09-25,3.4,3.4,5.899999999999993,74.3,10.614285714285714,1
Coimbatore,2020-09-26,0.3,0.3,6.099999999999993,61.2,8.742857142857142,1
Coimbatore,2020-09-27,2.7,2.7,6.399999999999993,28.799999999999997,4.114285714285713,0
Coimbatore,2020-09-28,2.3,2.3,5.299999999999993,15.799999999999992,2.257142857142856,0
Coimbatore,2020-09-29,6.0,6.0,10.999999999999991,17.199999999999992,2.457142857142856,0
Coimbatore,2020-09-30,5.0,5.0,13.299999999999994,22.09999999999999,3.157142857142856,0
Coimbatore,2020-10-01,1.7,1.7,12.699999999999992,21.39999999999999,3.057142857142856,0
Coimbatore,2020-10-02,0.0,0.0,6.699999999999993,17.999999999999993,2.5714285714285703,0
Coimbatore,2020-10-03,0.0,0.0,1.6999999999999929,17.699999999999992,2.528571428571428,0
Coimbatore,2020-10-04,0.0,0.0,0.0,14.999999999999991,2.142857142857141,0
Coimbatore,2020-10-05,0.0,0.0,0.0,12.699999999999992,1.8142857142857127,0
Coimbatore,2020-10-06,2.9,2.9,2.899999999999993,9.599999999999993,1.3714285714285703,0
Coimbatore,2020-10-07,4.2,4.2,7.0999999999999925,8.799999999999994,1.2571428571428562,0
Coimbatore,2020-10-08,22.3,22.3,29.39999999999999,29.399999999999995,4.199999999999999,0
Coimbatore,2020-10-09,7.6,7.6,34.099999999999994,36.99999999999999,5.285714285714285,0
Coimbatore,2020-10-10,3.3,3.3,33.2,40.3,5.757142857142857,0
Coimbatore,2020-10-11,3.0,3.0,13.899999999999997,43.3,6.185714285714285,0
Coimbatore,2020-10-12,4.5,4.5,10.799999999999995,47.8,6.828571428571428,0
Coimbatore,2020-10-13,7.2,7.2,14.699999999999996,52.1,7.442857142857142,1
Coimbatore,2020-10-14,0.5,0.5,12.199999999999996,48.39999999999999,6.914285714285713,0
Coimbatore,2020-10-15,0.9,0.9,8.599999999999996,27.0,3.8571428571428568,0
Coimbatore,2020-10-16,2.1,2.1,3.4999999999999964,21.5,3.071428571428572,0
Coimbatore,2020-10-17,8.5,8.5,11.499999999999996,26.7,3.8142857142857136,0
Coimbatore,2020-10-18,6.9,6.9,17.499999999999996,30.6,4.371428571428571,0
Coimbatore,2020-10-19,2.9,2.9,18.3,29.0,4.142857142857142,0
Coimbatore,2020-10-20,3.5,3.5,13.299999999999995,25.3,3.614285714285714,0
Coimbatore,2020-10-21,2.6,2.6,8.999999999999996,27.4,3.914285714285714,0
Coimbatore,2020-10-22,0.0,0.0,6.099999999999996,26.5,3.785714285714285,0
Coimbatore,2020-10-23,0.0,0.0,2.5999999999999965,24.4,3.4857142857142853,0
Coimbatore,2020-10-24,0.0,0.0,0.0,15.899999999999997,2.271428571428571,0
Coimbatore,2020-10-25,0.0,0.0,0.0,8.999999999999996,1.2857142857142851,0
Coimbatore,2020-10-26,0.8,0.8,0.7999999999999965,6.899999999999996,0.9857142857142852,0
Coimbatore,2020-10-27,3.7,3.7,4.4999999999999964,7.099999999999996,1.0142857142857138,0
Coimbatore,2020-10-28,0.1,0.1,4.599999999999996,4.599999999999997,0.6571428571428567,0
Coimbatore,2020-10-29,15.3,15.3,19.1,19.9,2.8428571428571425,0
Coimbatore,2020-10-30,0.4,0.4,15.8,20.3,2.8999999999999995,0
Coimbatore,2020-10-31,1.0,1.0,16.699999999999996,21.3,3.0428571428571423,0
Coimbatore,2020-11-01,2.0,2.0,3.3999999999999964,23.3,3.3285714285714283,0
Coimbatore,2020-11-02,3.9,3.9,6.899999999999997,26.399999999999995,3.771428571428571,0
Coimbatore,2020-11-03,6.4,6.4,12.299999999999995,29.1,4.157142857142857,0
Coimbatore,2020-11-04,7.0,7.0,17.299999999999997,35.99999999999999,5.1428571428571415,0
Coimbatore,2020-11-05,24.1,24.1,37.5,44.8,6.4,0
Coimbatore,2020-11-06,6.0,6.0,37.1,50.400000000000006,7.200000000000001,1
Coimbatore,2020-11-07,2.5,2.5,32.6,51.900000000000006,7.4142857142857155,1
Coimbatore,2020-11-08,7.6,7.6,16.1,57.5,8.214285714285714,1
Coimbatore,2020-11-09,2.4,2.4,12.5,55.99999999999999,7.999999999999999,1
Coimbatore,2020-11-10,0.0,0.0,10.0,49.6,7.0857142857142845,0
Coimbatore,2020-11-11,0.0,0.0,2.4,42.6,6.0857142857142845,0
Coimbatore,2020-11-12,4.5,4.5,4.5,23.0,3.285714285714285,0
Coimbatore,2020-11-13,17.8,17.8,22.3,34.8,4.971428571428571,0
Coimbatore,2020-11-14,1.3,1.3,23.6,33.599999999999994,4.799999999999999,0
Coimbatore,2020-11-15,9.0,9.0,28.1,35.0,5.0,0
Coimbatore,2020-11-16,25.3,25.3,35.6,57.9,8.27142857142857,1
Coimbatore,2020-11-17,18.8,18.8,53.10000000000001,76.7,10.957142857142856,1
Coimbatore,2020-11-18,17.3,17.3,61.400000000000006,94.0,13.428571428571429,1
Coimbatore,2020-11-19,4.5,4.5,40.6,94.0,13.428571428571429,1
Coimbatore,2020-11-20,0.8,0.8,22.6,77.0,11.0,1
Coimbatore,2020-11-21,0.0,0.0,5.3,75.7,10.814285714285717,1
Coimbatore,2020-11-22,0.0,0.0,0.8,66.69999999999999,9.528571428571428,1
Coimbatore,2020-11-23,0.0,0.0,0.0,41.39999999999999,5.914285714285713,0
Coimbatore,2020-11-24,0.0,0.0,0.0,22.6,3.228571428571428,0
Coimbatore,2020-11-25,0.0,0.0,0.0,5.299999999999996,0.7571428571428566,0
Coimbatore,2020-11-26,5.9,5.9,5.9,6.699999999999997,0.9571428571428566,0
Coimbatore,2020-11-27,15.3,15.3,21.200000000000003,21.2,3.028571428571428,0
Coimbatore,2020-11-28,2.3,2.3,23.5,23.5,3.3571428571428568,0
Coimbatore,2020-11-29,2.6,2.6,20.200000000000003,26.1,3.728571428571428,0
Coimbatore,2020-11-30,0.0,0.0,4.9,26.1,3.728571428571428,0
Coimbatore,2020-12-01,0.0,0.0,2.6,26.1,3.728571428571428,0
Coimbatore,2020-12-02,0.0,0.0,0.0,26.1,3.728571428571428,0
Coimbatore,2020-12-03,32.8,32.8,32.8,52.99999999999999,7.57142857142857,1
Coimbatore,2020-12-04,45.9,45.9,78.69999999999999,83.6,11.94285714285714,1
Coimbatore,2020-12-05,7.9,7.9,86.6,89.2,12.742857142857144,1
Coimbatore,2020-12-06,8.2,8.2,62.0,94.79999999999998,13.54285714285714,1
Coimbatore,2020-12-07,47.0,47.0,63.1,141.79999999999998,20.257142857142856,2
Coimbatore,2020-12-08,7.1,7.1,62.3,148.89999999999998,21.27142857142857,2
Coimbatore,2020-12-09,0.1,0.1,54.2,149.0,21.285714285714285,2
Coimbatore,2020-12-10,0.7,0.7,7.899999999999999,116.9,16.7,2
Coimbatore,2020-12-11,0.0,0.0,0.7999999999999999,71.0,10.142857142857142,1
Coimbatore,2020-12-12,0.1,0.1,0.7999999999999999,63.2,9.028571428571428,1
Coimbatore,2020-12-13,0.0,0.0,0.1,55.0,7.857142857142857,1
Coimbatore,2020-12-14,0.1,0.1,0.2,8.1,1.157142857142857,0
Coimbatore,2020-12-15,0.0,0.0,0.1,1.0,0.1428571428571428,0
Coimbatore,2020-12-16,3.5,3.5,3.6,4.4,0.6285714285714287,0
Coimbatore,2020-12-17,16.6,16.6,20.1,20.3,2.9,0
Coimbatore,2020-12-18,1.7,1.7,21.8,22.0,3.142857142857143,0
Coimbatore,2020-12-19,0.8,0.8,19.1,22.7,3.242857142857143,0
Coimbatore,2020-12-20,0.0,0.0,2.5,22.7,3.242857142857143,0
Coimbatore,2020-12-21,0.0,0.0,0.8,22.6,3.2285714285714286,0
Coimbatore,2020-12-22,0.6,0.6,0.6,23.200000000000003,3.3142857142857145,0
Coimbatore,2020-12-23,0.3,0.3,0.8999999999999999,20.0,2.857142857142857,0
Coimbatore,2020-12-24,0.0,0.0,0.8999999999999999,3.4,0.4857142857142857,0
Coimbatore,2020-12-25,0.0,0.0,0.3,1.7,0.2428571428571428,0
Coimbatore,2020-12-26,0.0,0.0,0.0,0.8999999999999999,0.1285714285714285,0
Coimbatore,2020-12-27,0.0,0.0,0.0,0.8999999999999999,0.1285714285714285,0
Coimbatore,2020-12-28,0.0,0.0,0.0,0.8999999999999999,0.1285714285714285,0
Coimbatore,2020-12-29,1.0,1.0,1.0,1.2999999999999998,0.1857142857142857,0
Coimbatore,2020-12-30,1.5,1.5,2.5,2.5,0.3571428571428571,0
Coimbatore,2020-12-31,14.8,14.8,17.3,17.3,2.4714285714285715,0
Coimbatore,2021-01-01,1.0,1.0,17.3,18.3,2.6142857142857143,0
Coimbatore,2021-01-02,0.2,0.2,16.0,18.5,2.642857142857143,0
Coimbatore,2021-01-03,1.6,1.6,2.8,20.1,2.8714285714285714,0
Coimbatore,2021-01-04,9.4,9.4,11.2,29.5,4.214285714285714,0
Coimbatore,2021-01-05,2.5,2.5,13.500000000000002,31.0,4.428571428571429,0
Coimbatore,2021-01-06,5.2,5.2,17.1,34.7,4.957142857142857,0
Coimbatore,2021-01-07,1.0,1.0,8.7,20.9,2.985714285714286,0
Coimbatore,2021-01-08,9.4,9.4,15.6,29.3,4.185714285714286,0
Coimbatore,2021-01-09,5.7,5.7,16.1,34.800000000000004,4.971428571428572,0
Coimbatore,2021-01-10,10.4,10.4,25.500000000000004,43.6,6.228571428571429,0
Coimbatore,2021-01-11,8.6,8.6,24.700000000000003,42.8,6.114285714285715,0
Coimbatore,2021-01-12,5.9,5.9,24.9,46.2,6.6000000000000005,0
Coimbatore,2021-01-13,7.1,7.1,21.6,48.1,6.871428571428572,0
Coimbatore,2021-01-14,0.4,0.4,13.4,47.5,6.785714285714286,0
Coimbatore,2021-01-15,5.0,5.0,12.5,43.1,6.1571428571428575,0
Coimbatore,2021-01-16,1.5,1.5,6.9,38.9,5.557142857142857,0
Coimbatore,2021-01-17,0.2,0.2,6.7,28.7,4.1,0
Coimbatore,2021-01-18,0.0,0.0,1.7,20.1,2.8714285714285714,0
Coimbatore,2021-01-19,0.0,0.0,0.2,14.2,2.0285714285714285,0
Coimbatore,2021-01-20,0.0,0.0,0.0,7.1000000000000005,1.0142857142857145,0
Coimbatore,2021-01-21,0.3,0.3,0.3,7.0,1.0,0
Coimbatore,2021-01-22,0.7,0.7,1.0,2.7,0.3857142857142857,0
Coimbatore,2021-01-23,1.4,1.4,2.4,2.6,0.3714285714285714,0
Coimbatore,2021-01-24,0.0,0.0,2.1,2.3999999999999995,0.3428571428571428,0
Coimbatore,2021-01-25,0.1,0.1,1.5,2.5,0.3571428571428571,0
Coimbatore,2021-01-26,0.0,0.0,0.1,2.5,0.3571428571428571,0
Coimbatore,2021-01-27,0.0,0.0,0.1,2.5,0.3571428571428571,0
Coimbatore,2021-01-28,0.0,0.0,0.0,2.2,0.3142857142857142,0
Coimbatore,2021-01-29,0.0,0.0,0.0,1.5,0.2142857142857142,0
Coimbatore,2021-01-30,0.0,0.0,0.0,0.1,0.0142857142857142,0
Coimbatore,2021-01-31,0.0,0.0,0.0,0.1,0.0142857142857142,0
Coimbatore,2021-02-01,0.0,0.0,0.0,0.0,0.0,0
Coimbatore,2021-02-02,0.0,0.0,0.0,0.0,0.0,0
Coimbatore,2021-02-03,0.0,0.0,0.0,0.0,0.0,0
Coimbatore,2021-02-04,0.0,0.0,0.0,0.0,0.0,0
Coimbatore,2021-02-05,0.0,0.0,0.0,0.0,0.0,0
Coimbatore,2021-02-06,0.0,0.0,0.0,0.0,0.0,0
Coimbatore,2021-02-07,0.0,0.0,0.0,0.0,0.0,0
Coimbatore,2021-02-08,0.0,0.0,0.0,0.0,0.0,0
Coimbatore,2021-02-09,0.0,0.0,0.0,0.0,0.0,0
Coimbatore,2021-02-10,0.0,0.0,0.0,0.0,0.0,0
Coimbatore,2021-02-11,0.0,0.0,0.0,0.0,0.0,0
Coimbatore,2021-02-12,0.0,0.0,0.0,0.0,0.0,0
Coimbatore,2021-02-13,0.0,0.0,0.0,0.0,0.0,0
Coimbatore,2021-02-14,0.0,0.0,0.0,0.0,0.0,0
Coimbatore,2021-02-15,0.0,0.0,0.0,0.0,0.0,0
Coimbatore,2021-02-16,0.8,0.8,0.8,0.8,0.1142857142857143,0
Coimbatore,2021-02-17,0.2,0.2,1.0,1.0,0.1428571428571428,0
Coimbatore,2021-02-18,0.3,0.3,1.3,1.3,0.1857142857142857,0
Coimbatore,2021-02-19,0.0,0.0,0.5,1.3,0.1857142857142857,0
Coimbatore,2021-02-20,6.0,6.0,6.3,7.3,1.042857142857143,0
Coimbatore,2021-02-21,3.7,3.7,9.7,11.0,1.5714285714285714,0
Coimbatore,2021-02-22,2.3,2.3,12.0,13.3,1.9,0
Coimbatore,2021-02-23,0.7,0.7,6.7,13.2,1.8857142857142857,0
Coimbatore,2021-02-24,0.0,0.0,3.0,13.0,1.8571428571428568,0
Coimbatore,2021-02-25,0.0,0.0,0.7,12.7,1.8142857142857145,0
Coimbatore,2021-02-26,0.0,0.0,0.0,12.7,1.8142857142857145,0
Coimbatore,2021-02-27,0.0,0.0,0.0,6.7,0.9571428571428572,0
Coimbatore,2021-02-28,0.0,0.0,0.0,3.0,0.4285714285714285,0
Coimbatore,2021-03-01,0.0,0.0,0.0,0.7,0.0999999999999999,0
Coimbatore,2021-03-02,0.0,0.0,0.0,0.0,0.0,0
Coimbatore,2021-03-03,0.0,0.0,0.0,0.0,0.0,0
Coimbatore,2021-03-04,0.0,0.0,0.0,0.0,0.0,0
Coimbatore,2021-03-05,0.0,0.0,0.0,0.0,0.0,0
Coimbatore,2021-03-06,0.0,0.0,0.0,0.0,0.0,0
Coimbatore,2021-03-07,0.0,0.0,0.0,0.0,0.0,0
Coimbatore,2021-03-08,0.0,0.0,0.0,0.0,0.0,0
Coimbatore,2021-03-09,0.0,0.0,0.0,0.0,0.0,0
Coimbatore,2021-03-10,2.4,2.4,2.4,2.4,0.3428571428571428,0
Coimbatore,2021-03-11,5.7,5.7,8.1,8.1,1.157142857142857,0
Coimbatore,2021-03-12,0.0,0.0,8.100000000000001,8.100000000000001,1.1571428571428573,0
Coimbatore,2021-03-13,0.0,0.0,5.7,8.100000000000001,1.1571428571428573,0
Coimbatore,2021-03-14,0.0,0.0,0.0,8.100000000000001,1.1571428571428573,0
Coimbatore,2021-03-15,0.0,0.0,0.0,8.100000000000001,1.1571428571428573,0
Coimbatore,2021-03-16,0.0,0.0,0.0,8.100000000000001,1.1571428571428573,0
Coimbatore,2021-03-17,0.0,0.0,0.0,5.7,0.8142857142857143,0
Coimbatore,2021-03-18,0.0,0.0,0.0,0.0,0.0,0
Coimbatore,2021-03-19,0.0,0.0,0.0,0.0,0.0,0
Coimbatore,2021-03-20,0.0,0.0,0.0,0.0,0.0,0
Coimbatore,2021-03-21,0.0,0.0,0.0,0.0,0.0,0
Coimbatore,2021-03-22,0.0,0.0,0.0,0.0,0.0,0
Coimbatore,2021-03-23,0.0,0.0,0.0,0.0,0.0,0
Coimbatore,2021-03-24,0.0,0.0,0.0,0.0,0.0,0
Coimbatore,2021-03-25,0.0,0.0,0.0,0.0,0.0,0
Coimbatore,2021-03-26,0.0,0.0,0.0,0.0,0.0,0
Coimbatore,2021-03-27,0.0,0.0,0.0,0.0,0.0,0
Coimbatore,2021-03-28,0.0,0.0,0.0,0.0,0.0,0
Coimbatore,2021-03-29,0.0,0.0,0.0,0.0,0.0,0
Coimbatore,2021-03-30,0.0,0.0,0.0,0.0,0.0,0
Coimbatore,2021-03-31,0.0,0.0,0.0,0.0,0.0,0
Coimbatore,2021-04-01,0.3,0.3,0.3000000000000009,0.3000000000000009,0.0428571428571429,0
Coimbatore,2021-04-02,0.0,0.0,0.3000000000000009,0.3000000000000009,0.0428571428571429,0
Coimbatore,2021-04-03,0.0,0.0,0.3000000000000009,0.3000000000000009,0.0428571428571429,0
Coimbatore,2021-04-04,0.0,0.0,0.0,0.3000000000000009,0.0428571428571429,0
Coimbatore,2021-04-05,0.0,0.0,0.0,0.3000000000000009,0.0428571428571429,0
Coimbatore,2021-04-06,0.7,0.7,0.7000000000000008,1.0000000000000009,0.142857142857143,0
Coimbatore,2021-04-07,0.0,0.0,0.7000000000000008,1.0000000000000009,0.142857142857143,0
Coimbatore,2021-04-08,0.0,0.0,0.7000000000000008,0.7000000000000008,0.1000000000000001,0
Coimbatore,2021-04-09,0.0,0.0,0.0,0.7000000000000008,0.1000000000000001,0
Coimbatore,2021-04-10,0.0,0.0,0.0,0.7000000000000008,0.1000000000000001,0
Coimbatore,2021-04-11,0.3,0.3,0.3000000000000009,1.0000000000000009,0.142857142857143,0
Coimbatore,2021-04-12,7.1,7.1,7.4,8.100000000000001,1.1571428571428573,0
Coimbatore,2021-04-13,1.5,1.5,8.9,8.9,1.2714285714285716,0
Coimbatore,2021-04-14,9.5,9.5,18.1,18.4,2.628571428571429,0
Coimbatore,2021-04-15,9.7,9.7,20.700000000000003,28.1,4.014285714285714,0
Coimbatore,2021-04-16,10.2,10.2,29.4,38.3,5.471428571428571,0
Coimbatore,2021-04-17,0.4,0.4,20.3,38.7,5.528571428571428,0
Coimbatore,2021-04-18,4.4,4.4,15.000000000000002,42.8,6.114285714285715,0
Coimbatore,2021-04-19,0.5,0.5,5.3000000000000025,36.2,5.171428571428572,0
Coimbatore,2021-04-20,1.0,1.0,5.900000000000002,35.7,5.1000000000000005,0
Coimbatore,2021-04-21,0.1,0.1,1.600000000000002,26.3,3.757142857142857,0
Coimbatore,2021-04-22,0.2,0.2,1.3000000000000018,16.8,2.4,0
Coimbatore,2021-04-23,2.1,2.1,2.400000000000002,8.700000000000003,1.242857142857143,0
Coimbatore,2021-04-24,1.8,1.8,4.100000000000001,10.1,1.442857142857143,0
Coimbatore,2021-04-25,0.1,0.1,4.000000000000002,5.800000000000002,0.8285714285714288,0
Coimbatore,2021-04-26,0.2,0.2,2.100000000000002,5.500000000000002,0.7857142857142859,0
Coimbatore,2021-04-27,0.1,0.1,0.4000000000000018,4.600000000000001,0.6571428571428574,0
Coimbatore,2021-04-28,0.2,0.2,0.5000000000000018,4.700000000000002,0.6714285714285717,0
Coimbatore,2021-04-29,0.0,0.0,0.3000000000000017,4.500000000000002,0.6428571428571431,0
Coimbatore,2021-04-30,0.5,0.5,0.7000000000000017,2.900000000000002,0.4142857142857146,0
Coimbatore,2021-05-01,2.5,2.5,3.0000000000000018,3.6000000000000023,0.5142857142857146,0
Coimbatore,2021-05-02,1.3,1.3,4.300000000000002,4.8000000000000025,0.685714285714286,0
Coimbatore,2021-05-03,7.6,7.6,11.400000000000002,12.200000000000005,1.742857142857143,0
Coimbatore,2021-05-04,3.4,3.4,12.3,15.500000000000002,2.2142857142857144,0
Coimbatore,2021-05-05,1.7,1.7,12.7,17.000000000000004,2.4285714285714293,0
Coimbatore,2021-05-06,2.7,2.7,7.800000000000002,19.700000000000003,2.8142857142857145,0
Coimbatore,2021-05-07,3.8,3.8,8.200000000000003,23.000000000000004,3.285714285714286,0
Coimbatore,2021-05-08,1.2,1.2,7.700000000000002,21.700000000000003,3.1000000000000005,0
Coimbatore,2021-05-09,1.6,1.6,6.600000000000001,22.000000000000004,3.1428571428571432,0
Coimbatore,2021-05-10,2.7,2.7,5.500000000000002,17.1,2.442857142857143,0
Coimbatore,2021-05-11,1.0,1.0,5.300000000000002,14.700000000000005,2.1000000000000005,0
Coimbatore,2021-05-12,0.1,0.1,3.800000000000002,13.100000000000003,1.871428571428572,0
Coimbatore,2021-05-13,0.0,0.0,1.100000000000002,10.400000000000002,1.485714285714286,0
Coimbatore,2021-05-14,19.3,19.3,19.4,25.90000000000001,3.7000000000000006,0
Coimbatore,2021-05-15,67.6,67.6,86.89999999999999,92.3,13.185714285714283,1
Coimbatore,2021-05-16,7.8,7.8,94.7,98.5,14.071428571428571,1
Coimbatore,2021-05-17,1.8,1.8,77.19999999999999,97.6,13.94285714285714,1
Coimbatore,2021-05-18,0.2,0.2,9.8,96.8,13.828571428571427,1
Coimbatore,2021-05-19,0.1,0.1,2.1,96.8,13.828571428571427,1
Coimbatore,2021-05-20,2.4,2.4,2.7,99.2,14.171428571428567,1
Coimbatore,2021-05-21,0.3,0.3,2.7999999999999994,80.19999999999999,11.457142857142856,1
Coimbatore,2021-05-22,3.2,3.2,5.9,15.8,2.257142857142857,0
Coimbatore,2021-05-23,0.6,0.6,4.1,8.6,1.2285714285714284,0
Coimbatore,2021-05-24,0.0,0.0,3.8,6.8,0.9714285714285714,0
Coimbatore,2021-05-25,0.0,0.0,0.6,6.6,0.9428571428571428,0
Coimbatore,2021-05-26,36.7,36.7,36.7,43.2,6.171428571428572,0
Coimbatore,2021-05-27,0.0,0.0,36.7,40.8,5.828571428571429,0
Coimbatore,2021-05-28,0.0,0.0,36.7,40.5,5.785714285714286,0
Coimbatore,2021-05-29,6.8,6.8,6.8,44.1,6.3,0
Coimbatore,2021-05-30,0.0,0.0,6.8,43.5,6.214285714285714,0
Coimbatore,2021-05-31,0.0,0.0,6.8,43.5,6.214285714285714,0
Coimbatore,2021-06-01,0.1,0.1,0.1,43.6,6.228571428571429,0
Coimbatore,2021-06-02,0.7,0.7,0.7999999999999999,7.6,1.0857142857142856,0
Coimbatore,2021-06-03,1.5,1.5,2.3,9.1,1.3,0
Coimbatore,2021-06-04,4.3,4.3,6.5,13.4,1.914285714285714,0
Coimbatore,2021-06-05,6.9,6.9,12.7,13.5,1.9285714285714288,0
Coimbatore,2021-06-06,38.1,38.1,49.3,51.6,7.371428571428572,1
Coimbatore,2021-06-07,1.6,1.6,46.60000000000001,53.2,7.6,1
Coimbatore,2021-06-08,3.1,3.1,42.8,56.2,8.028571428571428,1
Coimbatore,2021-06-09,0.0,0.0,4.700000000000007,55.50000000000001,7.92857142857143,1
Coimbatore,2021-06-10,0.0,0.0,3.100000000000007,54.00000000000001,7.714285714285715,1
Coimbatore,2021-06-11,0.0,0.0,0.0,49.7,7.1000000000000005,0
Coimbatore,2021-06-12,0.6,0.6,0.6000000000000071,43.4,6.2,0
Coimbatore,2021-06-13,0.4,0.4,1.000000000000007,5.7,0.8142857142857143,0
Coimbatore,2021-06-14,3.5,3.5,4.500000000000007,7.6,1.0857142857142856,0
Coimbatore,2021-06-15,6.2,6.2,10.100000000000009,10.7,1.5285714285714285,0
Coimbatore,2021-06-16,4.2,4.2,13.900000000000007,14.9,2.128571428571429,0
Coimbatore,2021-06-17,2.1,2.1,12.500000000000009,17.0,2.4285714285714284,0
Coimbatore,2021-06-18,0.2,0.2,6.500000000000008,17.2,2.457142857142857,0
Coimbatore,2021-06-19,0.0,0.0,2.3000000000000083,16.599999999999998,2.371428571428571,0
Coimbatore,2021-06-20,0.0,0.0,0.200000000000008,16.2,2.314285714285714,0
Coimbatore,2021-06-21,4.9,4.9,4.900000000000008,17.6,2.5142857142857147,0
Coimbatore,2021-06-22,3.7,3.7,8.600000000000009,15.1,2.157142857142857,0
Coimbatore,2021-06-23,0.7,0.7,9.300000000000008,11.6,1.657142857142857,0
Coimbatore,2021-06-24,0.4,0.4,4.800000000000008,9.9,1.4142857142857144,0
Coimbatore,2021-06-25,0.0,0.0,1.100000000000008,9.7,1.3857142857142857,0
Coimbatore,2021-06-26,1.2,1.2,1.600000000000008,10.9,1.557142857142857,0
Coimbatore,2021-06-27,5.3,5.3,6.500000000000007,16.2,2.314285714285714,0
Coimbatore,2021-06-28,3.0,3.0,9.500000000000009,14.3,2.042857142857143,0
Coimbatore,2021-06-29,0.0,0.0,8.300000000000008,10.6,1.5142857142857142,0
Coimbatore,2021-06-30,0.0,0.0,3.000000000000008,9.9,1.4142857142857144,0
Coimbatore,2021-07-01,2.1,2.1,2.100000000000008,11.6,1.657142857142857,0
Coimbatore,2021-07-02,0.3,0.3,2.400000000000008,11.9,1.7,0
Coimbatore,2021-07-03,3.7,3.7,6.1000000000000085,14.4,2.057142857142857,0
Coimbatore,2021-07-04,1.0,1.0,5.000000000000009,10.1,1.4428571428571428,0
Coimbatore,2021-07-05,0.3,0.3,5.000000000000008,7.4,1.0571428571428572,0
Coimbatore,2021-07-06,0.6,0.6,1.900000000000008,8.0,1.1428571428571428,0
Coimbatore,2021-07-07,0.8,0.8,1.700000000000008,8.8,1.2571428571428571,0
Coimbatore,2021-07-08,1.9,1.9,3.300000000000008,8.6,1.2285714285714284,0
Coimbatore,2021-07-09,5.3,5.3,8.000000000000007,13.6,1.9428571428571428,0
Coimbatore,2021-07-10,23.9,23.9,31.100000000000005,33.8,4.828571428571428,0
Coimbatore,2021-07-11,11.7,11.7,40.900000000000006,44.5,6.357142857142857,0
Coimbatore,2021-07-12,4.5,4.5,40.10000000000001,48.7,6.957142857142857,0
Coimbatore,2021-07-13,1.9,1.9,18.100000000000005,50.0,7.142857142857143,1
Coimbatore,2021-07-14,5.0,5.0,11.400000000000007,54.2,7.742857142857142,1
Coimbatore,2021-07-15,1.1,1.1,8.000000000000007,53.4,7.628571428571428,1
Coimbatore,2021-07-16,9.4,9.4,15.500000000000009,57.5,8.214285714285714,1
Coimbatore,2021-07-17,25.6,25.6,36.10000000000001,59.2,8.457142857142857,1
Coimbatore,2021-07-18,25.4,25.4,60.400000000000006,72.9,10.414285714285716,1
Coimbatore,2021-07-19,1.4,1.4,52.400000000000006,69.8,9.971428571428572,1
Coimbatore,2021-07-20,0.0,0.0,26.800000000000004,67.9,9.7,1
Coimbatore,2021-07-21,0.7,0.7,2.1000000000000068,63.6,9.085714285714284,1
Coimbatore,2021-07-22,4.0,4.0,4.700000000000006,66.5,9.5,1
Coimbatore,2021-07-23,0.9,0.9,5.600000000000007,58.0,8.285714285714286,1
Coimbatore,2021-07-24,0.5,0.5,5.400000000000007,32.9,4.7,0
Coimbatore,2021-07-25,0.5,0.5,1.9000000000000064,8.0,1.1428571428571428,0
Coimbatore,2021-07-26,0.8,0.8,1.800000000000007,7.399999999999999,1.0571428571428572,0
Coimbatore,2021-07-27,0.0,0.0,1.300000000000007,7.4,1.0571428571428572,0
Coimbatore,2021-07-28,0.0,0.0,0.8000000000000067,6.7,0.9571428571428572,0
Coimbatore,2021-07-29,0.0,0.0,0.0,2.7,0.3857142857142857,0
Coimbatore,2021-07-30,0.0,0.0,0.0,1.8000000000000005,0.2571428571428572,0
Coimbatore,2021-07-31,0.4,0.4,0.4000000000000067,1.7000000000000002,0.2428571428571428,0
Coimbatore,2021-08-01,0.0,0.0,0.4000000000000067,1.2000000000000002,0.1714285714285714,0
Coimbatore,2021-08-02,0.0,0.0,0.4000000000000067,0.4,0.0571428571428571,0
Coimbatore,2021-08-03,0.3,0.3,0.3000000000000066,0.7,0.0999999999999999,0
Coimbatore,2021-08-04,0.6,0.6,0.9000000000000066,1.3,0.1857142857142857,0
Coimbatore,2021-08-05,0.1,0.1,1.0000000000000069,1.4,0.2,0
Coimbatore,2021-08-06,3.7,3.7,4.400000000000007,5.1000000000000005,0.7285714285714286,0
Coimbatore,2021-08-07,8.3,8.3,12.100000000000009,13.0,1.8571428571428568,0
Coimbatore,2021-08-08,2.5,2.5,14.500000000000009,15.5,2.2142857142857144,0
Coimbatore,2021-08-09,3.7,3.7,14.500000000000009,19.2,2.742857142857143,0
Coimbatore,2021-08-10,2.5,2.5,8.700000000000006,21.4,3.057142857142857,0
Coimbatore,2021-08-11,8.1,8.1,14.300000000000008,28.9,4.128571428571429,0
Coimbatore,2021-08-12,16.4,16.4,27.000000000000007,45.2,6.457142857142857,0
Coimbatore,2021-08-13,7.6,7.6,32.10000000000001,49.1,7.014285714285713,0
Coimbatore,2021-08-14,3.2,3.2,27.200000000000006,44.0,6.285714285714286,0
Coimbatore,2021-08-15,0.1,0.1,10.900000000000007,41.6,5.942857142857143,0
Coimbatore,2021-08-16,2.1,2.1,5.400000000000008,40.0,5.714285714285714,0
Coimbatore,2021-08-17,1.1,1.1,3.300000000000008,38.6,5.514285714285713,0
Coimbatore,2021-08-18,23.1,23.1,26.300000000000008,53.6,7.6571428571428575,1
Coimbatore,2021-08-19,2.2,2.2,26.40000000000001,39.400000000000006,5.628571428571429,0
Coimbatore,2021-08-20,0.4,0.4,25.70000000000001,32.2,4.6000000000000005,0
Coimbatore,2021-08-21,3.7,3.7,6.300000000000008,32.7,4.671428571428572,0
Coimbatore,2021-08-22,1.4,1.4,5.500000000000007,34.0,4.857142857142857,0
Coimbatore,2021-08-23,2.6,2.6,7.700000000000006,34.5,4.928571428571429,0
Coimbatore,2021-08-24,0.2,0.2,4.200000000000007,33.6,4.8,0
Coimbatore,2021-08-25,0.1,0.1,2.900000000000007,10.6,1.5142857142857142,0
Coimbatore,2021-08-26,0.0,0.0,0.3000000000000071,8.399999999999999,1.1999999999999995,0
Coimbatore,2021-08-27,15.6,15.6,15.700000000000006,23.6,3.371428571428571,0
Coimbatore,2021-08-28,23.6,23.6,39.20000000000001,43.5,6.214285714285714,0
Coimbatore,2021-08-29,50.6,50.6,89.80000000000001,92.7,13.242857142857144,1
Coimbatore,2021-08-30,4.7,4.7,78.90000000000002,94.8,13.542857142857144,1
Coimbatore,2021-08-31,3.3,3.3,58.60000000000001,97.9,13.985714285714286,1
Coimbatore,2021-09-01,2.7,2.7,10.700000000000006,100.5,14.357142857142858,2
Coimbatore,2021-09-02,21.2,21.2,27.200000000000006,121.7,17.385714285714283,2
Coimbatore,2021-09-03,31.0,31.0,54.900000000000006,137.1,19.585714285714285,2
Coimbatore,2021-09-04,5.1,5.1,57.3,118.6,16.942857142857143,2
Coimbatore,2021-09-05,32.7,32.7,68.80000000000001,100.7,14.385714285714286,2
Coimbatore,2021-09-06,2.5,2.5,40.30000000000001,98.5,14.071428571428571,1
Coimbatore,2021-09-07,7.6,7.6,42.80000000000001,102.8,14.685714285714283,2
Coimbatore,2021-09-08,0.3,0.3,10.400000000000007,100.4,14.342857142857143,2
Coimbatore,2021-09-09,0.7,0.7,8.600000000000007,79.9,11.414285714285716,1
Coimbatore,2021-09-10,1.1,1.1,2.100000000000007,50.00000000000001,7.142857142857144,1
Coimbatore,2021-09-11,0.0,0.0,1.8000000000000071,44.900000000000006,6.414285714285716,0
Coimbatore,2021-09-12,1.8,1.8,2.9000000000000075,14.0,2.0,0
Coimbatore,2021-09-13,0.6,0.6,2.400000000000007,12.1,1.7285714285714284,0
Coimbatore,2021-09-14,0.1,0.1,2.500000000000007,4.6000000000000005,0.6571428571428573,0
Coimbatore,2021-09-15,0.3,0.3,1.000000000000007,4.6000000000000005,0.6571428571428573,0
Coimbatore,2021-09-16,1.3,1.3,1.7000000000000073,5.2,0.7428571428571429,0
Coimbatore,2021-09-17,0.1,0.1,1.700000000000007,4.199999999999999,0.5999999999999999,0
Coimbatore,2021-09-18,0.2,0.2,1.600000000000007,4.4,0.6285714285714284,0
Coimbatore,2021-09-19,4.3,4.3,4.600000000000007,6.9,0.9857142857142857,0
Coimbatore,2021-09-20,11.8,11.8,16.300000000000008,18.1,2.585714285714286,0
Coimbatore,2021-09-21,0.2,0.2,16.300000000000008,18.2,2.6,0
Coimbatore,2021-09-22,4.5,4.5,16.500000000000007,22.4,3.2,0
Coimbatore,2021-09-23,14.4,14.4,19.10000000000001,35.5,5.071428571428571,0
Coimbatore,2021-09-24,2.6,2.6,21.50000000000001,38.0,5.428571428571429,0
Coimbatore,2021-09-25,7.7,7.7,24.70000000000001,45.5,6.5,0
Coimbatore,2021-09-26,1.7,1.7,12.000000000000009,42.900000000000006,6.128571428571429,0
Coimbatore,2021-09-27,16.7,16.7,26.10000000000001,47.8,6.828571428571428,0
Coimbatore,2021-09-28,0.4,0.4,18.8,48.0,6.857142857142857,0
Coimbatore,2021-09-29,3.4,3.4,20.500000000000004,46.9,6.7,0
Coimbatore,2021-09-30,3.9,3.9,7.700000000000003,36.4,5.2,0
Coimbatore,2021-10-01,18.3,18.3,25.6,52.1,7.442857142857142,1
Coimbatore,2021-10-02,11.3,11.3,33.50000000000001,55.7,7.957142857142856,1
Coimbatore,2021-10-03,6.8,6.8,36.400000000000006,60.8,8.685714285714285,1
Coimbatore,2021-10-04,18.5,18.5,36.60000000000001,62.6,8.942857142857141,1
Coimbatore,2021-10-05,16.6,16.6,41.900000000000006,78.8,11.257142857142856,1
Coimbatore,2021-10-06,6.2,6.2,41.30000000000001,81.60000000000001,11.657142857142858,1
Coimbatore,2021-10-07,0.2,0.2,23.000000000000004,77.9,11.12857142857143,1
Coimbatore,2021-10-08,0.4,0.4,6.800000000000003,60.00000000000001,8.571428571428573,1
Coimbatore,2021-10-09,2.2,2.2,2.800000000000004,50.900000000000006,7.271428571428572,1
Coimbatore,2021-10-10,6.3,6.3,8.900000000000004,50.400000000000006,7.200000000000001,1
Coimbatore,2021-10-11,7.1,7.1,15.6,39.0,5.571428571428571,0
Coimbatore,2021-10-12,43.7,43.7,57.10000000000001,66.1,9.44285714285714,1
Coimbatore,2021-10-13,0.3,0.3,51.10000000000001,60.2,8.6,1
Coimbatore,2021-10-14,0.0,0.0,44.00000000000001,60.0,8.571428571428571,1
Coimbatore,2021-10-15,0.0,0.0,0.3000000000000071,59.6,8.514285714285714,1
Coimbatore,2021-10-16,22.5,22.5,22.500000000000007,79.9,11.414285714285716,1
Coimbatore,2021-10-17,25.5,25.5,48.00000000000001,99.1,14.157142857142858,1
Coimbatore,2021-10-18,4.6,4.6,52.60000000000001,96.6,13.8,1
Coimbatore,2021-10-19,0.1,0.1,30.200000000000006,53.0,7.571428571428571,1
Coimbatore,2021-10-20,11.7,11.7,16.400000000000006,64.4,9.2,1
Coimbatore,2021-10-21,15.1,15.1,26.90000000000001,79.5,11.357142857142858,1
Coimbatore,2021-10-22,20.0,20.0,46.8,99.5,14.214285714285714,1
Coimbatore,2021-10-23,24.1,24.1,59.20000000000001,101.1,14.44285714285714,2
Coimbatore,2021-10-24,3.8,3.8,47.900000000000006,79.4,11.342857142857143,1
Coimbatore,2021-10-25,0.5,0.5,28.40000000000001,75.3,10.757142857142856,1
Coimbatore,2021-10-26,1.7,1.7,6.000000000000007,76.89999999999999,10.985714285714284,1
Coimbatore,2021-10-27,18.1,18.1,20.300000000000008,83.3,11.9,1
Coimbatore,2021-10-28,0.3,0.3,20.10000000000001,68.5,9.785714285714286,1
Coimbatore,2021-10-29,3.9,3.9,22.300000000000008,52.400000000000006,7.485714285714287,1
Coimbatore,2021-10-30,9.0,9.0,13.200000000000006,37.3,5.328571428571428,0
Coimbatore,2021-10-31,14.0,14.0,26.90000000000001,47.5,6.785714285714286,0
Coimbatore,2021-11-01,31.0,31.0,54.00000000000001,78.0,11.142857142857142,1
Coimbatore,2021-11-02,30.2,30.2,75.2,106.5,15.214285714285714,2
Coimbatore,2021-11-03,7.9,7.9,69.10000000000001,96.3,13.757142857142858,1
Coimbatore,2021-11-04,19.3,19.3,57.400000000000006,115.3,16.47142857142857,2
Coimbatore,2021-11-05,11.9,11.9,39.10000000000001,123.3,17.614285714285717,2
Coimbatore,2021-11-06,44.0,44.0,75.20000000000002,158.3,22.61428571428572,2
Coimbatore,2021-11-07,20.0,20.0,75.9,164.3,23.47142857142857,2
Coimbatore,2021-11-08,19.7,19.7,83.7,153.0,21.857142857142858,2
Coimbatore,2021-11-09,20.3,20.3,60.00000000000001,143.1,20.442857142857143,2
Coimbatore,2021-11-10,16.8,16.8,56.80000000000001,152.0,21.714285714285715,2
Coimbatore,2021-11-11,5.3,5.3,42.400000000000006,137.99999999999997,19.71428571428571,2
Coimbatore,2021-11-12,7.6,7.6,29.700000000000006,133.7,19.1,2
Coimbatore,2021-11-13,3.5,3.5,16.400000000000006,93.2,13.314285714285711,1
Coimbatore,2021-11-14,20.8,20.8,31.90000000000001,94.0,13.428571428571429,1
Coimbatore,2021-11-15,21.6,21.6,45.900000000000006,95.9,13.7,1
Coimbatore,2021-11-16,5.9,5.9,48.30000000000001,81.5,11.642857142857142,1
Coimbatore,2021-11-17,15.4,15.4,42.900000000000006,80.1,11.44285714285714,1
Coimbatore,2021-11-18,3.4,3.4,24.700000000000006,78.2,11.171428571428573,1
Coimbatore,2021-11-19,3.5,3.5,22.300000000000004,74.10000000000001,10.585714285714287,1
Coimbatore,2021-11-20,0.1,0.1,7.000000000000007,70.7,10.1,1
Coimbatore,2021-11-21,0.0,0.0,3.600000000000007,49.9,7.128571428571428,0
Coimbatore,2021-11-22,3.0,3.0,3.100000000000007,31.3,4.471428571428572,0
Coimbatore,2021-11-23,8.3,8.3,11.300000000000008,33.7,4.814285714285715,0
Coimbatore,2021-11-24,0.5,0.5,11.800000000000008,18.8,2.685714285714286,0
Coimbatore,2021-11-25,14.0,14.0,22.800000000000008,29.4,4.2,0
Coimbatore,2021-11-26,11.3,11.3,25.800000000000008,37.2,5.314285714285715,0
Coimbatore,2021-11-27,4.1,4.1,29.40000000000001,41.2,5.885714285714286,0
Coimbatore,2021-11-28,18.2,18.2,33.60000000000001,59.4,8.485714285714286,1
Coimbatore,2021-11-29,14.0,14.0,36.30000000000001,70.4,10.05714285714286,1
Coimbatore,2021-11-30,10.6,10.6,42.8,72.7,10.385714285714286,1
Coimbatore,2021-12-01,6.2,6.2,30.80000000000001,78.4,11.2,1
Coimbatore,2021-12-02,18.2,18.2,35.000000000000014,82.6,11.8,1
Coimbatore,2021-12-03,2.3,2.3,26.70000000000001,73.60000000000001,10.514285714285716,1
Coimbatore,2021-12-04,2.5,2.5,23.00000000000001,72.0,10.285714285714286,1
Coimbatore,2021-12-05,2.2,2.2,7.000000000000011,56.0,8.0,1
Coimbatore,2021-12-06,2.0,2.0,6.700000000000011,44.0,6.285714285714286,0
Coimbatore,2021-12-07,2.0,2.0,6.200000000000011,35.4,5.057142857142857,0
Coimbatore,2021-12-08,0.3,0.3,4.3000000000000105,29.5,4.214285714285714,0
Coimbatore,2021-12-09,1.7,1.7,4.000000000000011,13.0,1.8571428571428568,0
Coimbatore,2021-12-10,1.2,1.2,3.200000000000011,11.9,1.6999999999999995,0
Coimbatore,2021-12-11,2.1,2.1,5.000000000000011,11.5,1.6428571428571428,0
Coimbatore,2021-12-12,2.0,2.0,5.3000000000000105,11.3,1.6142857142857143,0
Coimbatore,2021-12-13,2.0,2.0,6.10000000000001,11.3,1.6142857142857143,0
Coimbatore,2021-12-14,2.7,2.7,6.700000000000011,12.0,1.7142857142857142,0
Coimbatore,2021-12-15,0.0,0.0,4.700000000000011,11.7,1.6714285714285713,0
Coimbatore,2021-12-16,0.0,0.0,2.700000000000011,10.0,1.4285714285714286,0
Coimbatore,2021-12-17,0.0,0.0,0.0,8.8,1.2571428571428571,0
Coimbatore,2021-12-18,0.0,0.0,0.0,6.7,0.9571428571428572,0
Coimbatore,2021-12-19,0.0,0.0,0.0,4.7,0.6714285714285715,0
Coimbatore,2021-12-20,0.0,0.0,0.0,2.7,0.3857142857142857,0
Coimbatore,2021-12-21,0.0,0.0,0.0,0.0,0.0,0
Coimbatore,2021-12-22,0.2,0.2,0.2000000000000106,0.2,0.0285714285714285,0
Coimbatore,2021-12-23,0.0,0.0,0.2000000000000106,0.2,0.0285714285714285,0
Coimbatore,2021-12-24,0.0,0.0,0.2000000000000106,0.2,0.0285714285714285,0
Coimbatore,2021-12-25,0.0,0.0,0.0,0.2,0.0285714285714285,0
Coimbatore,2021-12-26,0.0,0.0,0.0,0.2,0.0285714285714285,0
Coimbatore,2021-12-27,0.2,0.2,0.2000000000000106,0.4,0.0571428571428571,0
Coimbatore,2021-12-28,0.0,0.0,0.2000000000000106,0.4,0.0571428571428571,0
Coimbatore,2021-12-29,0.2,0.2,0.4000000000000107,0.4,0.0571428571428571,0
Coimbatore,2021-12-30,0.6,0.6,0.8000000000000107,1.0,0.1428571428571428,0
Coimbatore,2021-12-31,1.3,1.3,2.1000000000000103,2.3,0.3285714285714285,0
Coimbatore,2022-01-01,3.2,3.2,5.10000000000001,5.5,0.7857142857142857,0
Coimbatore,2022-01-02,0.0,0.0,4.500000000000011,5.5,0.7857142857142857,0
Coimbatore,2022-01-03,0.0,0.0,3.20000000000001,5.3,0.7571428571428571,0
Coimbatore,2022-01-04,0.0,0.0,0.0,5.3,0.7571428571428571,0
Coimbatore,2022-01-05,0.0,0.0,0.0,5.1,0.7285714285714285,0
Coimbatore,2022-01-06,0.0,0.0,0.0,4.5,0.6428571428571429,0
Coimbatore,2022-01-07,0.1,0.1,0.1000000000000097,3.3000000000000003,0.4714285714285715,0
Coimbatore,2022-01-08,0.0,0.0,0.1000000000000097,0.1,0.0142857142857142,0
Coimbatore,2022-01-09,0.2,0.2,0.3000000000000098,0.3,0.0428571428571428,0
Coimbatore,2022-01-10,0.0,0.0,0.2000000000000097,0.3,0.0428571428571428,0
Coimbatore,2022-01-11,0.0,0.0,0.2000000000000097,0.3,0.0428571428571428,0
Coimbatore,2022-01-12,0.2,0.2,0.2000000000000097,0.5,0.0714285714285714,0
Coimbatore,2022-01-13,0.0,0.0,0.2000000000000097,0.5,0.0714285714285714,0
Coimbatore,2022-01-14,0.0,0.0,0.2000000000000097,0.4,0.0571428571428571,0
Coimbatore,2022-01-15,1.1,1.1,1.10000000000001,1.5,0.2142857142857142,0
Coimbatore,2022-01-16,7.3,7.3,8.40000000000001,8.6,1.2285714285714284,0
Coimbatore,2022-01-17,7.9,7.9,16.30000000000001,16.5,2.357142857142857,0
Coimbatore,2022-01-18,0.1,0.1,15.300000000000011,16.6,2.3714285714285714,0
Coimbatore,2022-01-19,0.0,0.0,8.00000000000001,16.400000000000002,2.342857142857143,0
Coimbatore,2022-01-20,0.0,0.0,0.1000000000000097,16.400000000000002,2.342857142857143,0
Coimbatore,2022-01-21,0.0,0.0,0.0,16.400000000000002,2.342857142857143,0
Coimbatore,2022-01-22,0.0,0.0,0.0,15.3,2.185714285714285,0
Coimbatore,2022-01-23,0.0,0.0,0.0,8.0,1.1428571428571428,0
Coimbatore,2022-01-24,0.0,0.0,0.0,0.1,0.0142857142857142,0
Coimbatore,2022-01-25,0.0,0.0,0.0,0.0,0.0,0
Coimbatore,2022-01-26,0.0,0.0,0.0,0.0,0.0,0
Coimbatore,2022-01-27,0.0,0.0,0.0,0.0,0.0,0
Coimbatore,2022-01-28,3.5,3.5,3.5000000000000098,3.5,0.5,0
Coimbatore,2022-01-29,0.0,0.0,3.5000000000000098,3.5,0.5,0
Coimbatore,2022-01-30,1.4,1.4,4.900000000000009,4.9,0.7000000000000001,0
Coimbatore,2022-01-31,0.1,0.1,1.5000000000000098,5.0,0.7142857142857143,0
Coimbatore,2022-02-01,0.0,0.0,1.5000000000000098,5.0,0.7142857142857143,0
Coimbatore,2022-02-02,0.0,0.0,0.1000000000000097,5.0,0.7142857142857143,0
Coimbatore,2022-02-03,0.0,0.0,0.0,5.0,0.7142857142857143,0
Coimbatore,2022-02-04,0.0,0.0,0.0,1.5,0.2142857142857142,0
Coimbatore,2022-02-05,0.0,0.0,0.0,1.5,0.2142857142857142,0
Coimbatore,2022-02-06,1.0,1.0,1.0000000000000098,1.1,0.1571428571428571,0
Coimbatore,2022-02-07,0.0,0.0,1.0000000000000098,1.0,0.1428571428571428,0
Coimbatore,2022-02-08,0.0,0.0,1.0000000000000098,1.0,0.1428571428571428,0
Coimbatore,2022-02-09,0.0,0.0,0.0,1.0,0.1428571428571428,0
Coimbatore,2022-02-10,0.0,0.0,0.0,1.0,0.1428571428571428,0
Coimbatore,2022-02-11,0.0,0.0,0.0,1.0,0.1428571428571428,0
Coimbatore,2022-02-12,0.0,0.0,0.0,1.0,0.1428571428571428,0
Coimbatore,2022-02-13,0.0,0.0,0.0,0.0,0.0,0
Coimbatore,2022-02-14,0.0,0.0,0.0,0.0,0.0,0
Coimbatore,2022-02-15,0.0,0.0,0.0,0.0,0.0,0
Coimbatore,2022-02-16,0.3,0.3,0.3000000000000097,0.3,0.0428571428571428,0
Coimbatore,2022-02-17,0.0,0.0,0.3000000000000097,0.3,0.0428571428571428,0
Coimbatore,2022-02-18,0.0,0.0,0.3000000000000097,0.3,0.0428571428571428,0
Coimbatore,2022-02-19,0.0,0.0,0.0,0.3,0.0428571428571428,0
Coimbatore,2022-02-20,0.0,0.0,0.0,0.3,0.0428571428571428,0
Coimbatore,2022-02-21,0.0,0.0,0.0,0.3,0.0428571428571428,0
Coimbatore,2022-02-22,0.1,0.1,0.1000000000000097,0.4,0.0571428571428571,0
Coimbatore,2022-02-23,0.0,0.0,0.1000000000000097,0.1,0.0142857142857142,0
Coimbatore,2022-02-24,0.0,0.0,0.1000000000000097,0.1,0.0142857142857142,0
Coimbatore,2022-02-25,0.0,0.0,0.0,0.1,0.0142857142857142,0
Coimbatore,2022-02-26,0.0,0.0,0.0,0.1,0.0142857142857142,0
Coimbatore,2022-02-27,0.1,0.1,0.1000000000000097,0.2,0.0285714285714285,0
Coimbatore,2022-02-28,0.0,0.0,0.1000000000000097,0.2,0.0285714285714285,0
Coimbatore,2022-03-01,0.0,0.0,0.1000000000000097,0.1,0.0142857142857142,0
Coimbatore,2022-03-02,0.0,0.0,0.0,0.1,0.0142857142857142,0
Coimbatore,2022-03-03,0.0,0.0,0.0,0.1,0.0142857142857142,0
Coimbatore,2022-03-04,0.0,0.0,0.0,0.1,0.0142857142857142,0
Coimbatore,2022-03-05,0.0,0.0,0.0,0.1,0.0142857142857142,0
Coimbatore,2022-03-06,0.0,0.0,0.0,0.0,0.0,0
Coimbatore,2022-03-07,0.8,0.8,0.8000000000000098,0.8,0.1142857142857143,0
Coimbatore,2022-03-08,1.2,1.2,2.0000000000000098,2.0,0.2857142857142857,0
Coimbatore,2022-03-09,0.0,0.0,2.0000000000000098,2.0,0.2857142857142857,0
Coimbatore,2022-03-10,0.0,0.0,1.2000000000000095,2.0,0.2857142857142857,0
Coimbatore,2022-03-11,0.0,0.0,0.0,2.0,0.2857142857142857,0
Coimbatore,2022-03-12,0.0,0.0,0.0,2.0,0.2857142857142857,0
Coimbatore,2022-03-13,0.0,0.0,0.0,2.0,0.2857142857142857,0
Coimbatore,2022-03-14,0.0,0.0,0.0,1.2,0.1714285714285714,0
Coimbatore,2022-03-15,0.0,0.0,0.0,0.0,0.0,0
Coimbatore,2022-03-16,0.0,0.0,0.0,0.0,0.0,0
Coimbatore,2022-03-17,0.0,0.0,0.0,0.0,0.0,0
Coimbatore,2022-03-18,0.0,0.0,0.0,0.0,0.0,0
Coimbatore,2022-03-19,0.0,0.0,0.0,0.0,0.0,0
Coimbatore,2022-03-20,0.4,0.4,0.4000000000000098,0.4,0.0571428571428571,0
Coimbatore,2022-03-21,0.0,0.0,0.4000000000000098,0.4,0.0571428571428571,0
Coimbatore,2022-03-22,0.9,0.9,1.3000000000000098,1.3,0.1857142857142857,0
Coimbatore,2022-03-23,0.8,0.8,1.70000000000001,2.1,0.3,0
Coimbatore,2022-03-24,0.0,0.0,1.70000000000001,2.1,0.3,0
Coimbatore,2022-03-25,0.1,0.1,0.9000000000000098,2.2,0.3142857142857143,0
Coimbatore,2022-03-26,0.3,0.3,0.4000000000000098,2.5,0.3571428571428571,0
Coimbatore,2022-03-27,0.2,0.2,0.6000000000000099,2.3000000000000003,0.3285714285714286,0
Coimbatore,2022-03-28,0.0,0.0,0.5000000000000098,2.3000000000000003,0.3285714285714286,0
Coimbatore,2022-03-29,0.0,0.0,0.2000000000000097,1.4,0.2,0
Coimbatore,2022-03-30,0.3,0.3,0.3000000000000097,0.9,0.1285714285714286,0
Coimbatore,2022-03-31,0.0,0.0,0.3000000000000097,0.9,0.1285714285714286,0
Coimbatore,2022-04-01,0.0,0.0,0.3000000000000097,0.8,0.1142857142857143,0
Coimbatore,2022-04-02,0.1,0.1,0.1000000000000097,0.6,0.0857142857142857,0
Coimbatore,2022-04-03,0.4,0.4,0.5000000000000098,0.8,0.1142857142857143,0
Coimbatore,2022-04-04,0.0,0.0,0.5000000000000098,0.8,0.1142857142857143,0
Coimbatore,2022-04-05,0.1,0.1,0.5000000000000098,0.9,0.1285714285714286,0
Coimbatore,2022-04-06,0.1,0.1,0.2000000000000097,0.7000000000000001,0.1,0
Coimbatore,2022-04-07,0.0,0.0,0.2000000000000097,0.7,0.0999999999999999,0
Coimbatore,2022-04-08,4.7,4.7,4.80000000000001,5.4,0.7714285714285715,0
Coimbatore,2022-04-09,0.4,0.4,5.10000000000001,5.700000000000001,0.8142857142857144,0
Coimbatore,2022-04-10,0.3,0.3,5.40000000000001,5.6000000000000005,0.8,0
Coimbatore,2022-04-11,5.8,5.8,6.50000000000001,11.4,1.6285714285714286,0
Coimbatore,2022-04-12,7.8,7.8,13.90000000000001,19.1,2.7285714285714286,0
Coimbatore,2022-04-13,24.5,24.5,38.10000000000001,43.5,6.214285714285714,0
Coimbatore,2022-04-14,4.1,4.1,36.40000000000001,47.6,6.8,0
Coimbatore,2022-04-15,0.0,0.0,28.60000000000001,42.900000000000006,6.128571428571429,0
Coimbatore,2022-04-16,3.7,3.7,7.800000000000007,46.2,6.6,0
Coimbatore,2022-04-17,5.3,5.3,9.000000000000007,51.2,7.314285714285715,1
Coimbatore,2022-04-18,0.5,0.5,9.500000000000009,45.900000000000006,6.557142857142858,0
Coimbatore,2022-04-19,0.0,0.0,5.800000000000007,38.1,5.442857142857143,0
Coimbatore,2022-04-20,0.2,0.2,0.7000000000000071,13.8,1.9714285714285715,0
Coimbatore,2022-04-21,0.3,0.3,0.5000000000000071,10.0,1.4285714285714286,0
Coimbatore,2022-04-22,0.2,0.2,0.7000000000000071,10.2,1.457142857142857,0
Coimbatore,2022-04-23,9.6,9.6,10.100000000000009,16.099999999999998,2.3,0
Coimbatore,2022-04-24,0.0,0.0,9.800000000000006,10.8,1.5428571428571427,0
Coimbatore,2022-04-25,0.0,0.0,9.600000000000009,10.3,1.4714285714285715,0
Coimbatore,2022-04-26,0.0,0.0,0.0,10.3,1.4714285714285715,0
Coimbatore,2022-04-27,0.0,0.0,0.0,10.1,1.4428571428571428,0
Coimbatore,2022-04-28,0.0,0.0,0.0,9.8,1.4,0
Coimbatore,2022-04-29,0.1,0.1,0.1000000000000071,9.7,1.3857142857142857,0
Coimbatore,2022-04-30,1.7,1.7,1.8000000000000071,1.8,0.2571428571428572,0
Coimbatore,2022-05-01,0.5,0.5,2.300000000000007,2.3,0.3285714285714285,0
Coimbatore,2022-05-02,4.8,4.8,7.000000000000007,7.1,1.0142857142857142,0
Coimbatore,2022-05-03,0.3,0.3,5.600000000000006,7.399999999999999,1.0571428571428572,0
Coimbatore,2022-05-04,12.8,12.8,17.900000000000006,20.2,2.8857142857142857,0
Coimbatore,2022-05-05,0.4,0.4,13.500000000000004,20.6,2.9428571428571426,0
Coimbatore,2022-05-06,1.4,1.4,14.600000000000003,21.9,3.128571428571429,0
Coimbatore,2022-05-07,0.4,0.4,2.200000000000005,20.6,2.9428571428571426,0
Coimbatore,2022-05-08,0.3,0.3,2.1000000000000054,20.4,2.914285714285714,0
Coimbatore,2022-05-09,0.0,0.0,0.7000000000000053,15.6,2.2285714285714286,0
Coimbatore,2022-05-10,1.1,1.1,1.4000000000000052,16.4,2.3428571428571425,0
Coimbatore,2022-05-11,0.1,0.1,1.2000000000000053,3.699999999999998,0.5285714285714282,0
Coimbatore,2022-05-12,2.9,2.9,4.100000000000005,6.1999999999999975,0.8857142857142853,0
Coimbatore,2022-05-13,2.1,2.1,5.100000000000005,6.899999999999998,0.9857142857142854,0
Coimbatore,2022-05-14,4.3,4.3,9.300000000000006,10.799999999999995,1.5428571428571425,0
Coimbatore,2022-05-15,6.2,6.2,12.600000000000003,16.699999999999996,2.385714285714285,0
Coimbatore,2022-05-16,40.0,40.0,50.50000000000001,56.7,8.1,1
Coimbatore,2022-05-17,14.5,14.5,60.7,70.1,10.014285714285714,1
Coimbatore,2022-05-18,4.7,4.7,59.20000000000001,74.7,10.671428571428573,1
Coimbatore,2022-05-19,38.5,38.5,57.70000000000001,110.3,15.757142857142856,2
Coimbatore,2022-05-20,0.4,0.4,43.60000000000001,108.6,15.514285714285716,2
Coimbatore,2022-05-21,0.4,0.4,39.3,104.7,14.957142857142856,2
Coimbatore,2022-05-22,7.6,7.6,8.400000000000006,106.1,15.157142857142858,2
Coimbatore,2022-05-23,0.6,0.6,8.600000000000007,66.7,9.528571428571428,1
Coimbatore,2022-05-24,0.3,0.3,8.500000000000005,52.5,7.5,1
Coimbatore,2022-05-25,0.4,0.4,1.3000000000000071,48.2,6.885714285714286,0
Coimbatore,2022-05-26,1.6,1.6,2.300000000000008,11.3,1.614285714285714,0
Coimbatore,2022-05-27,4.0,4.0,6.000000000000007,14.9,2.128571428571429,0
Coimbatore,2022-05-28,3.5,3.5,9.100000000000009,18.0,2.571428571428572,0
Coimbatore,2022-05-29,1.3,1.3,8.800000000000008,11.7,1.6714285714285717,0
Coimbatore,2022-05-30,0.6,0.6,5.400000000000008,11.7,1.6714285714285713,0
Coimbatore,2022-05-31,2.0,2.0,3.900000000000008,13.4,1.9142857142857144,0
Coimbatore,2022-06-01,0.9,0.9,3.5000000000000075,13.9,1.9857142857142855,0
Coimbatore,2022-06-02,0.5,0.5,3.4000000000000075,12.8,1.8285714285714287,0
Coimbatore,2022-06-03,0.0,0.0,1.4000000000000077,8.8,1.2571428571428571,0
Coimbatore,2022-06-04,0.0,0.0,0.5000000000000075,5.3,0.7571428571428571,0
Coimbatore,2022-06-05,1.7,1.7,1.7000000000000075,5.7,0.8142857142857143,0
Coimbatore,2022-06-06,6.2,6.2,7.900000000000007,11.3,1.6142857142857143,0
Coimbatore,2022-06-07,0.9,0.9,8.800000000000008,10.2,1.457142857142857,0
Coimbatore,2022-06-08,1.7,1.7,8.800000000000008,11.0,1.5714285714285714,0
Coimbatore,2022-06-09,0.5,0.5,3.100000000000007,11.0,1.5714285714285714,0
Coimbatore,2022-06-10,0.0,0.0,2.2000000000000077,11.0,1.5714285714285714,0
Coimbatore,2022-06-11,0.0,0.0,0.5000000000000071,11.0,1.5714285714285714,0
Coimbatore,2022-06-12,4.3,4.3,4.300000000000007,13.6,1.9428571428571428,0
Coimbatore,2022-06-13,1.3,1.3,5.600000000000007,8.7,1.2428571428571429,0
Coimbatore,2022-06-14,2.3,2.3,7.900000000000007,10.099999999999998,1.4428571428571426,0
Coimbatore,2022-06-15,22.2,22.2,25.800000000000004,30.6,4.371428571428571,0
Coimbatore,2022-06-16,1.8,1.8,26.300000000000008,31.9,4.557142857142857,0
Coimbatore,2022-06-17,1.1,1.1,25.100000000000005,33.0,4.714285714285714,0
Coimbatore,2022-06-18,5.1,5.1,8.00000000000001,38.1,5.442857142857142,0
Coimbatore,2022-06-19,2.7,2.7,8.900000000000011,36.5,5.214285714285714,0
Coimbatore,2022-06-20,4.0,4.0,11.800000000000011,39.2,5.6,0
Coimbatore,2022-06-21,0.0,0.0,6.700000000000011,36.9,5.271428571428571,0
Coimbatore,2022-06-22,2.8,2.8,6.8000000000000105,17.499999999999996,2.5,0
Coimbatore,2022-06-23,0.9,0.9,3.7000000000000095,16.599999999999994,2.3714285714285706,0
Coimbatore,2022-06-24,0.6,0.6,4.3000000000000105,16.099999999999994,2.2999999999999994,0
Coimbatore,2022-06-25,9.2,9.2,10.70000000000001,20.2,2.885714285714285,0
Coimbatore,2022-06-26,0.0,0.0,9.80000000000001,17.499999999999996,2.5,0
Coimbatore,2022-06-27,0.0,0.0,9.20000000000001,13.499999999999996,1.928571428571428,0
Coimbatore,2022-06-28,3.6,3.6,3.6000000000000107,17.099999999999998,2.4428571428571426,0
Coimbatore,2022-06-29,1.4,1.4,5.000000000000011,15.699999999999996,2.2428571428571424,0
Coimbatore,2022-06-30,8.9,8.9,13.900000000000013,23.7,3.385714285714285,0
Coimbatore,2022-07-01,3.8,3.8,14.100000000000012,26.899999999999995,3.842857142857142,0
Coimbatore,2022-07-02,5.0,5.0,17.70000000000001,22.7,3.2428571428571424,0
Coimbatore,2022-07-03,11.0,11.0,19.80000000000001,33.7,4.814285714285714,0
Coimbatore,2022-07-04,0.7,0.7,16.70000000000001,34.4,4.914285714285714,0
Coimbatore,2022-07-05,11.0,11.0,22.70000000000001,41.8,5.971428571428571,0
Coimbatore,2022-07-06,4.8,4.8,16.500000000000007,45.2,6.457142857142856,0
Coimbatore,2022-07-07,17.9,17.9,33.7,54.2,7.742857142857143,1
Coimbatore,2022-07-08,3.6,3.6,26.300000000000008,53.99999999999999,7.7142857142857135,1
Coimbatore,2022-07-09,22.5,22.5,44.00000000000001,71.5,10.214285714285714,1
Coimbatore,2022-07-10,0.0,0.0,26.10000000000001,60.5,8.642857142857142,1
Coimbatore,2022-07-11,0.1,0.1,22.60000000000001,59.89999999999999,8.557142857142855,1
Coimbatore,2022-07-12,0.5,0.5,0.6000000000000071,49.39999999999999,7.057142857142856,0
Coimbatore,2022-07-13,1.6,1.6,2.2000000000000077,46.2,6.6,0
Coimbatore,2022-07-14,5.0,5.0,7.100000000000007,33.3,4.757142857142857,0
Coimbatore,2022-07-15,1.9,1.9,8.500000000000007,31.6,4.514285714285714,0
Coimbatore,2022-07-16,0.2,0.2,7.100000000000007,9.299999999999995,1.328571428571428,0
Coimbatore,2022-07-17,10.3,10.3,12.400000000000007,19.6,2.8,0
Coimbatore,2022-07-18,42.1,42.1,52.60000000000001,61.6,8.799999999999999,1
Coimbatore,2022-07-19,1.0,1.0,53.400000000000006,62.1,8.871428571428572,1
Coimbatore,2022-07-20,0.9,0.9,44.00000000000001,61.4,8.77142857142857,1
Coimbatore,2022-07-21,3.4,3.4,5.300000000000007,59.8,8.542857142857143,1
Coimbatore,2022-07-22,9.5,9.5,13.800000000000008,67.4,9.62857142857143,1
Coimbatore,2022-07-23,20.7,20.7,33.60000000000001,87.9,12.55714285714286,1
Coimbatore,2022-07-24,3.4,3.4,33.60000000000001,81.0,11.571428571428571,1
Coimbatore,2022-07-25,2.6,2.6,26.700000000000006,41.5,5.928571428571429,0
Coimbatore,2022-07-26,9.8,9.8,15.800000000000008,50.3,7.185714285714285,1
Coimbatore,2022-07-27,16.1,16.1,28.500000000000007,65.5,9.357142857142858,1
Coimbatore,2022-07-28,0.1,0.1,26.000000000000007,62.2,8.885714285714286,1
Coimbatore,2022-07-29,5.0,5.0,21.20000000000001,57.7,8.242857142857144,1
Coimbatore,2022-07-30,0.6,0.6,5.700000000000006,37.6,5.371428571428572,0
Coimbatore,2022-07-31,3.2,3.2,8.800000000000008,37.400000000000006,5.342857142857143,0
Coimbatore,2022-08-01,7.1,7.1,10.900000000000007,41.900000000000006,5.985714285714287,0
Coimbatore,2022-08-02,14.8,14.8,25.10000000000001,46.900000000000006,6.700000000000001,0
Coimbatore,2022-08-03,8.0,8.0,29.90000000000001,38.8,5.542857142857143,0
Coimbatore,2022-08-04,30.7,30.7,53.50000000000001,69.4,9.914285714285716,1
Coimbatore,2022-08-05,6.1,6.1,44.8,70.5,10.071428571428571,1
Coimbatore,2022-08-06,1.5,1.5,38.30000000000001,71.4,10.2,1
Coimbatore,2022-08-07,2.4,2.4,10.000000000000009,70.6,10.085714285714284,1
Coimbatore,2022-08-08,1.9,1.9,5.800000000000007,65.4,9.342857142857143,1
Coimbatore,2022-08-09,2.9,2.9,7.200000000000006,53.5,7.642857142857143,1
Coimbatore,2022-08-10,1.9,1.9,6.700000000000006,47.400000000000006,6.771428571428572,0
Coimbatore,2022-08-11,0.2,0.2,5.000000000000007,16.9,2.414285714285714,0
Coimbatore,2022-08-12,0.0,0.0,2.100000000000007,10.8,1.5428571428571427,0
Coimbatore,2022-08-13,1.6,1.6,1.8000000000000071,10.9,1.5571428571428572,0
Coimbatore,2022-08-14,0.0,0.0,1.6000000000000072,8.5,1.2142857142857142,0
Coimbatore,2022-08-15,0.0,0.0,1.6000000000000072,6.6,0.9428571428571428,0
Coimbatore,2022-08-16,0.0,0.0,0.0,3.7,0.5285714285714286,0
Coimbatore,2022-08-17,0.5,0.5,0.5000000000000071,2.3,0.3285714285714285,0
Coimbatore,2022-08-18,1.4,1.4,1.900000000000007,3.5,0.5,0
Coimbatore,2022-08-19,1.9,1.9,3.800000000000007,5.4,0.7714285714285714,0
Coimbatore,2022-08-20,0.2,0.2,3.500000000000007,4.0,0.5714285714285714,0
Coimbatore,2022-08-21,6.9,6.9,9.000000000000007,10.9,1.5571428571428572,0
Coimbatore,2022-08-22,2.5,2.5,9.600000000000009,13.4,1.9142857142857144,0
Coimbatore,2022-08-23,2.5,2.5,11.900000000000007,15.9,2.271428571428572,0
Coimbatore,2022-08-24,18.7,18.7,23.700000000000006,34.1,4.871428571428572,0
Coimbatore,2022-08-25,14.9,14.9,36.10000000000001,47.6,6.8,0
Coimbatore,2022-08-26,3.9,3.9,37.50000000000001,49.6,7.085714285714286,0
Coimbatore,2022-08-27,5.9,5.9,24.70000000000001,55.3,7.899999999999999,1
Coimbatore,2022-08-28,1.8,1.8,11.600000000000009,50.2,7.171428571428572,1
Coimbatore,2022-08-29,14.6,14.6,22.300000000000008,62.3,8.9,1
Coimbatore,2022-08-30,20.5,20.5,36.900000000000006,80.3,11.471428571428572,1
Coimbatore,2022-08-31,12.9,12.9,48.00000000000001,74.5,10.642857142857142,1
Coimbatore,2022-09-01,9.3,9.3,42.70000000000001,68.9,9.842857142857143,1
Coimbatore,2022-09-02,2.6,2.6,24.800000000000008,67.6,9.657142857142857,1
Coimbatore,2022-09-03,0.2,0.2,12.100000000000009,61.9,8.842857142857143,1
Coimbatore,2022-09-04,1.3,1.3,4.100000000000007,61.4,8.77142857142857,1
Coimbatore,2022-09-05,3.1,3.1,4.600000000000007,49.9,7.128571428571428,0
Coimbatore,2022-09-06,0.1,0.1,4.500000000000007,29.5,4.2142857142857135,0
Coimbatore,2022-09-07,3.0,3.0,6.200000000000007,19.599999999999994,2.7999999999999994,0
Coimbatore,2022-09-08,0.6,0.6,3.7000000000000073,10.899999999999997,1.5571428571428567,0
Coimbatore,2022-09-09,1.0,1.0,4.600000000000007,9.299999999999995,1.328571428571428,0
Coimbatore,2022-09-10,0.7,0.7,2.300000000000007,9.799999999999995,1.3999999999999992,0
Coimbatore,2022-09-11,0.5,0.5,2.200000000000007,8.999999999999996,1.2857142857142851,0
Coimbatore,2022-09-12,0.4,0.4,1.600000000000007,6.299999999999996,0.8999999999999995,0
Coimbatore,2022-09-13,1.8,1.8,2.7000000000000077,7.9999999999999964,1.1428571428571423,0
Coimbatore,2022-09-14,3.9,3.9,6.100000000000007,8.899999999999997,1.271428571428571,0
Coimbatore,2022-09-15,0.0,0.0,5.700000000000006,8.299999999999997,1.1857142857142853,0
Coimbatore,2022-09-16,0.2,0.2,4.100000000000007,7.4999999999999964,1.071428571428571,0
Coimbatore,2022-09-17,0.8,0.8,1.0000000000000069,7.599999999999996,1.0857142857142852,0
Coimbatore,2022-09-18,5.3,5.3,6.300000000000006,12.399999999999997,1.771428571428571,0
Coimbatore,2022-09-19,0.0,0.0,6.100000000000007,11.999999999999996,1.7142857142857135,0
Coimbatore,2022-09-20,0.1,0.1,5.400000000000007,10.299999999999995,1.471428571428571,0
Coimbatore,2022-09-21,0.3,0.3,0.4000000000000071,6.699999999999997,0.9571428571428566,0
Coimbatore,2022-09-22,0.0,0.0,0.4000000000000071,6.699999999999997,0.9571428571428566,0
Coimbatore,2022-09-23,0.0,0.0,0.3000000000000071,6.4999999999999964,0.928571428571428,0
Coimbatore,2022-09-24,2.7,2.7,2.7000000000000077,8.399999999999997,1.1999999999999995,0
Coimbatore,2022-09-25,0.2,0.2,2.9000000000000075,3.2999999999999967,0.471428571428571,0
Coimbatore,2022-09-26,35.5,35.5,38.400000000000006,38.8,5.542857142857143,0
Coimbatore,2022-09-27,0.2,0.2,35.900000000000006,38.9,5.557142857142857,0
Coimbatore,2022-09-28,0.3,0.3,36.00000000000001,38.9,5.557142857142857,0
Coimbatore,2022-09-29,0.0,0.0,0.5000000000000071,38.9,5.557142857142857,0
Coimbatore,2022-09-30,0.0,0.0,0.3000000000000071,38.9,5.557142857142857,0
Coimbatore,2022-10-01,0.5,0.5,0.5000000000000071,36.7,5.242857142857142,0
Coimbatore,2022-10-02,2.5,2.5,3.000000000000007,39.0,5.571428571428571,0
Coimbatore,2022-10-03,2.4,2.4,5.400000000000008,5.9,0.8428571428571429,0
Coimbatore,2022-10-04,0.9,0.9,5.800000000000007,6.6,0.9428571428571428,0
Coimbatore,2022-10-05,5.8,5.8,9.100000000000009,12.1,1.7285714285714284,0
Coimbatore,2022-10-06,4.0,4.0,10.700000000000006,16.1,2.3000000000000003,0
Coimbatore,2022-10-07,0.8,0.8,10.600000000000009,16.9,2.414285714285714,0
Coimbatore,2022-10-08,0.1,0.1,4.900000000000008,16.5,2.357142857142857,0
Coimbatore,2022-10-09,11.8,11.8,12.700000000000008,25.8,3.685714285714286,0
Coimbatore,2022-10-10,17.6,17.6,29.500000000000007,41.0,5.857142857142857,0
Coimbatore,2022-10-11,12.6,12.6,42.00000000000001,52.7,7.528571428571429,1
Coimbatore,2022-10-12,1.2,1.2,31.40000000000001,48.1,6.871428571428572,0
Coimbatore,2022-10-13,21.6,21.6,35.400000000000006,65.7,9.385714285714286,1
Coimbatore,2022-10-14,2.1,2.1,24.90000000000001,67.0,9.571428571428571,1
Coimbatore,2022-10-15,19.7,19.7,43.400000000000006,86.60000000000001,12.371428571428572,1
Coimbatore,2022-10-16,9.6,9.6,31.40000000000001,84.4,12.05714285714286,1
Coimbatore,2022-10-17,16.4,16.4,45.7,83.2,11.885714285714286,1
Coimbatore,2022-10-18,1.3,1.3,27.300000000000004,71.89999999999999,10.27142857142857,1
Coimbatore,2022-10-19,0.2,0.2,17.900000000000002,70.9,10.12857142857143,1
Coimbatore,2022-10-20,3.7,3.7,5.200000000000004,53.0,7.571428571428571,1
Coimbatore,2022-10-21,11.9,11.9,15.800000000000004,62.8,8.971428571428572,1
Coimbatore,2022-10-22,4.0,4.0,19.6,47.1,6.728571428571428,0
Coimbatore,2022-10-23,0.7,0.7,16.600000000000005,38.2,5.457142857142857,0
Coimbatore,2022-10-24,1.7,1.7,6.400000000000004,23.5,3.357142857142857,0
Coimbatore,2022-10-25,0.1,0.1,2.500000000000004,22.3,3.185714285714286,0
Coimbatore,2022-10-26,0.0,0.0,1.8000000000000036,22.1,3.157142857142857,0
Coimbatore,2022-10-27,0.4,0.4,0.5000000000000036,18.8,2.685714285714286,0
Coimbatore,2022-10-28,1.3,1.3,1.7000000000000035,8.2,1.1714285714285713,0
Coimbatore,2022-10-29,5.0,5.0,6.700000000000004,9.2,1.3142857142857145,0
Coimbatore,2022-10-30,13.8,13.8,20.100000000000005,22.3,3.185714285714286,0
Coimbatore,2022-10-31,0.0,0.0,18.800000000000004,20.6,2.942857142857143,0
Coimbatore,2022-11-01,0.5,0.5,14.300000000000004,21.0,3.0,0
Coimbatore,2022-11-02,12.5,12.5,13.000000000000004,33.5,4.785714285714286,0
Coimbatore,2022-11-03,6.9,6.9,19.90000000000001,40.0,5.714285714285714,0
Coimbatore,2022-11-04,19.8,19.8,39.2,58.5,8.357142857142858,1
Coimbatore,2022-11-05,3.2,3.2,29.9,56.7,8.1,1
Coimbatore,2022-11-06,17.8,17.8,40.8,60.7,8.671428571428573,1
Coimbatore,2022-11-07,0.1,0.1,21.100000000000005,60.8,8.685714285714287,1
Coimbatore,2022-11-08,1.4,1.4,19.300000000000004,61.7,8.814285714285715,1
Coimbatore,2022-11-09,1.0,1.0,2.500000000000004,50.2,7.171428571428572,1
Coimbatore,2022-11-10,0.0,0.0,2.4000000000000035,43.3,6.185714285714286,0
Coimbatore,2022-11-11,45.9,45.9,46.900000000000006,69.4,9.914285714285716,1
Coimbatore,2022-11-12,29.0,29.0,74.9,95.2,13.599999999999998,1
Coimbatore,2022-11-13,12.2,12.2,87.1,89.6,12.8,1
Coimbatore,2022-11-14,4.8,4.8,46.0,94.3,13.471428571428572,1
Coimbatore,2022-11-15,2.5,2.5,19.5,95.4,13.628571428571428,1
Coimbatore,2022-11-16,7.7,7.7,15.0,102.1,14.585714285714284,2
Coimbatore,2022-11-17,2.3,2.3,12.5,104.4,14.914285714285713,2
Coimbatore,2022-11-18,0.0,0.0,10.0,58.5,8.357142857142858,1
Coimbatore,2022-11-19,0.0,0.0,2.3,29.5,4.214285714285714,0
Coimbatore,2022-11-20,0.0,0.0,0.0,17.3,2.4714285714285715,0
Coimbatore,2022-11-21,0.0,0.0,0.0,12.5,1.7857142857142858,0
Coimbatore,2022-11-22,0.0,0.0,0.0,10.0,1.4285714285714286,0
Coimbatore,2022-11-23,0.0,0.0,0.0,2.3,0.3285714285714285,0
Coimbatore,2022-11-24,0.3,0.3,0.3,0.3,0.0428571428571428,0
Coimbatore,2022-11-25,0.6,0.6,0.8999999999999999,0.8999999999999999,0.1285714285714285,0
Coimbatore,2022-11-26,3.6,3.6,4.5,4.5,0.6428571428571429,0
Coimbatore,2022-11-27,15.4,15.4,19.6,19.9,2.8428571428571425,0
Coimbatore,2022-11-28,2.3,2.3,21.3,22.2,3.1714285714285717,0
Coimbatore,2022-11-29,3.7,3.7,21.4,25.9,3.7,0
Coimbatore,2022-11-30,0.7,0.7,6.699999999999998,26.6,3.8,0
Coimbatore,2022-12-01,0.0,0.0,4.399999999999999,26.3,3.757142857142857,0
Coimbatore,2022-12-02,2.4,2.4,3.099999999999998,28.1,4.014285714285714,0
Coimbatore,2022-12-03,7.4,7.4,9.799999999999995,31.9,4.557142857142857,0
Coimbatore,2022-12-04,14.1,14.1,23.9,30.6,4.371428571428572,0
Coimbatore,2022-12-05,1.9,1.9,23.4,30.2,4.314285714285714,0
Coimbatore,2022-12-06,0.1,0.1,16.099999999999998,26.6,3.8,0
Coimbatore,2022-12-07,0.0,0.0,2.0,25.9,3.7,0
Coimbatore,2022-12-08,0.7,0.7,0.7999999999999999,26.6,3.8,0
Coimbatore,2022-12-09,13.1,13.1,13.8,37.3,5.328571428571428,0
Coimbatore,2022-12-10,28.3,28.3,42.1,58.2,8.314285714285715,1
Coimbatore,2022-12-11,13.4,13.4,54.8,57.5,8.214285714285714,1
Coimbatore,2022-12-12,6.0,6.0,47.7,61.6,8.8,1
Coimbatore,2022-12-13,24.6,24.6,44.0,86.1,12.3,1
Coimbatore,2022-12-14,4.5,4.5,35.1,90.6,12.94285714285714,1
Coimbatore,2022-12-15,0.1,0.1,29.200000000000003,90.0,12.857142857142858,1
Coimbatore,2022-12-16,0.0,0.0,4.6,76.9,10.985714285714286,1
Coimbatore,2022-12-17,0.0,0.0,0.1,48.6,6.942857142857143,0
Coimbatore,2022-12-18,0.6,0.6,0.6,35.800000000000004,5.114285714285715,0
Coimbatore,2022-12-19,1.4,1.4,2.0,31.200000000000003,4.457142857142857,0
Coimbatore,2022-12-20,0.0,0.0,2.0,6.6,0.9428571428571428,0
Coimbatore,2022-12-21,0.0,0.0,1.4,2.1,0.2999999999999999,0
Coimbatore,2022-12-22,0.0,0.0,0.0,2.0,0.2857142857142857,0
Coimbatore,2022-12-23,0.0,0.0,0.0,2.0,0.2857142857142857,0
Coimbatore,2022-12-24,0.0,0.0,0.0,2.0,0.2857142857142857,0
Coimbatore,2022-12-25,4.5,4.5,4.5,5.9,0.8428571428571429,0
Coimbatore,2022-12-26,3.8,3.8,8.3,8.3,1.1857142857142855,0
Coimbatore,2022-12-27,1.9,1.9,10.2,10.2,1.457142857142857,0
Coimbatore,2022-12-28,1.1,1.1,6.8,11.3,1.6142857142857143,0
Coimbatore,2022-12-29,0.0,0.0,3.0,11.3,1.6142857142857143,0
Coimbatore,2022-12-30,0.0,0.0,1.1,11.3,1.6142857142857143,0
Coimbatore,2022-12-31,0.0,0.0,0.0,11.3,1.6142857142857143,0
Coimbatore,2023-01-01,0.0,0.0,0.0,6.8,0.9714285714285714,0
Coimbatore,2023-01-02,0.0,0.0,0.0,3.0,0.4285714285714285,0
Coimbatore,2023-01-03,0.0,0.0,0.0,1.1,0.1571428571428571,0
Coimbatore,2023-01-04,0.5,0.5,0.5,0.5,0.0714285714285714,0
Coimbatore,2023-01-05,0.0,0.0,0.5,0.5,0.0714285714285714,0
Coimbatore,2023-01-06,0.0,0.0,0.5,0.5,0.0714285714285714,0
Coimbatore,2023-01-07,0.0,0.0,0.0,0.5,0.0714285714285714,0
Coimbatore,2023-01-08,0.0,0.0,0.0,0.5,0.0714285714285714,0
Coimbatore,2023-01-09,0.2,0.2,0.2,0.7,0.0999999999999999,0
Coimbatore,2023-01-10,0.0,0.0,0.2,0.7,0.0999999999999999,0
Coimbatore,2023-01-11,0.0,0.0,0.2,0.2,0.0285714285714285,0
Coimbatore,2023-01-12,0.0,0.0,0.0,0.2,0.0285714285714285,0
Coimbatore,2023-01-13,0.0,0.0,0.0,0.2,0.0285714285714285,0
Coimbatore,2023-01-14,0.0,0.0,0.0,0.2,0.0285714285714285,0
Coimbatore,2023-01-15,0.0,0.0,0.0,0.2,0.0285714285714285,0
Coimbatore,2023-01-16,0.0,0.0,0.0,0.0,0.0,0
Coimbatore,2023-01-17,0.0,0.0,0.0,0.0,0.0,0
Coimbatore,2023-01-18,0.0,0.0,0.0,0.0,0.0,0
Coimbatore,2023-01-19,0.0,0.0,0.0,0.0,0.0,0
Coimbatore,2023-01-20,0.0,0.0,0.0,0.0,0.0,0
Coimbatore,2023-01-21,0.1,0.1,0.1,0.1,0.0142857142857142,0
Coimbatore,2023-01-22,0.0,0.0,0.1,0.1,0.0142857142857142,0
Coimbatore,2023-01-23,0.1,0.1,0.2,0.2,0.0285714285714285,0
Coimbatore,2023-01-24,4.1,4.1,4.199999999999999,4.3,0.6142857142857142,0
Coimbatore,2023-01-25,0.0,0.0,4.199999999999999,4.3,0.6142857142857142,0
Coimbatore,2023-01-26,0.0,0.0,4.1,4.3,0.6142857142857142,0
Coimbatore,2023-01-27,0.0,0.0,0.0,4.3,0.6142857142857142,0
Coimbatore,2023-01-28,0.0,0.0,0.0,4.2,0.6,0
Coimbatore,2023-01-29,0.0,0.0,0.0,4.2,0.6,0
Coimbatore,2023-01-30,6.6,6.6,6.6,10.7,1.5285714285714285,0
Coimbatore,2023-01-31,0.4,0.4,7.0,7.0,1.0,0
Coimbatore,2023-02-01,0.0,0.0,7.0,7.0,1.0,0
Coimbatore,2023-02-02,0.3,0.3,0.7,7.3,1.042857142857143,0
Coimbatore,2023-02-03,2.2,2.2,2.5,9.5,1.3571428571428572,0
Coimbatore,2023-02-04,0.1,0.1,2.6,9.6,1.3714285714285714,0
Coimbatore,2023-02-05,0.0,0.0,2.3000000000000003,9.6,1.3714285714285714,0
Coimbatore,2023-02-06,0.0,0.0,0.1,3.0000000000000004,0.4285714285714286,0
Coimbatore,2023-02-07,0.0,0.0,0.0,2.6000000000000005,0.3714285714285715,0
Coimbatore,2023-02-08,0.0,0.0,0.0,2.6000000000000005,0.3714285714285715,0
Coimbatore,2023-02-09,0.0,0.0,0.0,2.3000000000000003,0.3285714285714286,0
Coimbatore,2023-02-10,0.0,0.0,0.0,0.1,0.0142857142857142,0
Coimbatore,2023-02-11,0.0,0.0,0.0,0.0,0.0,0
Coimbatore,2023-02-12,0.0,0.0,0.0,0.0,0.0,0
Coimbatore,2023-02-13,0.0,0.0,0.0,0.0,0.0,0
Coimbatore,2023-02-14,0.0,0.0,0.0,0.0,0.0,0
Coimbatore,2023-02-15,0.0,0.0,0.0,0.0,0.0,0
Coimbatore,2023-02-16,0.0,0.0,0.0,0.0,0.0,0
Coimbatore,2023-02-17,0.0,0.0,0.0,0.0,0.0,0
Coimbatore,2023-02-18,0.0,0.0,0.0,0.0,0.0,0
Coimbatore,2023-02-19,0.0,0.0,0.0,0.0,0.0,0
Coimbatore,2023-02-20,0.0,0.0,0.0,0.0,0.0,0
Coimbatore,2023-02-21,0.0,0.0,0.0,0.0,0.0,0
Coimbatore,2023-02-22,0.0,0.0,0.0,0.0,0.0,0
Coimbatore,2023-02-23,0.0,0.0,0.0,0.0,0.0,0
Coimbatore,2023-02-24,0.0,0.0,0.0,0.0,0.0,0
Coimbatore,2023-02-25,0.0,0.0,0.0,0.0,0.0,0
Coimbatore,2023-02-26,0.0,0.0,0.0,0.0,0.0,0
Coimbatore,2023-02-27,0.0,0.0,0.0,0.0,0.0,0
Coimbatore,2023-02-28,0.1,0.1,0.1,0.1,0.0142857142857142,0
Coimbatore,2023-03-01,0.6,0.6,0.7,0.7,0.0999999999999999,0
Coimbatore,2023-03-02,0.0,0.0,0.7,0.7,0.0999999999999999,0
Coimbatore,2023-03-03,0.0,0.0,0.6,0.7,0.0999999999999999,0
Coimbatore,2023-03-04,0.0,0.0,0.0,0.7,0.0999999999999999,0
Coimbatore,2023-03-05,0.0,0.0,0.0,0.7,0.0999999999999999,0
Coimbatore,2023-03-06,0.0,0.0,0.0,0.7,0.0999999999999999,0
Coimbatore,2023-03-07,0.0,0.0,0.0,0.6,0.0857142857142857,0
Coimbatore,2023-03-08,0.0,0.0,0.0,0.0,0.0,0
Coimbatore,2023-03-09,0.0,0.0,0.0,0.0,0.0,0
Coimbatore,2023-03-10,0.0,0.0,0.0,0.0,0.0,0
Coimbatore,2023-03-11,0.0,0.0,0.0,0.0,0.0,0
Coimbatore,2023-03-12,0.0,0.0,0.0,0.0,0.0,0
Coimbatore,2023-03-13,0.0,0.0,0.0,0.0,0.0,0
Coimbatore,2023-03-14,0.0,0.0,0.0,0.0,0.0,0
Coimbatore,2023-03-15,0.0,0.0,0.0,0.0,0.0,0
Coimbatore,2023-03-16,0.3,0.3,0.3,0.3,0.0428571428571428,0
Coimbatore,2023-03-17,0.0,0.0,0.3,0.3,0.0428571428571428,0
Coimbatore,2023-03-18,0.1,0.1,0.4,0.4,0.0571428571428571,0
Coimbatore,2023-03-19,0.0,0.0,0.1,0.4,0.0571428571428571,0
Coimbatore,2023-03-20,0.2,0.2,0.3,0.6,0.0857142857142857,0
Coimbatore,2023-03-21,0.0,0.0,0.2,0.6,0.0857142857142857,0
Coimbatore,2023-03-22,0.0,0.0,0.2,0.6,0.0857142857142857,0
Coimbatore,2023-03-23,0.0,0.0,0.0,0.3,0.0428571428571428,0
Coimbatore,2023-03-24,0.0,0.0,0.0,0.3,0.0428571428571428,0
Coimbatore,2023-03-25,2.4,2.4,2.4,2.6,0.3714285714285714,0
Coimbatore,2023-03-26,0.7,0.7,3.1,3.3,0.4714285714285714,0
Coimbatore,2023-03-27,0.2,0.2,3.3,3.3,0.4714285714285714,0
Coimbatore,2023-03-28,0.0,0.0,0.8999999999999999,3.3,0.4714285714285714,0
Coimbatore,2023-03-29,3.3,3.3,3.5,6.6,0.9428571428571428,0
Coimbatore,2023-03-30,0.0,0.0,3.3,6.6,0.9428571428571428,0
Coimbatore,2023-03-31,0.0,0.0,3.3,6.6,0.9428571428571428,0
Coimbatore,2023-04-01,1.1,1.1,1.1,5.299999999999999,0.757142857142857,0
Coimbatore,2023-04-02,1.8,1.8,2.9000000000000004,6.4,0.9142857142857144,0
Coimbatore,2023-04-03,0.8,0.8,3.7,7.0,1.0,0
Coimbatore,2023-04-04,6.6,6.6,9.2,13.6,1.9428571428571428,0
Coimbatore,2023-04-05,0.0,0.0,7.399999999999999,10.3,1.4714285714285715,0
Coimbatore,2023-04-06,0.0,0.0,6.6,10.3,1.4714285714285715,0
Coimbatore,2023-04-07,0.0,0.0,0.0,10.3,1.4714285714285715,0
Coimbatore,2023-04-08,0.0,0.0,0.0,9.2,1.3142857142857145,0
Coimbatore,2023-04-09,0.0,0.0,0.0,7.399999999999999,1.0571428571428572,0
Coimbatore,2023-04-10,0.1,0.1,0.1,6.699999999999999,0.9571428571428572,0
Coimbatore,2023-04-11,0.0,0.0,0.1,0.1,0.0142857142857142,0
Coimbatore,2023-04-12,0.0,0.0,0.1,0.1,0.0142857142857142,0
Coimbatore,2023-04-13,0.0,0.0,0.0,0.1,0.0142857142857142,0
Coimbatore,2023-04-14,0.0,0.0,0.0,0.1,0.0142857142857142,0
Coimbatore,2023-04-15,0.0,0.0,0.0,0.1,0.0142857142857142,0
Coimbatore,2023-04-16,0.0,0.0,0.0,0.1,0.0142857142857142,0
Coimbatore,2023-04-17,0.0,0.0,0.0,0.0,0.0,0
Coimbatore,2023-04-18,0.0,0.0,0.0,0.0,0.0,0
Coimbatore,2023-04-19,0.0,0.0,0.0,0.0,0.0,0
Coimbatore,2023-04-20,0.0,0.0,0.0,0.0,0.0,0
Coimbatore,2023-04-21,0.2,0.2,0.2,0.2,0.0285714285714285,0
Coimbatore,2023-04-22,1.8,1.8,2.0,2.0,0.2857142857142857,0
Coimbatore,2023-04-23,0.7,0.7,2.7,2.7,0.3857142857142857,0
Coimbatore,2023-04-24,3.8,3.8,6.3,6.5,0.9285714285714286,0
Coimbatore,2023-04-25,1.7,1.7,6.2,8.2,1.1714285714285713,0
Coimbatore,2023-04-26,4.3,4.3,9.8,12.5,1.7857142857142858,0
Coimbatore,2023-04-27,0.6,0.6,6.6,13.1,1.8714285714285717,0
Coimbatore,2023-04-28,0.5,0.5,5.4,13.4,1.9142857142857144,0
Coimbatore,2023-04-29,17.7,17.7,18.8,29.3,4.185714285714285,0
Coimbatore,2023-04-30,8.3,8.3,26.5,36.900000000000006,5.271428571428572,0
Coimbatore,2023-05-01,13.1,13.1,39.1,46.2,6.6000000000000005,0
Coimbatore,2023-05-02,12.9,12.9,34.3,57.400000000000006,8.200000000000001,1
Coimbatore,2023-05-03,3.9,3.9,29.9,57.00000000000001,8.142857142857144,1
Coimbatore,2023-05-04,1.1,1.1,17.9,57.5,8.214285714285714,1
Coimbatore,2023-05-05,0.0,0.0,5.0,57.0,8.142857142857142,1
Coimbatore,2023-05-06,5.9,5.9,7.0,45.2,6.457142857142857,0
Coimbatore,2023-05-07,4.0,4.0,9.9,40.900000000000006,5.842857142857143,0
Coimbatore,2023-05-08,6.4,6.4,16.3,34.2,4.885714285714286,0
Coimbatore,2023-05-09,2.1,2.1,12.5,23.4,3.342857142857143,0
Coimbatore,2023-05-10,0.1,0.1,8.6,19.6,2.8000000000000003,0
Coimbatore,2023-05-11,1.3,1.3,3.5,19.8,2.8285714285714287,0
Coimbatore,2023-05-12,0.8,0.8,2.2,20.6,2.942857142857143,0
Coimbatore,2023-05-13,0.1,0.1,2.2,14.8,2.1142857142857143,0
Coimbatore,2023-05-14,0.0,0.0,0.9,10.8,1.542857142857143,0
Coimbatore,2023-05-15,0.0,0.0,0.1,4.4,0.6285714285714287,0
Coimbatore,2023-05-16,0.0,0.0,0.0,2.3000000000000003,0.3285714285714286,0
Coimbatore,2023-05-17,0.1,0.1,0.1,2.3000000000000003,0.3285714285714286,0
Coimbatore,2023-05-18,0.3,0.3,0.4,1.3,0.1857142857142857,0
Coimbatore,2023-05-19,5.2,5.2,5.6000000000000005,5.7,0.8142857142857143,0
Coimbatore,2023-05-20,1.9,1.9,7.4,7.5,1.0714285714285714,0
Coimbatore,2023-05-21,6.3,6.3,13.4,13.8,1.9714285714285715,0
Coimbatore,2023-05-22,0.2,0.2,8.399999999999999,14.0,2.0,0
Coimbatore,2023-05-23,0.0,0.0,6.500000000000001,14.0,2.0,0
Coimbatore,2023-05-24,0.5,0.5,0.7,14.4,2.0571428571428574,0
Coimbatore,2023-05-25,1.8,1.8,2.3,15.9,2.271428571428572,0
Coimbatore,2023-05-26,2.9,2.9,5.2,13.6,1.9428571428571428,0
Coimbatore,2023-05-27,1.8,1.8,6.5,13.5,1.9285714285714288,0
Coimbatore,2023-05-28,1.3,1.3,6.0,8.5,1.2142857142857142,0
Coimbatore,2023-05-29,2.2,2.2,5.300000000000001,10.5,1.5,0
Coimbatore,2023-05-30,0.2,0.2,3.7000000000000006,10.7,1.5285714285714287,0
Coimbatore,2023-05-31,7.6,7.6,10.0,17.8,2.542857142857143,0
Coimbatore,2023-06-01,0.0,0.0,7.8,16.0,2.2857142857142856,0
Coimbatore,2023-06-02,0.4,0.4,8.0,13.5,1.9285714285714288,0
Coimbatore,2023-06-03,0.0,0.0,0.4,11.7,1.6714285714285717,0
Coimbatore,2023-06-04,0.7,0.7,1.1,11.1,1.5857142857142856,0
Coimbatore,2023-06-05,1.6,1.6,2.3000000000000003,10.5,1.5,0
Coimbatore,2023-06-06,1.0,1.0,3.3000000000000003,11.3,1.6142857142857143,0
Coimbatore,2023-06-07,1.1,1.1,3.7000000000000006,4.800000000000001,0.6857142857142858,0
Coimbatore,2023-06-08,0.2,0.2,2.3000000000000007,5.0,0.7142857142857143,0
Coimbatore,2023-06-09,0.3,0.3,1.6000000000000003,4.9,0.7000000000000001,0
Coimbatore,2023-06-10,0.3,0.3,0.8000000000000003,5.2,0.7428571428571429,0
Coimbatore,2023-06-11,0.0,0.0,0.6000000000000003,4.500000000000001,0.642857142857143,0
Coimbatore,2023-06-12,1.5,1.5,1.8000000000000005,4.4,0.6285714285714287,0
Coimbatore,2023-06-13,1.1,1.1,2.6000000000000005,4.5,0.6428571428571429,0
Coimbatore,2023-06-14,0.0,0.0,2.6000000000000005,3.4000000000000004,0.4857142857142857,0
Coimbatore,2023-06-15,1.5,1.5,2.6000000000000005,4.7,0.6714285714285715,0
Coimbatore,2023-06-16,0.8,0.8,2.3000000000000003,5.2,0.7428571428571429,0
Coimbatore,2023-06-17,1.6,1.6,3.9,6.5,0.9285714285714286,0
Coimbatore,2023-06-18,1.8,1.8,4.2,8.3,1.1857142857142855,0
Coimbatore,2023-06-19,0.7,0.7,4.1000000000000005,7.5,1.0714285714285714,0
Coimbatore,2023-06-20,1.8,1.8,4.3,8.2,1.1714285714285713,0
Coimbatore,2023-06-21,1.4,1.4,3.9,9.6,1.3714285714285714,0
Coimbatore,2023-06-22,1.8,1.8,5.0,9.9,1.4142857142857144,0
Coimbatore,2023-06-23,0.0,0.0,3.2,9.1,1.3000000000000005,0
Coimbatore,2023-06-24,0.0,0.0,1.8000000000000005,7.5,1.0714285714285714,0
Coimbatore,2023-06-25,3.4,3.4,3.4000000000000004,9.1,1.3,0
Coimbatore,2023-06-26,0.0,0.0,3.4,8.4,1.2,0
Coimbatore,2023-06-27,2.0,2.0,5.4,8.6,1.2285714285714284,0
Coimbatore,2023-06-28,0.0,0.0,2.0,7.2,1.0285714285714287,0
Coimbatore,2023-06-29,3.1,3.1,5.1,8.5,1.2142857142857142,0
Coimbatore,2023-06-30,1.4,1.4,4.5,9.9,1.4142857142857144,0
Coimbatore,2023-07-01,10.2,10.2,14.7,20.1,2.8714285714285714,0
Coimbatore,2023-07-02,20.1,20.1,31.700000000000003,36.8,5.257142857142858,0
Coimbatore,2023-07-03,6.7,6.7,37.00000000000001,43.50000000000001,6.214285714285715,0
Coimbatore,2023-07-04,14.4,14.4,41.2,55.900000000000006,7.985714285714287,1
Coimbatore,2023-07-05,57.4,57.4,78.5,113.3,16.185714285714287,2
Coimbatore,2023-07-06,42.2,42.2,114.0,152.4,21.77142857142857,2
Coimbatore,2023-07-07,6.7,6.7,106.3,157.7,22.52857142857143,2
Coimbatore,2023-07-08,2.4,2.4,51.3,149.9,21.414285714285715,2
Coimbatore,2023-07-09,4.8,4.8,13.9,134.60000000000002,19.22857142857143,2
Coimbatore,2023-07-10,13.6,13.6,20.8,141.5,20.214285714285715,2
Coimbatore,2023-07-11,10.8,10.8,29.200000000000003,137.9,19.7,2
Coimbatore,2023-07-12,5.4,5.4,29.8,85.89999999999999,12.27142857142857,1
Coimbatore,2023-07-13,3.9,3.9,20.1,47.6,6.8,0
Coimbatore,2023-07-14,0.0,0.0,9.3,40.9,5.842857142857143,0
Coimbatore,2023-07-15,6.2,6.2,10.1,44.7,6.385714285714286,0
Coimbatore,2023-07-16,5.1,5.1,11.3,45.0,6.428571428571429,0
Coimbatore,2023-07-17,0.9,0.9,12.2,32.3,4.614285714285714,0
Coimbatore,2023-07-18,0.1,0.1,6.1,21.6,3.085714285714286,0
Coimbatore,2023-07-19,0.6,0.6,1.6,16.8,2.4,0
Coimbatore,2023-07-20,0.0,0.0,0.7,12.9,1.8428571428571427,0
Coimbatore,2023-07-21,0.1,0.1,0.7,12.999999999999998,1.857142857142857,0
Coimbatore,2023-07-22,1.1,1.1,1.2000000000000002,7.899999999999999,1.1285714285714286,0
Coimbatore,2023-07-23,3.5,3.5,4.7,6.3,0.9,0
Coimbatore,2023-07-24,3.9,3.9,8.5,9.3,1.3285714285714283,0
Coimbatore,2023-07-25,1.6,1.6,9.0,10.8,1.542857142857143,0
Coimbatore,2023-07-26,0.5,0.5,6.0,10.7,1.5285714285714285,0
Coimbatore,2023-07-27,5.4,5.4,7.5,16.1,2.3000000000000003,0
Coimbatore,2023-07-28,1.9,1.9,7.800000000000001,17.9,2.557142857142857,0
Coimbatore,2023-07-29,4.2,4.2,11.5,21.0,3.0,0
Coimbatore,2023-07-30,1.4,1.4,7.5,18.9,2.7,0
Coimbatore,2023-07-31,1.1,1.1,6.699999999999999,16.1,2.3000000000000003,0
Coimbatore,2023-08-01,0.3,0.3,2.8,14.8,2.1142857142857143,0
Coimbatore,2023-08-02,0.0,0.0,1.4,14.3,2.042857142857143,0
Coimbatore,2023-08-03,0.0,0.0,0.3,8.900000000000002,1.2714285714285718,0
Coimbatore,2023-08-04,2.9,2.9,2.9,9.9,1.4142857142857144,0
Coimbatore,2023-08-05,3.2,3.2,6.1,8.9,1.2714285714285716,0
Coimbatore,2023-08-06,1.6,1.6,7.7,9.1,1.3,0
Coimbatore,2023-08-07,0.0,0.0,4.800000000000001,8.0,1.1428571428571428,0
Coimbatore,2023-08-08,4.6,4.6,6.199999999999999,12.3,1.7571428571428571,0
Coimbatore,2023-08-09,3.7,3.7,8.3,16.0,2.2857142857142856,0
Coimbatore,2023-08-10,3.5,3.5,11.8,19.5,2.7857142857142856,0
Coimbatore,2023-08-11,3.6,3.6,10.8,20.200000000000003,2.885714285714286,0
Coimbatore,2023-08-12,5.8,5.8,12.9,22.8,3.2571428571428567,0
Coimbatore,2023-08-13,2.2,2.2,11.6,23.4,3.342857142857143,0
Coimbatore,2023-08-14,0.5,0.5,8.5,23.9,3.4142857142857146,0
Coimbatore,2023-08-15,0.0,0.0,2.6999999999999997,19.3,2.757142857142857,0
Coimbatore,2023-08-16,0.2,0.2,0.6999999999999991,15.8,2.257142857142857,0
Coimbatore,2023-08-17,0.1,0.1,0.2999999999999991,12.4,1.7714285714285716,0
Coimbatore,2023-08-18,0.1,0.1,0.3999999999999991,8.9,1.2714285714285716,0
Coimbatore,2023-08-19,0.0,0.0,0.1999999999999991,3.1,0.4428571428571429,0
Coimbatore,2023-08-20,1.7,1.7,1.7999999999999992,2.6,0.3714285714285714,0
Coimbatore,2023-08-21,0.8,0.8,2.499999999999999,2.9000000000000004,0.4142857142857143,0
Coimbatore,2023-08-22,2.0,2.0,4.499999999999999,4.9,0.7000000000000001,0
Coimbatore,2023-08-23,0.8,0.8,3.5999999999999988,5.5,0.7857142857142857,0
Coimbatore,2023-08-24,0.0,0.0,2.799999999999999,5.4,0.7714285714285715,0
Coimbatore,2023-08-25,0.0,0.0,0.7999999999999992,5.3,0.7571428571428571,0
Coimbatore,2023-08-26,0.0,0.0,0.0,5.3,0.7571428571428571,0
Coimbatore,2023-08-27,0.0,0.0,0.0,3.6,0.5142857142857143,0
Coimbatore,2023-08-28,1.0,1.0,0.9999999999999992,3.8,0.5428571428571428,0
Coimbatore,2023-08-29,18.9,18.9,19.9,20.7,2.957142857142857,0
Coimbatore,2023-08-30,4.5,4.5,24.4,24.4,3.4857142857142853,0
Coimbatore,2023-08-31,8.0,8.0,31.4,32.4,4.628571428571428,0
Coimbatore,2023-09-01,0.4,0.4,12.9,32.8,4.685714285714285,0
Coimbatore,2023-09-02,5.5,5.5,13.9,38.3,5.471428571428571,0
Coimbatore,2023-09-03,12.0,12.0,17.9,50.3,7.185714285714285,1
Coimbatore,2023-09-04,4.1,4.1,21.6,53.4,7.628571428571428,1
Coimbatore,2023-09-05,2.6,2.6,18.700000000000003,37.1,5.3,0
Coimbatore,2023-09-06,11.8,11.8,18.5,44.4,6.342857142857143,0
Coimbatore,2023-09-07,4.7,4.7,19.1,41.1,5.871428571428572,0
Coimbatore,2023-09-08,0.2,0.2,16.7,40.9,5.842857142857143,0
Coimbatore,2023-09-09,2.6,2.6,7.5,38.0,5.428571428571429,0
Coimbatore,2023-09-10,5.9,5.9,8.7,31.9,4.557142857142858,0
Coimbatore,2023-09-11,18.1,18.1,26.6,45.900000000000006,6.557142857142858,0
Coimbatore,2023-09-12,1.6,1.6,25.6,44.9,6.414285714285714,0
Coimbatore,2023-09-13,7.0,7.0,26.700000000000003,40.1,5.728571428571429,0
Coimbatore,2023-09-14,3.7,3.7,12.3,39.1,5.585714285714286,0
Coimbatore,2023-09-15,0.9,0.9,11.6,39.8,5.685714285714286,0
Coimbatore,2023-09-16,2.5,2.5,7.1,39.7,5.671428571428572,0
Coimbatore,2023-09-17,18.3,18.3,21.7,52.1,7.442857142857142,1
Coimbatore,2023-09-18,28.2,28.2,49.0,62.2,8.885714285714286,1
Coimbatore,2023-09-19,5.9,5.9,52.4,66.5,9.5,1
Coimbatore,2023-09-20,4.0,4.0,38.1,63.5,9.071428571428571,1
Coimbatore,2023-09-21,0.1,0.1,10.0,59.9,8.557142857142857,1
Coimbatore,2023-09-22,1.0,1.0,5.1,60.0,8.571428571428571,1
Coimbatore,2023-09-23,3.6,3.6,4.7,61.1,8.72857142857143,1
Coimbatore,2023-09-24,8.2,8.2,12.8,51.0,7.285714285714286,1
Coimbatore,2023-09-25,2.8,2.8,14.6,25.6,3.6571428571428575,0
Coimbatore,2023-09-26,6.7,6.7,17.7,26.4,3.771428571428572,0
Coimbatore,2023-09-27,9.6,9.6,19.1,32.0,4.571428571428571,0
Coimbatore,2023-09-28,1.9,1.9,18.2,33.8,4.828571428571428,0
Coimbatore,2023-09-29,0.8,0.8,12.3,33.6,4.8,0
Coimbatore,2023-09-30,0.8,0.8,3.5,30.8,4.4,0
Coimbatore,2023-10-01,0.2,0.2,1.8,22.8,3.257142857142857,0
Coimbatore,2023-10-02,0.6,0.6,1.6,20.6,2.9428571428571426,0
Coimbatore,2023-10-03,1.6,1.6,2.4000000000000004,15.5,2.2142857142857144,0
Coimbatore,2023-10-04,1.6,1.6,3.8,7.5,1.0714285714285714,0
Coimbatore,2023-10-05,0.0,0.0,3.2,5.6,0.7999999999999999,0
Coimbatore,2023-10-06,0.0,0.0,1.6,4.8,0.6857142857142857,0
Coimbatore,2023-10-07,0.0,0.0,0.0,4.0,0.5714285714285714,0
Coimbatore,2023-10-08,5.4,5.4,5.4,9.2,1.3142857142857145,0
Coimbatore,2023-10-09,2.2,2.2,7.6,10.8,1.542857142857143,0
Coimbatore,2023-10-10,2.7,2.7,10.3,11.900000000000002,1.7000000000000004,0
Coimbatore,2023-10-11,10.8,10.8,15.7,21.1,3.0142857142857147,0
Coimbatore,2023-10-12,4.0,4.0,17.5,25.1,3.585714285714286,0
Coimbatore,2023-10-13,0.0,0.0,14.8,25.1,3.585714285714286,0
Coimbatore,2023-10-14,16.0,16.0,20.0,41.1,5.871428571428572,0
Coimbatore,2023-10-15,17.7,17.7,33.7,53.400000000000006,7.628571428571429,1
Coimbatore,2023-10-16,39.7,39.7,73.4,90.9,12.985714285714286,1
Coimbatore,2023-10-17,3.3,3.3,60.7,91.5,13.071428571428571,1
Coimbatore,2023-10-18,1.9,1.9,44.900000000000006,82.60000000000001,11.8,1
Coimbatore,2023-10-19,0.0,0.0,5.199999999999999,78.60000000000001,11.22857142857143,1
Coimbatore,2023-10-20,0.0,0.0,1.9,78.60000000000001,11.22857142857143,1
Coimbatore,2023-10-21,1.1,1.1,1.1,63.7,9.1,1
Coimbatore,2023-10-22,0.4,0.4,1.5,46.400000000000006,6.628571428571429,0
Coimbatore,2023-10-23,1.9,1.9,3.4,8.6,1.2285714285714284,0
Coimbatore,2023-10-24,0.3,0.3,2.6,5.6,0.7999999999999999,0
Coimbatore,2023-10-25,2.3,2.3,4.5,6.0,0.8571428571428571,0
Coimbatore,2023-10-26,0.2,0.2,2.8,6.199999999999999,0.8857142857142856,0
Coimbatore,2023-10-27,0.0,0.0,2.5,6.199999999999999,0.8857142857142856,0
Coimbatore,2023-10-28,12.2,12.2,12.4,17.299999999999997,2.471428571428571,0
Coimbatore,2023-10-29,29.9,29.9,42.1,46.8,6.685714285714285,0
Coimbatore,2023-10-30,29.7,29.7,71.8,74.6,10.657142857142857,1
Coimbatore,2023-10-31,9.2,9.2,68.8,83.5,11.928571428571429,1
Coimbatore,2023-11-01,12.9,12.9,51.8,94.1,13.44285714285714,1
Coimbatore,2023-11-02,19.7,19.7,41.8,113.6,16.228571428571428,2
Coimbatore,2023-11-03,27.8,27.8,60.39999999999999,141.4,20.2,2
Coimbatore,2023-11-04,25.8,25.8,73.3,155.0,22.142857142857142,2
Coimbatore,2023-11-05,4.9,4.9,58.5,130.0,18.571428571428573,2
Coimbatore,2023-11-06,2.5,2.5,33.2,102.8,14.685714285714283,2
Coimbatore,2023-11-07,23.0,23.0,30.4,116.6,16.657142857142855,2
Coimbatore,2023-11-08,15.0,15.0,40.5,118.7,16.957142857142856,2
Coimbatore,2023-11-09,5.9,5.9,43.9,104.9,14.985714285714286,2
Coimbatore,2023-11-10,9.9,9.9,30.8,86.99999999999999,12.428571428571429,1
Coimbatore,2023-11-11,3.3,3.3,19.1,64.49999999999999,9.214285714285712,1
Coimbatore,2023-11-12,0.0,0.0,13.2,59.6,8.514285714285714,1
Coimbatore,2023-11-13,0.0,0.0,3.3,57.1,8.157142857142857,1
Coimbatore,2023-11-14,0.0,0.0,0.0,34.099999999999994,4.871428571428571,0
Coimbatore,2023-11-15,0.0,0.0,0.0,19.099999999999994,2.728571428571428,0
Coimbatore,2023-11-16,0.5,0.5,0.5,13.699999999999992,1.957142857142856,0
Coimbatore,2023-11-17,2.2,2.2,2.7,5.999999999999993,0.8571428571428561,0
Coimbatore,2023-11-18,0.3,0.3,3.0,2.999999999999993,0.4285714285714275,0
Coimbatore,2023-11-19,0.0,0.0,2.5,2.999999999999993,0.4285714285714275,0
Coimbatore,2023-11-20,0.0,0.0,0.3,2.999999999999993,0.4285714285714275,0
Coimbatore,2023-11-21,8.7,8.7,8.7,11.699999999999992,1.6714285714285704,0
Coimbatore,2023-11-22,22.6,22.6,31.3,34.3,4.9,0
Coimbatore,2023-11-23,12.5,12.5,43.8,46.3,6.614285714285714,0
Coimbatore,2023-11-24,0.8,0.8,35.9,44.89999999999999,6.414285714285713,0
Coimbatore,2023-11-25,16.5,16.5,29.8,61.1,8.728571428571428,1
Coimbatore,2023-11-26,10.6,10.6,27.9,71.69999999999999,10.242857142857142,1
Coimbatore,2023-11-27,1.9,1.9,29.0,73.6,10.514285714285714,1
Coimbatore,2023-11-28,1.7,1.7,14.2,66.6,9.514285714285714,1
Coimbatore,2023-11-29,7.6,7.6,11.2,51.6,7.371428571428571,1
Coimbatore,2023-11-30,16.5,16.5,25.8,55.6,7.942857142857142,1
Coimbatore,2023-12-01,0.2,0.2,24.3,54.99999999999999,7.857142857142856,1
Coimbatore,2023-12-02,0.1,0.1,16.799999999999997,38.59999999999999,5.5142857142857125,0
Coimbatore,2023-12-03,1.4,1.4,1.6999999999999964,29.399999999999988,4.199999999999998,0
Coimbatore,2023-12-04,0.2,0.2,1.6999999999999964,27.69999999999999,3.957142857142856,0
Coimbatore,2023-12-05,0.0,0.0,1.5999999999999963,25.99999999999999,3.7142857142857126,0
Coimbatore,2023-12-06,0.1,0.1,0.2999999999999965,18.499999999999996,2.642857142857142,0
Coimbatore,2023-12-07,0.0,0.0,0.0999999999999964,1.999999999999993,0.2857142857142847,0
Coimbatore,2023-12-08,6.2,6.2,6.299999999999996,7.999999999999993,1.142857142857142,0
Coimbatore,2023-12-09,7.4,7.4,13.599999999999998,15.299999999999994,2.1857142857142846,0
Coimbatore,2023-12-10,3.7,3.7,17.299999999999997,17.599999999999994,2.5142857142857133,0
Coimbatore,2023-12-11,0.0,0.0,11.099999999999998,17.399999999999995,2.485714285714285,0
Coimbatore,2023-12-12,0.0,0.0,3.6999999999999966,17.399999999999995,2.485714285714285,0
Coimbatore,2023-12-13,0.0,0.0,0.0,17.299999999999994,2.47142857142857,0
Coimbatore,2023-12-14,0.0,0.0,0.0,17.299999999999994,2.47142857142857,0
Coimbatore,2023-12-15,0.0,0.0,0.0,11.099999999999994,1.585714285714285,0
Coimbatore,2023-12-16,0.4,0.4,0.3999999999999964,4.099999999999993,0.5857142857142847,0
Coimbatore,2023-12-17,4.3,4.3,4.699999999999997,4.699999999999993,0.6714285714285705,0
Coimbatore,2023-12-18,12.6,12.6,17.299999999999997,17.299999999999994,2.47142857142857,0
Coimbatore,2023-12-19,0.0,0.0,16.9,17.29999999999999,2.47142857142857,0
Coimbatore,2023-12-20,0.0,0.0,12.599999999999996,17.29999999999999,2.47142857142857,0
Coimbatore,2023-12-21,0.5,0.5,0.4999999999999946,17.79999999999999,2.5428571428571414,0
Coimbatore,2023-12-22,0.1,0.1,0.5999999999999946,17.89999999999999,2.557142857142856,0
Coimbatore,2023-12-23,0.4,0.4,0.9999999999999948,17.89999999999999,2.557142857142856,0
Coimbatore,2023-12-24,0.0,0.0,0.4999999999999946,13.599999999999993,1.9428571428571415,0
Coimbatore,2023-12-25,0.1,0.1,0.4999999999999946,1.0999999999999912,0.1571428571428559,0
Coimbatore,2023-12-26,0.6,0.6,0.6999999999999946,1.699999999999991,0.2428571428571415,0
Coimbatore,2023-12-27,0.0,0.0,0.6999999999999946,1.699999999999991,0.2428571428571415,0
Coimbatore,2023-12-28,0.0,0.0,0.5999999999999946,1.199999999999991,0.1714285714285701,0
Coimbatore,2023-12-29,1.0,1.0,0.9999999999999948,2.0999999999999908,0.2999999999999986,0
Coimbatore,2023-12-30,0.0,0.0,0.9999999999999948,1.699999999999991,0.2428571428571415,0
Coimbatore,2023-12-31,0.0,0.0,0.9999999999999948,1.699999999999991,0.2428571428571415,0
Coimbatore,2024-01-01,0.0,0.0,0.0,1.599999999999991,0.2285714285714273,0
Coimbatore,2024-01-02,0.0,0.0,0.0,0.9999999999999912,0.1428571428571416,0
Coimbatore,2024-01-03,0.3,0.3,0.2999999999999946,1.2999999999999912,0.1857142857142844,0
Coimbatore,2024-01-04,3.1,3.1,3.3999999999999946,4.399999999999992,0.6285714285714273,0
Coimbatore,2024-01-05,5.8,5.8,9.199999999999994,9.19999999999999,1.314285714285713,0
Coimbatore,2024-01-06,15.3,15.3,24.2,24.499999999999996,3.499999999999999,0
Coimbatore,2024-01-07,4.0,4.0,25.099999999999994,28.499999999999996,4.07142857142857,0
Coimbatore,2024-01-08,6.7,6.7,26.0,35.19999999999999,5.028571428571427,0
Coimbatore,2024-01-09,14.9,14.9,25.599999999999994,50.1,7.157142857142857,1
Coimbatore,2024-01-10,2.2,2.2,23.799999999999997,51.99999999999999,7.428571428571428,1
Coimbatore,2024-01-11,0.0,0.0,17.099999999999994,48.89999999999999,6.985714285714285,0
Coimbatore,2024-01-12,0.0,0.0,2.199999999999993,43.1,6.157142857142857,0
Coimbatore,2024-01-13,0.0,0.0,0.0,27.79999999999999,3.97142857142857,0
Coimbatore,2024-01-14,0.0,0.0,0.0,23.79999999999999,3.3999999999999986,0
Coimbatore,2024-01-15,0.0,0.0,0.0,17.09999999999999,2.4428571428571417,0
Coimbatore,2024-01-16,0.0,0.0,0.0,2.199999999999989,0.3142857142857128,0
Coimbatore,2024-01-17,0.0,0.0,0.0,0.0,0.0,0
Coimbatore,2024-01-18,0.0,0.0,0.0,0.0,0.0,0
Coimbatore,2024-01-19,0.6,0.6,0.5999999999999929,0.5999999999999893,0.0857142857142841,0
Coimbatore,2024-01-20,0.2,0.2,0.7999999999999929,0.7999999999999894,0.1142857142857127,0
Coimbatore,2024-01-21,0.0,0.0,0.7999999999999929,0.7999999999999894,0.1142857142857127,0
Coimbatore,2024-01-22,0.0,0.0,0.1999999999999929,0.7999999999999894,0.1142857142857127,0
Coimbatore,2024-01-23,0.0,0.0,0.0,0.7999999999999894,0.1142857142857127,0
Coimbatore,2024-01-24,0.0,0.0,0.0,0.7999999999999894,0.1142857142857127,0
Coimbatore,2024-01-25,0.0,0.0,0.0,0.7999999999999894,0.1142857142857127,0
Coimbatore,2024-01-26,0.0,0.0,0.0,0.1999999999999893,0.028571428571427,0
Coimbatore,2024-01-27,0.0,0.0,0.0,0.0,0.0,0
Coimbatore,2024-01-28,0.0,0.0,0.0,0.0,0.0,0
Coimbatore,2024-01-29,0.7,0.7,0.6999999999999929,0.6999999999999893,0.0999999999999984,0
Coimbatore,2024-01-30,0.0,0.0,0.6999999999999929,0.6999999999999893,0.0999999999999984,0
Coimbatore,2024-01-31,0.1,0.1,0.7999999999999928,0.7999999999999893,0.1142857142857127,0
Coimbatore,2024-02-01,0.0,0.0,0.0999999999999929,0.7999999999999893,0.1142857142857127,0
Coimbatore,2024-02-02,0.2,0.2,0.2999999999999929,0.9999999999999892,0.1428571428571413,0
Coimbatore,2024-02-03,0.1,0.1,0.2999999999999929,1.0999999999999894,0.1571428571428556,0
Coimbatore,2024-02-04,0.1,0.1,0.3999999999999929,1.1999999999999893,0.1714285714285699,0
Coimbatore,2024-02-05,0.0,0.0,0.1999999999999929,0.4999999999999893,0.0714285714285699,0
Coimbatore,2024-02-06,0.0,0.0,0.0999999999999929,0.4999999999999893,0.0714285714285699,0
Coimbatore,2024-02-07,0.0,0.0,0.0,0.3999999999999893,0.0571428571428556,0
Coimbatore,2024-02-08,0.0,0.0,0.0,0.3999999999999893,0.0571428571428556,0
Coimbatore,2024-02-09,0.0,0.0,0.0,0.1999999999999893,0.028571428571427,0
Coimbatore,2024-02-10,0.0,0.0,0.0,0.0999999999999893,0.0142857142857127,0
Coimbatore,2024-02-11,0.0,0.0,0.0,0.0,0.0,0
Coimbatore,2024-02-12,0.0,0.0,0.0,0.0,0.0,0
Coimbatore,2024-02-13,0.0,0.0,0.0,0.0,0.0,0
Coimbatore,2024-02-14,0.0,0.0,0.0,0.0,0.0,0
Coimbatore,2024-02-15,0.0,0.0,0.0,0.0,0.0,0
Coimbatore,2024-02-16,0.0,0.0,0.0,0.0,0.0,0
Coimbatore,2024-02-17,0.0,0.0,0.0,0.0,0.0,0
Coimbatore,2024-02-18,0.0,0.0,0.0,0.0,0.0,0
Coimbatore,2024-02-19,0.0,0.0,0.0,0.0,0.0,0
Coimbatore,2024-02-20,0.0,0.0,0.0,0.0,0.0,0
Coimbatore,2024-02-21,0.0,0.0,0.0,0.0,0.0,0
Coimbatore,2024-02-22,0.1,0.1,0.0999999999999929,0.0999999999999893,0.0142857142857127,0
Coimbatore,2024-02-23,0.0,0.0,0.0999999999999929,0.0999999999999893,0.0142857142857127,0
Coimbatore,2024-02-24,0.0,0.0,0.0999999999999929,0.0999999999999893,0.0142857142857127,0
Coimbatore,2024-02-25,0.2,0.2,0.1999999999999929,0.2999999999999894,0.0428571428571413,0
Coimbatore,2024-02-26,0.0,0.0,0.1999999999999929,0.2999999999999894,0.0428571428571413,0
Coimbatore,2024-02-27,0.0,0.0,0.1999999999999929,0.2999999999999894,0.0428571428571413,0
Coimbatore,2024-02-28,0.0,0.0,0.0,0.2999999999999894,0.0428571428571413,0
Coimbatore,2024-02-29,0.0,0.0,0.0,0.1999999999999893,0.028571428571427,0
Coimbatore,2024-03-01,0.0,0.0,0.0,0.1999999999999893,0.028571428571427,0
Coimbatore,2024-03-02,0.0,0.0,0.0,0.1999999999999893,0.028571428571427,0
Coimbatore,2024-03-03,0.0,0.0,0.0,0.0,0.0,0
Coimbatore,2024-03-04,0.0,0.0,0.0,0.0,0.0,0
Coimbatore,2024-03-05,0.0,0.0,0.0,0.0,0.0,0
Coimbatore,2024-03-06,0.0,0.0,0.0,0.0,0.0,0
Coimbatore,2024-03-07,0.0,0.0,0.0,0.0,0.0,0
Coimbatore,2024-03-08,0.0,0.0,0.0,0.0,0.0,0
Coimbatore,2024-03-09,0.0,0.0,0.0,0.0,0.0,0
Coimbatore,2024-03-10,0.0,0.0,0.0,0.0,0.0,0
Coimbatore,2024-03-11,0.0,0.0,0.0,0.0,0.0,0
Coimbatore,2024-03-12,0.0,0.0,0.0,0.0,0.0,0
Coimbatore,2024-03-13,0.0,0.0,0.0,0.0,0.0,0
Coimbatore,2024-03-14,0.0,0.0,0.0,0.0,0.0,0
Coimbatore,2024-03-15,0.0,0.0,0.0,0.0,0.0,0
Coimbatore,2024-03-16,0.2,0.2,0.1999999999999929,0.1999999999999893,0.028571428571427,0
Coimbatore,2024-03-17,0.0,0.0,0.1999999999999929,0.1999999999999893,0.028571428571427,0
Coimbatore,2024-03-18,0.0,0.0,0.1999999999999929,0.1999999999999893,0.028571428571427,0
Coimbatore,2024-03-19,0.0,0.0,0.0,0.1999999999999893,0.028571428571427,0
Coimbatore,2024-03-20,0.0,0.0,0.0,0.1999999999999893,0.028571428571427,0
Coimbatore,2024-03-21,0.4,0.4,0.3999999999999929,0.5999999999999894,0.0857142857142842,0
Coimbatore,2024-03-22,0.3,0.3,0.6999999999999929,0.8999999999999894,0.128571428571427,0
Coimbatore,2024-03-23,0.0,0.0,0.6999999999999929,0.6999999999999893,0.0999999999999984,0
Coimbatore,2024-03-24,0.0,0.0,0.2999999999999929,0.6999999999999893,0.0999999999999984,0
Coimbatore,2024-03-25,0.0,0.0,0.0,0.6999999999999893,0.0999999999999984,0
Coimbatore,2024-03-26,0.0,0.0,0.0,0.6999999999999893,0.0999999999999984,0
Coimbatore,2024-03-27,0.0,0.0,0.0,0.6999999999999893,0.0999999999999984,0
Coimbatore,2024-03-28,0.0,0.0,0.0,0.2999999999999893,0.0428571428571413,0
Coimbatore,2024-03-29,0.0,0.0,0.0,0.0,0.0,0
Coimbatore,2024-03-30,0.0,0.0,0.0,0.0,0.0,0
Coimbatore,2024-03-31,0.0,0.0,0.0,0.0,0.0,0
Coimbatore,2024-04-01,0.0,0.0,0.0,0.0,0.0,0
Coimbatore,2024-04-02,0.0,0.0,0.0,0.0,0.0,0
Coimbatore,2024-04-03,0.0,0.0,0.0,0.0,0.0,0
Coimbatore,2024-04-04,0.0,0.0,0.0,0.0,0.0,0
Coimbatore,2024-04-05,0.0,0.0,0.0,0.0,0.0,0
Coimbatore,2024-04-06,0.0,0.0,0.0,0.0,0.0,0
Coimbatore,2024-04-07,0.0,0.0,0.0,0.0,0.0,0
Coimbatore,2024-04-08,0.0,0.0,0.0,0.0,0.0,0
Coimbatore,2024-04-09,0.0,0.0,0.0,0.0,0.0,0
Coimbatore,2024-04-10,0.0,0.0,0.0,0.0,0.0,0
Coimbatore,2024-04-11,0.0,0.0,0.0,0.0,0.0,0
Coimbatore,2024-04-12,13.5,13.5,13.499999999999991,13.49999999999999,1.928571428571427,0
Coimbatore,2024-04-13,0.6,0.6,14.099999999999993,14.099999999999987,2.014285714285713,0
Coimbatore,2024-04-14,0.3,0.3,14.399999999999991,14.39999999999999,2.057142857142856,0
Coimbatore,2024-04-15,0.0,0.0,0.8999999999999928,14.39999999999999,2.057142857142856,0
Coimbatore,2024-04-16,0.0,0.0,0.2999999999999929,14.39999999999999,2.057142857142856,0
Coimbatore,2024-04-17,0.0,0.0,0.0,14.39999999999999,2.057142857142856,0
Coimbatore,2024-04-18,0.0,0.0,0.0,14.39999999999999,2.057142857142856,0
Coimbatore,2024-04-19,0.2,0.2,0.1999999999999929,1.0999999999999894,0.1571428571428556,0
Coimbatore,2024-04-20,0.0,0.0,0.1999999999999929,0.4999999999999893,0.0714285714285699,0
Coimbatore,2024-04-21,0.0,0.0,0.1999999999999929,0.1999999999999893,0.028571428571427,0
Coimbatore,2024-04-22,0.0,0.0,0.0,0.1999999999999893,0.028571428571427,0
Coimbatore,2024-04-23,0.0,0.0,0.0,0.1999999999999893,0.028571428571427,0
Coimbatore,2024-04-24,0.0,0.0,0.0,0.1999999999999893,0.028571428571427,0
Coimbatore,2024-04-25,0.0,0.0,0.0,0.1999999999999893,0.028571428571427,0
Coimbatore,2024-04-26,0.0,0.0,0.0,0.0,0.0,0
Coimbatore,2024-04-27,0.0,0.0,0.0,0.0,0.0,0
Coimbatore,2024-04-28,0.0,0.0,0.0,0.0,0.0,0
Coimbatore,2024-04-29,0.0,0.0,0.0,0.0,0.0,0
Coimbatore,2024-04-30,0.0,0.0,0.0,0.0,0.0,0
Coimbatore,2024-05-01,0.0,0.0,0.0,0.0,0.0,0
Coimbatore,2024-05-02,0.0,0.0,0.0,0.0,0.0,0
Coimbatore,2024-05-03,0.0,0.0,0.0,0.0,0.0,0
Coimbatore,2024-05-04,2.4,2.4,2.399999999999993,2.3999999999999893,0.3428571428571413,0
Coimbatore,2024-05-05,9.0,9.0,11.399999999999991,11.39999999999999,1.628571428571427,0
Coimbatore,2024-05-06,0.9,0.9,12.299999999999994,12.29999999999999,1.7571428571428558,0
Coimbatore,2024-05-07,0.0,0.0,9.899999999999991,12.29999999999999,1.7571428571428558,0
Coimbatore,2024-05-08,0.1,0.1,0.9999999999999928,12.39999999999999,1.77142857142857,0
Coimbatore,2024-05-09,1.1,1.1,1.199999999999993,13.49999999999999,1.928571428571427,0
Coimbatore,2024-05-10,12.0,12.0,13.199999999999992,25.49999999999999,3.6428571428571415,0
Coimbatore,2024-05-11,11.6,11.6,24.699999999999992,34.69999999999999,4.957142857142856,0
Coimbatore,2024-05-12,11.8,11.8,35.39999999999999,37.49999999999999,5.357142857142856,0
Coimbatore,2024-05-13,3.5,3.5,26.89999999999999,40.1,5.728571428571428,0
Coimbatore,2024-05-14,19.6,19.6,34.89999999999999,59.7,8.528571428571428,1
Coimbatore,2024-05-15,14.8,14.8,37.89999999999999,74.39999999999999,10.628571428571428,1
Coimbatore,2024-05-16,6.6,6.6,40.99999999999999,79.89999999999999,11.414285714285713,1
Coimbatore,2024-05-17,13.1,13.1,34.499999999999986,81.0,11.571428571428571,1
Coimbatore,2024-05-18,1.6,1.6,21.29999999999999,70.99999999999999,10.14285714285714,1
Coimbatore,2024-05-19,24.4,24.4,39.09999999999999,83.6,11.94285714285714,1
Coimbatore,2024-05-20,6.1,6.1,32.09999999999999,86.19999999999999,12.314285714285711,1
Coimbatore,2024-05-21,12.1,12.1,42.59999999999999,78.7,11.242857142857144,1
Coimbatore,2024-05-22,24.2,24.2,42.39999999999999,88.1,12.585714285714284,1
Coimbatore,2024-05-23,22.3,22.3,58.59999999999999,103.8,14.828571428571427,2
Coimbatore,2024-05-24,38.9,38.9,85.39999999999998,129.59999999999997,18.51428571428571,2
Coimbatore,2024-05-25,1.0,1.0,62.19999999999999,129.0,18.428571428571427,2
Coimbatore,2024-05-26,3.3,3.3,43.19999999999999,107.89999999999998,15.414285714285713,2
Coimbatore,2024-05-27,0.0,0.0,4.299999999999986,101.79999999999998,14.54285714285714,2
Coimbatore,2024-05-28,0.0,0.0,3.2999999999999856,89.69999999999999,12.814285714285711,1
Coimbatore,2024-05-29,1.2,1.2,1.1999999999999855,66.69999999999999,9.528571428571428,1
Coimbatore,2024-05-30,0.2,0.2,1.3999999999999857,44.6,6.371428571428571,0
Coimbatore,2024-05-31,2.0,2.0,3.3999999999999857,7.699999999999985,1.099999999999998,0
Coimbatore,2024-06-01,6.3,6.3,8.499999999999986,12.999999999999986,1.8571428571428552,0
Coimbatore,2024-06-02,5.2,5.2,13.499999999999986,14.899999999999984,2.1285714285714263,0
Coimbatore,2024-06-03,2.2,2.2,13.699999999999983,17.099999999999987,2.442857142857141,0
Coimbatore,2024-06-04,2.4,2.4,9.799999999999986,19.499999999999982,2.785714285714284,0
Coimbatore,2024-06-05,1.1,1.1,5.699999999999986,19.399999999999984,2.771428571428569,0
Coimbatore,2024-06-06,15.6,15.6,19.099999999999987,34.79999999999998,4.971428571428569,0
Coimbatore,2024-06-07,6.6,6.6,23.299999999999983,39.399999999999984,5.628571428571426,0
Coimbatore,2024-06-08,10.8,10.8,32.999999999999986,43.899999999999984,6.27142857142857,0
Coimbatore,2024-06-09,0.4,0.4,17.799999999999983,39.09999999999999,5.585714285714284,0
Coimbatore,2024-06-10,0.9,0.9,12.099999999999987,37.79999999999998,5.399999999999998,0
Coimbatore,2024-06-11,0.2,0.2,1.4999999999999858,35.59999999999999,5.085714285714284,0
Coimbatore,2024-06-12,0.7,0.7,1.7999999999999858,35.19999999999998,5.028571428571426,0
Coimbatore,2024-06-13,1.0,1.0,1.8999999999999857,20.599999999999987,2.942857142857141,0
Coimbatore,2024-06-14,0.0,0.0,1.6999999999999855,13.999999999999986,1.999999999999998,0
Coimbatore,2024-06-15,0.2,0.2,1.1999999999999855,3.3999999999999857,0.4857142857142836,0
Coimbatore,2024-06-16,0.4,0.4,0.5999999999999859,3.3999999999999857,0.4857142857142836,0
Coimbatore,2024-06-17,1.3,1.3,1.899999999999986,3.799999999999986,0.5428571428571408,0
Coimbatore,2024-06-18,4.9,4.9,6.599999999999986,8.499999999999986,1.2142857142857122,0
Coimbatore,2024-06-19,5.3,5.3,11.499999999999986,13.099999999999984,1.8714285714285692,0
Coimbatore,2024-06-20,0.1,0.1,10.299999999999985,12.199999999999983,1.7428571428571409,0
Coimbatore,2024-06-21,0.7,0.7,6.099999999999985,12.899999999999986,1.842857142857141,0
Coimbatore,2024-06-22,6.5,6.5,7.299999999999986,19.199999999999985,2.7428571428571407,0
Coimbatore,2024-06-23,18.8,18.8,25.999999999999982,37.59999999999998,5.371428571428568,0
Coimbatore,2024-06-24,12.9,12.9,38.19999999999999,49.19999999999999,7.028571428571427,0
Coimbatore,2024-06-25,7.8,7.8,39.49999999999999,52.09999999999998,7.44285714285714,1
Coimbatore,2024-06-26,51.7,51.7,72.39999999999999,98.5,14.07142857142857,1
Coimbatore,2024-06-27,10.0,10.0,69.5,108.4,15.485714285714284,2
Coimbatore,2024-06-28,0.0,0.0,61.69999999999999,107.7,15.385714285714284,2
Coimbatore,2024-06-29,0.0,0.0,9.999999999999986,101.2,14.457142857142856,2
Coimbatore,2024-06-30,1.1,1.1,1.099999999999986,83.49999999999997,11.928571428571423,1
Coimbatore,2024-07-01,1.0,1.0,2.099999999999986,71.59999999999998,10.228571428571426,1
Coimbatore,2024-07-02,0.0,0.0,2.099999999999986,63.79999999999998,9.114285714285712,1
Coimbatore,2024-07-03,4.0,4.0,4.999999999999986,16.09999999999998,2.299999999999997,0
Coimbatore,2024-07-04,3.2,3.2,7.199999999999986,9.29999999999998,1.3285714285714256,0
Coimbatore,2024-07-05,5.1,5.1,12.299999999999986,14.39999999999998,2.0571428571428543,0
Coimbatore,2024-07-06,0.2,0.2,8.499999999999986,14.599999999999978,2.0857142857142827,0
Coimbatore,2024-07-07,1.1,1.1,6.399999999999985,14.59999999999998,2.0857142857142827,0
Coimbatore,2024-07-08,1.4,1.4,2.699999999999986,14.99999999999998,2.14285714285714,0
Coimbatore,2024-07-09,2.5,2.5,4.999999999999986,17.49999999999998,2.499999999999997,0
Coimbatore,2024-07-10,4.2,4.2,8.099999999999987,17.69999999999998,2.528571428571426,0
Coimbatore,2024-07-11,0.6,0.6,7.299999999999986,15.09999999999998,2.1571428571428544,0
Coimbatore,2024-07-12,20.9,20.9,25.699999999999985,30.899999999999977,4.414285714285711,0
Coimbatore,2024-07-13,1.1,1.1,22.599999999999987,31.79999999999998,4.54285714285714,0
Coimbatore,2024-07-14,2.6,2.6,24.599999999999984,33.299999999999976,4.757142857142854,0
Coimbatore,2024-07-15,8.1,8.1,11.799999999999986,39.99999999999998,5.714285714285711,0
Coimbatore,2024-07-16,6.7,6.7,17.399999999999988,44.19999999999998,6.314285714285711,0
Coimbatore,2024-07-17,5.6,5.6,20.399999999999984,45.59999999999997,6.514285714285711,0
Coimbatore,2024-07-18,9.1,9.1,21.399999999999988,54.09999999999998,7.728571428571426,1
Coimbatore,2024-07-19,1.0,1.0,15.699999999999989,34.199999999999974,4.885714285714282,0
Coimbatore,2024-07-20,0.3,0.3,10.399999999999988,33.39999999999998,4.771428571428568,0
Coimbatore,2024-07-21,0.6,0.6,1.8999999999999893,31.399999999999977,4.485714285714282,0
Coimbatore,2024-07-22,0.0,0.0,0.8999999999999893,23.299999999999976,3.328571428571425,0
Coimbatore,2024-07-23,0.2,0.2,0.7999999999999892,16.79999999999998,2.399999999999997,0
Coimbatore,2024-07-24,0.1,0.1,0.2999999999999894,11.299999999999976,1.6142857142857108,0
Coimbatore,2024-07-25,2.2,2.2,2.4999999999999893,4.399999999999979,0.6285714285714256,0
Coimbatore,2024-07-26,1.2,1.2,3.4999999999999893,4.599999999999978,0.657142857142854,0
Coimbatore,2024-07-27,0.3,0.3,3.6999999999999895,4.599999999999978,0.657142857142854,0
Coimbatore,2024-07-28,0.0,0.0,1.4999999999999891,3.9999999999999782,0.5714285714285684,0
Coimbatore,2024-07-29,6.6,6.6,6.899999999999989,10.599999999999978,1.5142857142857111,0
Coimbatore,2024-07-30,43.3,43.3,49.899999999999984,53.69999999999997,7.671428571428568,1
Coimbatore,2024-07-31,11.9,11.9,61.79999999999998,65.49999999999997,9.357142857142852,1
Coimbatore,2024-08-01,2.2,2.2,57.399999999999984,65.49999999999997,9.357142857142852,1
Coimbatore,2024-08-02,0.1,0.1,14.199999999999989,64.39999999999996,9.199999999999994,1
Coimbatore,2024-08-03,4.8,4.8,7.099999999999985,68.89999999999998,9.84285714285714,1
Coimbatore,2024-08-04,2.8,2.8,7.699999999999985,71.69999999999997,10.242857142857138,1
Coimbatore,2024-08-05,5.5,5.5,13.099999999999984,70.59999999999998,10.085714285714284,1
Coimbatore,2024-08-06,1.9,1.9,10.199999999999989,29.199999999999974,4.171428571428568,0
Coimbatore,2024-08-07,33.5,33.5,40.899999999999984,50.799999999999976,7.257142857142854,1
Coimbatore,2024-08-08,4.7,4.7,40.09999999999999,53.29999999999998,7.614285714285712,1
Coimbatore,2024-08-09,5.4,5.4,43.59999999999999,58.59999999999998,8.371428571428568,1
Coimbatore,2024-08-10,5.8,5.8,15.899999999999986,59.59999999999998,8.51428571428571,1
Coimbatore,2024-08-11,4.7,4.7,15.899999999999984,61.49999999999998,8.785714285714283,1
Coimbatore,2024-08-12,2.4,2.4,12.899999999999986,58.39999999999998,8.34285714285714,1
Coimbatore,2024-08-13,27.9,27.9,34.999999999999986,84.39999999999998,12.057142857142852,1
Coimbatore,2024-08-14,2.2,2.2,32.499999999999986,53.09999999999998,7.585714285714283,1
Coimbatore,2024-08-15,3.2,3.2,33.29999999999998,51.59999999999997,7.371428571428567,1
Coimbatore,2024-08-16,3.7,3.7,9.099999999999987,49.89999999999998,7.1285714285714255,0
Coimbatore,2024-08-17,0.0,0.0,6.899999999999986,44.09999999999998,6.299999999999997,0
Coimbatore,2024-08-18,0.0,0.0,3.699999999999986,39.39999999999998,5.6285714285714255,0
Coimbatore,2024-08-19,0.1,0.1,0.0999999999999858,37.09999999999998,5.299999999999997,0
Coimbatore,2024-08-20,1.5,1.5,1.599999999999986,10.69999999999998,1.5285714285714256,0
Coimbatore,2024-08-21,0.3,0.3,1.899999999999986,8.799999999999978,1.257142857142854,0
Coimbatore,2024-08-22,0.0,0.0,1.7999999999999858,5.599999999999979,0.799999999999997,0
Coimbatore,2024-08-23,0.0,0.0,0.2999999999999858,1.8999999999999788,0.2714285714285684,0
Coimbatore,2024-08-24,0.6,0.6,0.5999999999999858,2.4999999999999787,0.3571428571428541,0
Coimbatore,2024-08-25,0.0,0.0,0.5999999999999858,2.4999999999999787,0.3571428571428541,0
Coimbatore,2024-08-26,0.2,0.2,0.7999999999999858,2.5999999999999788,0.3714285714285684,0
Coimbatore,2024-08-27,0.0,0.0,0.1999999999999858,1.0999999999999786,0.1571428571428541,0
Coimbatore,2024-08-28,1.1,1.1,1.2999999999999858,1.8999999999999784,0.2714285714285683,0
Coimbatore,2024-08-29,3.2,3.2,4.2999999999999865,5.099999999999978,0.7285714285714254,0
Coimbatore,2024-08-30,0.9,0.9,5.199999999999986,5.999999999999979,0.8571428571428541,0
Coimbatore,2024-08-31,0.4,0.4,4.499999999999986,5.799999999999979,0.8285714285714256,0
Coimbatore,2024-09-01,2.5,2.5,3.799999999999986,8.29999999999998,1.1857142857142828,0
Coimbatore,2024-09-02,4.9,4.9,7.799999999999986,12.99999999999998,1.857142857142854,0
Coimbatore,2024-09-03,2.1,2.1,9.499999999999986,15.099999999999978,2.157142857142854,0
Coimbatore,2024-09-04,0.0,0.0,6.999999999999986,13.99999999999998,1.999999999999997,0
Coimbatore,2024-09-05,0.8,0.8,2.899999999999986,11.59999999999998,1.6571428571428544,0
Coimbatore,2024-09-06,4.0,4.0,4.7999999999999865,14.69999999999998,2.099999999999997,0
Coimbatore,2024-09-07,1.4,1.4,6.199999999999987,15.69999999999998,2.24285714285714,0
Coimbatore,2024-09-08,0.0,0.0,5.399999999999986,13.19999999999998,1.8857142857142828,0
Coimbatore,2024-09-09,0.5,0.5,1.8999999999999864,8.79999999999998,1.2571428571428542,0
Coimbatore,2024-09-10,0.1,0.1,0.5999999999999867,6.799999999999979,0.9714285714285684,0
Coimbatore,2024-09-11,0.0,0.0,0.5999999999999867,6.799999999999979,0.9714285714285684,0
Coimbatore,2024-09-12,1.1,1.1,1.1999999999999869,7.099999999999978,1.0142857142857111,0
Coimbatore,2024-09-13,0.2,0.2,1.2999999999999867,3.299999999999979,0.4714285714285684,0
Coimbatore,2024-09-14,10.3,10.3,11.599999999999987,12.19999999999998,1.74285714285714,0
Coimbatore,2024-09-15,5.3,5.3,15.799999999999986,17.49999999999998,2.499999999999997,0
Coimbatore,2024-09-16,0.0,0.0,15.599999999999987,16.99999999999998,2.4285714285714257,0
Coimbatore,2024-09-17,6.8,6.8,12.099999999999984,23.699999999999974,3.3857142857142826,0
Coimbatore,2024-09-18,0.9,0.9,7.699999999999986,24.599999999999977,3.514285714285711,0
Coimbatore,2024-09-19,3.0,3.0,10.699999999999983,26.49999999999998,3.7857142857142825,0
Coimbatore,2024-09-20,0.0,0.0,3.8999999999999857,26.29999999999998,3.757142857142854,0
Coimbatore,2024-09-21,2.4,2.4,5.399999999999986,18.399999999999977,2.628571428571425,0
Coimbatore,2024-09-22,1.1,1.1,3.499999999999986,14.199999999999978,2.0285714285714254,0
Coimbatore,2024-09-23,5.2,5.2,8.699999999999985,19.399999999999977,2.771428571428568,0
Coimbatore,2024-09-24,0.6,0.6,6.899999999999985,13.199999999999978,1.8857142857142823,0
Coimbatore,2024-09-25,0.0,0.0,5.799999999999986,12.299999999999978,1.757142857142854,0
Coimbatore,2024-09-26,2.6,2.6,3.199999999999986,11.899999999999975,1.6999999999999968,0
Coimbatore,2024-09-27,3.5,3.5,6.099999999999985,15.399999999999975,2.1999999999999966,0
Coimbatore,2024-09-28,6.2,6.2,12.299999999999986,19.19999999999998,2.74285714285714,0
Coimbatore,2024-09-29,9.4,9.4,19.099999999999987,27.49999999999998,3.9285714285714257,0
Coimbatore,2024-09-30,1.7,1.7,17.299999999999986,23.99999999999998,3.4285714285714257,0
Coimbatore,2024-10-01,0.1,0.1,11.199999999999989,23.49999999999998,3.357142857142854,0
Coimbatore,2024-10-02,0.4,0.4,2.199999999999986,23.899999999999977,3.414285714285711,0
Coimbatore,2024-10-03,1.2,1.2,1.6999999999999855,22.49999999999998,3.2142857142857117,0
Coimbatore,2024-10-04,13.1,13.1,14.699999999999983,32.09999999999998,4.585714285714283,0
Coimbatore,2024-10-05,15.5,15.5,29.799999999999983,41.39999999999998,5.914285714285711,0
Coimbatore,2024-10-06,5.0,5.0,33.59999999999999,36.99999999999998,5.285714285714283,0
Coimbatore,2024-10-07,37.6,37.6,58.09999999999999,72.89999999999998,10.414285714285713,1
Coimbatore,2024-10-08,10.4,10.4,52.99999999999999,83.19999999999999,11.885714285714284,1
Coimbatore,2024-10-09,2.4,2.4,50.399999999999984,85.19999999999997,12.171428571428567,1
Coimbatore,2024-10-10,0.5,0.5,13.299999999999986,84.49999999999997,12.071428571428568,1
Coimbatore,2024-10-11,6.2,6.2,9.099999999999984,77.59999999999998,11.085714285714284,1
Coimbatore,2024-10-12,20.6,20.6,27.299999999999983,82.69999999999999,11.814285714285711,1
Coimbatore,2024-10-13,7.3,7.3,34.09999999999999,84.99999999999999,12.14285714285714,1
Coimbatore,2024-10-14,9.1,9.1,36.99999999999999,56.49999999999998,8.071428571428568,1
Coimbatore,2024-10-15,18.9,18.9,35.29999999999998,64.99999999999997,9.28571428571428,1
Coimbatore,2024-10-16,7.9,7.9,35.899999999999984,70.49999999999999,10.07142857142857,1
Coimbatore,2024-10-17,1.6,1.6,28.399999999999984,71.59999999999998,10.228571428571426,1
Coimbatore,2024-10-18,0.3,0.3,9.799999999999986,65.69999999999997,9.385714285714284,1
Coimbatore,2024-10-19,1.4,1.4,3.2999999999999856,46.49999999999998,6.64285714285714,0
Coimbatore,2024-10-20,0.1,0.1,1.7999999999999858,39.299999999999976,5.614285714285711,0
Coimbatore,2024-10-21,6.2,6.2,7.699999999999986,36.39999999999998,5.199999999999997,0
Coimbatore,2024-10-22,9.0,9.0,15.299999999999986,26.49999999999998,3.7857142857142825,0
Coimbatore,2024-10-23,2.4,2.4,17.599999999999987,20.99999999999998,2.999999999999997,0
Coimbatore,2024-10-24,2.1,2.1,13.499999999999986,21.49999999999998,3.0714285714285685,0
Coimbatore,2024-10-25,20.5,20.5,24.999999999999982,41.69999999999997,5.957142857142854,0
Coimbatore,2024-10-26,11.2,11.2,33.79999999999998,51.49999999999998,7.357142857142854,1
Coimbatore,2024-10-27,0.0,0.0,31.699999999999985,51.39999999999998,7.34285714285714,1
Coimbatore,2024-10-28,0.0,0.0,11.199999999999983,45.19999999999997,6.457142857142854,0
Coimbatore,2024-10-29,0.7,0.7,0.6999999999999857,36.89999999999998,5.271428571428568,0
Coimbatore,2024-10-30,0.5,0.5,1.1999999999999855,34.99999999999998,4.999999999999997,0
Coimbatore,2024-10-31,5.8,5.8,6.999999999999986,38.69999999999997,5.528571428571425,0
Coimbatore,2024-11-01,12.7,12.7,18.999999999999982,30.899999999999977,4.414285714285711,0
Coimbatore,2024-11-02,33.9,33.9,52.399999999999984,53.59999999999998,7.657142857142854,1
Coimbatore,2024-11-03,7.1,7.1,53.69999999999999,60.69999999999997,8.671428571428567,1
Coimbatore,2024-11-04,14.0,14.0,54.99999999999999,74.69999999999997,10.671428571428567,1
Coimbatore,2024-11-05,7.8,7.8,28.899999999999984,81.79999999999997,11.685714285714282,1
Coimbatore,2024-11-06,0.1,0.1,21.899999999999984,81.39999999999996,11.628571428571425,1
Coimbatore,2024-11-07,2.4,2.4,10.299999999999986,77.99999999999997,11.14285714285714,1
Coimbatore,2024-11-08,0.5,0.5,2.999999999999986,65.79999999999997,9.399999999999997,1
Coimbatore,2024-11-09,0.6,0.6,3.499999999999986,32.49999999999998,4.64285714285714,0
Coimbatore,2024-11-10,0.0,0.0,1.099999999999986,25.399999999999977,3.6285714285714255,0
Coimbatore,2024-11-11,0.0,0.0,0.5999999999999858,11.39999999999998,1.6285714285714257,0
Coimbatore,2024-11-12,0.6,0.6,0.5999999999999858,4.199999999999979,0.599999999999997,0
Coimbatore,2024-11-13,1.1,1.1,1.699999999999986,5.199999999999979,0.7428571428571399,0
Coimbatore,2024-11-14,12.3,12.3,13.999999999999986,15.09999999999998,2.1571428571428544,0
Coimbatore,2024-11-15,7.3,7.3,20.699999999999985,21.89999999999998,3.128571428571426,0
Coimbatore,2024-11-16,13.5,13.5,33.09999999999998,34.79999999999998,4.971428571428569,0
Coimbatore,2024-11-17,18.0,18.0,38.79999999999998,52.79999999999998,7.54285714285714,1
Coimbatore,2024-11-18,0.5,0.5,31.999999999999982,53.29999999999998,7.614285714285712,1
Coimbatore,2024-11-19,1.4,1.4,19.89999999999998,54.09999999999998,7.728571428571426,1
Coimbatore,2024-11-20,0.5,0.5,2.399999999999982,53.49999999999999,7.642857142857141,1
Coimbatore,2024-11-21,0.8,0.8,2.6999999999999824,41.99999999999998,5.999999999999997,0
Coimbatore,2024-11-22,0.0,0.0,1.2999999999999825,34.69999999999998,4.957142857142855,0
Coimbatore,2024-11-23,0.0,0.0,0.7999999999999823,21.199999999999974,3.0285714285714254,0
Coimbatore,2024-11-24,0.0,0.0,0.0,3.199999999999979,0.4571428571428541,0
Coimbatore,2024-11-25,0.4,0.4,0.3999999999999822,3.0999999999999788,0.4428571428571398,0
Coimbatore,2024-11-26,20.1,20.1,20.499999999999982,21.79999999999998,3.114285714285711,0
Coimbatore,2024-11-27,0.3,0.3,20.799999999999983,21.59999999999998,3.0857142857142827,0
Coimbatore,2024-11-28,0.0,0.0,20.399999999999984,20.79999999999998,2.9714285714285684,0
Coimbatore,2024-11-29,0.0,0.0,0.2999999999999822,20.79999999999998,2.9714285714285684,0
Coimbatore,2024-11-30,0.2,0.2,0.1999999999999822,20.99999999999998,2.999999999999997,0
Coimbatore,2024-12-01,26.2,26.2,26.39999999999998,47.19999999999997,6.742857142857139,0
Coimbatore,2024-12-02,1.1,1.1,27.499999999999982,47.89999999999998,6.84285714285714,0
Coimbatore,2024-12-03,2.0,2.0,29.299999999999983,29.79999999999998,4.257142857142855,0
Coimbatore,2024-12-04,0.9,0.9,3.9999999999999822,30.399999999999977,4.34285714285714,0
Coimbatore,2024-12-05,1.0,1.0,3.899999999999982,31.399999999999977,4.485714285714282,0
Coimbatore,2024-12-06,0.2,0.2,2.0999999999999823,31.599999999999977,4.514285714285711,0
Coimbatore,2024-12-07,8.7,8.7,9.89999999999998,40.09999999999998,5.728571428571426,0
Coimbatore,2024-12-08,0.1,0.1,8.99999999999998,13.999999999999975,1.999999999999997,0
Coimbatore,2024-12-09,0.1,0.1,8.89999999999998,12.999999999999975,1.8571428571428537,0
Coimbatore,2024-12-10,1.9,1.9,2.099999999999982,12.899999999999975,1.84285714285714,0
Coimbatore,2024-12-11,0.0,0.0,1.999999999999982,11.999999999999975,1.714285714285711,0
Coimbatore,2024-12-12,14.0,14.0,15.899999999999984,24.99999999999998,3.5714285714285685,0
Coimbatore,2024-12-13,6.4,6.4,20.399999999999984,31.199999999999974,4.457142857142854,0
Coimbatore,2024-12-14,2.8,2.8,23.19999999999998,25.29999999999998,3.614285714285711,0
Coimbatore,2024-12-15,0.0,0.0,9.199999999999982,25.199999999999974,3.599999999999997,0
Coimbatore,2024-12-16,0.0,0.0,2.799999999999982,25.09999999999998,3.5857142857142827,0
Coimbatore,2024-12-17,0.0,0.0,0.0,23.199999999999974,3.314285714285711,0
Coimbatore,2024-12-18,0.0,0.0,0.0,23.199999999999974,3.314285714285711,0
Coimbatore,2024-12-19,0.1,0.1,0.0999999999999822,9.29999999999998,1.3285714285714256,0
Coimbatore,2024-12-20,0.0,0.0,0.0999999999999822,2.8999999999999786,0.4142857142857112,0
Coimbatore,2024-12-21,0.1,0.1,0.1999999999999822,0.1999999999999787,0.0285714285714255,0
Coimbatore,2024-12-22,0.5,0.5,0.5999999999999822,0.6999999999999786,0.0999999999999969,0
Coimbatore,2024-12-23,0.0,0.0,0.5999999999999822,0.6999999999999786,0.0999999999999969,0
Coimbatore,2024-12-24,0.0,0.0,0.4999999999999822,0.6999999999999786,0.0999999999999969,0
Coimbatore,2024-12-25,0.0,0.0,0.0,0.6999999999999786,0.0999999999999969,0
Coimbatore,2024-12-26,3.2,3.2,3.1999999999999824,3.799999999999979,0.5428571428571398,0
Coimbatore,2024-12-27,18.1,18.1,21.299999999999983,21.89999999999998,3.128571428571426,0
Coimbatore,2024-12-28,1.3,1.3,22.599999999999984,23.09999999999998,3.299999999999997,0
Coimbatore,2024-12-29,2.5,2.5,21.899999999999984,25.09999999999998,3.5857142857142827,0
Coimbatore,2024-12-30,3.5,3.5,7.299999999999982,28.59999999999998,4.085714285714283,0
Coimbatore,2024-12-31,0.8,0.8,6.799999999999982,29.39999999999998,4.1999999999999975,0
Coimbatore,2025-01-01,0.0,0.0,4.299999999999982,29.39999999999998,4.1999999999999975,0
Coimbatore,2025-01-02,0.3,0.3,1.0999999999999823,26.49999999999998,3.7857142857142825,0
Coimbatore,2025-01-03,0.0,0.0,0.2999999999999822,8.399999999999979,1.199999999999997,0
Coimbatore,2025-01-04,0.0,0.0,0.2999999999999822,7.099999999999978,1.0142857142857111,0
Coimbatore,2025-01-05,0.0,0.0,0.0,4.599999999999978,0.657142857142854,0
Coimbatore,2025-01-06,0.1,0.1,0.0999999999999822,1.1999999999999786,0.1714285714285683,0
Coimbatore,2025-01-07,0.0,0.0,0.0999999999999822,0.3999999999999787,0.0571428571428541,0
Coimbatore,2025-01-08,0.3,0.3,0.3999999999999822,0.6999999999999786,0.0999999999999969,0
Coimbatore,2025-01-09,0.0,0.0,0.2999999999999822,0.3999999999999786,0.057142857142854,0
Coimbatore,2025-01-10,0.2,0.2,0.4999999999999822,0.5999999999999787,0.0857142857142826,0
Coimbatore,2025-01-11,0.0,0.0,0.1999999999999822,0.5999999999999787,0.0857142857142826,0
Coimbatore,2025-01-12,0.2,0.2,0.3999999999999822,0.7999999999999787,0.1142857142857112,0
Coimbatore,2025-01-13,17.7,17.7,17.89999999999998,18.399999999999977,2.628571428571425,0
Coimbatore,2025-01-14,13.3,13.3,31.19999999999998,31.699999999999974,4.528571428571426,0
Coimbatore,2025-01-15,1.5,1.5,32.499999999999986,32.89999999999998,4.699999999999997,0
Coimbatore,2025-01-16,0.0,0.0,14.799999999999985,32.89999999999998,4.699999999999997,0
Coimbatore,2025-01-17,0.0,0.0,1.4999999999999822,32.699999999999974,4.671428571428568,0
Coimbatore,2025-01-18,1.1,1.1,1.0999999999999823,33.799999999999976,4.828571428571425,0
Coimbatore,2025-01-19,13.9,13.9,14.999999999999982,47.49999999999998,6.785714285714283,0
Coimbatore,2025-01-20,0.0,0.0,14.999999999999982,29.79999999999998,4.257142857142855,0
Coimbatore,2025-01-21,0.0,0.0,13.899999999999984,16.49999999999998,2.357142857142854,0
Coimbatore,2025-01-22,0.0,0.0,0.0,14.99999999999998,2.14285714285714,0
Coimbatore,2025-01-23,0.3,0.3,0.2999999999999822,15.29999999999998,2.185714285714283,0
Coimbatore,2025-01-24,0.1,0.1,0.3999999999999822,15.39999999999998,2.199999999999997,0
Coimbatore,2025-01-25,0.0,0.0,0.3999999999999822,14.29999999999998,2.04285714285714,0
Coimbatore,2025-01-26,0.0,0.0,0.0999999999999822,0.3999999999999787,0.0571428571428541,0
Coimbatore,2025-01-27,0.0,0.0,0.0,0.3999999999999787,0.0571428571428541,0
Coimbatore,2025-01-28,0.0,0.0,0.0,0.3999999999999787,0.0571428571428541,0
Coimbatore,2025-01-29,0.0,0.0,0.0,0.3999999999999787,0.0571428571428541,0
Coimbatore,2025-01-30,0.0,0.0,0.0,0.0999999999999786,0.0142857142857112,0
Coimbatore,2025-01-31,0.6,0.6,0.5999999999999822,0.5999999999999787,0.0857142857142826,0
Coimbatore,2025-02-01,1.2,1.2,1.799999999999982,1.7999999999999785,0.257142857142854,0
Coimbatore,2025-02-02,0.0,0.0,1.7999999999999825,1.7999999999999787,0.2571428571428541,0
Coimbatore,2025-02-03,0.1,0.1,1.2999999999999825,1.8999999999999788,0.2714285714285684,0
Coimbatore,2025-02-04,0.0,0.0,0.0999999999999822,1.8999999999999788,0.2714285714285684,0
Coimbatore,2025-02-05,0.0,0.0,0.0999999999999822,1.8999999999999788,0.2714285714285684,0
Coimbatore,2025-02-06,0.0,0.0,0.0,1.8999999999999788,0.2714285714285684,0
Coimbatore,2025-02-07,0.0,0.0,0.0,1.299999999999979,0.1857142857142827,0
Coimbatore,2025-02-08,0.0,0.0,0.0,0.0999999999999786,0.0142857142857112,0
Coimbatore,2025-02-09,0.0,0.0,0.0,0.0999999999999786,0.0142857142857112,0
Coimbatore,2025-02-10,0.0,0.0,0.0,0.0,0.0,0
Coimbatore,2025-02-11,0.0,0.0,0.0,0.0,0.0,0
Coimbatore,2025-02-12,0.0,0.0,0.0,0.0,0.0,0
Coimbatore,2025-02-13,0.0,0.0,0.0,0.0,0.0,0
Coimbatore,2025-02-14,0.0,0.0,0.0,0.0,0.0,0
Coimbatore,2025-02-15,0.0,0.0,0.0,0.0,0.0,0
Coimbatore,2025-02-16,0.0,0.0,0.0,0.0,0.0,0
Coimbatore,2025-02-17,0.0,0.0,0.0,0.0,0.0,0
Coimbatore,2025-02-18,0.0,0.0,0.0,0.0,0.0,0
Coimbatore,2025-02-19,0.0,0.0,0.0,0.0,0.0,0
Coimbatore,2025-02-20,0.0,0.0,0.0,0.0,0.0,0
Coimbatore,2025-02-21,0.0,0.0,0.0,0.0,0.0,0
Coimbatore,2025-02-22,0.0,0.0,0.0,0.0,0.0,0
Coimbatore,2025-02-23,0.0,0.0,0.0,0.0,0.0,0
Coimbatore,2025-02-24,0.0,0.0,0.0,0.0,0.0,0
Coimbatore,2025-02-25,0.0,0.0,0.0,0.0,0.0,0
Coimbatore,2025-02-26,0.0,0.0,0.0,0.0,0.0,0
Coimbatore,2025-02-27,0.0,0.0,0.0,0.0,0.0,0
Coimbatore,2025-02-28,0.8,0.8,0.7999999999999823,0.7999999999999787,0.1142857142857112,0
Coimbatore,2025-03-01,3.5,3.5,4.299999999999982,4.2999999999999785,0.6142857142857112,0
Coimbatore,2025-03-02,2.4,2.4,6.6999999999999815,6.699999999999978,0.957142857142854,0
Coimbatore,2025-03-03,2.4,2.4,8.299999999999983,9.099999999999978,1.299999999999997,0
Coimbatore,2025-03-04,0.0,0.0,4.799999999999982,9.099999999999978,1.299999999999997,0
Coimbatore,2025-03-05,0.0,0.0,2.399999999999982,9.099999999999978,1.299999999999997,0
Coimbatore,2025-03-06,0.0,0.0,0.0,9.099999999999978,1.299999999999997,0
Coimbatore,2025-03-07,0.0,0.0,0.0,8.299999999999978,1.1857142857142826,0
Coimbatore,2025-03-08,0.0,0.0,0.0,4.7999999999999785,0.6857142857142826,0
Coimbatore,2025-03-09,0.0,0.0,0.0,2.3999999999999786,0.3428571428571398,0
Coimbatore,2025-03-10,0.0,0.0,0.0,0.0,0.0,0
Coimbatore,2025-03-11,17.2,17.2,17.19999999999998,17.199999999999978,2.457142857142854,0
Coimbatore,2025-03-12,16.1,16.1,33.29999999999998,33.29999999999998,4.757142857142855,0
Coimbatore,2025-03-13,0.0,0.0,33.29999999999998,33.29999999999998,4.757142857142855,0
Coimbatore,2025-03-14,0.0,0.0,16.099999999999984,33.29999999999998,4.757142857142855,0
Coimbatore,2025-03-15,0.0,0.0,0.0,33.29999999999998,4.757142857142855,0
Coimbatore,2025-03-16,4.8,4.8,4.799999999999982,38.09999999999998,5.44285714285714,0
Coimbatore,2025-03-17,0.6,0.6,5.399999999999982,38.69999999999998,5.528571428571426,0
Coimbatore,2025-03-18,0.2,0.2,5.599999999999982,21.69999999999998,3.099999999999997,0
Coimbatore,2025-03-19,0.0,0.0,0.7999999999999823,5.599999999999978,0.7999999999999969,0
Coimbatore,2025-03-20,0.0,0.0,0.1999999999999822,5.599999999999978,0.7999999999999969,0
Coimbatore,2025-03-21,3.2,3.2,3.1999999999999824,8.79999999999998,1.2571428571428542,0
Coimbatore,2025-03-22,12.6,12.6,15.799999999999985,21.399999999999977,3.057142857142854,0
Coimbatore,2025-03-23,18.7,18.7,34.49999999999998,35.299999999999976,5.042857142857139,0
Coimbatore,2025-03-24,0.4,0.4,31.699999999999974,35.09999999999997,5.014285714285711,0
Coimbatore,2025-03-25,0.0,0.0,19.099999999999977,34.89999999999998,4.985714285714282,0
Coimbatore,2025-03-26,0.0,0.0,0.3999999999999787,34.89999999999998,4.985714285714282,0
Coimbatore,2025-03-27,0.1,0.1,0.0999999999999786,34.99999999999998,4.999999999999997,0
Coimbatore,2025-03-28,0.0,0.0,0.0999999999999786,31.799999999999976,4.542857142857139,0
Coimbatore,2025-03-29,0.0,0.0,0.0999999999999786,19.199999999999974,2.74285714285714,0
Coimbatore,2025-03-30,0.0,0.0,0.0,0.4999999999999787,0.0714285714285683,0
Coimbatore,2025-03-31,0.0,0.0,0.0,0.0999999999999786,0.0142857142857112,0
Coimbatore,2025-04-01,0.6,0.6,0.5999999999999787,0.6999999999999786,0.0999999999999969,0
Coimbatore,2025-04-02,1.4,1.4,1.999999999999979,2.0999999999999783,0.2999999999999969,0
Coimbatore,2025-04-03,6.3,6.3,8.29999999999998,8.299999999999978,1.1857142857142826,0
Coimbatore,2025-04-04,4.1,4.1,11.79999999999998,12.399999999999975,1.7714285714285682,0
Coimbatore,2025-04-05,0.8,0.8,11.199999999999978,13.199999999999978,1.8857142857142823,0
Coimbatore,2025-04-06,9.3,9.3,14.199999999999978,22.49999999999998,3.2142857142857117,0
Coimbatore,2025-04-07,0.2,0.2,10.299999999999978,22.699999999999974,3.24285714285714,0
Coimbatore,2025-04-08,0.0,0.0,9.499999999999975,22.099999999999977,3.157142857142854,0
Coimbatore,2025-04-09,0.0,0.0,0.1999999999999769,20.699999999999974,2.957142857142854,0
Coimbatore,2025-04-10,0.5,0.5,0.4999999999999769,14.899999999999975,2.128571428571425,0
Coimbatore,2025-04-11,4.1,4.1,4.5999999999999766,14.89999999999998,2.128571428571426,0
Coimbatore,2025-04-12,2.3,2.3,6.899999999999976,16.399999999999977,2.3428571428571394,0
Coimbatore,2025-04-13,0.0,0.0,6.399999999999976,7.099999999999978,1.0142857142857111,0
Coimbatore,2025-04-14,1.3,1.3,3.599999999999977,8.199999999999978,1.1714285714285684,0
Coimbatore,2025-04-15,0.1,0.1,1.399999999999977,8.299999999999978,1.1857142857142826,0
Coimbatore,2025-04-16,0.1,0.1,1.499999999999977,8.399999999999979,1.199999999999997,0
Coimbatore,2025-04-17,0.5,0.5,0.6999999999999769,8.399999999999979,1.199999999999997,0
Coimbatore,2025-04-18,0.9,0.9,1.499999999999977,5.199999999999979,0.7428571428571399,0
Coimbatore,2025-04-19,2.4,2.4,3.7999999999999767,5.2999999999999785,0.7571428571428541,0
Coimbatore,2025-04-20,0.7,0.7,3.999999999999977,5.999999999999979,0.8571428571428541,0
Coimbatore,2025-04-21,0.3,0.3,3.399999999999977,4.999999999999979,0.7142857142857112,0
Coimbatore,2025-04-22,0.0,0.0,0.9999999999999768,4.899999999999978,0.6999999999999968,0
Coimbatore,2025-04-23,0.2,0.2,0.4999999999999769,4.999999999999979,0.7142857142857112,0
Coimbatore,2025-04-24,0.1,0.1,0.2999999999999769,4.599999999999978,0.657142857142854,0
Coimbatore,2025-04-25,0.3,0.3,0.5999999999999769,3.9999999999999782,0.5714285714285684,0
Coimbatore,2025-04-26,0.0,0.0,0.3999999999999769,1.5999999999999788,0.2285714285714255,0
Coimbatore,2025-04-27,0.0,0.0,0.2999999999999768,0.8999999999999787,0.1285714285714255,0
Coimbatore,2025-04-28,1.0,1.0,0.9999999999999768,1.5999999999999788,0.2285714285714255,0
Coimbatore,2025-04-29,0.7,0.7,1.6999999999999769,2.2999999999999785,0.3285714285714255,0
Coimbatore,2025-04-30,0.0,0.0,1.6999999999999769,2.0999999999999783,0.2999999999999969,0
Coimbatore,2025-05-01,0.5,0.5,1.1999999999999769,2.4999999999999787,0.3571428571428541,0
Coimbatore,2025-05-02,1.9,1.9,2.399999999999977,4.099999999999978,0.5857142857142826,0
Coimbatore,2025-05-03,0.8,0.8,3.199999999999977,4.899999999999979,0.699999999999997,0
Coimbatore,2025-05-04,0.1,0.1,2.7999999999999767,4.999999999999979,0.7142857142857112,0
Coimbatore,2025-05-05,0.5,0.5,1.3999999999999768,4.499999999999979,0.6428571428571398,0
Coimbatore,2025-05-06,1.1,1.1,1.6999999999999769,4.899999999999979,0.699999999999997,0
Coimbatore,2025-05-07,0.0,0.0,1.5999999999999768,4.899999999999979,0.699999999999997,0
Coimbatore,2025-05-08,0.0,0.0,1.099999999999977,4.399999999999979,0.6285714285714256,0
Coimbatore,2025-05-09,0.0,0.0,0.0,2.4999999999999787,0.3571428571428541,0
Coimbatore,2025-05-10,0.0,0.0,0.0,1.6999999999999786,0.2428571428571398,0
Coimbatore,2025-05-11,0.0,0.0,0.0,1.5999999999999786,0.2285714285714255,0
Coimbatore,2025-05-12,0.2,0.2,0.1999999999999769,1.2999999999999787,0.1857142857142826,0
Coimbatore,2025-05-13,1.4,1.4,1.5999999999999768,1.5999999999999786,0.2285714285714255,0
Coimbatore,2025-05-14,0.2,0.2,1.7999999999999767,1.7999999999999785,0.257142857142854,0
Coimbatore,2025-05-15,0.2,0.2,1.7999999999999767,1.999999999999979,0.2857142857142826,0
Coimbatore,2025-05-16,0.1,0.1,0.4999999999999769,2.0999999999999788,0.299999999999997,0
Coimbatore,2025-05-17,1.0,1.0,1.299999999999977,3.0999999999999783,0.4428571428571398,0
Coimbatore,2025-05-18,6.8,6.8,7.899999999999977,9.899999999999975,1.414285714285711,0
Coimbatore,2025-05-19,7.6,7.6,15.399999999999975,17.29999999999998,2.4714285714285684,0
Coimbatore,2025-05-20,0.0,0.0,14.399999999999975,15.899999999999975,2.271428571428568,0
Coimbatore,2025-05-21,0.0,0.0,7.599999999999976,15.699999999999978,2.24285714285714,0
Coimbatore,2025-05-22,0.0,0.0,0.0,15.49999999999998,2.2142857142857117,0
Coimbatore,2025-05-23,9.1,9.1,9.099999999999977,24.49999999999998,3.499999999999997,0
Coimbatore,2025-05-24,18.9,18.9,27.99999999999997,42.39999999999998,6.057142857142854,0
Coimbatore,2025-05-25,21.5,21.5,49.49999999999997,57.09999999999998,8.157142857142855,1
Coimbatore,2025-05-26,25.9,25.9,66.29999999999997,75.39999999999998,10.771428571428569,1
Coimbatore,2025-05-27,6.1,6.1,53.49999999999997,81.49999999999997,11.64285714285714,1
Coimbatore,2025-05-28,5.6,5.6,37.59999999999997,87.09999999999998,12.44285714285714,1
Coimbatore,2025-05-29,6.1,6.1,17.799999999999976,93.19999999999996,13.314285714285711,1
Coimbatore,2025-05-30,29.6,29.6,41.299999999999976,113.69999999999996,16.242857142857137,2
Coimbatore,2025-05-31,0.1,0.1,35.799999999999976,94.89999999999998,13.557142857142852,1
Coimbatore,2025-06-01,0.2,0.2,29.899999999999977,73.59999999999998,10.51428571428571,1
Coimbatore,2025-06-02,0.0,0.0,0.2999999999999752,47.69999999999997,6.814285714285711,0
Coimbatore,2025-06-03,0.1,0.1,0.2999999999999752,41.69999999999997,5.957142857142854,0
Coimbatore,2025-06-04,7.6,7.6,7.699999999999974,43.69999999999998,6.24285714285714,0
Coimbatore,2025-06-05,0.3,0.3,7.999999999999974,37.89999999999998,5.414285714285711,0
Coimbatore,2025-06-06,0.1,0.1,7.999999999999975,8.399999999999979,1.199999999999997,0
Coimbatore,2025-06-07,0.0,0.0,0.3999999999999751,8.29999999999998,1.1857142857142828,0
Coimbatore,2025-06-08,0.7,0.7,0.7999999999999752,8.799999999999978,1.257142857142854,0
Coimbatore,2025-06-09,9.4,9.4,10.099999999999977,18.199999999999974,2.599999999999997,0
Coimbatore,2025-06-10,15.7,15.7,25.799999999999976,33.79999999999998,4.8285714285714265,0
Coimbatore,2025-06-11,10.6,10.6,35.699999999999974,36.799999999999976,5.257142857142854,0
Coimbatore,2025-06-12,0.3,0.3,26.599999999999977,36.79999999999998,5.257142857142855,0
Coimbatore,2025-06-13,4.2,4.2,15.099999999999977,40.89999999999998,5.84285714285714,0
Coimbatore,2025-06-14,6.6,6.6,11.099999999999977,47.49999999999998,6.785714285714283,0
Coimbatore,2025-06-15,22.6,22.6,33.39999999999998,69.39999999999998,9.914285714285713,1
Coimbatore,2025-06-16,7.3,7.3,36.49999999999998,67.29999999999998,9.614285714285712,1
Coimbatore,2025-06-17,1.0,1.0,30.899999999999977,52.59999999999997,7.514285714285711,1
Coimbatore,2025-06-18,0.0,0.0,8.299999999999976,41.99999999999998,5.999999999999997,0
Coimbatore,2025-06-19,0.0,0.0,0.9999999999999752,41.69999999999997,5.957142857142854,0
Coimbatore,2025-06-20,0.0,0.0,0.0,37.49999999999998,5.357142857142854,0
Coimbatore,2025-06-21,0.4,0.4,0.3999999999999751,31.29999999999998,4.471428571428569,0
Coimbatore,2025-06-22,0.0,0.0,0.3999999999999751,8.699999999999978,1.2428571428571398,0
Coimbatore,2025-06-23,0.0,0.0,0.3999999999999751,1.3999999999999786,0.1999999999999969,0
Coimbatore,2025-06-24,0.3,0.3,0.2999999999999751,0.6999999999999786,0.0999999999999969,0
Coimbatore,2025-06-25,0.3,0.3,0.5999999999999751,0.9999999999999788,0.1428571428571398,0
Coimbatore,2025-06-26,0.8,0.8,1.399999999999975,1.7999999999999787,0.2571428571428541,0
Coimbatore,2025-06-27,0.9,0.9,1.9999999999999751,2.699999999999979,0.3857142857142827,0
Coimbatore,2025-06-28,0.5,0.5,2.1999999999999758,2.799999999999979,0.3999999999999969,0
Coimbatore,2025-06-29,0.0,0.0,1.399999999999975,2.799999999999979,0.3999999999999969,0
Coimbatore,2025-06-30,0.0,0.0,0.4999999999999751,2.799999999999979,0.3999999999999969,0
Coimbatore,2025-07-01,0.0,0.0,0.0,2.4999999999999787,0.3571428571428541,0
Coimbatore,2025-07-02,3.0,3.0,2.999999999999975,5.199999999999979,0.7428571428571399,0
Coimbatore,2025-07-03,0.0,0.0,2.999999999999975,4.399999999999979,0.6285714285714256,0
Coimbatore,2025-07-04,0.0,0.0,2.999999999999975,3.4999999999999787,0.4999999999999969,0
Coimbatore,2025-07-05,0.1,0.1,0.0999999999999751,3.0999999999999788,0.4428571428571398,0
Coimbatore,2025-07-06,0.0,0.0,0.0999999999999751,3.0999999999999788,0.4428571428571398,0
Coimbatore,2025-07-07,0.0,0.0,0.0999999999999751,3.0999999999999788,0.4428571428571398,0
Coimbatore,2025-07-08,0.2,0.2,0.1999999999999751,3.2999999999999785,0.4714285714285683,0
Coimbatore,2025-07-09,3.6,3.6,3.799999999999976,3.8999999999999786,0.557142857142854,0
Coimbatore,2025-07-10,14.9,14.9,18.69999999999997,18.79999999999998,2.685714285714283,0
Coimbatore,2025-07-11,3.4,3.4,21.899999999999977,22.199999999999974,3.171428571428568,0
Coimbatore,2025-07-12,0.0,0.0,18.299999999999976,22.099999999999977,3.157142857142854,0
Coimbatore,2025-07-13,0.1,0.1,3.499999999999975,22.199999999999974,3.171428571428568,0
Coimbatore,2025-07-14,2.1,2.1,2.1999999999999758,24.29999999999998,3.4714285714285684,0
Coimbatore,2025-07-15,0.0,0.0,2.1999999999999758,24.09999999999998,3.44285714285714,0
Coimbatore,2025-07-16,22.9,22.9,24.99999999999997,43.39999999999998,6.199999999999997,0
Coimbatore,2025-07-17,17.9,17.9,40.79999999999997,46.39999999999998,6.6285714285714255,0
Coimbatore,2025-07-18,4.0,4.0,44.79999999999997,46.99999999999998,6.714285714285711,0
Coimbatore,2025-07-19,5.1,5.1,26.99999999999997,52.09999999999998,7.44285714285714,1
Coimbatore,2025-07-20,3.2,3.2,12.299999999999976,55.19999999999997,7.885714285714282,1
Coimbatore,2025-07-21,6.2,6.2,14.499999999999975,59.299999999999976,8.471428571428568,1
Coimbatore,2025-07-22,1.8,1.8,11.199999999999976,61.09999999999997,8.728571428571424,1
Coimbatore,2025-07-23,5.1,5.1,13.099999999999977,43.299999999999976,6.185714285714282,0
Coimbatore,2025-07-24,0.2,0.2,7.099999999999975,25.599999999999977,3.657142857142854,0
Coimbatore,2025-07-25,0.6,0.6,5.899999999999975,22.199999999999974,3.171428571428568,0
Coimbatore,2025-07-26,4.6,4.6,5.399999999999975,21.69999999999998,3.099999999999997,0
Coimbatore,2025-07-27,0.2,0.2,5.399999999999975,18.699999999999974,2.671428571428568,0
Coimbatore,2025-07-28,3.8,3.8,8.599999999999975,16.299999999999976,2.328571428571425,0
Coimbatore,2025-07-29,0.3,0.3,4.299999999999975,14.799999999999978,2.114285714285711,0
Coimbatore,2025-07-30,2.1,2.1,6.199999999999974,11.799999999999978,1.6857142857142826,0
Coimbatore,2025-07-31,4.3,4.3,6.699999999999975,15.899999999999975,2.271428571428568,0
Coimbatore,2025-08-01,3.7,3.7,10.099999999999977,18.99999999999998,2.7142857142857117,0
Coimbatore,2025-08-02,7.1,7.1,15.099999999999977,21.49999999999998,3.0714285714285685,0
Coimbatore,2025-08-03,7.6,7.6,18.399999999999974,28.899999999999977,4.1285714285714255,0
Coimbatore,2025-08-04,1.2,1.2,15.899999999999975,26.299999999999976,3.7571428571428536,0
Coimbatore,2025-08-05,0.8,0.8,9.599999999999977,26.799999999999976,3.828571428571425,0
Coimbatore,2025-08-06,2.0,2.0,3.999999999999975,26.699999999999974,3.814285714285711,0
Coimbatore,2025-08-07,0.0,0.0,2.799999999999975,22.399999999999977,3.1999999999999966,0
Coimbatore,2025-08-08,1.2,1.2,3.1999999999999758,19.899999999999977,2.8428571428571394,0
Coimbatore,2025-08-09,2.0,2.0,3.1999999999999758,14.799999999999978,2.114285714285711,0
Coimbatore,2025-08-10,13.4,13.4,16.599999999999977,20.59999999999998,2.94285714285714,0
Coimbatore,2025-08-11,11.8,11.8,27.19999999999997,31.19999999999998,4.457142857142855,0
Coimbatore,2025-08-12,5.5,5.5,30.69999999999997,35.89999999999998,5.1285714285714255,0
Coimbatore,2025-08-13,0.6,0.6,17.899999999999974,34.49999999999998,4.928571428571425,0
Coimbatore,2025-08-14,0.5,0.5,6.599999999999973,34.99999999999998,4.999999999999997,0
Coimbatore,2025-08-15,1.8,1.8,2.8999999999999733,35.59999999999997,5.085714285714282,0
Coimbatore,2025-08-16,0.0,0.0,2.299999999999973,33.59999999999997,4.799999999999996,0
Coimbatore,2025-08-17,3.5,3.5,5.299999999999973,23.699999999999974,3.3857142857142826,0
Coimbatore,2025-08-18,0.9,0.9,4.399999999999974,12.79999999999998,1.8285714285714256,0
Coimbatore,2025-08-19,0.0,0.0,4.399999999999974,7.299999999999978,1.0428571428571398,0
Coimbatore,2025-08-20,0.1,0.1,0.9999999999999734,6.799999999999979,0.9714285714285684,0
Coimbatore,2025-08-21,1.4,1.4,1.4999999999999734,7.699999999999979,1.099999999999997,0
Coimbatore,2025-08-22,1.6,1.6,3.099999999999973,7.499999999999979,1.0714285714285685,0
Coimbatore,2025-08-23,0.2,0.2,3.199999999999973,7.699999999999979,1.099999999999997,0
Coimbatore,2025-08-24,5.2,5.2,6.999999999999973,9.399999999999975,1.3428571428571396,0
Coimbatore,2025-08-25,0.0,0.0,5.399999999999975,8.499999999999979,1.2142857142857113,0
Coimbatore,2025-08-26,0.7,0.7,5.899999999999975,9.199999999999978,1.3142857142857112,0
Coimbatore,2025-08-27,1.8,1.8,2.4999999999999742,10.899999999999975,1.5571428571428538,0
Coimbatore,2025-08-28,20.1,20.1,22.599999999999977,29.59999999999998,4.228571428571426,0
Coimbatore,2025-08-29,3.3,3.3,25.199999999999974,31.29999999999998,4.471428571428569,0
Coimbatore,2025-08-30,1.3,1.3,24.699999999999974,32.39999999999998,4.6285714285714255,0
Coimbatore,2025-08-31,0.7,0.7,5.299999999999975,27.89999999999998,3.985714285714283,0
Coimbatore,2025-09-01,12.7,12.7,14.699999999999974,40.59999999999998,5.799999999999997,0
Coimbatore,2025-09-02,5.3,5.3,18.69999999999997,45.19999999999997,6.457142857142854,0
Coimbatore,2025-09-03,1.5,1.5,19.49999999999997,44.89999999999998,6.414285714285711,0
Coimbatore,2025-09-04,2.9,2.9,9.699999999999974,27.699999999999974,3.957142857142854,0
Coimbatore,2025-09-05,26.0,26.0,30.399999999999974,50.39999999999998,7.199999999999997,1
Coimbatore,2025-09-06,9.3,9.3,38.19999999999997,58.39999999999998,8.34285714285714,1
Coimbatore,2025-09-07,5.2,5.2,40.49999999999998,62.89999999999998,8.985714285714282,1
Coimbatore,2025-09-08,0.3,0.3,14.799999999999976,50.49999999999998,7.214285714285711,1
Coimbatore,2025-09-09,0.0,0.0,5.499999999999975,45.19999999999998,6.457142857142855,0
Coimbatore,2025-09-10,4.5,4.5,4.799999999999975,48.19999999999997,6.885714285714282,0
Coimbatore,2025-09-11,9.5,9.5,13.999999999999975,54.79999999999998,7.828571428571426,1
Coimbatore,2025-09-12,0.3,0.3,14.299999999999976,29.09999999999998,4.157142857142854,0
Coimbatore,2025-09-13,0.1,0.1,9.899999999999975,19.899999999999977,2.8428571428571394,0
Coimbatore,2025-09-14,0.8,0.8,1.1999999999999753,15.49999999999998,2.2142857142857117,0
Coimbatore,2025-09-15,3.0,3.0,3.899999999999976,18.199999999999974,2.599999999999997,0
Coimbatore,2025-09-16,9.2,9.2,12.999999999999975,27.399999999999977,3.914285714285711,0
Coimbatore,2025-09-17,20.0,20.0,32.199999999999974,42.89999999999998,6.1285714285714255,0
Coimbatore,2025-09-18,6.9,6.9,36.09999999999997,40.299999999999976,5.757142857142854,0
Coimbatore,2025-09-19,6.7,6.7,33.59999999999997,46.69999999999998,6.671428571428569,0
Coimbatore,2025-09-20,20.1,20.1,33.699999999999974,66.69999999999999,9.528571428571428,1
Coimbatore,2025-09-21,18.8,18.8,45.59999999999998,84.69999999999999,12.099999999999998,1
Coimbatore,2025-09-22,0.0,0.0,38.89999999999998,81.69999999999999,11.671428571428567,1
Coimbatore,2025-09-23,1.5,1.5,20.299999999999976,73.99999999999999,10.57142857142857,1
Coimbatore,2025-09-24,3.4,3.4,4.899999999999976,57.399999999999984,8.199999999999998,1
Coimbatore,2025-09-25,6.8,6.8,11.699999999999974,57.29999999999998,8.185714285714283,1
Coimbatore,2025-09-26,0.0,0.0,10.199999999999974,50.59999999999998,7.228571428571426,1
Coimbatore,2025-09-27,0.0,0.0,6.799999999999974,30.49999999999998,4.357142857142854,0
Coimbatore,2025-09-28,0.4,0.4,0.3999999999999751,12.099999999999978,1.7285714285714255,0
Coimbatore,2025-09-29,0.0,0.0,0.3999999999999751,12.099999999999978,1.7285714285714255,0
Coimbatore,2025-09-30,0.0,0.0,0.3999999999999751,10.599999999999978,1.5142857142857111,0
Coimbatore,2025-10-01,0.8,0.8,0.7999999999999752,7.999999999999978,1.1428571428571397,0
Coimbatore,2025-10-02,3.8,3.8,4.599999999999975,4.999999999999979,0.7142857142857112,0
Coimbatore,2025-10-03,5.3,5.3,9.899999999999974,10.29999999999998,1.4714285714285684,0
Coimbatore,2025-10-04,14.4,14.4,23.49999999999997,24.699999999999974,3.5285714285714254,0
Coimbatore,2025-10-05,3.3,3.3,22.99999999999997,27.59999999999998,3.94285714285714,0
Coimbatore,2025-10-06,1.2,1.2,18.899999999999977,28.79999999999998,4.114285714285711,0
Coimbatore,2025-10-07,0.0,0.0,4.499999999999975,28.79999999999998,4.114285714285711,0
Coimbatore,2025-10-08,2.3,2.3,3.499999999999975,30.29999999999998,4.328571428571426,0
Coimbatore,2025-10-09,1.2,1.2,3.499999999999975,27.699999999999974,3.957142857142854,0
Coimbatore,2025-10-10,2.2,2.2,5.699999999999975,24.599999999999977,3.514285714285711,0
Coimbatore,2025-10-11,12.4,12.4,15.799999999999976,22.59999999999998,3.228571428571425,0
Coimbatore,2025-10-12,11.7,11.7,26.299999999999976,30.99999999999998,4.428571428571425,0
Coimbatore,2025-10-13,7.3,7.3,31.399999999999974,37.09999999999998,5.299999999999997,0
Coimbatore,2025-10-14,38.8,38.8,57.79999999999997,75.89999999999998,10.84285714285714,1
Coimbatore,2025-10-15,8.8,8.8,54.89999999999996,82.39999999999998,11.771428571428569,1
Coimbatore,2025-10-16,8.3,8.3,55.89999999999997,89.49999999999997,12.78571428571428,1
Coimbatore,2025-10-17,32.7,32.7,49.799999999999976,119.99999999999996,17.14285714285714,2
Coimbatore,2025-10-18,23.7,23.7,64.69999999999997,131.29999999999998,18.757142857142856,2
Coimbatore,2025-10-19,16.9,16.9,73.29999999999997,136.49999999999997,19.5,2
Coimbatore,2025-10-20,10.6,10.6,51.19999999999997,139.79999999999998,19.971428571428568,2
Coimbatore,2025-10-21,8.9,8.9,36.39999999999997,109.9,15.7,2
Coimbatore,2025-10-22,3.6,3.6,23.099999999999973,104.69999999999996,14.957142857142854,2
Coimbatore,2025-10-23,1.7,1.7,14.199999999999973,98.09999999999998,14.01428571428571,1
Coimbatore,2025-10-24,1.1,1.1,6.399999999999972,66.49999999999997,9.499999999999996,1
Coimbatore,2025-10-25,0.2,0.2,2.999999999999972,42.99999999999997,6.142857142857139,0
Coimbatore,2025-10-26,0.7,0.7,1.999999999999972,26.79999999999998,3.8285714285714256,0
Coimbatore,2025-10-27,6.4,6.4,7.299999999999972,22.59999999999998,3.228571428571425,0
Coimbatore,2025-10-28,1.1,1.1,8.199999999999973,14.79999999999998,2.114285714285711,0
Coimbatore,2025-10-29,1.0,1.0,8.499999999999973,12.19999999999998,1.74285714285714,0
Coimbatore,2025-10-30,0.3,0.3,2.3999999999999724,10.799999999999978,1.5428571428571396,0
Coimbatore,2025-10-31,0.0,0.0,1.2999999999999725,9.699999999999978,1.3857142857142826,0
Coimbatore,2025-11-01,0.0,0.0,0.2999999999999724,9.49999999999998,1.357142857142854,0
Coimbatore,2025-11-02,0.0,0.0,0.0,8.799999999999978,1.257142857142854,0
Coimbatore,2025-11-03,0.0,0.0,0.0,2.3999999999999786,0.3428571428571398,0
Coimbatore,2025-11-04,0.0,0.0,0.0,1.2999999999999787,0.1857142857142826,0
Coimbatore,2025-11-05,0.8,0.8,0.7999999999999725,1.0999999999999788,0.1571428571428541,0
Coimbatore,2025-11-06,0.0,0.0,0.7999999999999725,0.7999999999999787,0.1142857142857112,0
Coimbatore,2025-11-07,0.0,0.0,0.7999999999999725,0.7999999999999787,0.1142857142857112,0
Coimbatore,2025-11-08,2.1,2.1,2.099999999999973,2.899999999999979,0.4142857142857113,0
Coimbatore,2025-11-09,1.1,1.1,3.1999999999999726,3.9999999999999782,0.5714285714285684,0
Coimbatore,2025-11-10,0.3,0.3,3.4999999999999725,4.2999999999999785,0.6142857142857112,0
Coimbatore,2025-11-11,2.5,2.5,3.899999999999973,6.7999999999999785,0.9714285714285684,0
Coimbatore,2025-11-12,3.2,3.2,5.9999999999999725,9.199999999999978,1.3142857142857112,0
Coimbatore,2025-11-13,2.3,2.3,7.999999999999972,11.49999999999998,1.64285714285714,0
Coimbatore,2025-11-14,5.7,5.7,11.199999999999973,17.199999999999978,2.457142857142854,0
Coimbatore,2025-11-15,0.0,0.0,7.999999999999972,15.099999999999977,2.157142857142854,0
Coimbatore,2025-11-16,0.0,0.0,5.699999999999973,13.99999999999998,1.999999999999997,0
Coimbatore,2025-11-17,0.6,0.6,0.5999999999999724,14.29999999999998,2.04285714285714,0
Coimbatore,2025-11-18,5.4,5.4,5.9999999999999725,17.199999999999978,2.457142857142854,0
Coimbatore,2025-11-19,2.2,2.2,8.199999999999973,16.199999999999978,2.314285714285711,0
Coimbatore,2025-11-20,1.2,1.2,8.799999999999972,15.099999999999978,2.157142857142854,0
Coimbatore,2025-11-21,5.8,5.8,9.199999999999973,15.199999999999978,2.171428571428568,0
Coimbatore,2025-11-22,21.0,21.0,27.99999999999997,36.19999999999997,5.171428571428568,0
Coimbatore,2025-11-23,16.8,16.8,43.59999999999997,52.99999999999998,7.571428571428568,1
Coimbatore,2025-11-24,7.9,7.9,45.69999999999997,60.299999999999976,8.61428571428571,1
Coimbatore,2025-11-25,1.7,1.7,26.399999999999974,56.59999999999998,8.085714285714284,1
Coimbatore,2025-11-26,0.0,0.0,9.599999999999971,54.39999999999998,7.771428571428568,1
Coimbatore,2025-11-27,0.0,0.0,1.6999999999999715,53.19999999999998,7.599999999999997,1
Coimbatore,2025-11-28,0.3,0.3,0.2999999999999715,47.69999999999997,6.814285714285711,0
Coimbatore,2025-11-29,2.7,2.7,2.999999999999972,29.39999999999998,4.1999999999999975,0
Coimbatore,2025-11-30,6.9,6.9,9.899999999999972,19.49999999999998,2.7857142857142825,0
Coimbatore,2025-12-01,4.4,4.4,13.999999999999972,15.99999999999998,2.2857142857142825,0
Coimbatore,2025-12-02,0.2,0.2,11.499999999999972,14.49999999999998,2.0714285714285685,0
Coimbatore,2025-12-03,6.3,6.3,10.899999999999972,20.79999999999998,2.9714285714285684,0
Coimbatore,2025-12-04,1.6,1.6,8.099999999999971,22.39999999999998,3.199999999999997,0
Coimbatore,2025-12-05,6.2,6.2,14.099999999999971,28.29999999999998,4.04285714285714,0
Coimbatore,2025-12-06,0.5,0.5,8.299999999999972,26.09999999999998,3.7285714285714255,0
Coimbatore,2025-12-07,0.2,0.2,6.899999999999973,19.399999999999977,2.771428571428568,0
Coimbatore,2025-12-08,0.0,0.0,0.6999999999999715,14.99999999999998,2.14285714285714,0
Coimbatore,2025-12-09,0.1,0.1,0.2999999999999716,14.89999999999998,2.128571428571425,0
Coimbatore,2025-12-10,0.3,0.3,0.3999999999999715,8.899999999999979,1.2714285714285685,0
Coimbatore,2025-12-11,0.0,0.0,0.3999999999999715,7.299999999999978,1.0428571428571396,0
Coimbatore,2025-12-12,0.0,0.0,0.2999999999999715,1.0999999999999788,0.1571428571428541,0
Coimbatore,2025-12-13,0.0,0.0,0.0,0.5999999999999787,0.0857142857142826,0
Coimbatore,2025-12-14,0.0,0.0,0.0,0.3999999999999786,0.057142857142854,0
Coimbatore,2025-12-15,0.0,0.0,0.0,0.3999999999999786,0.057142857142854,0
Coimbatore,2025-12-16,4.6,4.6,4.599999999999971,4.899999999999978,0.6999999999999968,0
Coimbatore,2025-12-17,3.3,3.3,7.899999999999971,7.899999999999978,1.1285714285714257,0
Coimbatore,2025-12-18,0.0,0.0,7.899999999999971,7.899999999999978,1.1285714285714257,0
Coimbatore,2025-12-19,0.0,0.0,3.2999999999999714,7.899999999999978,1.1285714285714257,0
Coimbatore,2025-12-20,0.0,0.0,0.0,7.899999999999978,1.1285714285714257,0
Coimbatore,2025-12-21,0.0,0.0,0.0,7.899999999999978,1.1285714285714257,0
Coimbatore,2025-12-22,0.0,0.0,0.0,7.899999999999978,1.1285714285714257,0
Coimbatore,2025-12-23,0.0,0.0,0.0,3.2999999999999785,0.4714285714285683,0
Coimbatore,2025-12-24,0.2,0.2,0.1999999999999716,0.1999999999999787,0.0285714285714255,0
Coimbatore,2025-12-25,0.0,0.0,0.1999999999999716,0.1999999999999787,0.0285714285714255,0
Coimbatore,2025-12-26,0.1,0.1,0.2999999999999716,0.2999999999999787,0.0428571428571398,0
Coimbatore,2025-12-27,1.5,1.5,1.5999999999999717,1.7999999999999787,0.2571428571428541,0
Coimbatore,2025-12-28,0.1,0.1,1.6999999999999718,1.8999999999999788,0.2714285714285684,0
Coimbatore,2025-12-29,0.0,0.0,1.5999999999999717,1.8999999999999788,0.2714285714285684,0
Coimbatore,2025-12-30,0.0,0.0,0.0999999999999715,1.8999999999999788,0.2714285714285684,0
Coimbatore,2025-12-31,0.1,0.1,0.0999999999999715,1.7999999999999787,0.2571428571428541,0
Coimbatore,2026-01-01,8.3,8.3,8.399999999999972,10.09999999999998,1.44285714285714,0
Coimbatore,2026-01-02,18.0,18.0,26.39999999999997,27.99999999999998,3.999999999999997,0
Coimbatore,2026-01-03,2.8,2.8,29.09999999999997,29.29999999999998,4.185714285714282,0
Coimbatore,2026-01-04,1.2,1.2,21.999999999999968,30.399999999999977,4.34285714285714,0
Coimbatore,2026-01-05,0.0,0.0,3.999999999999968,30.399999999999977,4.34285714285714,0
Coimbatore,2026-01-06,0.2,0.2,1.399999999999968,30.599999999999977,4.371428571428568,0
Coimbatore,2026-01-07,0.2,0.2,0.399999999999968,30.699999999999974,4.385714285714283,0
Coimbatore,2026-01-08,0.0,0.0,0.399999999999968,22.399999999999977,3.1999999999999966,0
Coimbatore,2026-01-09,0.0,0.0,0.199999999999968,4.399999999999978,0.6285714285714255,0
Coimbatore,2026-01-10,0.0,0.0,0.0,1.5999999999999788,0.2285714285714255,0
Coimbatore,2026-01-11,6.1,6.1,6.099999999999968,6.499999999999979,0.9285714285714256,0
Coimbatore,2026-01-12,2.0,2.0,8.099999999999968,8.499999999999979,1.2142857142857113,0
Coimbatore,2026-01-13,7.2,7.2,15.299999999999969,15.49999999999998,2.2142857142857117,0
Coimbatore,2026-01-14,0.0,0.0,9.199999999999967,15.29999999999998,2.185714285714283,0
Coimbatore,2026-01-15,0.0,0.0,7.199999999999968,15.29999999999998,2.185714285714283,0
Coimbatore,2026-01-16,1.2,1.2,1.199999999999968,16.49999999999998,2.357142857142854,0
Coimbatore,2026-01-17,0.0,0.0,1.199999999999968,16.49999999999998,2.357142857142854,0
Coimbatore,2026-01-18,0.0,0.0,1.199999999999968,10.39999999999998,1.4857142857142829,0
Coimbatore,2026-01-19,0.0,0.0,0.0,8.399999999999979,1.199999999999997,0
Coimbatore,2026-01-20,0.0,0.0,0.0,1.1999999999999786,0.1714285714285683,0
Coimbatore,2026-01-21,0.0,0.0,0.0,1.1999999999999786,0.1714285714285683,0
Coimbatore,2026-01-22,0.0,0.0,0.0,1.1999999999999786,0.1714285714285683,0
Coimbatore,2026-01-23,0.0,0.0,0.0,0.0,0.0,0
Coimbatore,2026-01-24,0.0,0.0,0.0,0.0,0.0,0
Coimbatore,2026-01-25,0.0,0.0,0.0,0.0,0.0,0
Coimbatore,2026-01-26,1.9,1.9,1.899999999999968,1.8999999999999784,0.2714285714285683,0
Coimbatore,2026-01-27,0.8,0.8,2.699999999999968,2.699999999999979,0.3857142857142827,0
Coimbatore,2026-01-28,0.0,0.0,2.699999999999968,2.699999999999979,0.3857142857142827,0
Coimbatore,2026-01-29,0.2,0.2,0.999999999999968,2.8999999999999786,0.4142857142857112,0
Coimbatore,2026-01-30,0.0,0.0,0.199999999999968,2.8999999999999786,0.4142857142857112,0
Coimbatore,2026-01-31,0.0,0.0,0.199999999999968,2.8999999999999786,0.4142857142857112,0
Coimbatore,2026-02-01,0.0,0.0,0.0,2.8999999999999786,0.4142857142857112,0
Coimbatore,2026-02-02,0.2,0.2,0.199999999999968,1.1999999999999789,0.1714285714285684,0
Coimbatore,2026-02-03,0.0,0.0,0.199999999999968,0.3999999999999787,0.0571428571428541,0
Coimbatore,2026-02-04,0.0,0.0,0.199999999999968,0.3999999999999787,0.0571428571428541,0
Coimbatore,2026-02-05,0.1,0.1,0.099999999999968,0.2999999999999787,0.0428571428571398,0
Coimbatore,2026-02-06,0.0,0.0,0.099999999999968,0.2999999999999787,0.0428571428571398,0
Coimbatore,2026-02-07,0.0,0.0,0.099999999999968,0.2999999999999787,0.0428571428571398,0
Coimbatore,2026-02-08,0.0,0.0,0.0,0.2999999999999787,0.0428571428571398,0
Coimbatore,2026-02-09,0.0,0.0,0.0,0.0999999999999786,0.0142857142857112,0
Coimbatore,2026-02-10,0.0,0.0,0.0,0.0999999999999786,0.0142857142857112,0
Coimbatore,2026-02-11,0.0,0.0,0.0,0.0999999999999786,0.0142857142857112,0
Coimbatore,2026-02-12,0.0,0.0,0.0,0.0,0.0,0
Coimbatore,2026-02-13,0.0,0.0,0.0,0.0,0.0,0
Coimbatore,2026-02-14,0.1,0.1,0.099999999999968,0.0999999999999786,0.0142857142857112,0
Coimbatore,2026-02-15,0.0,0.0,0.099999999999968,0.0999999999999786,0.0142857142857112,0
Coimbatore,2026-02-16,0.0,0.0,0.099999999999968,0.0999999999999786,0.0142857142857112,0
Coimbatore,2026-02-17,0.0,0.0,0.0,0.0999999999999786,0.0142857142857112,0
Coimbatore,2026-02-18,0.0,0.0,0.0,0.0999999999999786,0.0142857142857112,0
Coimbatore,2026-02-19,0.0,0.0,0.0,0.0999999999999786,0.0142857142857112,0
Coimbatore,2026-02-20,0.1,0.1,0.099999999999968,0.1999999999999787,0.0285714285714255,0
Coimbatore,2026-02-21,0.3,0.3,0.399999999999968,0.3999999999999787,0.0571428571428541,0
Coimbatore,2026-02-22,1.4,1.4,1.7999999999999678,1.7999999999999785,0.257142857142854,0
Coimbatore,2026-02-23,5.4,5.4,7.099999999999968,7.199999999999979,1.0285714285714256,0
Coimbatore,2026-02-24,1.0,1.0,7.799999999999968,8.199999999999978,1.1714285714285684,0
Coimbatore,2026-02-25,0.9,0.9,7.299999999999969,9.099999999999978,1.299999999999997,0
Coimbatore,2026-02-26,1.1,1.1,2.999999999999968,10.199999999999978,1.457142857142854,0
Coimbatore,2026-02-27,1.0,1.0,2.999999999999968,11.09999999999998,1.585714285714283,0
Coimbatore,2026-02-28,0.2,0.2,2.2999999999999683,10.99999999999998,1.5714285714285685,0
Coimbatore,2026-03-01,0.0,0.0,1.199999999999968,9.59999999999998,1.3714285714285686,0
Coimbatore,2026-03-02,0.0,0.0,0.199999999999968,4.199999999999979,0.599999999999997,0
Coimbatore,2026-03-03,0.0,0.0,0.0,3.199999999999979,0.4571428571428541,0
Coimbatore,2026-03-04,0.0,0.0,0.0,2.299999999999979,0.3285714285714255,0
Coimbatore,2026-03-05,0.0,0.0,0.0,1.1999999999999786,0.1714285714285683,0
Coimbatore,2026-03-06,0.0,0.0,0.0,0.1999999999999787,0.0285714285714255,0
Coimbatore,2026-03-07,0.0,0.0,0.0,0.0,0.0,0
Coimbatore,2026-03-08,0.0,0.0,0.0,0.0,0.0,0
Coimbatore,2026-03-09,0.1,0.1,0.099999999999968,0.0999999999999786,0.0142857142857112,0
Coimbatore,2026-03-10,0.0,0.0,0.099999999999968,0.0999999999999786,0.0142857142857112,0
Coimbatore,2026-03-11,0.6,0.6,0.699999999999968,0.6999999999999786,0.0999999999999969,0
Coimbatore,2026-03-12,0.0,0.0,0.599999999999968,0.6999999999999786,0.0999999999999969,0
Coimbatore,2026-03-13,0.0,0.0,0.599999999999968,0.6999999999999786,0.0999999999999969,0
Coimbatore,2026-03-14,0.0,0.0,0.0,0.6999999999999786,0.0999999999999969,0
Coimbatore,2026-03-15,0.0,0.0,0.0,0.6999999999999786,0.0999999999999969,0
Coimbatore,2026-03-16,0.0,0.0,0.0,0.5999999999999787,0.0857142857142826,0
Coimbatore,2026-03-17,1.2,1.2,1.199999999999968,1.7999999999999785,0.257142857142854,0
Coimbatore,2026-03-18,1.2,1.2,2.399999999999968,2.3999999999999786,0.3428571428571398,0
Coimbatore,2026-03-19,0.9,0.9,3.299999999999968,3.2999999999999785,0.4714285714285683,0
Coimbatore,2026-03-20,0.2,0.2,2.299999999999968,3.4999999999999787,0.4999999999999969,0
Coimbatore,2026-03-21,0.5,0.5,1.599999999999968,3.9999999999999782,0.5714285714285684,0
Coimbatore,2026-03-22,0.6,0.6,1.2999999999999678,4.599999999999978,0.657142857142854,0
Coimbatore,2026-03-23,0.0,0.0,1.099999999999968,4.599999999999978,0.657142857142854,0
Coimbatore,2026-03-24,0.0,0.0,0.599999999999968,3.399999999999979,0.4857142857142827,0
Coimbatore,2026-03-25,0.0,0.0,0.0,2.199999999999979,0.3142857142857113,0
Coimbatore,2026-03-26,0.0,0.0,0.0,1.2999999999999787,0.1857142857142826,0
Coimbatore,2026-03-27,0.0,0.0,0.0,1.0999999999999788,0.1571428571428541,0
Coimbatore,2026-03-28,0.0,0.0,0.0,0.5999999999999788,0.0857142857142826,0
Coimbatore,2026-03-29,0.0,0.0,0.0,0.0,0.0,0
Coimbatore,2026-03-30,0.0,0.0,0.0,0.0,0.0,0
Coimbatore,2026-03-31,0.0,0.0,0.0,0.0,0.0,0
Coimbatore,2026-04-01,0.5,0.5,0.499999999999968,0.4999999999999789,0.0714285714285684,0
Coimbatore,2026-04-02,1.3,1.3,1.799999999999968,1.799999999999979,0.2571428571428541,0
Coimbatore,2026-04-03,0.0,0.0,1.799999999999968,1.799999999999979,0.2571428571428541,0
Coimbatore,2026-04-04,10.0,10.0,11.299999999999969,11.79999999999998,1.6857142857142828,0
Coimbatore,2026-04-05,3.9,3.9,13.899999999999968,15.69999999999998,2.24285714285714,0
Coimbatore,2026-04-06,3.4,3.4,17.29999999999997,19.09999999999998,2.728571428571425,0
Coimbatore,2026-04-07,0.0,0.0,7.299999999999968,19.09999999999998,2.728571428571425,0
Coimbatore,2026-04-08,0.0,0.0,3.399999999999968,18.59999999999998,2.6571428571428544,0
Coimbatore,2026-04-09,0.4,0.4,0.399999999999968,17.699999999999978,2.5285714285714254,0
Coimbatore,2026-04-10,0.1,0.1,0.499999999999968,17.79999999999998,2.54285714285714,0
Coimbatore,2026-04-11,0.0,0.0,0.499999999999968,7.799999999999978,1.1142857142857112,0
Coimbatore,2026-04-12,0.1,0.1,0.199999999999968,3.9999999999999782,0.5714285714285684,0
Coimbatore,2026-04-13,0.0,0.0,0.099999999999968,0.5999999999999788,0.0857142857142826,0
Coimbatore,2026-04-14,0.0,0.0,0.099999999999968,0.5999999999999788,0.0857142857142826,0
Coimbatore,2026-04-15,0.0,0.0,0.0,0.5999999999999788,0.0857142857142826,0
Coimbatore,2026-04-16,0.0,0.0,0.0,0.1999999999999787,0.0285714285714255,0
Coimbatore,2026-04-17,0.0,0.0,0.0,0.0999999999999786,0.0142857142857112,0
Coimbatore,2026-04-18,0.0,0.0,0.0,0.0999999999999786,0.0142857142857112,0
Coimbatore,2026-04-19,0.0,0.0,0.0,0.0,0.0,0
Coimbatore,2026-04-20,0.0,0.0,0.0,0.0,0.0,0
Coimbatore,2026-04-21,0.0,0.0,0.0,0.0,0.0,0
Coimbatore,2026-04-22,0.0,0.0,0.0,0.0,0.0,0
Coimbatore,2026-04-23,0.0,0.0,0.0,0.0,0.0,0
Coimbatore,2026-04-24,0.0,0.0,0.0,0.0,0.0,0
Coimbatore,2026-04-25,0.0,0.0,0.0,0.0,0.0,0
Coimbatore,2026-04-26,0.0,0.0,0.0,0.0,0.0,0
Coimbatore,2026-04-27,0.0,0.0,0.0,0.0,0.0,0
Coimbatore,2026-04-28,0.1,0.1,0.099999999999968,0.0999999999999786,0.0142857142857112,0
Coimbatore,2026-04-29,0.0,0.0,0.099999999999968,0.0999999999999786,0.0142857142857112,0
Coimbatore,2026-04-30,0.1,0.1,0.199999999999968,0.1999999999999787,0.0285714285714255,0
Coimbatore,2026-05-01,10.3,10.3,10.399999999999968,10.49999999999998,1.499999999999997,0
Coimbatore,2026-05-02,0.3,0.3,10.699999999999967,10.79999999999998,1.5428571428571398,0
Coimbatore,2026-05-03,0.0,0.0,10.59999999999997,10.79999999999998,1.5428571428571398,0
Coimbatore,2026-05-04,0.2,0.2,0.499999999999968,10.99999999999998,1.5714285714285685,0
Coimbatore,2026-05-05,24.8,24.8,24.999999999999968,35.69999999999998,5.099999999999997,0
Coimbatore,2026-05-06,6.4,6.4,31.39999999999997,42.09999999999998,6.014285714285712,0
Coimbatore,2026-05-07,3.5,3.5,34.69999999999997,45.49999999999998,6.499999999999997,0
Coimbatore,2026-05-08,19.0,19.0,28.899999999999967,54.19999999999998,7.74285714285714,1
Coimbatore,2026-05-09,12.2,12.2,34.69999999999996,66.09999999999998,9.44285714285714,1
Coimbatore,2026-05-10,0.9,0.9,32.099999999999966,66.99999999999997,9.571428571428568,1
Coimbatore,2026-05-11,1.1,1.1,14.199999999999964,67.89999999999998,9.699999999999998,1
Coimbatore,2026-05-12,0.2,0.2,2.1999999999999647,43.299999999999976,6.185714285714282,0
Coimbatore,2026-05-13,0.1,0.1,1.3999999999999646,36.99999999999998,5.285714285714283,0
Coimbatore,2026-05-14,0.6,0.6,0.8999999999999645,34.09999999999998,4.871428571428568,0
Coimbatore,2026-05-15,1.6,1.6,2.2999999999999643,16.699999999999978,2.3857142857142826,0
Coimbatore,2026-05-16,1.5,1.5,3.6999999999999647,5.999999999999979,0.8571428571428541,0
Coimbatore,2026-05-17,0.7,0.7,3.7999999999999647,5.7999999999999785,0.8285714285714255,0
Coimbatore,2026-05-18,3.2,3.2,5.399999999999965,7.899999999999979,1.1285714285714257,0
Coimbatore,2026-05-19,0.0,0.0,3.899999999999965,7.699999999999979,1.099999999999997,0
Coimbatore,2026-05-20,0.4,0.4,3.599999999999965,7.99999999999998,1.14285714285714,0
Coimbatore,2026-05-21,1.2,1.2,1.5999999999999646,8.599999999999978,1.2285714285714255,0
Coimbatore,2026-05-22,1.1,1.1,2.6999999999999647,8.09999999999998,1.1571428571428544,0
Coimbatore,2026-05-23,3.2,3.2,5.4999999999999645,9.79999999999998,1.399999999999997,0
Coimbatore,2026-05-24,4.9,4.9,9.199999999999964,13.99999999999998,1.999999999999997,0
Coimbatore,2026-05-25,8.5,8.5,16.599999999999966,19.29999999999998,2.757142857142854,0
Coimbatore,2026-05-26,0.6,0.6,13.999999999999964,19.89999999999998,2.8428571428571403,0
Coimbatore,2026-05-27,6.0,6.0,15.099999999999962,25.49999999999998,3.64285714285714,0
Coimbatore,2026-05-28,2.6,2.6,9.199999999999962,26.899999999999977,3.8428571428571394,0
Coimbatore,2026-05-29,0.3,0.3,8.899999999999963,26.09999999999998,3.7285714285714255,0
Coimbatore,2026-05-30,4.4,4.4,7.299999999999963,27.299999999999976,3.899999999999997,0
Coimbatore,2026-05-31,4.5,4.5,9.199999999999964,26.899999999999977,3.8428571428571394,0
Coimbatore,2026-06-01,2.5,2.5,11.399999999999965,20.899999999999977,2.9857142857142827,0
Coimbatore,2026-06-02,7.4,7.4,14.399999999999965,27.699999999999974,3.957142857142854,0
Coimbatore,2026-06-03,8.8,8.8,18.699999999999964,30.499999999999982,4.357142857142855,0
Coimbatore,2026-06-04,2.8,2.8,18.999999999999964,30.69999999999998,4.385714285714284,0
Coimbatore,2026-06-05,0.8,0.8,12.399999999999965,31.19999999999998,4.457142857142855,0
Coimbatore,2026-06-06,10.8,10.8,14.399999999999965,37.59999999999998,5.371428571428568,0
Coimbatore,2026-06-07,2.2,2.2,13.799999999999962,35.29999999999998,5.04285714285714,0
Coimbatore,2026-06-08,1.1,1.1,14.099999999999964,33.899999999999984,4.842857142857141,0
Coimbatore,2026-06-09,6.2,6.2,9.499999999999964,32.69999999999998,4.671428571428569,0
Coimbatore,2026-06-10,0.0,0.0,7.299999999999962,23.899999999999977,3.414285714285711,0
Coimbatore,2026-06-11,3.2,3.2,9.399999999999965,24.29999999999998,3.4714285714285684,0
Coimbatore,2026-06-12,0.4,0.4,3.599999999999963,23.899999999999977,3.414285714285711,0
Coimbatore,2026-06-13,4.8,4.8,8.399999999999963,17.899999999999977,2.557142857142854,0
Coimbatore,2026-06-14,2.1,2.1,7.299999999999962,17.79999999999998,2.54285714285714,0
Coimbatore,2026-06-15,3.3,3.3,10.199999999999962,19.99999999999998,2.857142857142854,0
Coimbatore,2026-06-16,2.7,2.7,8.099999999999962,16.49999999999998,2.357142857142854,0
Coimbatore,2026-06-17,2.6,2.6,8.599999999999962,19.09999999999998,2.728571428571425,0
Coimbatore,2026-06-18,2.6,2.6,7.899999999999961,18.49999999999998,2.64285714285714,0
Coimbatore,2026-06-19,1.7,1.7,6.899999999999962,19.79999999999998,2.8285714285714256,0
Coimbatore,2026-06-20,0.5,0.5,4.799999999999962,15.49999999999998,2.2142857142857117,0
Coimbatore,2026-06-21,2.1,2.1,4.299999999999962,15.49999999999998,2.2142857142857117,0
Coimbatore,2026-06-22,3.7,3.7,6.299999999999962,15.89999999999998,2.271428571428568,0
Coimbatore,2026-06-23,0.2,0.2,5.999999999999962,13.39999999999998,1.9142857142857117,0
Coimbatore,2026-06-24,0.6,0.6,4.499999999999963,11.39999999999998,1.628571428571426,0
Coimbatore,2026-06-25,2.1,2.1,2.899999999999962,10.89999999999998,1.557142857142854,0
Coimbatore,2026-06-26,6.0,6.0,8.699999999999962,15.19999999999998,2.1714285714285686,0
Coimbatore,2026-06-27,3.5,3.5,11.599999999999962,18.19999999999998,2.599999999999997,0
Coimbatore,2026-06-28,0.8,0.8,10.299999999999962,16.899999999999977,2.414285714285711,0
Coimbatore,2026-06-29,0.6,0.6,4.899999999999962,13.79999999999998,1.9714285714285684,0
Coimbatore,2026-06-30,0.6,0.6,1.9999999999999616,14.19999999999998,2.028571428571426,0
Coimbatore,2026-07-01,1.5,1.5,2.699999999999962,15.099999999999978,2.157142857142854,0
Coimbatore,2026-07-02,0.4,0.4,2.499999999999962,13.39999999999998,1.9142857142857117,0
Coimbatore,2026-07-03,6.9,6.9,8.799999999999962,14.29999999999998,2.04285714285714,0
Coimbatore,2026-07-04,7.9,7.9,15.199999999999964,18.69999999999998,2.6714285714285686,0
Coimbatore,2026-07-05,0.8,0.8,15.599999999999962,18.699999999999974,2.671428571428568,0
Coimbatore,2026-07-06,2.0,2.0,10.699999999999962,20.09999999999998,2.8714285714285688,0
Coimbatore,2026-07-07,1.7,1.7,4.499999999999962,21.199999999999974,3.0285714285714254,0
Coimbatore,2026-07-08,4.2,4.2,7.899999999999962,23.89999999999998,3.4142857142857115,0
Coimbatore,2026-07-09,1.5,1.5,7.399999999999962,24.999999999999982,3.571428571428569,0
Coimbatore,2026-07-10,14.2,14.2,19.899999999999963,32.29999999999998,4.614285714285712,0
Coimbatore,2026-07-11,5.6,5.6,21.29999999999996,29.99999999999998,4.285714285714283,0
Coimbatore,2026-07-12,0.0,0.0,19.79999999999996,29.19999999999998,4.171428571428569,0
Coimbatore,2026-07-13,0.1,0.1,5.699999999999962,27.29999999999998,3.899999999999997,0
Coimbatore,2026-07-14,0.0,0.0,0.0999999999999627,25.59999999999998,3.6571428571428544,0
Coimbatore,2026-07-15,0.0,0.0,0.0999999999999627,21.399999999999977,3.057142857142854,0
Coimbatore,2026-07-16,0.8,0.8,0.7999999999999627,20.699999999999974,2.957142857142854,0
Coimbatore,2026-07-17,0.2,0.2,0.9999999999999628,6.699999999999978,0.957142857142854,0
Coimbatore,2026-07-18,7.8,7.8,8.799999999999962,8.899999999999977,1.2714285714285682,0
Coimbatore,2026-07-19,5.1,5.1,13.099999999999962,13.99999999999998,1.999999999999997,0
Coimbatore,2026-07-20,1.2,1.2,14.09999999999996,15.099999999999978,2.157142857142854,0
Coimbatore,2026-07-21,0.4,0.4,6.699999999999962,15.49999999999998,2.2142857142857117,0
Coimbatore,2026-07-22,1.3,1.3,2.8999999999999626,16.79999999999998,2.399999999999997,0
Coimbatore,2026-07-23,0.6,0.6,2.2999999999999625,16.599999999999977,2.371428571428568,0
Coimbatore,2026-07-24,3.9,3.9,5.7999999999999625,20.29999999999998,2.899999999999997,0
Coimbatore,2026-07-25,3.0,3.0,7.499999999999963,15.499999999999975,2.214285714285711,0
Coimbatore,2026-07-26,0.1,0.1,6.999999999999962,10.499999999999975,1.499999999999997,0
Coimbatore,2026-07-27,0.0,0.0,3.0999999999999623,9.299999999999978,1.3285714285714254,0
Coimbatore,2026-07-28,0.7,0.7,0.7999999999999622,9.599999999999978,1.3714285714285683,0
Coimbatore,2026-07-29,0.3,0.3,0.9999999999999624,8.599999999999978,1.2285714285714255,0
Coimbatore,2026-07-30,0.0,0.0,0.9999999999999624,7.999999999999979,1.14285714285714,0
Coimbatore,2026-07-31,1.7,1.7,1.9999999999999625,5.799999999999978,0.8285714285714254,0
Coimbatore,2026-08-01,28.4,28.4,30.09999999999996,31.199999999999974,4.457142857142854,0
Coimbatore,2026-08-02,0.7,0.7,30.79999999999996,31.799999999999976,4.542857142857139,0
Coimbatore,2026-08-03,0.4,0.4,29.499999999999964,32.199999999999974,4.599999999999996,0
Coimbatore,2026-08-04,16.2,16.2,17.299999999999965,47.69999999999997,6.814285714285711,0
Coimbatore,2026-08-05,3.9,3.9,20.499999999999964,51.29999999999998,7.328571428571426,1
Coimbatore,2026-08-06,2.6,2.6,22.699999999999964,53.89999999999998,7.699999999999997,1
Coimbatore,2026-08-07,14.3,14.3,20.799999999999965,66.49999999999997,9.499999999999996,1
Erode,2020-01-07,0.3,0.3,4.0,7.1000000000000005,1.0142857142857145,0
Erode,2020-01-08,0.0,0.0,2.4,6.6000000000000005,0.942857142857143,0
Erode,2020-01-09,0.0,0.0,0.3,6.1000000000000005,0.8714285714285716,0
Erode,2020-01-10,0.0,0.0,0.0,6.1000000000000005,0.8714285714285716,0
Erode,2020-01-11,0.0,0.0,0.0,4.0,0.5714285714285714,0
Erode,2020-01-12,0.0,0.0,0.0,2.4,0.3428571428571428,0
Erode,2020-01-13,0.3,0.3,0.3,0.6,0.0857142857142857,0
Erode,2020-01-14,0.0,0.0,0.3,0.3,0.0428571428571428,0
Erode,2020-01-15,0.0,0.0,0.3,0.3,0.0428571428571428,0
Erode,2020-01-16,0.0,0.0,0.0,0.3,0.0428571428571428,0
Erode,2020-01-17,0.0,0.0,0.0,0.3,0.0428571428571428,0
Erode,2020-01-18,2.2,2.2,2.2,2.5,0.3571428571428571,0
Erode,2020-01-19,0.0,0.0,2.2,2.5,0.3571428571428571,0
Erode,2020-01-20,0.0,0.0,2.2,2.2,0.3142857142857143,0
Erode,2020-01-21,0.0,0.0,0.0,2.2,0.3142857142857143,0
Erode,2020-01-22,0.0,0.0,0.0,2.2,0.3142857142857143,0
Erode,2020-01-23,0.0,0.0,0.0,2.2,0.3142857142857143,0
Erode,2020-01-24,0.0,0.0,0.0,2.2,0.3142857142857143,0
Erode,2020-01-25,0.0,0.0,0.0,0.0,0.0,0
Erode,2020-01-26,0.0,0.0,0.0,0.0,0.0,0
Erode,2020-01-27,0.0,0.0,0.0,0.0,0.0,0
Erode,2020-01-28,0.0,0.0,0.0,0.0,0.0,0
Erode,2020-01-29,0.0,0.0,0.0,0.0,0.0,0
Erode,2020-01-30,0.0,0.0,0.0,0.0,0.0,0
Erode,2020-01-31,0.0,0.0,0.0,0.0,0.0,0
Erode,2020-02-01,0.0,0.0,0.0,0.0,0.0,0
Erode,2020-02-02,0.4,0.4,0.4,0.4,0.0571428571428571,0
Erode,2020-02-03,0.0,0.0,0.4,0.4,0.0571428571428571,0
Erode,2020-02-04,0.0,0.0,0.4,0.4,0.0571428571428571,0
Erode,2020-02-05,0.1,0.1,0.1,0.5,0.0714285714285714,0
Erode,2020-02-06,0.0,0.0,0.1,0.5,0.0714285714285714,0
Erode,2020-02-07,0.0,0.0,0.1,0.5,0.0714285714285714,0
Erode,2020-02-08,0.0,0.0,0.0,0.5,0.0714285714285714,0
Erode,2020-02-09,0.0,0.0,0.0,0.1,0.0142857142857142,0
Erode,2020-02-10,0.0,0.0,0.0,0.1,0.0142857142857142,0
Erode,2020-02-11,0.0,0.0,0.0,0.1,0.0142857142857142,0
Erode,2020-02-12,0.0,0.0,0.0,0.0,0.0,0
Erode,2020-02-13,0.0,0.0,0.0,0.0,0.0,0
Erode,2020-02-14,0.0,0.0,0.0,0.0,0.0,0
Erode,2020-02-15,0.0,0.0,0.0,0.0,0.0,0
Erode,2020-02-16,0.0,0.0,0.0,0.0,0.0,0
Erode,2020-02-17,0.0,0.0,0.0,0.0,0.0,0
Erode,2020-02-18,0.0,0.0,0.0,0.0,0.0,0
Erode,2020-02-19,0.0,0.0,0.0,0.0,0.0,0
Erode,2020-02-20,0.0,0.0,0.0,0.0,0.0,0
Erode,2020-02-21,0.0,0.0,0.0,0.0,0.0,0
Erode,2020-02-22,0.0,0.0,0.0,0.0,0.0,0
Erode,2020-02-23,0.0,0.0,0.0,0.0,0.0,0
Erode,2020-02-24,0.0,0.0,0.0,0.0,0.0,0
Erode,2020-02-25,0.0,0.0,0.0,0.0,0.0,0
Erode,2020-02-26,0.0,0.0,0.0,0.0,0.0,0
Erode,2020-02-27,0.0,0.0,0.0,0.0,0.0,0
Erode,2020-02-28,0.0,0.0,0.0,0.0,0.0,0
Erode,2020-02-29,0.0,0.0,0.0,0.0,0.0,0
Erode,2020-03-01,0.0,0.0,0.0,0.0,0.0,0
Erode,2020-03-02,0.0,0.0,0.0,0.0,0.0,0
Erode,2020-03-03,0.3,0.3,0.3,0.3,0.0428571428571428,0
Erode,2020-03-04,1.3,1.3,1.6,1.6,0.2285714285714286,0
Erode,2020-03-05,0.8,0.8,2.4000000000000004,2.4000000000000004,0.3428571428571429,0
Erode,2020-03-06,1.9,1.9,4.0,4.3,0.6142857142857142,0
Erode,2020-03-07,3.1,3.1,5.800000000000001,7.4,1.0571428571428572,0
Erode,2020-03-08,0.5,0.5,5.5,7.9,1.1285714285714286,0
Erode,2020-03-09,0.1,0.1,3.7,8.0,1.1428571428571428,0
Erode,2020-03-10,0.0,0.0,0.6000000000000004,7.7,1.1,0
Erode,2020-03-11,0.0,0.0,0.1000000000000004,6.4,0.9142857142857144,0
Erode,2020-03-12,0.0,0.0,0.0,5.6,0.7999999999999999,0
Erode,2020-03-13,0.0,0.0,0.0,3.7000000000000006,0.5285714285714287,0
Erode,2020-03-14,0.0,0.0,0.0,0.6,0.0857142857142857,0
Erode,2020-03-15,0.0,0.0,0.0,0.1,0.0142857142857142,0
Erode,2020-03-16,0.0,0.0,0.0,0.0,0.0,0
Erode,2020-03-17,0.0,0.0,0.0,0.0,0.0,0
Erode,2020-03-18,0.0,0.0,0.0,0.0,0.0,0
Erode,2020-03-19,0.0,0.0,0.0,0.0,0.0,0
Erode,2020-03-20,0.0,0.0,0.0,0.0,0.0,0
Erode,2020-03-21,1.2,1.2,1.2000000000000004,1.2,0.1714285714285714,0
Erode,2020-03-22,0.1,0.1,1.3000000000000005,1.3,0.1857142857142857,0
Erode,2020-03-23,4.1,4.1,5.4,5.4,0.7714285714285714,0
Erode,2020-03-24,0.0,0.0,4.2,5.4,0.7714285714285714,0
Erode,2020-03-25,0.0,0.0,4.1000000000000005,5.4,0.7714285714285714,0
Erode,2020-03-26,0.0,0.0,0.0,5.4,0.7714285714285714,0
Erode,2020-03-27,0.0,0.0,0.0,5.4,0.7714285714285714,0
Erode,2020-03-28,0.0,0.0,0.0,4.199999999999999,0.5999999999999999,0
Erode,2020-03-29,0.0,0.0,0.0,4.1,0.5857142857142856,0
Erode,2020-03-30,0.0,0.0,0.0,0.0,0.0,0
Erode,2020-03-31,0.0,0.0,0.0,0.0,0.0,0
Erode,2020-04-01,0.0,0.0,0.0,0.0,0.0,0
Erode,2020-04-02,0.0,0.0,0.0,0.0,0.0,0
Erode,2020-04-03,0.0,0.0,0.0,0.0,0.0,0
Erode,2020-04-04,0.0,0.0,0.0,0.0,0.0,0
Erode,2020-04-05,1.6,1.6,1.600000000000001,1.6,0.2285714285714286,0
Erode,2020-04-06,0.9,0.9,2.500000000000001,2.5,0.3571428571428571,0
Erode,2020-04-07,6.4,6.4,8.900000000000002,8.9,1.2714285714285716,0
Erode,2020-04-08,2.4,2.4,9.7,11.3,1.6142857142857143,0
Erode,2020-04-09,4.3,4.3,13.1,15.6,2.2285714285714286,0
Erode,2020-04-10,5.3,5.3,12.0,20.9,2.9857142857142853,0
Erode,2020-04-11,0.3,0.3,9.9,21.2,3.0285714285714285,0
Erode,2020-04-12,0.0,0.0,5.600000000000001,19.6,2.8,0
Erode,2020-04-13,0.0,0.0,0.3000000000000017,18.7,2.6714285714285717,0
Erode,2020-04-14,0.0,0.0,0.0,12.3,1.757142857142857,0
Erode,2020-04-15,0.0,0.0,0.0,9.9,1.414285714285714,0
Erode,2020-04-16,0.0,0.0,0.0,5.6,0.7999999999999999,0
Erode,2020-04-17,0.0,0.0,0.0,0.3,0.0428571428571428,0
Erode,2020-04-18,0.0,0.0,0.0,0.0,0.0,0
Erode,2020-04-19,0.4,0.4,0.4000000000000018,0.4,0.0571428571428571,0
Erode,2020-04-20,0.0,0.0,0.4000000000000018,0.4,0.0571428571428571,0
Erode,2020-04-21,0.0,0.0,0.4000000000000018,0.4,0.0571428571428571,0
Erode,2020-04-22,0.0,0.0,0.0,0.4,0.0571428571428571,0
Erode,2020-04-23,0.0,0.0,0.0,0.4,0.0571428571428571,0
Erode,2020-04-24,0.1,0.1,0.1000000000000017,0.5,0.0714285714285714,0
Erode,2020-04-25,0.0,0.0,0.1000000000000017,0.5,0.0714285714285714,0
Erode,2020-04-26,0.0,0.0,0.1000000000000017,0.1,0.0142857142857142,0
Erode,2020-04-27,1.6,1.6,1.600000000000002,1.7000000000000002,0.2428571428571428,0
Erode,2020-04-28,16.2,16.2,17.8,17.9,2.557142857142857,0
Erode,2020-04-29,3.9,3.9,21.7,21.8,3.114285714285714,0
Erode,2020-04-30,1.8,1.8,21.9,23.6,3.371428571428571,0
Erode,2020-05-01,0.0,0.0,5.7,23.5,3.3571428571428568,0
Erode,2020-05-02,1.1,1.1,2.9000000000000004,24.6,3.514285714285714,0
Erode,2020-05-03,0.0,0.0,1.1,24.6,3.514285714285714,0
Erode,2020-05-04,0.0,0.0,1.1,23.0,3.2857142857142856,0
Erode,2020-05-05,0.0,0.0,0.0,6.8,0.9714285714285714,0
Erode,2020-05-06,0.0,0.0,0.0,2.9000000000000004,0.4142857142857143,0
Erode,2020-05-07,0.0,0.0,0.0,1.1,0.1571428571428571,0
Erode,2020-05-08,0.1,0.1,0.1,1.2000000000000002,0.1714285714285714,0
Erode,2020-05-09,0.0,0.0,0.1,0.1,0.0142857142857142,0
Erode,2020-05-10,0.0,0.0,0.1,0.1,0.0142857142857142,0
Erode,2020-05-11,0.2,0.2,0.2,0.3,0.0428571428571428,0
Erode,2020-05-12,0.1,0.1,0.3,0.4,0.0571428571428571,0
Erode,2020-05-13,0.0,0.0,0.3,0.4,0.0571428571428571,0
Erode,2020-05-14,0.1,0.1,0.2,0.5,0.0714285714285714,0
Erode,2020-05-15,0.0,0.0,0.1,0.4,0.0571428571428571,0
Erode,2020-05-16,0.4,0.4,0.5,0.8,0.1142857142857143,0
Erode,2020-05-17,0.0,0.0,0.4,0.8,0.1142857142857143,0
Erode,2020-05-18,2.7,2.7,3.1,3.3000000000000003,0.4714285714285715,0
Erode,2020-05-19,0.1,0.1,2.8000000000000003,3.3000000000000003,0.4714285714285715,0
Erode,2020-05-20,0.0,0.0,2.8000000000000003,3.3000000000000003,0.4714285714285715,0
Erode,2020-05-21,0.0,0.0,0.1,3.2,0.4571428571428572,0
Erode,2020-05-22,0.5,0.5,0.5,3.7,0.5285714285714286,0
Erode,2020-05-23,0.0,0.0,0.5,3.3000000000000003,0.4714285714285715,0
Erode,2020-05-24,0.0,0.0,0.5,3.3000000000000003,0.4714285714285715,0
Erode,2020-05-25,0.3,0.3,0.3,0.8999999999999999,0.1285714285714285,0
Erode,2020-05-26,0.0,0.0,0.3,0.8,0.1142857142857143,0
Erode,2020-05-27,1.4,1.4,1.7,2.2,0.3142857142857143,0
Erode,2020-05-28,22.1,22.1,23.5,24.3,3.4714285714285715,0
Erode,2020-05-29,2.7,2.7,26.2,26.5,3.7857142857142856,0
Erode,2020-05-30,0.0,0.0,24.8,26.5,3.7857142857142856,0
Erode,2020-05-31,0.9,0.9,3.6,27.4,3.9142857142857146,0
Erode,2020-06-01,12.1,12.1,13.0,39.2,5.6000000000000005,0
Erode,2020-06-02,0.4,0.4,13.4,39.6,5.6571428571428575,0
Erode,2020-06-03,0.1,0.1,12.6,38.3,5.471428571428572,0
Erode,2020-06-04,0.0,0.0,0.5,16.2,2.314285714285714,0
Erode,2020-06-05,1.5,1.5,1.6,15.0,2.142857142857143,0
Erode,2020-06-06,4.8,4.8,6.3,19.8,2.8285714285714287,0
Erode,2020-06-07,0.2,0.2,6.5,19.1,2.728571428571428,0
Erode,2020-06-08,0.0,0.0,5.0,7.0,1.0,0
Erode,2020-06-09,1.0,1.0,1.2,7.6,1.0857142857142856,0
Erode,2020-06-10,2.1,2.1,3.1,9.6,1.3714285714285714,0
Erode,2020-06-11,0.2,0.2,3.3000000000000003,9.8,1.4,0
Erode,2020-06-12,1.1,1.1,3.4000000000000004,9.4,1.342857142857143,0
Erode,2020-06-13,0.3,0.3,1.6,4.9,0.7,0
Erode,2020-06-14,0.2,0.2,1.6,4.9,0.7,0
Erode,2020-06-15,0.2,0.2,0.7,5.1,0.7285714285714285,0
Erode,2020-06-16,2.1,2.1,2.5,6.199999999999999,0.8857142857142856,0
Erode,2020-06-17,0.0,0.0,2.3,4.1,0.5857142857142856,0
Erode,2020-06-18,1.6,1.6,3.7,5.5,0.7857142857142857,0
Erode,2020-06-19,0.4,0.4,2.0,4.800000000000001,0.6857142857142858,0
Erode,2020-06-20,0.8,0.8,2.8000000000000003,5.300000000000001,0.7571428571428572,0
Erode,2020-06-21,0.5,0.5,1.7000000000000002,5.6000000000000005,0.8,0
Erode,2020-06-22,0.7,0.7,2.0,6.1000000000000005,0.8714285714285716,0
Erode,2020-06-23,1.5,1.5,2.7,5.5,0.7857142857142857,0
Erode,2020-06-24,3.2,3.2,5.4,8.7,1.2428571428571429,0
Erode,2020-06-25,10.2,10.2,14.9,17.299999999999997,2.471428571428571,0
Erode,2020-06-26,17.6,17.6,31.0,34.5,4.928571428571429,0
Erode,2020-06-27,0.1,0.1,27.9,33.8,4.828571428571428,0
Erode,2020-06-28,4.1,4.1,21.8,37.39999999999999,5.342857142857142,0
Erode,2020-06-29,7.0,7.0,11.2,43.7,6.242857142857143,0
Erode,2020-06-30,2.0,2.0,13.1,44.2,6.314285714285715,0
Erode,2020-07-01,2.4,2.4,11.4,43.4,6.2,0
Erode,2020-07-02,1.6,1.6,6.0,34.8,4.971428571428571,0
Erode,2020-07-03,12.8,12.8,16.8,30.0,4.285714285714286,0
Erode,2020-07-04,0.4,0.4,14.8,30.3,4.328571428571428,0
Erode,2020-07-05,0.3,0.3,13.5,26.5,3.7857142857142856,0
Erode,2020-07-06,4.2,4.2,4.9,23.700000000000003,3.385714285714286,0
Erode,2020-07-07,0.6,0.6,5.1,22.3,3.185714285714286,0
Erode,2020-07-08,0.8,0.8,5.6000000000000005,20.700000000000003,2.9571428571428577,0
Erode,2020-07-09,17.3,17.3,18.700000000000003,36.400000000000006,5.200000000000001,0
Erode,2020-07-10,15.9,15.9,34.0,39.5,5.642857142857143,0
Erode,2020-07-11,2.7,2.7,35.9,41.8,5.971428571428572,0
Erode,2020-07-12,4.6,4.6,23.2,46.1,6.585714285714286,0
Erode,2020-07-13,0.7,0.7,8.0,42.6,6.085714285714286,0
Erode,2020-07-14,0.8,0.8,6.1,42.8,6.114285714285715,0
Erode,2020-07-15,5.7,5.7,7.2,47.7,6.814285714285715,0
Erode,2020-07-16,0.5,0.5,7.0,30.9,4.414285714285714,0
Erode,2020-07-17,1.3,1.3,7.5,16.3,2.3285714285714287,0
Erode,2020-07-18,6.6,6.6,8.399999999999999,20.2,2.8857142857142857,0
Erode,2020-07-19,9.5,9.5,17.4,25.1,3.5857142857142854,0
Erode,2020-07-20,21.5,21.5,37.6,45.9,6.557142857142857,0
Erode,2020-07-21,0.1,0.1,31.1,45.2,6.457142857142857,0
Erode,2020-07-22,0.6,0.6,22.2,40.1,5.728571428571429,0
Erode,2020-07-23,8.1,8.1,8.799999999999999,47.7,6.814285714285714,0
Erode,2020-07-24,1.8,1.8,10.5,48.2,6.885714285714286,0
Erode,2020-07-25,2.7,2.7,12.6,44.3,6.328571428571428,0
Erode,2020-07-26,0.5,0.5,5.0,35.3,5.042857142857143,0
Erode,2020-07-27,0.4,0.4,3.6,14.2,2.0285714285714285,0
Erode,2020-07-28,5.4,5.4,6.300000000000001,19.5,2.7857142857142856,0
Erode,2020-07-29,9.5,9.5,15.3,28.4,4.057142857142857,0
Erode,2020-07-30,0.4,0.4,15.3,20.7,2.957142857142857,0
Erode,2020-07-31,2.8,2.8,12.7,21.7,3.1,0
Erode,2020-08-01,0.5,0.5,3.7,19.5,2.7857142857142856,0
Erode,2020-08-02,10.5,10.5,13.8,29.5,4.214285714285714,0
Erode,2020-08-03,2.6,2.6,13.6,31.700000000000003,4.528571428571429,0
Erode,2020-08-04,1.0,1.0,14.1,27.3,3.9,0
Erode,2020-08-05,4.0,4.0,7.600000000000001,21.8,3.1142857142857143,0
Erode,2020-08-06,1.4,1.4,6.400000000000002,22.8,3.257142857142857,0
Erode,2020-08-07,1.4,1.4,6.800000000000002,21.4,3.057142857142857,0
Erode,2020-08-08,4.7,4.7,7.500000000000002,25.6,3.6571428571428575,0
Erode,2020-08-09,12.5,12.5,18.6,27.6,3.942857142857143,0
Erode,2020-08-10,5.4,5.4,22.6,30.4,4.342857142857143,0
Erode,2020-08-11,1.2,1.2,19.1,30.6,4.371428571428571,0
Erode,2020-08-12,1.5,1.5,8.100000000000001,28.1,4.014285714285714,0
Erode,2020-08-13,0.1,0.1,2.8000000000000016,26.8,3.8285714285714287,0
Erode,2020-08-14,0.2,0.2,1.8000000000000018,25.6,3.6571428571428575,0
Erode,2020-08-15,0.2,0.2,0.5000000000000018,21.1,3.014285714285714,0
Erode,2020-08-16,0.0,0.0,0.4000000000000018,8.6,1.2285714285714284,0
Erode,2020-08-17,2.8,2.8,3.0000000000000018,6.0,0.8571428571428571,0
Erode,2020-08-18,4.2,4.2,7.000000000000002,9.0,1.2857142857142858,0
Erode,2020-08-19,0.9,0.9,7.900000000000002,8.4,1.2,0
Erode,2020-08-20,0.2,0.2,5.300000000000002,8.5,1.2142857142857142,0
Erode,2020-08-21,0.1,0.1,1.2000000000000015,8.4,1.2,0
Erode,2020-08-22,1.1,1.1,1.4000000000000017,9.3,1.3285714285714287,0
Erode,2020-08-23,8.0,8.0,9.2,17.3,2.4714285714285715,0
Erode,2020-08-24,5.4,5.4,14.500000000000004,19.9,2.8428571428571425,0
Erode,2020-08-25,1.0,1.0,14.400000000000002,16.7,2.3857142857142857,0
Erode,2020-08-26,9.6,9.6,16.0,25.4,3.628571428571429,0
Erode,2020-08-27,0.1,0.1,10.7,25.3,3.6142857142857134,0
Erode,2020-08-28,0.0,0.0,9.7,25.2,3.6,0
Erode,2020-08-29,0.0,0.0,0.1,24.1,3.442857142857143,0
Erode,2020-08-30,5.8,5.8,5.8,21.9,3.128571428571429,0
Erode,2020-08-31,3.3,3.3,9.1,19.8,2.8285714285714283,0
Erode,2020-09-01,63.7,63.7,72.8,82.5,11.785714285714286,1
Erode,2020-09-02,42.6,42.6,109.6,115.5,16.5,2
Erode,2020-09-03,6.4,6.4,112.70000000000002,121.8,17.4,2
Erode,2020-09-04,7.2,7.2,56.2,129.0,18.428571428571427,2
Erode,2020-09-05,7.9,7.9,21.5,136.9,19.557142857142857,2
Erode,2020-09-06,8.4,8.4,23.5,139.50000000000003,19.928571428571438,2
Erode,2020-09-07,0.3,0.3,16.6,136.5,19.5,2
Erode,2020-09-08,3.4,3.4,12.1,76.2,10.885714285714286,1
Erode,2020-09-09,10.0,10.0,13.7,43.6,6.228571428571429,0
Erode,2020-09-10,5.7,5.7,19.1,42.900000000000006,6.128571428571429,0
Erode,2020-09-11,3.4,3.4,19.1,39.1,5.585714285714286,0
Erode,2020-09-12,7.5,7.5,16.6,38.7,5.528571428571429,0
Erode,2020-09-13,4.9,4.9,15.800000000000002,35.2,5.028571428571429,0
Erode,2020-09-14,0.3,0.3,12.700000000000005,35.2,5.028571428571429,0
Erode,2020-09-15,4.0,4.0,9.200000000000005,35.8,5.114285714285714,0
Erode,2020-09-16,1.8,1.8,6.100000000000001,27.6,3.942857142857143,0
Erode,2020-09-17,1.3,1.3,7.100000000000001,23.2,3.314285714285714,0
Erode,2020-09-18,2.1,2.1,5.200000000000002,21.9,3.128571428571429,0
Erode,2020-09-19,6.8,6.8,10.200000000000005,21.2,3.0285714285714285,0
Erode,2020-09-20,10.8,10.8,19.700000000000003,27.1,3.871428571428571,0
Erode,2020-09-21,2.3,2.3,19.9,29.1,4.1571428571428575,0
Erode,2020-09-22,1.3,1.3,14.400000000000004,26.4,3.771428571428572,0
Erode,2020-09-23,0.2,0.2,3.8000000000000034,24.8,3.542857142857143,0
Erode,2020-09-24,1.1,1.1,2.600000000000004,24.6,3.514285714285714,0
Erode,2020-09-25,5.1,5.1,6.400000000000003,27.6,3.942857142857143,0
Erode,2020-09-26,2.1,2.1,8.300000000000002,22.9,3.271428571428572,0
Erode,2020-09-27,0.5,0.5,7.700000000000003,12.6,1.8,0
Erode,2020-09-28,3.4,3.4,6.000000000000004,13.7,1.9571428571428573,0
Erode,2020-09-29,14.0,14.0,17.900000000000002,26.4,3.7714285714285714,0
Erode,2020-09-30,3.0,3.0,20.40000000000001,29.200000000000003,4.171428571428572,0
Erode,2020-10-01,0.0,0.0,17.000000000000007,28.1,4.014285714285714,0
Erode,2020-10-02,0.0,0.0,3.000000000000004,23.0,3.2857142857142856,0
Erode,2020-10-03,0.1,0.1,0.1000000000000035,21.0,3.0,0
Erode,2020-10-04,0.0,0.0,0.1000000000000035,20.5,2.9285714285714284,0
Erode,2020-10-05,0.1,0.1,0.2000000000000035,17.200000000000003,2.4571428571428577,0
Erode,2020-10-06,1.6,1.6,1.7000000000000035,4.8,0.6857142857142857,0
Erode,2020-10-07,9.7,9.7,11.400000000000002,11.5,1.6428571428571428,0
Erode,2020-10-08,9.5,9.5,20.800000000000004,21.0,3.0,0
Erode,2020-10-09,6.4,6.4,25.6,27.4,3.914285714285714,0
Erode,2020-10-10,13.8,13.8,29.700000000000003,41.1,5.871428571428572,0
Erode,2020-10-11,2.4,2.4,22.6,43.5,6.214285714285714,0
Erode,2020-10-12,1.9,1.9,18.100000000000005,45.3,6.471428571428571,0
Erode,2020-10-13,2.0,2.0,6.300000000000002,45.7,6.528571428571429,0
Erode,2020-10-14,0.0,0.0,3.9000000000000017,36.0,5.142857142857143,0
Erode,2020-10-15,0.0,0.0,2.0000000000000018,26.5,3.7857142857142856,0
Erode,2020-10-16,0.3,0.3,0.3000000000000017,20.4,2.9142857142857146,0
Erode,2020-10-17,6.3,6.3,6.600000000000001,12.9,1.8428571428571427,0
Erode,2020-10-18,2.7,2.7,9.3,13.2,1.8857142857142857,0
Erode,2020-10-19,15.3,15.3,24.3,26.6,3.8,0
Erode,2020-10-20,6.4,6.4,24.4,31.0,4.428571428571429,0
Erode,2020-10-21,1.7,1.7,23.4,32.7,4.671428571428572,0
Erode,2020-10-22,0.8,0.8,8.9,33.5,4.785714285714286,0
Erode,2020-10-23,0.8,0.8,3.3,34.0,4.857142857142857,0
Erode,2020-10-24,0.0,0.0,1.6,27.7,3.957142857142857,0
Erode,2020-10-25,0.0,0.0,0.8,25.0,3.571428571428572,0
Erode,2020-10-26,0.0,0.0,0.0,9.7,1.385714285714286,0
Erode,2020-10-27,0.3,0.3,0.3,3.6,0.5142857142857143,0
Erode,2020-10-28,0.0,0.0,0.3,1.9,0.2714285714285714,0
Erode,2020-10-29,0.8,0.8,1.1,1.9,0.2714285714285714,0
Erode,2020-10-30,0.2,0.2,1.0,1.3,0.1857142857142857,0
Erode,2020-10-31,1.5,1.5,2.5,2.8,0.3999999999999999,0
Erode,2020-11-01,1.1,1.1,2.8,3.9,0.5571428571428572,0
Erode,2020-11-02,1.0,1.0,3.6,4.9,0.7000000000000001,0
Erode,2020-11-03,0.5,0.5,2.6,5.1000000000000005,0.7285714285714286,0
Erode,2020-11-04,7.3,7.3,8.799999999999999,12.4,1.7714285714285716,0
Erode,2020-11-05,18.3,18.3,26.1,29.9,4.271428571428571,0
Erode,2020-11-06,1.3,1.3,26.9,31.000000000000004,4.428571428571429,0
Erode,2020-11-07,1.1,1.1,20.7,30.6,4.371428571428572,0
Erode,2020-11-08,2.6,2.6,4.9999999999999964,32.1,4.585714285714286,0
Erode,2020-11-09,0.6,0.6,4.299999999999996,31.700000000000003,4.528571428571429,0
Erode,2020-11-10,0.0,0.0,3.199999999999996,31.200000000000003,4.457142857142857,0
Erode,2020-11-11,0.8,0.8,1.3999999999999964,24.700000000000003,3.528571428571429,0
Erode,2020-11-12,1.6,1.6,2.3999999999999964,8.0,1.1428571428571428,0
Erode,2020-11-13,17.0,17.0,19.399999999999995,23.7,3.3857142857142857,0
Erode,2020-11-14,0.7,0.7,19.299999999999997,23.3,3.3285714285714283,0
Erode,2020-11-15,21.7,21.7,39.39999999999999,42.4,6.057142857142857,0
Erode,2020-11-16,23.3,23.3,45.7,65.1,9.3,1
Erode,2020-11-17,18.0,18.0,62.99999999999999,83.1,11.87142857142857,1
Erode,2020-11-18,6.9,6.9,48.2,89.2,12.742857142857144,1
Erode,2020-11-19,1.1,1.1,26.0,88.69999999999999,12.671428571428567,1
Erode,2020-11-20,0.2,0.2,8.199999999999998,71.89999999999999,10.27142857142857,1
Erode,2020-11-21,0.0,0.0,1.2999999999999965,71.2,10.171428571428573,1
Erode,2020-11-22,0.0,0.0,0.1999999999999964,49.5,7.071428571428571,0
Erode,2020-11-23,0.0,0.0,0.0,26.2,3.742857142857143,0
Erode,2020-11-24,0.0,0.0,0.0,8.200000000000001,1.1714285714285717,0
Erode,2020-11-25,1.7,1.7,1.6999999999999964,3.0,0.4285714285714285,0
Erode,2020-11-26,18.5,18.5,20.2,20.4,2.914285714285714,0
Erode,2020-11-27,1.6,1.6,21.8,21.8,3.1142857142857143,0
Erode,2020-11-28,3.9,3.9,24.0,25.7,3.6714285714285713,0
Erode,2020-11-29,1.4,1.4,6.899999999999997,27.1,3.871428571428571,0
Erode,2020-11-30,1.7,1.7,6.9999999999999964,28.8,4.114285714285715,0
Erode,2020-12-01,0.0,0.0,3.099999999999996,28.8,4.114285714285715,0
Erode,2020-12-02,1.4,1.4,3.099999999999996,28.5,4.071428571428571,0
Erode,2020-12-03,33.8,33.8,35.2,43.8,6.257142857142857,0
Erode,2020-12-04,64.5,64.5,99.7,106.7,15.242857142857142,2
Erode,2020-12-05,4.6,4.6,102.89999999999998,107.39999999999998,15.34285714285714,2
Erode,2020-12-06,10.3,10.3,79.4,116.3,16.614285714285714,2
Erode,2020-12-07,17.1,17.1,32.0,131.7,18.814285714285717,2
Erode,2020-12-08,27.8,27.8,55.2,159.5,22.785714285714285,2
Erode,2020-12-09,1.6,1.6,46.5,159.7,22.814285714285717,2
Erode,2020-12-10,0.0,0.0,29.4,125.9,17.985714285714288,2
Erode,2020-12-11,0.2,0.2,1.8,61.6,8.8,1
Erode,2020-12-12,0.0,0.0,0.2,57.0,8.142857142857142,1
Erode,2020-12-13,0.0,0.0,0.2,46.7,6.671428571428572,0
Erode,2020-12-14,0.0,0.0,0.0,29.6,4.228571428571429,0
Erode,2020-12-15,0.0,0.0,0.0,1.8,0.2571428571428572,0
Erode,2020-12-16,3.0,3.0,3.0,3.2,0.4571428571428572,0
Erode,2020-12-17,11.5,11.5,14.5,14.7,2.1,0
Erode,2020-12-18,0.7,0.7,15.2,15.2,2.1714285714285717,0
Erode,2020-12-19,0.0,0.0,12.2,15.2,2.1714285714285717,0
Erode,2020-12-20,0.0,0.0,0.7,15.2,2.1714285714285717,0
Erode,2020-12-21,0.0,0.0,0.0,15.2,2.1714285714285717,0
Erode,2020-12-22,0.0,0.0,0.0,15.2,2.1714285714285717,0
Erode,2020-12-23,1.4,1.4,1.4,13.6,1.9428571428571428,0
Erode,2020-12-24,0.0,0.0,1.4,2.1,0.2999999999999999,0
Erode,2020-12-25,0.0,0.0,1.4,1.4,0.1999999999999999,0
Erode,2020-12-26,0.0,0.0,0.0,1.4,0.1999999999999999,0
Erode,2020-12-27,0.0,0.0,0.0,1.4,0.1999999999999999,0
Erode,2020-12-28,0.0,0.0,0.0,1.4,0.1999999999999999,0
Erode,2020-12-29,2.5,2.5,2.5,3.9,0.5571428571428572,0
Erode,2020-12-30,1.0,1.0,3.5,3.5,0.5,0
Erode,2020-12-31,44.0,44.0,47.5,47.5,6.785714285714286,0
Erode,2021-01-01,0.0,0.0,45.0,47.5,6.785714285714286,0
Erode,2021-01-02,0.8,0.8,44.8,48.3,6.9,0
Erode,2021-01-03,7.0,7.0,7.8,55.3,7.899999999999999,1
Erode,2021-01-04,0.8,0.8,8.6,56.1,8.014285714285714,1
Erode,2021-01-05,5.8,5.8,13.6,59.4,8.485714285714286,1
Erode,2021-01-06,8.6,8.6,15.2,67.0,9.571428571428571,1
Erode,2021-01-07,4.9,4.9,19.3,27.9,3.985714285714285,0
Erode,2021-01-08,16.7,16.7,30.200000000000003,44.6,6.371428571428572,0
Erode,2021-01-09,2.3,2.3,23.9,46.1,6.585714285714286,0
Erode,2021-01-10,6.4,6.4,25.4,45.50000000000001,6.500000000000001,0
Erode,2021-01-11,11.0,11.0,19.700000000000003,55.7,7.957142857142857,1
Erode,2021-01-12,6.0,6.0,23.4,55.900000000000006,7.985714285714287,1
Erode,2021-01-13,1.2,1.2,18.200000000000003,48.5,6.928571428571429,0
Erode,2021-01-14,1.8,1.8,9.000000000000004,45.400000000000006,6.485714285714287,0
Erode,2021-01-15,1.8,1.8,4.800000000000003,30.5,4.357142857142857,0
Erode,2021-01-16,0.7,0.7,4.300000000000003,28.9,4.128571428571428,0
Erode,2021-01-17,0.0,0.0,2.500000000000004,22.5,3.2142857142857144,0
Erode,2021-01-18,0.0,0.0,0.7000000000000035,11.5,1.6428571428571428,0
Erode,2021-01-19,0.0,0.0,0.0,5.5,0.7857142857142857,0
Erode,2021-01-20,0.0,0.0,0.0,4.3,0.6142857142857142,0
Erode,2021-01-21,0.1,0.1,0.1000000000000035,2.6,0.3714285714285714,0
Erode,2021-01-22,2.9,2.9,3.000000000000004,3.7,0.5285714285714286,0
Erode,2021-01-23,2.1,2.1,5.100000000000003,5.1,0.7285714285714285,0
Erode,2021-01-24,0.0,0.0,5.000000000000004,5.1,0.7285714285714285,0
Erode,2021-01-25,0.0,0.0,2.100000000000004,5.1,0.7285714285714285,0
Erode,2021-01-26,0.0,0.0,0.0,5.1,0.7285714285714285,0
Erode,2021-01-27,0.0,0.0,0.0,5.1,0.7285714285714285,0
Erode,2021-01-28,0.0,0.0,0.0,5.0,0.7142857142857143,0
Erode,2021-01-29,0.2,0.2,0.2000000000000035,2.3000000000000003,0.3285714285714286,0
Erode,2021-01-30,0.0,0.0,0.2000000000000035,0.2,0.0285714285714285,0
Erode,2021-01-31,0.0,0.0,0.2000000000000035,0.2,0.0285714285714285,0
Erode,2021-02-01,0.0,0.0,0.0,0.2,0.0285714285714285,0
Erode,2021-02-02,0.0,0.0,0.0,0.2,0.0285714285714285,0
Erode,2021-02-03,0.0,0.0,0.0,0.2,0.0285714285714285,0
Erode,2021-02-04,0.0,0.0,0.0,0.2,0.0285714285714285,0
Erode,2021-02-05,0.0,0.0,0.0,0.0,0.0,0
Erode,2021-02-06,0.0,0.0,0.0,0.0,0.0,0
Erode,2021-02-07,0.0,0.0,0.0,0.0,0.0,0
Erode,2021-02-08,0.0,0.0,0.0,0.0,0.0,0
Erode,2021-02-09,0.0,0.0,0.0,0.0,0.0,0
Erode,2021-02-10,0.0,0.0,0.0,0.0,0.0,0
Erode,2021-02-11,0.0,0.0,0.0,0.0,0.0,0
Erode,2021-02-12,0.0,0.0,0.0,0.0,0.0,0
Erode,2021-02-13,0.0,0.0,0.0,0.0,0.0,0
Erode,2021-02-14,0.0,0.0,0.0,0.0,0.0,0
Erode,2021-02-15,0.0,0.0,0.0,0.0,0.0,0
Erode,2021-02-16,0.0,0.0,0.0,0.0,0.0,0
Erode,2021-02-17,0.0,0.0,0.0,0.0,0.0,0
Erode,2021-02-18,0.0,0.0,0.0,0.0,0.0,0
Erode,2021-02-19,0.0,0.0,0.0,0.0,0.0,0
Erode,2021-02-20,6.7,6.7,6.700000000000004,6.7,0.9571428571428572,0
Erode,2021-02-21,2.2,2.2,8.900000000000004,8.9,1.2714285714285716,0
Erode,2021-02-22,0.1,0.1,9.000000000000004,9.0,1.2857142857142858,0
Erode,2021-02-23,0.7,0.7,3.000000000000004,9.7,1.385714285714286,0
Erode,2021-02-24,0.0,0.0,0.8000000000000035,9.7,1.385714285714286,0
Erode,2021-02-25,0.0,0.0,0.7000000000000035,9.7,1.385714285714286,0
Erode,2021-02-26,0.0,0.0,0.0,9.7,1.385714285714286,0
Erode,2021-02-27,0.0,0.0,0.0,3.0,0.4285714285714285,0
Erode,2021-02-28,0.0,0.0,0.0,0.7999999999999999,0.1142857142857142,0
Erode,2021-03-01,0.0,0.0,0.0,0.7,0.0999999999999999,0
Erode,2021-03-02,0.0,0.0,0.0,0.0,0.0,0
Erode,2021-03-03,0.0,0.0,0.0,0.0,0.0,0
Erode,2021-03-04,0.0,0.0,0.0,0.0,0.0,0
Erode,2021-03-05,0.0,0.0,0.0,0.0,0.0,0
Erode,2021-03-06,0.0,0.0,0.0,0.0,0.0,0
Erode,2021-03-07,0.0,0.0,0.0,0.0,0.0,0
Erode,2021-03-08,0.0,0.0,0.0,0.0,0.0,0
Erode,2021-03-09,0.0,0.0,0.0,0.0,0.0,0
Erode,2021-03-10,0.0,0.0,0.0,0.0,0.0,0
Erode,2021-03-11,0.0,0.0,0.0,0.0,0.0,0
Erode,2021-03-12,0.0,0.0,0.0,0.0,0.0,0
Erode,2021-03-13,0.0,0.0,0.0,0.0,0.0,0
Erode,2021-03-14,0.0,0.0,0.0,0.0,0.0,0
Erode,2021-03-15,0.0,0.0,0.0,0.0,0.0,0
Erode,2021-03-16,0.0,0.0,0.0,0.0,0.0,0
Erode,2021-03-17,0.0,0.0,0.0,0.0,0.0,0
Erode,2021-03-18,0.0,0.0,0.0,0.0,0.0,0
Erode,2021-03-19,0.0,0.0,0.0,0.0,0.0,0
Erode,2021-03-20,0.0,0.0,0.0,0.0,0.0,0
Erode,2021-03-21,0.0,0.0,0.0,0.0,0.0,0
Erode,2021-03-22,0.0,0.0,0.0,0.0,0.0,0
Erode,2021-03-23,0.0,0.0,0.0,0.0,0.0,0
Erode,2021-03-24,0.0,0.0,0.0,0.0,0.0,0
Erode,2021-03-25,0.0,0.0,0.0,0.0,0.0,0
Erode,2021-03-26,0.0,0.0,0.0,0.0,0.0,0
Erode,2021-03-27,0.0,0.0,0.0,0.0,0.0,0
Erode,2021-03-28,0.0,0.0,0.0,0.0,0.0,0
Erode,2021-03-29,0.0,0.0,0.0,0.0,0.0,0
Erode,2021-03-30,0.0,0.0,0.0,0.0,0.0,0
Erode,2021-03-31,0.0,0.0,0.0,0.0,0.0,0
Erode,2021-04-01,0.0,0.0,0.0,0.0,0.0,0
Erode,2021-04-02,0.0,0.0,0.0,0.0,0.0,0
Erode,2021-04-03,0.0,0.0,0.0,0.0,0.0,0
Erode,2021-04-04,0.0,0.0,0.0,0.0,0.0,0
Erode,2021-04-05,0.2,0.2,0.2000000000000035,0.2,0.0285714285714285,0
Erode,2021-04-06,0.1,0.1,0.3000000000000036,0.3,0.0428571428571428,0
Erode,2021-04-07,0.0,0.0,0.3000000000000036,0.3,0.0428571428571428,0
Erode,2021-04-08,0.0,0.0,0.1000000000000035,0.3,0.0428571428571428,0
Erode,2021-04-09,0.0,0.0,0.0,0.3,0.0428571428571428,0
Erode,2021-04-10,0.1,0.1,0.1000000000000035,0.4,0.0571428571428571,0
Erode,2021-04-11,0.0,0.0,0.1000000000000035,0.4,0.0571428571428571,0
Erode,2021-04-12,1.6,1.6,1.7000000000000035,1.8,0.2571428571428572,0
Erode,2021-04-13,3.9,3.9,5.500000000000004,5.6,0.7999999999999999,0
Erode,2021-04-14,11.3,11.3,16.800000000000004,16.9,2.414285714285714,0
Erode,2021-04-15,25.6,25.6,40.8,42.5,6.071428571428571,0
Erode,2021-04-16,7.4,7.4,44.3,49.9,7.128571428571428,0
Erode,2021-04-17,0.3,0.3,33.300000000000004,50.1,7.1571428571428575,1
Erode,2021-04-18,0.1,0.1,7.800000000000001,50.2,7.171428571428571,1
Erode,2021-04-19,0.0,0.0,0.4,48.6,6.942857142857142,0
Erode,2021-04-20,0.1,0.1,0.2,44.8,6.4,0
Erode,2021-04-21,0.4,0.4,0.5,33.9,4.842857142857143,0
Erode,2021-04-22,0.0,0.0,0.5,8.3,1.1857142857142855,0
Erode,2021-04-23,0.3,0.3,0.7,1.2,0.1714285714285714,0
Erode,2021-04-24,2.7,2.7,3.0,3.6,0.5142857142857143,0
Erode,2021-04-25,0.0,0.0,3.0,3.5,0.5,0
Erode,2021-04-26,0.2,0.2,2.9000000000000004,3.7,0.5285714285714286,0
Erode,2021-04-27,0.5,0.5,0.7,4.1000000000000005,0.5857142857142857,0
Erode,2021-04-28,0.0,0.0,0.7,3.7,0.5285714285714286,0
Erode,2021-04-29,0.0,0.0,0.5,3.7,0.5285714285714286,0
Erode,2021-04-30,4.5,4.5,4.5,7.9,1.1285714285714286,0
Erode,2021-05-01,0.1,0.1,4.6,5.3,0.7571428571428571,0
Erode,2021-05-02,5.4,5.4,10.0,10.7,1.5285714285714285,0
Erode,2021-05-03,4.3,4.3,9.8,14.8,2.1142857142857143,0
Erode,2021-05-04,5.1,5.1,14.8,19.4,2.771428571428572,0
Erode,2021-05-05,0.0,0.0,9.4,19.4,2.771428571428572,0
Erode,2021-05-06,3.3,3.3,8.399999999999999,22.7,3.242857142857143,0
Erode,2021-05-07,4.5,4.5,7.8,22.7,3.242857142857143,0
Erode,2021-05-08,1.3,1.3,9.1,23.9,3.414285714285714,0
Erode,2021-05-09,1.3,1.3,7.1,19.8,2.8285714285714287,0
Erode,2021-05-10,3.2,3.2,5.800000000000001,18.7,2.6714285714285717,0
Erode,2021-05-11,0.2,0.2,4.7,13.8,1.9714285714285715,0
Erode,2021-05-12,0.3,0.3,3.7,14.1,2.0142857142857142,0
Erode,2021-05-13,0.2,0.2,0.7,11.000000000000002,1.5714285714285716,0
Erode,2021-05-14,3.0,3.0,3.5,9.5,1.3571428571428572,0
Erode,2021-05-15,24.2,24.2,27.4,32.4,4.628571428571428,0
Erode,2021-05-16,0.7,0.7,27.9,31.8,4.542857142857143,0
Erode,2021-05-17,0.2,0.2,25.1,28.8,4.114285714285714,0
Erode,2021-05-18,0.1,0.1,1.0,28.7,4.1,0
Erode,2021-05-19,0.0,0.0,0.3,28.4,4.057142857142857,0
Erode,2021-05-20,1.7,1.7,1.8,29.9,4.271428571428571,0
Erode,2021-05-21,6.4,6.4,8.1,33.3,4.757142857142857,0
Erode,2021-05-22,1.2,1.2,9.3,10.3,1.4714285714285715,0
Erode,2021-05-23,0.0,0.0,7.6,9.6,1.3714285714285717,0
Erode,2021-05-24,0.0,0.0,1.2,9.4,1.342857142857143,0
Erode,2021-05-25,0.9,0.9,0.9,10.2,1.4571428571428573,0
Erode,2021-05-26,1.6,1.6,2.5,11.8,1.6857142857142855,0
Erode,2021-05-27,0.0,0.0,2.5,10.1,1.442857142857143,0
Erode,2021-05-28,0.0,0.0,1.6,3.7,0.5285714285714286,0
Erode,2021-05-29,0.0,0.0,0.0,2.5,0.3571428571428571,0
Erode,2021-05-30,0.0,0.0,0.0,2.5,0.3571428571428571,0
Erode,2021-05-31,0.1,0.1,0.1,2.6,0.3714285714285714,0
Erode,2021-06-01,0.4,0.4,0.5,2.1,0.3,0
Erode,2021-06-02,8.0,8.0,8.5,8.5,1.2142857142857142,0
Erode,2021-06-03,7.4,7.4,15.8,15.9,2.271428571428572,0
Erode,2021-06-04,8.2,8.2,23.6,24.1,3.442857142857143,0
Erode,2021-06-05,6.7,6.7,22.3,30.8,4.4,0
Erode,2021-06-06,6.0,6.0,20.9,36.8,5.257142857142857,0
Erode,2021-06-07,0.0,0.0,12.7,36.7,5.242857142857142,0
Erode,2021-06-08,0.3,0.3,6.3,36.6,5.228571428571429,0
Erode,2021-06-09,0.0,0.0,0.3,28.6,4.085714285714286,0
Erode,2021-06-10,0.1,0.1,0.4,21.3,3.042857142857143,0
Erode,2021-06-11,0.0,0.0,0.1,13.1,1.8714285714285717,0
Erode,2021-06-12,2.9,2.9,3.0,9.3,1.3285714285714287,0
Erode,2021-06-13,2.8,2.8,5.699999999999999,6.1,0.8714285714285713,0
Erode,2021-06-14,3.4,3.4,9.1,9.5,1.3571428571428572,0
Erode,2021-06-15,0.2,0.2,6.4,9.4,1.3428571428571427,0
Erode,2021-06-16,0.3,0.3,3.9,9.7,1.3857142857142857,0
Erode,2021-06-17,0.6,0.6,1.1,10.2,1.457142857142857,0
Erode,2021-06-18,0.0,0.0,0.9,10.2,1.457142857142857,0
Erode,2021-06-19,0.1,0.1,0.7,7.399999999999999,1.0571428571428572,0
Erode,2021-06-20,0.0,0.0,0.1,4.6,0.6571428571428571,0
Erode,2021-06-21,0.7,0.7,0.7999999999999999,1.9,0.2714285714285714,0
Erode,2021-06-22,0.9,0.9,1.6,2.6,0.3714285714285714,0
Erode,2021-06-23,3.5,3.5,5.1,5.8,0.8285714285714285,0
Erode,2021-06-24,0.6,0.6,5.0,5.8,0.8285714285714285,0
Erode,2021-06-25,0.0,0.0,4.1000000000000005,5.8,0.8285714285714285,0
Erode,2021-06-26,0.2,0.2,0.8,5.9,0.8428571428571427,0
Erode,2021-06-27,1.7,1.7,1.9,7.6,1.0857142857142856,0
Erode,2021-06-28,0.5,0.5,2.4000000000000004,7.4,1.0571428571428572,0
Erode,2021-06-29,0.8,0.8,3.0,7.3,1.042857142857143,0
Erode,2021-06-30,0.2,0.2,1.5000000000000002,4.0,0.5714285714285714,0
Erode,2021-07-01,14.8,14.8,15.8,18.2,2.6,0
Erode,2021-07-02,6.2,6.2,21.2,24.4,3.485714285714286,0
Erode,2021-07-03,1.0,1.0,22.0,25.200000000000003,3.6000000000000005,0
Erode,2021-07-04,24.3,24.3,31.5,47.8,6.828571428571429,0
Erode,2021-07-05,3.3,3.3,28.6,50.6,7.228571428571429,1
Erode,2021-07-06,2.3,2.3,29.9,52.1,7.442857142857143,1
Erode,2021-07-07,0.9,0.9,6.5,52.8,7.542857142857144,1
Erode,2021-07-08,0.5,0.5,3.7,38.5,5.5,0
Erode,2021-07-09,6.6,6.6,8.0,38.900000000000006,5.557142857142858,0
Erode,2021-07-10,5.1,5.1,12.2,43.0,6.142857142857143,0
Erode,2021-07-11,0.4,0.4,12.1,19.1,2.728571428571428,0
Erode,2021-07-12,0.7,0.7,6.199999999999999,16.5,2.357142857142857,0
Erode,2021-07-13,1.0,1.0,2.1,15.2,2.1714285714285717,0
Erode,2021-07-14,2.8,2.8,4.5,17.099999999999998,2.4428571428571426,0
Erode,2021-07-15,1.6,1.6,5.4,18.2,2.6,0
Erode,2021-07-16,5.3,5.3,9.7,16.9,2.414285714285714,0
Erode,2021-07-17,8.1,8.1,15.0,19.9,2.8428571428571425,0
Erode,2021-07-18,18.6,18.6,32.0,38.1,5.442857142857143,0
Erode,2021-07-19,1.2,1.2,27.9,38.6,5.514285714285714,0
Erode,2021-07-20,0.0,0.0,19.8,37.6,5.371428571428572,0
Erode,2021-07-21,1.8,1.8,2.9999999999999964,36.6,5.228571428571429,0
Erode,2021-07-22,1.8,1.8,3.5999999999999965,36.8,5.257142857142857,0
Erode,2021-07-23,0.9,0.9,4.4999999999999964,32.4,4.628571428571428,0
Erode,2021-07-24,2.2,2.2,4.899999999999997,26.5,3.7857142857142856,0
Erode,2021-07-25,0.6,0.6,3.6999999999999966,8.5,1.2142857142857142,0
Erode,2021-07-26,0.0,0.0,2.7999999999999967,7.3,1.042857142857143,0
Erode,2021-07-27,0.6,0.6,1.1999999999999964,7.9,1.1285714285714286,0
Erode,2021-07-28,0.1,0.1,0.6999999999999964,6.2,0.8857142857142858,0
Erode,2021-07-29,0.0,0.0,0.6999999999999964,4.4,0.6285714285714287,0
Erode,2021-07-30,0.3,0.3,0.3999999999999964,3.8,0.5428571428571429,0
Erode,2021-07-31,0.6,0.6,0.8999999999999965,2.2,0.3142857142857143,0
Erode,2021-08-01,1.1,1.1,1.9999999999999964,2.7,0.3857142857142857,0
Erode,2021-08-02,0.0,0.0,1.6999999999999964,2.7,0.3857142857142857,0
Erode,2021-08-03,0.4,0.4,1.4999999999999964,2.5000000000000004,0.3571428571428572,0
Erode,2021-08-04,0.5,0.5,0.8999999999999965,2.9000000000000004,0.4142857142857143,0
Erode,2021-08-05,2.8,2.8,3.699999999999996,5.7,0.8142857142857143,0
Erode,2021-08-06,0.5,0.5,3.799999999999996,5.9,0.8428571428571429,0
Erode,2021-08-07,1.5,1.5,4.799999999999996,6.8,0.9714285714285714,0
Erode,2021-08-08,3.6,3.6,5.599999999999996,9.3,1.3285714285714287,0
Erode,2021-08-09,3.7,3.7,8.799999999999997,13.0,1.8571428571428568,0
Erode,2021-08-10,2.9,2.9,10.199999999999996,15.5,2.2142857142857144,0
Erode,2021-08-11,2.6,2.6,9.199999999999998,17.6,2.5142857142857147,0
Erode,2021-08-12,4.1,4.1,9.599999999999996,18.9,2.7,0
Erode,2021-08-13,3.0,3.0,9.699999999999996,21.4,3.057142857142857,0
Erode,2021-08-14,0.3,0.3,7.399999999999997,20.2,2.8857142857142857,0
Erode,2021-08-15,0.1,0.1,3.399999999999997,16.7,2.3857142857142857,0
Erode,2021-08-16,0.3,0.3,0.6999999999999973,13.3,1.9,0
Erode,2021-08-17,3.3,3.3,3.699999999999997,13.7,1.957142857142857,0
Erode,2021-08-18,0.1,0.1,3.699999999999997,11.2,1.6,0
Erode,2021-08-19,2.7,2.7,6.099999999999998,9.8,1.4,0
Erode,2021-08-20,0.4,0.4,3.199999999999997,7.2,1.0285714285714287,0
Erode,2021-08-21,14.3,14.3,17.4,21.200000000000003,3.028571428571429,0
Erode,2021-08-22,6.4,6.4,21.1,27.5,3.928571428571429,0
Erode,2021-08-23,22.6,22.6,43.3,49.8,7.114285714285715,0
Erode,2021-08-24,0.3,0.3,29.300000000000004,46.8,6.685714285714285,0
Erode,2021-08-25,0.1,0.1,23.0,46.8,6.685714285714286,0
Erode,2021-08-26,0.5,0.5,0.9,44.6,6.371428571428572,0
Erode,2021-08-27,4.5,4.5,5.1,48.7,6.957142857142857,0
Erode,2021-08-28,6.2,6.2,11.2,40.6,5.8,0
Erode,2021-08-29,11.9,11.9,22.6,46.1,6.585714285714286,0
Erode,2021-08-30,0.1,0.1,18.200000000000003,23.6,3.3714285714285714,0
Erode,2021-08-31,1.3,1.3,13.300000000000002,24.6,3.514285714285714,0
Erode,2021-09-01,0.4,0.4,1.8000000000000005,24.9,3.5571428571428574,0
Erode,2021-09-02,23.8,23.8,25.5,48.2,6.885714285714286,0
Erode,2021-09-03,22.2,22.2,46.4,65.9,9.414285714285716,1
Erode,2021-09-04,6.7,6.7,52.7,66.4,9.485714285714286,1
Erode,2021-09-05,11.1,11.1,40.0,65.6,9.37142857142857,1
Erode,2021-09-06,4.6,4.6,22.4,70.10000000000001,10.014285714285716,1
Erode,2021-09-07,0.8,0.8,16.5,69.6,9.94285714285714,1
Erode,2021-09-08,0.4,0.4,5.8,69.60000000000001,9.942857142857145,1
Erode,2021-09-09,0.0,0.0,1.2000000000000002,45.8,6.542857142857143,0
Erode,2021-09-10,0.0,0.0,0.4,23.6,3.3714285714285714,0
Erode,2021-09-11,0.2,0.2,0.2,17.1,2.442857142857143,0
Erode,2021-09-12,3.5,3.5,3.7,9.5,1.3571428571428572,0
Erode,2021-09-13,0.5,0.5,4.2,5.4,0.7714285714285715,0
Erode,2021-09-14,0.0,0.0,4.0,4.6,0.6571428571428571,0
Erode,2021-09-15,0.4,0.4,0.9,4.6,0.6571428571428571,0
Erode,2021-09-16,0.6,0.6,1.0,5.199999999999999,0.7428571428571428,0
Erode,2021-09-17,0.0,0.0,1.0,5.199999999999999,0.7428571428571428,0
Erode,2021-09-18,0.2,0.2,0.8,5.199999999999999,0.7428571428571428,0
Erode,2021-09-19,15.5,15.5,15.7,17.2,2.457142857142857,0
Erode,2021-09-20,14.5,14.5,30.2,31.2,4.457142857142857,0
Erode,2021-09-21,0.5,0.5,30.5,31.7,4.5285714285714285,0
Erode,2021-09-22,0.0,0.0,15.0,31.3,4.471428571428572,0
Erode,2021-09-23,6.5,6.5,7.0,37.2,5.314285714285715,0
Erode,2021-09-24,17.9,17.9,24.4,55.1,7.871428571428571,1
Erode,2021-09-25,2.8,2.8,27.2,57.7,8.242857142857142,1
Erode,2021-09-26,0.1,0.1,20.8,42.3,6.042857142857144,0
Erode,2021-09-27,0.8,0.8,3.7,28.6,4.085714285714285,0
Erode,2021-09-28,0.2,0.2,1.1,28.3,4.042857142857143,0
Erode,2021-09-29,0.1,0.1,1.1,28.4,4.057142857142857,0
Erode,2021-09-30,9.0,9.0,9.3,30.9,4.414285714285714,0
Erode,2021-10-01,17.4,17.4,26.5,30.4,4.342857142857143,0
Erode,2021-10-02,13.1,13.1,39.5,40.7,5.814285714285714,0
Erode,2021-10-03,2.7,2.7,33.2,43.3,6.185714285714285,0
Erode,2021-10-04,17.4,17.4,33.2,59.9,8.557142857142857,1
Erode,2021-10-05,11.3,11.3,31.4,71.0,10.142857142857142,1
Erode,2021-10-06,37.9,37.9,66.6,108.8,15.542857142857144,2
Erode,2021-10-07,0.6,0.6,49.8,100.4,14.342857142857142,2
Erode,2021-10-08,5.0,5.0,43.5,87.99999999999999,12.57142857142857,1
Erode,2021-10-09,11.0,11.0,16.60000000000001,85.89999999999999,12.27142857142857,1
Erode,2021-10-10,6.1,6.1,22.100000000000005,89.3,12.757142857142856,1
Erode,2021-10-11,10.2,10.2,27.300000000000008,82.1,11.728571428571428,1
Erode,2021-10-12,7.2,7.2,23.500000000000004,77.99999999999999,11.14285714285714,1
Erode,2021-10-13,1.2,1.2,18.600000000000005,41.3,5.9,0
Erode,2021-10-14,1.3,1.3,9.700000000000006,42.0,6.0,0
Erode,2021-10-15,0.1,0.1,2.600000000000007,37.1,5.299999999999999,0
Erode,2021-10-16,18.1,18.1,19.500000000000007,44.2,6.314285714285715,0
Erode,2021-10-17,9.4,9.4,27.60000000000001,47.50000000000001,6.785714285714287,0
Erode,2021-10-18,4.9,4.9,32.400000000000006,42.2,6.028571428571429,0
Erode,2021-10-19,0.6,0.6,14.900000000000007,35.6,5.085714285714286,0
Erode,2021-10-20,4.5,4.5,10.000000000000009,38.900000000000006,5.557142857142858,0
Erode,2021-10-21,20.0,20.0,25.10000000000001,57.6,8.22857142857143,1
Erode,2021-10-22,11.0,11.0,35.50000000000001,68.5,9.785714285714286,1
Erode,2021-10-23,22.8,22.8,53.80000000000001,73.2,10.457142857142856,1
Erode,2021-10-24,24.4,24.4,58.2,88.2,12.6,1
Erode,2021-10-25,16.9,16.9,64.10000000000001,100.2,14.314285714285717,2
Erode,2021-10-26,14.6,14.6,55.900000000000006,114.2,16.314285714285713,2
Erode,2021-10-27,8.6,8.6,40.10000000000001,118.3,16.9,2
Erode,2021-10-28,0.7,0.7,23.90000000000001,99.0,14.142857142857142,1
Erode,2021-10-29,9.2,9.2,18.500000000000007,97.2,13.885714285714284,1
Erode,2021-10-30,20.4,20.4,30.300000000000004,94.8,13.542857142857144,1
Erode,2021-10-31,5.0,5.0,34.60000000000001,75.39999999999999,10.77142857142857,1
Erode,2021-11-01,24.9,24.9,50.3,83.4,11.914285714285716,1
Erode,2021-11-02,4.8,4.8,34.7,73.6,10.514285714285714,1
Erode,2021-11-03,6.8,6.8,36.50000000000001,71.8,10.257142857142856,1
Erode,2021-11-04,15.4,15.4,27.000000000000007,86.5,12.357142857142858,1
Erode,2021-11-05,13.0,13.0,35.2,90.3,12.900000000000002,1
Erode,2021-11-06,13.1,13.1,41.50000000000001,83.0,11.857142857142858,1
Erode,2021-11-07,8.3,8.3,34.400000000000006,86.3,12.328571428571427,1
Erode,2021-11-08,14.6,14.6,36.00000000000001,76.0,10.857142857142858,1
Erode,2021-11-09,14.9,14.9,37.8,86.10000000000001,12.3,1
Erode,2021-11-10,20.2,20.2,49.70000000000001,99.5,14.214285714285714,1
Erode,2021-11-11,35.7,35.7,70.80000000000001,119.8,17.114285714285717,2
Erode,2021-11-12,6.9,6.9,62.80000000000001,113.7,16.242857142857144,2
Erode,2021-11-13,4.7,4.7,47.30000000000001,105.3,15.042857142857144,2
Erode,2021-11-14,3.6,3.6,15.200000000000008,100.6,14.37142857142857,2
Erode,2021-11-15,2.7,2.7,11.000000000000009,88.7,12.671428571428573,1
Erode,2021-11-16,23.6,23.6,29.90000000000001,97.4,13.914285714285716,1
Erode,2021-11-17,15.7,15.7,42.00000000000001,92.9,13.271428571428572,1
Erode,2021-11-18,8.3,8.3,47.60000000000001,65.5,9.357142857142858,1
Erode,2021-11-19,4.4,4.4,28.40000000000001,63.00000000000001,9.000000000000002,1
Erode,2021-11-20,21.2,21.2,33.900000000000006,79.5,11.357142857142858,1
Erode,2021-11-21,0.0,0.0,25.60000000000001,75.9,10.842857142857143,1
Erode,2021-11-22,4.8,4.8,26.00000000000001,78.0,11.142857142857142,1
Erode,2021-11-23,9.8,9.8,14.600000000000009,64.19999999999999,9.171428571428567,1
Erode,2021-11-24,0.2,0.2,14.800000000000008,48.7,6.957142857142857,0
Erode,2021-11-25,20.8,20.8,30.800000000000008,61.2,8.742857142857144,1
Erode,2021-11-26,15.0,15.0,36.00000000000001,71.8,10.257142857142856,1
Erode,2021-11-27,20.6,20.6,56.400000000000006,71.2,10.171428571428573,1
Erode,2021-11-28,18.5,18.5,54.10000000000001,89.7,12.814285714285717,1
Erode,2021-11-29,9.7,9.7,48.80000000000001,94.6,13.514285714285716,1
Erode,2021-11-30,6.5,6.5,34.7,91.3,13.042857142857144,1
Erode,2021-12-01,11.4,11.4,27.60000000000001,102.5,14.642857142857142,2
Erode,2021-12-02,3.2,3.2,21.10000000000001,84.89999999999999,12.128571428571428,1
Erode,2021-12-03,2.8,2.8,17.400000000000006,72.7,10.385714285714286,1
Erode,2021-12-04,4.6,4.6,10.600000000000009,56.7,8.1,1
Erode,2021-12-05,7.1,7.1,14.500000000000009,45.3,6.471428571428571,0
Erode,2021-12-06,7.8,7.8,19.500000000000007,43.4,6.2,0
Erode,2021-12-07,0.3,0.3,15.200000000000008,37.2,5.314285714285715,0
Erode,2021-12-08,0.4,0.4,8.500000000000007,26.2,3.7428571428571424,0
Erode,2021-12-09,4.0,4.0,4.700000000000007,27.0,3.857142857142857,0
Erode,2021-12-10,0.1,0.1,4.500000000000007,24.3,3.4714285714285715,0
Erode,2021-12-11,2.0,2.0,6.100000000000007,21.7,3.1,0
Erode,2021-12-12,0.8,0.8,2.9000000000000075,15.4,2.2,0
Erode,2021-12-13,3.4,3.4,6.200000000000006,11.0,1.5714285714285714,0
Erode,2021-12-14,4.7,4.7,8.900000000000007,15.4,2.2,0
Erode,2021-12-15,0.0,0.0,8.100000000000007,15.0,2.142857142857143,0
Erode,2021-12-16,0.0,0.0,4.700000000000007,11.0,1.5714285714285714,0
Erode,2021-12-17,0.0,0.0,0.0,10.9,1.557142857142857,0
Erode,2021-12-18,0.0,0.0,0.0,8.899999999999999,1.2714285714285711,0
Erode,2021-12-19,0.0,0.0,0.0,8.100000000000001,1.1571428571428573,0
Erode,2021-12-20,0.0,0.0,0.0,4.7,0.6714285714285715,0
Erode,2021-12-21,0.0,0.0,0.0,0.0,0.0,0
Erode,2021-12-22,0.0,0.0,0.0,0.0,0.0,0
Erode,2021-12-23,0.0,0.0,0.0,0.0,0.0,0
Erode,2021-12-24,0.0,0.0,0.0,0.0,0.0,0
Erode,2021-12-25,0.0,0.0,0.0,0.0,0.0,0
Erode,2021-12-26,0.0,0.0,0.0,0.0,0.0,0
Erode,2021-12-27,0.0,0.0,0.0,0.0,0.0,0
Erode,2021-12-28,0.0,0.0,0.0,0.0,0.0,0
Erode,2021-12-29,0.0,0.0,0.0,0.0,0.0,0
Erode,2021-12-30,3.2,3.2,3.2000000000000077,3.2,0.4571428571428572,0
Erode,2021-12-31,2.4,2.4,5.600000000000007,5.6,0.7999999999999999,0
Erode,2022-01-01,3.3,3.3,8.900000000000007,8.9,1.2714285714285716,0
Erode,2022-01-02,0.0,0.0,5.700000000000006,8.9,1.2714285714285716,0
Erode,2022-01-03,0.0,0.0,3.300000000000007,8.9,1.2714285714285716,0
Erode,2022-01-04,0.0,0.0,0.0,8.9,1.2714285714285716,0
Erode,2022-01-05,0.0,0.0,0.0,8.9,1.2714285714285716,0
Erode,2022-01-06,0.0,0.0,0.0,5.699999999999999,0.8142857142857142,0
Erode,2022-01-07,0.0,0.0,0.0,3.3,0.4714285714285714,0
Erode,2022-01-08,0.0,0.0,0.0,0.0,0.0,0
Erode,2022-01-09,0.2,0.2,0.2000000000000071,0.2,0.0285714285714285,0
Erode,2022-01-10,0.0,0.0,0.2000000000000071,0.2,0.0285714285714285,0
Erode,2022-01-11,0.0,0.0,0.2000000000000071,0.2,0.0285714285714285,0
Erode,2022-01-12,0.2,0.2,0.2000000000000071,0.4,0.0571428571428571,0
Erode,2022-01-13,1.7,1.7,1.900000000000007,2.1,0.3,0
Erode,2022-01-14,1.3,1.3,3.2000000000000077,3.4,0.4857142857142857,0
Erode,2022-01-15,2.6,2.6,5.600000000000007,6.0,0.8571428571428571,0
Erode,2022-01-16,2.6,2.6,6.500000000000007,8.4,1.2,0
Erode,2022-01-17,0.1,0.1,5.300000000000007,8.5,1.2142857142857142,0
Erode,2022-01-18,0.0,0.0,2.700000000000007,8.5,1.2142857142857142,0
Erode,2022-01-19,0.0,0.0,0.1000000000000066,8.3,1.1857142857142855,0
Erode,2022-01-20,0.0,0.0,0.0,6.6,0.9428571428571428,0
Erode,2022-01-21,0.0,0.0,0.0,5.3,0.7571428571428571,0
Erode,2022-01-22,0.0,0.0,0.0,2.7,0.3857142857142857,0
Erode,2022-01-23,0.1,0.1,0.1000000000000066,0.2,0.0285714285714285,0
Erode,2022-01-24,0.0,0.0,0.1000000000000066,0.1,0.0142857142857142,0
Erode,2022-01-25,0.2,0.2,0.3000000000000067,0.3,0.0428571428571428,0
Erode,2022-01-26,0.7,0.7,0.9000000000000067,1.0,0.1428571428571428,0
Erode,2022-01-27,0.4,0.4,1.3000000000000067,1.4,0.1999999999999999,0
Erode,2022-01-28,0.6,0.6,1.7000000000000068,2.0,0.2857142857142857,0
Erode,2022-01-29,0.0,0.0,1.0000000000000069,2.0,0.2857142857142857,0
Erode,2022-01-30,1.1,1.1,1.7000000000000068,3.0,0.4285714285714285,0
Erode,2022-01-31,0.0,0.0,1.1000000000000068,3.0,0.4285714285714285,0
Erode,2022-02-01,0.1,0.1,1.2000000000000068,2.9000000000000004,0.4142857142857143,0
Erode,2022-02-02,0.0,0.0,0.1000000000000066,2.2,0.3142857142857143,0
Erode,2022-02-03,0.0,0.0,0.1000000000000066,1.8000000000000005,0.2571428571428572,0
Erode,2022-02-04,0.0,0.0,0.0,1.2000000000000002,0.1714285714285714,0
Erode,2022-02-05,0.0,0.0,0.0,1.2000000000000002,0.1714285714285714,0
Erode,2022-02-06,0.5,0.5,0.5000000000000067,0.6,0.0857142857142857,0
Erode,2022-02-07,1.6,1.6,2.1000000000000068,2.2,0.3142857142857143,0
Erode,2022-02-08,0.0,0.0,2.1000000000000068,2.1,0.3,0
Erode,2022-02-09,0.0,0.0,1.6000000000000068,2.1,0.3,0
Erode,2022-02-10,0.0,0.0,0.0,2.1,0.3,0
Erode,2022-02-11,0.0,0.0,0.0,2.1,0.3,0
Erode,2022-02-12,0.4,0.4,0.4000000000000067,2.5,0.3571428571428571,0
Erode,2022-02-13,0.0,0.0,0.4000000000000067,2.0,0.2857142857142857,0
Erode,2022-02-14,0.0,0.0,0.4000000000000067,0.4,0.0571428571428571,0
Erode,2022-02-15,0.0,0.0,0.0,0.4,0.0571428571428571,0
Erode,2022-02-16,0.0,0.0,0.0,0.4,0.0571428571428571,0
Erode,2022-02-17,0.0,0.0,0.0,0.4,0.0571428571428571,0
Erode,2022-02-18,0.0,0.0,0.0,0.4,0.0571428571428571,0
Erode,2022-02-19,0.0,0.0,0.0,0.0,0.0,0
Erode,2022-02-20,0.0,0.0,0.0,0.0,0.0,0
Erode,2022-02-21,0.0,0.0,0.0,0.0,0.0,0
Erode,2022-02-22,0.0,0.0,0.0,0.0,0.0,0
Erode,2022-02-23,0.0,0.0,0.0,0.0,0.0,0
Erode,2022-02-24,0.0,0.0,0.0,0.0,0.0,0
Erode,2022-02-25,0.0,0.0,0.0,0.0,0.0,0
Erode,2022-02-26,0.0,0.0,0.0,0.0,0.0,0
Erode,2022-02-27,0.0,0.0,0.0,0.0,0.0,0
Erode,2022-02-28,0.0,0.0,0.0,0.0,0.0,0
Erode,2022-03-01,0.0,0.0,0.0,0.0,0.0,0
Erode,2022-03-02,0.0,0.0,0.0,0.0,0.0,0
Erode,2022-03-03,0.0,0.0,0.0,0.0,0.0,0
Erode,2022-03-04,0.0,0.0,0.0,0.0,0.0,0
Erode,2022-03-05,0.0,0.0,0.0,0.0,0.0,0
Erode,2022-03-06,0.0,0.0,0.0,0.0,0.0,0
Erode,2022-03-07,1.3,1.3,1.3000000000000067,1.3,0.1857142857142857,0
Erode,2022-03-08,0.0,0.0,1.3000000000000067,1.3,0.1857142857142857,0
Erode,2022-03-09,0.0,0.0,1.3000000000000067,1.3,0.1857142857142857,0
Erode,2022-03-10,0.0,0.0,0.0,1.3,0.1857142857142857,0
Erode,2022-03-11,0.0,0.0,0.0,1.3,0.1857142857142857,0
Erode,2022-03-12,0.0,0.0,0.0,1.3,0.1857142857142857,0
Erode,2022-03-13,0.0,0.0,0.0,1.3,0.1857142857142857,0
Erode,2022-03-14,0.0,0.0,0.0,0.0,0.0,0
Erode,2022-03-15,0.0,0.0,0.0,0.0,0.0,0
Erode,2022-03-16,0.0,0.0,0.0,0.0,0.0,0
Erode,2022-03-17,0.0,0.0,0.0,0.0,0.0,0
Erode,2022-03-18,0.0,0.0,0.0,0.0,0.0,0
Erode,2022-03-19,0.0,0.0,0.0,0.0,0.0,0
Erode,2022-03-20,0.2,0.2,0.2000000000000066,0.2,0.0285714285714285,0
Erode,2022-03-21,15.8,15.8,16.000000000000007,16.0,2.2857142857142856,0
Erode,2022-03-22,2.8,2.8,18.800000000000008,18.8,2.685714285714286,0
Erode,2022-03-23,0.1,0.1,18.700000000000006,18.9,2.7,0
Erode,2022-03-24,0.2,0.2,3.1000000000000068,19.1,2.7285714285714286,0
Erode,2022-03-25,0.4,0.4,0.7000000000000072,19.5,2.7857142857142856,0
Erode,2022-03-26,0.0,0.0,0.6000000000000072,19.5,2.7857142857142856,0
Erode,2022-03-27,0.0,0.0,0.4000000000000071,19.3,2.757142857142857,0
Erode,2022-03-28,0.0,0.0,0.0,3.5,0.5,0
Erode,2022-03-29,0.0,0.0,0.0,0.7000000000000001,0.1,0
Erode,2022-03-30,0.0,0.0,0.0,0.6000000000000001,0.0857142857142857,0
Erode,2022-03-31,0.0,0.0,0.0,0.4,0.0571428571428571,0
Erode,2022-04-01,0.0,0.0,0.0,0.0,0.0,0
Erode,2022-04-02,0.6,0.6,0.6000000000000071,0.6,0.0857142857142857,0
Erode,2022-04-03,0.0,0.0,0.6000000000000071,0.6,0.0857142857142857,0
Erode,2022-04-04,0.0,0.0,0.6000000000000071,0.6,0.0857142857142857,0
Erode,2022-04-05,0.0,0.0,0.0,0.6,0.0857142857142857,0
Erode,2022-04-06,0.0,0.0,0.0,0.6,0.0857142857142857,0
Erode,2022-04-07,0.0,0.0,0.0,0.6,0.0857142857142857,0
Erode,2022-04-08,2.0,2.0,2.000000000000007,2.6,0.3714285714285714,0
Erode,2022-04-09,2.0,2.0,4.000000000000007,4.0,0.5714285714285714,0
Erode,2022-04-10,10.5,10.5,14.500000000000009,14.5,2.071428571428572,0
Erode,2022-04-11,0.6,0.6,13.100000000000009,15.1,2.157142857142857,0
Erode,2022-04-12,8.6,8.6,19.700000000000006,23.7,3.3857142857142857,0
Erode,2022-04-13,4.6,4.6,13.800000000000006,28.3,4.042857142857143,0
Erode,2022-04-14,13.7,13.7,26.90000000000001,42.0,6.0,0
Erode,2022-04-15,2.3,2.3,20.600000000000005,42.3,6.042857142857143,0
Erode,2022-04-16,3.5,3.5,19.500000000000007,43.8,6.257142857142857,0
Erode,2022-04-17,10.5,10.5,16.300000000000008,43.8,6.257142857142857,0
Erode,2022-04-18,4.3,4.3,18.300000000000008,47.49999999999999,6.785714285714285,0
Erode,2022-04-19,0.0,0.0,14.800000000000008,38.89999999999999,5.557142857142856,0
Erode,2022-04-20,0.0,0.0,4.300000000000007,34.3,4.9,0
Erode,2022-04-21,0.0,0.0,0.0,20.6,2.9428571428571426,0
Erode,2022-04-22,0.0,0.0,0.0,18.3,2.6142857142857143,0
Erode,2022-04-23,1.2,1.2,1.200000000000007,16.0,2.2857142857142856,0
Erode,2022-04-24,0.8,0.8,2.000000000000007,6.3,0.9,0
Erode,2022-04-25,0.0,0.0,2.000000000000007,2.0,0.2857142857142857,0
Erode,2022-04-26,0.0,0.0,0.8000000000000071,2.0,0.2857142857142857,0
Erode,2022-04-27,0.0,0.0,0.0,2.0,0.2857142857142857,0
Erode,2022-04-28,0.0,0.0,0.0,2.0,0.2857142857142857,0
Erode,2022-04-29,0.0,0.0,0.0,2.0,0.2857142857142857,0
Erode,2022-04-30,0.0,0.0,0.0,0.8,0.1142857142857143,0
Erode,2022-05-01,4.2,4.2,4.200000000000007,4.2,0.6,0
Erode,2022-05-02,0.0,0.0,4.200000000000007,4.2,0.6,0
Erode,2022-05-03,0.2,0.2,4.400000000000008,4.4,0.6285714285714287,0
Erode,2022-05-04,11.4,11.4,11.600000000000009,15.8,2.257142857142857,0
Erode,2022-05-05,0.0,0.0,11.600000000000009,15.8,2.257142857142857,0
Erode,2022-05-06,0.3,0.3,11.700000000000008,16.1,2.3000000000000003,0
Erode,2022-05-07,0.0,0.0,0.3000000000000071,16.1,2.3000000000000003,0
Erode,2022-05-08,0.5,0.5,0.8000000000000071,12.400000000000002,1.7714285714285718,0
Erode,2022-05-09,3.0,3.0,3.500000000000007,15.400000000000002,2.2,0
Erode,2022-05-10,0.8,0.8,4.300000000000007,16.0,2.2857142857142856,0
Erode,2022-05-11,0.0,0.0,3.800000000000007,4.6,0.6571428571428571,0
Erode,2022-05-12,4.5,4.5,5.300000000000007,9.1,1.3,0
Erode,2022-05-13,1.5,1.5,6.000000000000007,10.3,1.4714285714285713,0
Erode,2022-05-14,14.5,14.5,20.500000000000007,24.8,3.5428571428571423,0
Erode,2022-05-15,9.3,9.3,25.300000000000008,33.6,4.8,0
Erode,2022-05-16,29.3,29.3,53.10000000000001,59.9,8.557142857142857,1
Erode,2022-05-17,17.0,17.0,55.60000000000001,76.1,10.87142857142857,1
Erode,2022-05-18,1.1,1.1,47.40000000000001,77.2,11.028571428571428,1
Erode,2022-05-19,5.8,5.8,23.90000000000001,78.5,11.214285714285714,1
Erode,2022-05-20,3.1,3.1,10.000000000000009,80.10000000000001,11.442857142857145,1
Erode,2022-05-21,3.0,3.0,11.900000000000007,68.60000000000001,9.8,1
Erode,2022-05-22,3.3,3.3,9.400000000000007,62.6,8.942857142857141,1
Erode,2022-05-23,0.1,0.1,6.400000000000008,33.4,4.771428571428571,0
Erode,2022-05-24,0.0,0.0,3.400000000000007,16.4,2.3428571428571425,0
Erode,2022-05-25,0.8,0.8,0.9000000000000071,16.1,2.3000000000000003,0
Erode,2022-05-26,1.2,1.2,2.000000000000007,11.5,1.6428571428571428,0
Erode,2022-05-27,8.6,8.6,10.600000000000009,17.0,2.4285714285714284,0
Erode,2022-05-28,0.3,0.3,10.100000000000009,14.3,2.042857142857143,0
Erode,2022-05-29,3.1,3.1,12.000000000000009,14.1,2.0142857142857142,0
Erode,2022-05-30,2.2,2.2,5.600000000000007,16.2,2.314285714285714,0
Erode,2022-05-31,2.0,2.0,7.300000000000008,18.2,2.6,0
Erode,2022-06-01,2.8,2.8,7.000000000000007,20.2,2.8857142857142857,0
Erode,2022-06-02,0.4,0.4,5.200000000000006,19.4,2.771428571428572,0
Erode,2022-06-03,0.0,0.0,3.200000000000007,10.8,1.542857142857143,0
Erode,2022-06-04,3.1,3.1,3.500000000000007,13.6,1.9428571428571428,0
Erode,2022-06-05,0.7,0.7,3.800000000000007,11.2,1.6,0
Erode,2022-06-06,10.8,10.8,14.600000000000009,19.8,2.8285714285714287,0
Erode,2022-06-07,0.3,0.3,11.80000000000001,18.1,2.585714285714286,0
Erode,2022-06-08,2.0,2.0,13.100000000000009,17.3,2.4714285714285715,0
Erode,2022-06-09,0.8,0.8,3.100000000000007,17.700000000000003,2.528571428571429,0
Erode,2022-06-10,1.6,1.6,4.400000000000008,19.3,2.757142857142857,0
Erode,2022-06-11,0.4,0.4,2.800000000000008,16.6,2.3714285714285714,0
Erode,2022-06-12,2.2,2.2,4.200000000000007,18.1,2.585714285714286,0
Erode,2022-06-13,1.3,1.3,3.900000000000008,8.6,1.2285714285714284,0
Erode,2022-06-14,0.5,0.5,4.000000000000007,8.799999999999999,1.257142857142857,0
Erode,2022-06-15,2.2,2.2,4.000000000000007,9.0,1.2857142857142858,0
Erode,2022-06-16,21.3,21.3,24.000000000000007,29.5,4.214285714285714,0
Erode,2022-06-17,11.7,11.7,35.2,39.6,5.657142857142857,0
Erode,2022-06-18,22.0,22.0,55.0,61.2,8.742857142857144,1
Erode,2022-06-19,8.6,8.6,42.3,67.6,9.657142857142857,1
Erode,2022-06-20,6.6,6.6,37.2,72.9,10.414285714285716,1
Erode,2022-06-21,2.3,2.3,17.500000000000007,74.7,10.671428571428573,1
Erode,2022-06-22,8.4,8.4,17.300000000000004,80.89999999999999,11.557142857142855,1
Erode,2022-06-23,0.7,0.7,11.400000000000006,60.3,8.614285714285714,1
Erode,2022-06-24,0.3,0.3,9.400000000000006,48.89999999999999,6.985714285714285,0
Erode,2022-06-25,6.7,6.7,7.700000000000007,33.6,4.8,0
Erode,2022-06-26,0.5,0.5,7.500000000000007,25.5,3.6428571428571423,0
Erode,2022-06-27,0.7,0.7,7.900000000000007,19.6,2.8,0
Erode,2022-06-28,1.6,1.6,2.800000000000007,18.9,2.7,0
Erode,2022-06-29,1.8,1.8,4.100000000000007,12.3,1.7571428571428571,0
Erode,2022-06-30,1.9,1.9,5.300000000000007,13.5,1.9285714285714288,0
Erode,2022-07-01,2.8,2.8,6.500000000000007,16.0,2.2857142857142856,0
Erode,2022-07-02,1.9,1.9,6.600000000000007,11.2,1.6,0
Erode,2022-07-03,4.1,4.1,8.800000000000008,14.8,2.1142857142857143,0
Erode,2022-07-04,0.0,0.0,6.000000000000007,14.1,2.0142857142857142,0
Erode,2022-07-05,6.0,6.0,10.100000000000009,18.5,2.642857142857143,0
Erode,2022-07-06,0.8,0.8,6.800000000000007,17.5,2.5,0
Erode,2022-07-07,3.5,3.5,10.300000000000008,19.1,2.7285714285714286,0
Erode,2022-07-08,0.4,0.4,4.700000000000007,16.7,2.3857142857142857,0
Erode,2022-07-09,18.5,18.5,22.40000000000001,33.3,4.757142857142857,0
Erode,2022-07-10,0.4,0.4,19.300000000000004,29.599999999999994,4.228571428571428,0
Erode,2022-07-11,0.4,0.4,19.300000000000008,30.0,4.285714285714286,0
Erode,2022-07-12,0.6,0.6,1.400000000000007,24.6,3.514285714285714,0
Erode,2022-07-13,1.6,1.6,2.600000000000007,25.4,3.628571428571429,0
Erode,2022-07-14,0.2,0.2,2.4000000000000075,22.1,3.157142857142857,0
Erode,2022-07-15,1.3,1.3,3.100000000000007,23.0,3.285714285714285,0
Erode,2022-07-16,1.9,1.9,3.400000000000007,6.399999999999997,0.9142857142857138,0
Erode,2022-07-17,5.2,5.2,8.400000000000007,11.199999999999996,1.5999999999999994,0
Erode,2022-07-18,7.1,7.1,14.200000000000006,17.899999999999995,2.5571428571428565,0
Erode,2022-07-19,4.4,4.4,16.700000000000006,21.7,3.099999999999999,0
Erode,2022-07-20,10.1,10.1,21.60000000000001,30.2,4.314285714285714,0
Erode,2022-07-21,4.7,4.7,19.200000000000006,34.7,4.957142857142856,0
Erode,2022-07-22,3.7,3.7,18.500000000000007,37.1,5.299999999999999,0
Erode,2022-07-23,9.0,9.0,17.400000000000006,44.2,6.314285714285714,0
Erode,2022-07-24,2.6,2.6,15.300000000000008,41.6,5.942857142857143,0
Erode,2022-07-25,0.3,0.3,11.900000000000007,34.8,4.971428571428571,0
Erode,2022-07-26,11.8,11.8,14.700000000000008,42.2,6.028571428571429,0
Erode,2022-07-27,15.2,15.2,27.300000000000008,47.3,6.757142857142857,0
Erode,2022-07-28,3.7,3.7,30.700000000000006,46.3,6.614285714285714,0
Erode,2022-07-29,0.7,0.7,19.600000000000005,43.3,6.185714285714285,0
Erode,2022-07-30,12.7,12.7,17.10000000000001,47.0,6.714285714285714,0
Erode,2022-07-31,30.3,30.3,43.7,74.69999999999999,10.671428571428567,1
Erode,2022-08-01,20.6,20.6,63.60000000000001,95.0,13.571428571428571,1
Erode,2022-08-02,4.1,4.1,55.00000000000001,87.29999999999998,12.47142857142857,1
Erode,2022-08-03,6.2,6.2,30.90000000000001,78.3,11.185714285714283,1
Erode,2022-08-04,20.3,20.3,30.600000000000005,94.9,13.55714285714286,1
Erode,2022-08-05,9.2,9.2,35.7,103.4,14.77142857142857,2
Erode,2022-08-06,1.7,1.7,31.200000000000003,92.4,13.2,1
Erode,2022-08-07,0.8,0.8,11.700000000000005,62.89999999999999,8.985714285714284,1
Erode,2022-08-08,0.2,0.2,2.700000000000004,42.49999999999999,6.07142857142857,0
Erode,2022-08-09,0.1,0.1,1.1000000000000036,38.49999999999999,5.499999999999999,0
Erode,2022-08-10,0.1,0.1,0.4000000000000036,32.4,4.628571428571428,0
Erode,2022-08-11,0.6,0.6,0.8000000000000036,12.699999999999992,1.8142857142857127,0
Erode,2022-08-12,0.0,0.0,0.7000000000000035,3.499999999999993,0.499999999999999,0
Erode,2022-08-13,0.3,0.3,0.9000000000000035,2.099999999999993,0.299999999999999,0
Erode,2022-08-14,0.0,0.0,0.3000000000000035,1.299999999999993,0.1857142857142847,0
Erode,2022-08-15,0.2,0.2,0.5000000000000036,1.299999999999993,0.1857142857142847,0
Erode,2022-08-16,0.6,0.6,0.8000000000000036,1.7999999999999927,0.2571428571428561,0
Erode,2022-08-17,1.3,1.3,2.100000000000003,2.999999999999993,0.4285714285714275,0
Erode,2022-08-18,0.4,0.4,2.300000000000004,2.799999999999993,0.399999999999999,0
Erode,2022-08-19,2.6,2.6,4.300000000000003,5.399999999999993,0.7714285714285705,0
Erode,2022-08-20,0.9,0.9,3.900000000000004,5.999999999999993,0.8571428571428561,0
Erode,2022-08-21,0.9,0.9,4.400000000000003,6.899999999999993,0.9857142857142848,0
Erode,2022-08-22,13.3,13.3,15.100000000000003,19.999999999999996,2.8571428571428563,0
Erode,2022-08-23,2.5,2.5,16.700000000000003,21.89999999999999,3.1285714285714272,0
Erode,2022-08-24,1.8,1.8,17.6,22.399999999999995,3.1999999999999997,0
Erode,2022-08-25,28.8,28.8,33.1,50.8,7.257142857142857,1
Erode,2022-08-26,26.7,26.7,57.3,74.89999999999999,10.7,1
Erode,2022-08-27,15.9,15.9,71.4,89.9,12.842857142857143,1
Erode,2022-08-28,28.0,28.0,70.6,117.0,16.714285714285715,2
Erode,2022-08-29,34.8,34.8,78.69999999999999,138.5,19.785714285714285,2
Erode,2022-08-30,5.6,5.6,68.39999999999999,141.6,20.228571428571428,2
Erode,2022-08-31,4.7,4.7,45.1,144.49999999999997,20.64285714285714,2
Erode,2022-09-01,10.6,10.6,20.9,126.29999999999998,18.04285714285714,2
Erode,2022-09-02,1.5,1.5,16.799999999999997,101.1,14.44285714285714,2
Erode,2022-09-03,6.2,6.2,18.3,91.4,13.057142857142855,1
Erode,2022-09-04,15.9,15.9,23.6,79.29999999999998,11.328571428571426,1
Erode,2022-09-05,4.9,4.9,27.0,49.39999999999999,7.057142857142856,0
Erode,2022-09-06,5.6,5.6,26.4,49.39999999999999,7.057142857142856,0
Erode,2022-09-07,3.3,3.3,13.799999999999995,47.99999999999999,6.857142857142856,0
Erode,2022-09-08,4.4,4.4,13.299999999999995,41.8,5.971428571428571,0
Erode,2022-09-09,0.7,0.7,8.399999999999997,40.99999999999999,5.857142857142856,0
Erode,2022-09-10,0.4,0.4,5.4999999999999964,35.19999999999999,5.028571428571427,0
Erode,2022-09-11,0.0,0.0,1.0999999999999963,19.299999999999997,2.757142857142856,0
Erode,2022-09-12,0.2,0.2,0.5999999999999965,14.599999999999993,2.0857142857142845,0
Erode,2022-09-13,0.3,0.3,0.4999999999999964,9.299999999999994,1.3285714285714276,0
Erode,2022-09-14,2.5,2.5,2.9999999999999964,8.499999999999993,1.2142857142857133,0
Erode,2022-09-15,0.3,0.3,3.099999999999996,4.399999999999993,0.6285714285714276,0
Erode,2022-09-16,0.0,0.0,2.7999999999999963,3.6999999999999926,0.5285714285714275,0
Erode,2022-09-17,0.0,0.0,0.2999999999999964,3.2999999999999927,0.4714285714285703,0
Erode,2022-09-18,0.4,0.4,0.3999999999999964,3.699999999999993,0.5285714285714276,0
Erode,2022-09-19,0.8,0.8,1.1999999999999966,4.299999999999994,0.6142857142857133,0
Erode,2022-09-20,0.1,0.1,1.2999999999999965,4.0999999999999925,0.5857142857142846,0
Erode,2022-09-21,0.0,0.0,0.8999999999999965,1.599999999999993,0.2285714285714275,0
Erode,2022-09-22,0.0,0.0,0.0999999999999964,1.299999999999993,0.1857142857142847,0
Erode,2022-09-23,0.0,0.0,0.0,1.299999999999993,0.1857142857142847,0
Erode,2022-09-24,1.7,1.7,1.6999999999999964,2.999999999999993,0.4285714285714275,0
Erode,2022-09-25,0.4,0.4,2.0999999999999965,2.999999999999993,0.4285714285714275,0
Erode,2022-09-26,4.2,4.2,6.299999999999997,6.399999999999993,0.9142857142857134,0
Erode,2022-09-27,0.0,0.0,4.599999999999996,6.299999999999993,0.8999999999999989,0
Erode,2022-09-28,3.1,3.1,7.299999999999997,9.399999999999991,1.342857142857142,0
Erode,2022-09-29,1.5,1.5,4.599999999999996,10.899999999999991,1.5571428571428565,0
Erode,2022-09-30,0.0,0.0,4.599999999999996,10.899999999999991,1.5571428571428565,0
Erode,2022-10-01,0.7,0.7,2.1999999999999966,9.899999999999991,1.4142857142857133,0
Erode,2022-10-02,17.5,17.5,18.2,26.999999999999996,3.857142857142856,0
Erode,2022-10-03,0.0,0.0,18.2,22.799999999999997,3.257142857142856,0
Erode,2022-10-04,0.4,0.4,17.899999999999995,23.199999999999992,3.314285714285713,0
Erode,2022-10-05,2.6,2.6,2.9999999999999964,22.699999999999992,3.2428571428571416,0
Erode,2022-10-06,8.1,8.1,11.099999999999996,29.29999999999999,4.185714285714284,0
Erode,2022-10-07,0.2,0.2,10.899999999999997,29.499999999999996,4.2142857142857135,0
Erode,2022-10-08,0.0,0.0,8.299999999999995,28.799999999999997,4.114285714285713,0
Erode,2022-10-09,30.6,30.6,30.8,41.89999999999999,5.985714285714285,0
Erode,2022-10-10,9.1,9.1,39.7,50.99999999999999,7.285714285714285,1
Erode,2022-10-11,16.7,16.7,56.4,67.3,9.614285714285714,1
Erode,2022-10-12,8.8,8.8,34.599999999999994,73.49999999999999,10.499999999999998,1
Erode,2022-10-13,18.7,18.7,44.2,84.1,12.014285714285714,1
Erode,2022-10-14,8.3,8.3,35.8,92.2,13.171428571428567,1
Erode,2022-10-15,27.2,27.2,54.2,119.4,17.057142857142857,2
Erode,2022-10-16,18.9,18.9,54.39999999999999,107.7,15.385714285714284,2
Erode,2022-10-17,14.3,14.3,60.4,112.9,16.128571428571426,2
Erode,2022-10-18,9.9,9.9,43.1,106.09999999999998,15.157142857142857,2
Erode,2022-10-19,19.1,19.1,43.3,116.4,16.628571428571426,2
Erode,2022-10-20,35.7,35.7,64.7,133.39999999999998,19.057142857142853,2
Erode,2022-10-21,20.7,20.7,75.5,145.79999999999998,20.828571428571426,2
Erode,2022-10-22,0.1,0.1,56.5,118.7,16.95714285714286,2
Erode,2022-10-23,0.6,0.6,21.4,100.4,14.342857142857143,2
Erode,2022-10-24,0.0,0.0,0.7,86.10000000000001,12.3,1
Erode,2022-10-25,0.0,0.0,0.6,76.2,10.885714285714286,1
Erode,2022-10-26,0.1,0.1,0.1,57.2,8.17142857142857,1
Erode,2022-10-27,0.0,0.0,0.1,21.499999999999996,3.0714285714285703,0
Erode,2022-10-28,1.5,1.5,1.6,2.2999999999999927,0.3285714285714275,0
Erode,2022-10-29,12.1,12.1,13.6,14.299999999999992,2.042857142857142,0
Erode,2022-10-30,6.0,6.0,19.6,19.699999999999992,2.814285714285713,0
Erode,2022-10-31,0.0,0.0,18.1,19.699999999999992,2.814285714285713,0
Erode,2022-11-01,3.0,3.0,9.0,22.699999999999992,3.2428571428571416,0
Erode,2022-11-02,4.7,4.7,7.7,27.29999999999999,3.899999999999999,0
Erode,2022-11-03,9.1,9.1,16.8,36.39999999999999,5.199999999999998,0
Erode,2022-11-04,5.3,5.3,19.1,40.19999999999999,5.742857142857141,0
Erode,2022-11-05,6.1,6.1,20.5,34.2,4.885714285714285,0
Erode,2022-11-06,6.3,6.3,17.699999999999996,34.49999999999999,4.928571428571428,0
Erode,2022-11-07,1.5,1.5,13.899999999999997,35.99999999999999,5.1428571428571415,0
Erode,2022-11-08,1.0,1.0,8.799999999999997,33.99999999999999,4.857142857142856,0
Erode,2022-11-09,0.3,0.3,2.799999999999998,29.599999999999994,4.228571428571428,0
Erode,2022-11-10,0.1,0.1,1.399999999999998,20.59999999999999,2.9428571428571417,0
Erode,2022-11-11,38.0,38.0,38.4,53.29999999999999,7.614285714285713,1
Erode,2022-11-12,17.1,17.1,55.2,64.29999999999998,9.185714285714283,1
Erode,2022-11-13,4.9,4.9,60.0,62.89999999999999,8.985714285714284,1
Erode,2022-11-14,1.4,1.4,23.4,62.79999999999999,8.97142857142857,1
Erode,2022-11-15,1.4,1.4,7.7,63.2,9.028571428571428,1
Erode,2022-11-16,2.3,2.3,5.1,65.19999999999999,9.314285714285711,1
Erode,2022-11-17,0.7,0.7,4.4,65.79999999999998,9.399999999999997,1
Erode,2022-11-18,0.0,0.0,3.0,27.799999999999997,3.97142857142857,0
Erode,2022-11-19,0.0,0.0,0.7,10.699999999999992,1.5285714285714274,0
Erode,2022-11-20,0.0,0.0,0.0,5.799999999999993,0.8285714285714275,0
Erode,2022-11-21,0.0,0.0,0.0,4.399999999999993,0.6285714285714276,0
Erode,2022-11-22,0.4,0.4,0.4,3.399999999999993,0.4857142857142847,0
Erode,2022-11-23,0.4,0.4,0.8,1.499999999999993,0.2142857142857132,0
Erode,2022-11-24,1.6,1.6,2.4000000000000004,2.399999999999993,0.3428571428571419,0
Erode,2022-11-25,1.3,1.3,3.3000000000000003,3.699999999999993,0.5285714285714276,0
Erode,2022-11-26,2.4,2.4,5.300000000000001,6.0999999999999925,0.8714285714285703,0
Erode,2022-11-27,7.8,7.8,11.5,13.899999999999991,1.9857142857142849,0
Erode,2022-11-28,4.9,4.9,15.099999999999998,18.799999999999997,2.6857142857142846,0
Erode,2022-11-29,2.4,2.4,15.1,20.799999999999997,2.97142857142857,0
Erode,2022-11-30,0.5,0.5,7.799999999999999,20.89999999999999,2.9857142857142844,0
Erode,2022-12-01,1.0,1.0,3.899999999999999,20.299999999999997,2.899999999999999,0
Erode,2022-12-02,1.1,1.1,2.599999999999999,20.099999999999994,2.8714285714285706,0
Erode,2022-12-03,2.8,2.8,4.899999999999999,20.499999999999996,2.9285714285714275,0
Erode,2022-12-04,8.0,8.0,11.9,20.699999999999992,2.957142857142856,0
Erode,2022-12-05,0.0,0.0,10.8,15.799999999999994,2.257142857142856,0
Erode,2022-12-06,1.0,1.0,8.999999999999998,14.399999999999991,2.057142857142856,0
Erode,2022-12-07,0.0,0.0,0.9999999999999982,13.899999999999991,1.9857142857142844,0
Erode,2022-12-08,0.7,0.7,1.6999999999999982,13.599999999999993,1.9428571428571415,0
Erode,2022-12-09,1.2,1.2,1.899999999999998,13.699999999999992,1.957142857142856,0
Erode,2022-12-10,10.3,10.3,12.2,21.199999999999992,3.028571428571428,0
Erode,2022-12-11,17.2,17.2,28.7,30.39999999999999,4.342857142857142,0
Erode,2022-12-12,19.9,19.9,47.4,50.29999999999999,7.185714285714284,1
Erode,2022-12-13,14.5,14.5,51.6,63.79999999999999,9.114285714285712,1
Erode,2022-12-14,0.6,0.6,35.0,64.39999999999999,9.2,1
Erode,2022-12-15,0.0,0.0,15.1,63.7,9.1,1
Erode,2022-12-16,0.0,0.0,0.6,62.49999999999999,8.928571428571427,1
Erode,2022-12-17,0.0,0.0,0.0,52.19999999999999,7.457142857142855,1
Erode,2022-12-18,1.4,1.4,1.4,36.39999999999999,5.199999999999998,0
Erode,2022-12-19,0.1,0.1,1.5,16.599999999999994,2.3714285714285706,0
Erode,2022-12-20,0.1,0.1,1.6,2.199999999999993,0.3142857142857133,0
Erode,2022-12-21,0.1,0.1,0.3,1.6999999999999929,0.2428571428571418,0
Erode,2022-12-22,0.0,0.0,0.2,1.699999999999993,0.2428571428571418,0
Erode,2022-12-23,0.0,0.0,0.1,1.699999999999993,0.2428571428571418,0
Erode,2022-12-24,0.0,0.0,0.0,1.699999999999993,0.2428571428571418,0
Erode,2022-12-25,4.1,4.1,4.1,4.399999999999993,0.6285714285714276,0
Erode,2022-12-26,2.5,2.5,6.6,6.799999999999994,0.9714285714285704,0
Erode,2022-12-27,1.4,1.4,8.0,8.099999999999993,1.157142857142856,0
Erode,2022-12-28,0.4,0.4,4.3,8.399999999999993,1.199999999999999,0
Erode,2022-12-29,0.0,0.0,1.7999999999999998,8.399999999999993,1.199999999999999,0
Erode,2022-12-30,0.0,0.0,0.4,8.399999999999993,1.199999999999999,0
Erode,2022-12-31,0.0,0.0,0.0,8.399999999999993,1.199999999999999,0
Erode,2023-01-01,0.0,0.0,0.0,4.299999999999994,0.6142857142857133,0
Erode,2023-01-02,0.0,0.0,0.0,1.7999999999999936,0.2571428571428562,0
Erode,2023-01-03,0.0,0.0,0.0,0.3999999999999938,0.0571428571428562,0
Erode,2023-01-04,0.1,0.1,0.1,0.0999999999999937,0.0142857142857133,0
Erode,2023-01-05,0.0,0.0,0.1,0.0999999999999937,0.0142857142857133,0
Erode,2023-01-06,0.0,0.0,0.1,0.0999999999999937,0.0142857142857133,0
Erode,2023-01-07,0.0,0.0,0.0,0.0999999999999937,0.0142857142857133,0
Erode,2023-01-08,0.0,0.0,0.0,0.0999999999999937,0.0142857142857133,0
Erode,2023-01-09,0.2,0.2,0.2,0.2999999999999938,0.0428571428571419,0
Erode,2023-01-10,0.0,0.0,0.2,0.2999999999999938,0.0428571428571419,0
Erode,2023-01-11,0.0,0.0,0.2,0.1999999999999938,0.0285714285714276,0
Erode,2023-01-12,0.0,0.0,0.0,0.1999999999999938,0.0285714285714276,0
Erode,2023-01-13,0.0,0.0,0.0,0.1999999999999938,0.0285714285714276,0
Erode,2023-01-14,0.0,0.0,0.0,0.1999999999999938,0.0285714285714276,0
Erode,2023-01-15,0.0,0.0,0.0,0.1999999999999938,0.0285714285714276,0
Erode,2023-01-16,0.0,0.0,0.0,0.0,0.0,0
Erode,2023-01-17,0.0,0.0,0.0,0.0,0.0,0
Erode,2023-01-18,0.0,0.0,0.0,0.0,0.0,0
Erode,2023-01-19,0.0,0.0,0.0,0.0,0.0,0
Erode,2023-01-20,0.0,0.0,0.0,0.0,0.0,0
Erode,2023-01-21,0.0,0.0,0.0,0.0,0.0,0
Erode,2023-01-22,0.2,0.2,0.2,0.1999999999999938,0.0285714285714276,0
Erode,2023-01-23,0.0,0.0,0.2,0.1999999999999938,0.0285714285714276,0
Erode,2023-01-24,0.0,0.0,0.2,0.1999999999999938,0.0285714285714276,0
Erode,2023-01-25,0.0,0.0,0.0,0.1999999999999938,0.0285714285714276,0
Erode,2023-01-26,0.0,0.0,0.0,0.1999999999999938,0.0285714285714276,0
Erode,2023-01-27,0.0,0.0,0.0,0.1999999999999938,0.0285714285714276,0
Erode,2023-01-28,0.0,0.0,0.0,0.1999999999999938,0.0285714285714276,0
Erode,2023-01-29,0.0,0.0,0.0,0.0,0.0,0
Erode,2023-01-30,2.4,2.4,2.4,2.3999999999999937,0.3428571428571419,0
Erode,2023-01-31,1.5,1.5,3.9,3.8999999999999937,0.5571428571428563,0
Erode,2023-02-01,0.0,0.0,3.9,3.8999999999999937,0.5571428571428563,0
Erode,2023-02-02,0.1,0.1,1.6,3.999999999999994,0.5714285714285705,0
Erode,2023-02-03,5.5,5.5,5.6,9.499999999999991,1.357142857142856,0
Erode,2023-02-04,0.0,0.0,5.6,9.499999999999991,1.357142857142856,0
Erode,2023-02-05,0.0,0.0,5.5,9.499999999999991,1.357142857142856,0
Erode,2023-02-06,0.0,0.0,0.0,7.099999999999993,1.0142857142857131,0
Erode,2023-02-07,0.0,0.0,0.0,5.599999999999994,0.7999999999999992,0
Erode,2023-02-08,0.0,0.0,0.0,5.599999999999994,0.7999999999999992,0
Erode,2023-02-09,0.0,0.0,0.0,5.499999999999994,0.7857142857142848,0
Erode,2023-02-10,0.0,0.0,0.0,0.0,0.0,0
Erode,2023-02-11,0.0,0.0,0.0,0.0,0.0,0
Erode,2023-02-12,0.0,0.0,0.0,0.0,0.0,0
Erode,2023-02-13,0.0,0.0,0.0,0.0,0.0,0
Erode,2023-02-14,0.0,0.0,0.0,0.0,0.0,0
Erode,2023-02-15,0.0,0.0,0.0,0.0,0.0,0
Erode,2023-02-16,0.0,0.0,0.0,0.0,0.0,0
Erode,2023-02-17,0.0,0.0,0.0,0.0,0.0,0
Erode,2023-02-18,0.0,0.0,0.0,0.0,0.0,0
Erode,2023-02-19,0.0,0.0,0.0,0.0,0.0,0
Erode,2023-02-20,0.0,0.0,0.0,0.0,0.0,0
Erode,2023-02-21,0.0,0.0,0.0,0.0,0.0,0
Erode,2023-02-22,0.0,0.0,0.0,0.0,0.0,0
Erode,2023-02-23,0.0,0.0,0.0,0.0,0.0,0
Erode,2023-02-24,0.0,0.0,0.0,0.0,0.0,0
Erode,2023-02-25,0.0,0.0,0.0,0.0,0.0,0
Erode,2023-02-26,0.0,0.0,0.0,0.0,0.0,0
Erode,2023-02-27,0.0,0.0,0.0,0.0,0.0,0
Erode,2023-02-28,7.9,7.9,7.9,7.899999999999994,1.1285714285714277,0
Erode,2023-03-01,0.4,0.4,8.3,8.299999999999994,1.1857142857142848,0
Erode,2023-03-02,0.0,0.0,8.3,8.299999999999994,1.1857142857142848,0
Erode,2023-03-03,0.0,0.0,0.4,8.299999999999994,1.1857142857142848,0
Erode,2023-03-04,0.0,0.0,0.0,8.299999999999994,1.1857142857142848,0
Erode,2023-03-05,0.0,0.0,0.0,8.299999999999994,1.1857142857142848,0
Erode,2023-03-06,0.0,0.0,0.0,8.299999999999994,1.1857142857142848,0
Erode,2023-03-07,0.0,0.0,0.0,0.3999999999999938,0.0571428571428562,0
Erode,2023-03-08,0.0,0.0,0.0,0.0,0.0,0
Erode,2023-03-09,0.0,0.0,0.0,0.0,0.0,0
Erode,2023-03-10,0.0,0.0,0.0,0.0,0.0,0
Erode,2023-03-11,0.0,0.0,0.0,0.0,0.0,0
Erode,2023-03-12,0.0,0.0,0.0,0.0,0.0,0
Erode,2023-03-13,0.0,0.0,0.0,0.0,0.0,0
Erode,2023-03-14,0.0,0.0,0.0,0.0,0.0,0
Erode,2023-03-15,0.0,0.0,0.0,0.0,0.0,0
Erode,2023-03-16,0.9,0.9,0.9,0.8999999999999938,0.1285714285714277,0
Erode,2023-03-17,10.4,10.4,11.3,11.299999999999994,1.6142857142857134,0
Erode,2023-03-18,0.7,0.7,12.0,11.999999999999991,1.7142857142857133,0
Erode,2023-03-19,4.0,4.0,15.1,15.999999999999991,2.2857142857142847,0
Erode,2023-03-20,0.2,0.2,4.9,16.199999999999992,2.314285714285713,0
Erode,2023-03-21,0.6,0.6,4.8,16.799999999999994,2.399999999999999,0
Erode,2023-03-22,0.0,0.0,0.8,16.799999999999994,2.399999999999999,0
Erode,2023-03-23,2.4,2.4,3.0,18.299999999999997,2.614285714285713,0
Erode,2023-03-24,4.2,4.2,6.6,12.099999999999994,1.7285714285714278,0
Erode,2023-03-25,0.0,0.0,6.6000000000000005,11.399999999999997,1.628571428571428,0
Erode,2023-03-26,1.0,1.0,5.200000000000001,8.399999999999993,1.199999999999999,0
Erode,2023-03-27,1.8,1.8,2.8,9.999999999999996,1.4285714285714275,0
Erode,2023-03-28,0.0,0.0,2.8,9.399999999999991,1.342857142857142,0
Erode,2023-03-29,5.8,5.8,7.6,15.199999999999992,2.1714285714285704,0
Erode,2023-03-30,0.5,0.5,6.3,13.299999999999994,1.899999999999999,0
Erode,2023-03-31,0.0,0.0,6.3,9.099999999999993,1.299999999999999,0
Erode,2023-04-01,0.2,0.2,0.7,9.299999999999992,1.3285714285714274,0
Erode,2023-04-02,0.3,0.3,0.5,8.599999999999993,1.2285714285714275,0
Erode,2023-04-03,0.8,0.8,1.3,7.599999999999992,1.0857142857142847,0
Erode,2023-04-04,1.5,1.5,2.6,9.099999999999993,1.299999999999999,0
Erode,2023-04-05,0.0,0.0,2.3,3.2999999999999927,0.4714285714285703,0
Erode,2023-04-06,0.0,0.0,1.5,2.7999999999999927,0.3999999999999989,0
Erode,2023-04-07,0.0,0.0,0.0,2.7999999999999927,0.3999999999999989,0
Erode,2023-04-08,0.0,0.0,0.0,2.5999999999999925,0.3714285714285704,0
Erode,2023-04-09,0.0,0.0,0.0,2.2999999999999927,0.3285714285714275,0
Erode,2023-04-10,0.0,0.0,0.0,1.499999999999993,0.2142857142857132,0
Erode,2023-04-11,0.0,0.0,0.0,0.0,0.0,0
Erode,2023-04-12,0.0,0.0,0.0,0.0,0.0,0
Erode,2023-04-13,0.0,0.0,0.0,0.0,0.0,0
Erode,2023-04-14,0.0,0.0,0.0,0.0,0.0,0
Erode,2023-04-15,0.0,0.0,0.0,0.0,0.0,0
Erode,2023-04-16,0.0,0.0,0.0,0.0,0.0,0
Erode,2023-04-17,0.0,0.0,0.0,0.0,0.0,0
Erode,2023-04-18,0.0,0.0,0.0,0.0,0.0,0
Erode,2023-04-19,0.0,0.0,0.0,0.0,0.0,0
Erode,2023-04-20,0.0,0.0,0.0,0.0,0.0,0
Erode,2023-04-21,0.1,0.1,0.1,0.0999999999999929,0.0142857142857132,0
Erode,2023-04-22,2.8,2.8,2.9,2.899999999999993,0.4142857142857132,0
Erode,2023-04-23,20.3,20.3,23.2,23.199999999999992,3.314285714285713,0
Erode,2023-04-24,4.1,4.1,27.2,27.29999999999999,3.899999999999999,0
Erode,2023-04-25,15.9,15.9,40.3,43.19999999999999,6.17142857142857,0
Erode,2023-04-26,2.5,2.5,22.5,45.69999999999999,6.528571428571427,0
Erode,2023-04-27,2.3,2.3,20.7,47.99999999999999,6.857142857142856,0
Erode,2023-04-28,1.3,1.3,6.1,49.19999999999999,7.028571428571427,0
Erode,2023-04-29,19.7,19.7,23.3,66.1,9.44285714285714,1
Erode,2023-04-30,3.1,3.1,24.1,48.9,6.985714285714286,0
Erode,2023-05-01,20.2,20.2,43.0,65.0,9.285714285714286,1
Erode,2023-05-02,4.7,4.7,28.0,53.79999999999999,7.685714285714284,1
Erode,2023-05-03,23.4,23.4,48.3,74.69999999999999,10.671428571428567,1
Erode,2023-05-04,7.5,7.5,35.599999999999994,79.9,11.414285714285716,1
Erode,2023-05-05,3.1,3.1,34.0,81.69999999999999,11.671428571428567,1
Erode,2023-05-06,4.4,4.4,15.0,66.39999999999999,9.485714285714284,1
Erode,2023-05-07,9.5,9.5,17.0,72.79999999999998,10.399999999999997,1
Erode,2023-05-08,5.9,5.9,19.8,58.49999999999999,8.357142857142856,1
Erode,2023-05-09,2.6,2.6,18.0,56.39999999999999,8.057142857142855,1
Erode,2023-05-10,0.0,0.0,8.5,32.99999999999999,4.7142857142857135,0
Erode,2023-05-11,0.9,0.9,3.5,26.399999999999995,3.771428571428571,0
Erode,2023-05-12,0.0,0.0,0.9,23.299999999999997,3.328571428571428,0
Erode,2023-05-13,0.7,0.7,1.6,19.599999999999994,2.7999999999999994,0
Erode,2023-05-14,0.0,0.0,0.7,10.099999999999993,1.4428571428571415,0
Erode,2023-05-15,0.0,0.0,0.7,4.199999999999993,0.599999999999999,0
Erode,2023-05-16,0.0,0.0,0.0,1.599999999999993,0.2285714285714275,0
Erode,2023-05-17,0.3,0.3,0.3,1.8999999999999928,0.2714285714285704,0
Erode,2023-05-18,0.3,0.3,0.6,1.2999999999999927,0.1857142857142846,0
Erode,2023-05-19,0.5,0.5,1.1,1.7999999999999927,0.2571428571428561,0
Erode,2023-05-20,0.0,0.0,0.7999999999999999,1.099999999999993,0.1571428571428561,0
Erode,2023-05-21,3.3,3.3,3.8,4.399999999999993,0.6285714285714276,0
Erode,2023-05-22,0.0,0.0,3.3,4.399999999999993,0.6285714285714276,0
Erode,2023-05-23,0.0,0.0,3.3,4.399999999999993,0.6285714285714276,0
Erode,2023-05-24,0.7,0.7,0.7,4.799999999999993,0.6857142857142847,0
Erode,2023-05-25,1.4,1.4,2.1,5.899999999999993,0.8428571428571419,0
Erode,2023-05-26,1.2,1.2,3.3,6.5999999999999925,0.9428571428571418,0
Erode,2023-05-27,0.0,0.0,2.6,6.5999999999999925,0.9428571428571418,0
Erode,2023-05-28,0.9,0.9,2.1,4.199999999999993,0.599999999999999,0
Erode,2023-05-29,2.8,2.8,3.7,6.999999999999993,0.999999999999999,0
Erode,2023-05-30,6.8,6.8,10.5,13.799999999999992,1.9714285714285704,0
Erode,2023-05-31,3.7,3.7,13.3,16.799999999999994,2.399999999999999,0
Erode,2023-06-01,0.1,0.1,10.6,15.499999999999991,2.214285714285713,0
Erode,2023-06-02,0.1,0.1,3.9,14.399999999999991,2.057142857142856,0
Erode,2023-06-03,8.6,8.6,8.8,22.999999999999996,3.2857142857142847,0
Erode,2023-06-04,0.6,0.6,9.3,22.699999999999992,3.2428571428571416,0
Erode,2023-06-05,0.5,0.5,9.7,20.39999999999999,2.9142857142857133,0
Erode,2023-06-06,0.3,0.3,1.4,13.899999999999991,1.9857142857142849,0
Erode,2023-06-07,0.6,0.6,1.4,10.799999999999992,1.5428571428571416,0
Erode,2023-06-08,0.6,0.6,1.5,11.299999999999992,1.6142857142857132,0
Erode,2023-06-09,0.3,0.3,1.5,11.499999999999991,1.642857142857142,0
Erode,2023-06-10,1.3,1.3,2.2,4.199999999999993,0.599999999999999,0
Erode,2023-06-11,0.5,0.5,2.1,4.0999999999999925,0.5857142857142846,0
Erode,2023-06-12,2.7,2.7,4.5,6.299999999999993,0.8999999999999989,0
Erode,2023-06-13,2.4,2.4,5.6000000000000005,8.399999999999993,1.199999999999999,0
Erode,2023-06-14,2.0,2.0,7.1000000000000005,9.799999999999994,1.399999999999999,0
Erode,2023-06-15,0.1,0.1,4.5,9.299999999999994,1.3285714285714276,0
Erode,2023-06-16,0.1,0.1,2.2000000000000006,9.099999999999993,1.299999999999999,0
Erode,2023-06-17,0.1,0.1,0.3,7.899999999999993,1.1285714285714277,0
Erode,2023-06-18,1.7,1.7,1.9000000000000004,9.099999999999993,1.299999999999999,0
Erode,2023-06-19,5.1,5.1,6.9,11.499999999999991,1.642857142857142,0
Erode,2023-06-20,1.8,1.8,8.600000000000001,10.899999999999991,1.5571428571428558,0
Erode,2023-06-21,7.7,7.7,14.6,16.59999999999999,2.37142857142857,0
Erode,2023-06-22,2.1,2.1,11.6,18.599999999999994,2.657142857142856,0
Erode,2023-06-23,3.4,3.4,13.2,21.89999999999999,3.1285714285714272,0
Erode,2023-06-24,10.2,10.2,15.7,31.99999999999999,4.57142857142857,0
Erode,2023-06-25,0.6,0.6,14.2,30.89999999999999,4.414285714285713,0
Erode,2023-06-26,0.8,0.8,11.6,26.599999999999987,3.799999999999998,0
Erode,2023-06-27,2.2,2.2,3.6,26.999999999999996,3.857142857142856,0
Erode,2023-06-28,0.6,0.6,3.6,19.899999999999988,2.842857142857141,0
Erode,2023-06-29,10.0,10.0,12.8,27.79999999999999,3.97142857142857,0
Erode,2023-06-30,1.7,1.7,12.3,26.09999999999999,3.7285714285714273,0
Erode,2023-07-01,0.7,0.7,12.4,16.59999999999999,2.37142857142857,0
Erode,2023-07-02,4.2,4.2,6.6,20.19999999999999,2.885714285714284,0
Erode,2023-07-03,2.4,2.4,7.299999999999999,21.79999999999999,3.114285714285713,0
Erode,2023-07-04,16.8,16.8,23.4,36.39999999999999,5.199999999999998,0
Erode,2023-07-05,18.6,18.6,37.8,54.39999999999999,7.77142857142857,1
Erode,2023-07-06,8.4,8.4,43.8,52.79999999999999,7.542857142857142,1
Erode,2023-07-07,2.5,2.5,29.5,53.6,7.657142857142857,1
Erode,2023-07-08,1.7,1.7,12.6,54.6,7.799999999999999,1
Erode,2023-07-09,0.1,0.1,4.3,50.49999999999999,7.2142857142857135,1
Erode,2023-07-10,4.1,4.1,5.9,52.19999999999999,7.457142857142855,1
Erode,2023-07-11,6.3,6.3,10.5,41.7,5.957142857142856,0
Erode,2023-07-12,0.9,0.9,11.3,23.999999999999996,3.4285714285714275,0
Erode,2023-07-13,2.4,2.4,9.6,17.999999999999993,2.5714285714285703,0
Erode,2023-07-14,1.0,1.0,4.3,16.499999999999993,2.3571428571428563,0
Erode,2023-07-15,1.9,1.9,5.3,16.699999999999992,2.385714285714285,0
Erode,2023-07-16,1.0,1.0,3.9,17.59999999999999,2.514285714285713,0
Erode,2023-07-17,0.4,0.4,3.3,13.899999999999991,1.9857142857142849,0
Erode,2023-07-18,0.3,0.3,1.7,7.899999999999992,1.1285714285714274,0
Erode,2023-07-19,0.3,0.3,1.0,7.299999999999992,1.0428571428571416,0
Erode,2023-07-20,0.0,0.0,0.6,4.899999999999993,0.6999999999999991,0
Erode,2023-07-21,0.9,0.9,1.2,4.799999999999993,0.6857142857142847,0
Erode,2023-07-22,1.3,1.3,2.2,4.199999999999993,0.599999999999999,0
Erode,2023-07-23,1.1,1.1,3.3000000000000003,4.299999999999994,0.6142857142857133,0
Erode,2023-07-24,7.3,7.3,9.7,11.199999999999992,1.599999999999999,0
Erode,2023-07-25,3.5,3.5,11.9,14.399999999999991,2.057142857142856,0
Erode,2023-07-26,1.3,1.3,12.1,15.399999999999991,2.199999999999999,0
Erode,2023-07-27,0.3,0.3,5.1,15.699999999999992,2.2428571428571416,0
Erode,2023-07-28,1.0,1.0,2.6,15.799999999999992,2.257142857142856,0
Erode,2023-07-29,0.2,0.2,1.5,14.699999999999992,2.0999999999999988,0
Erode,2023-07-30,0.6,0.6,1.8,14.199999999999992,2.028571428571428,0
Erode,2023-07-31,0.5,0.5,1.3,7.399999999999992,1.057142857142856,0
Erode,2023-08-01,0.2,0.2,1.3,4.0999999999999925,0.5857142857142846,0
Erode,2023-08-02,0.0,0.0,0.7,2.7999999999999923,0.3999999999999989,0
Erode,2023-08-03,0.6,0.6,0.8,3.099999999999992,0.4428571428571417,0
Erode,2023-08-04,1.7,1.7,2.3,3.799999999999992,0.5428571428571417,0
Erode,2023-08-05,0.7,0.7,3.0,4.299999999999992,0.6142857142857131,0
Erode,2023-08-06,1.2,1.2,3.6,4.899999999999992,0.699999999999999,0
Erode,2023-08-07,0.2,0.2,2.1,4.5999999999999925,0.657142857142856,0
Erode,2023-08-08,0.9,0.9,2.3,5.299999999999992,0.757142857142856,0
Erode,2023-08-09,5.6,5.6,6.699999999999999,10.899999999999991,1.5571428571428558,0
Erode,2023-08-10,17.5,17.5,24.0,27.79999999999999,3.97142857142857,0
Erode,2023-08-11,17.1,17.1,40.2,43.19999999999999,6.17142857142857,0
Erode,2023-08-12,6.4,6.4,41.0,48.89999999999999,6.985714285714285,0
Erode,2023-08-13,0.2,0.2,23.700000000000003,47.89999999999999,6.842857142857142,0
Erode,2023-08-14,0.2,0.2,6.800000000000001,47.89999999999999,6.842857142857142,0
Erode,2023-08-15,0.1,0.1,0.5,47.1,6.728571428571428,0
Erode,2023-08-16,0.0,0.0,0.3,41.49999999999999,5.928571428571428,0
Erode,2023-08-17,0.3,0.3,0.3999999999999999,24.29999999999999,3.47142857142857,0
Erode,2023-08-18,0.6,0.6,0.8999999999999999,7.79999999999999,1.1142857142857128,0
Erode,2023-08-19,0.5,0.5,1.4,1.8999999999999893,0.2714285714285699,0
Erode,2023-08-20,7.3,7.3,8.4,8.99999999999999,1.2857142857142845,0
Erode,2023-08-21,6.1,6.1,13.9,14.89999999999999,2.1285714285714272,0
Erode,2023-08-22,1.3,1.3,14.7,16.099999999999987,2.299999999999998,0
Erode,2023-08-23,8.0,8.0,15.4,24.099999999999987,3.442857142857141,0
Erode,2023-08-24,0.0,0.0,9.3,23.79999999999999,3.3999999999999986,0
Erode,2023-08-25,0.0,0.0,7.999999999999999,23.19999999999999,3.3142857142857127,0
Erode,2023-08-26,0.0,0.0,0.0,22.69999999999999,3.242857142857141,0
Erode,2023-08-27,0.0,0.0,0.0,15.39999999999999,2.1999999999999984,0
Erode,2023-08-28,0.2,0.2,0.1999999999999991,9.49999999999999,1.3571428571428557,0
Erode,2023-08-29,12.7,12.7,12.9,20.899999999999988,2.985714285714284,0
Erode,2023-08-30,10.8,10.8,23.7,23.69999999999999,3.385714285714284,0
Erode,2023-08-31,8.8,8.8,32.3,32.499999999999986,4.642857142857141,0
Erode,2023-09-01,19.1,19.1,38.7,51.6,7.371428571428571,1
Erode,2023-09-02,12.6,12.6,40.5,64.19999999999999,9.171428571428567,1
Erode,2023-09-03,26.8,26.8,58.5,91.0,13.0,1
Erode,2023-09-04,4.4,4.4,43.8,95.2,13.599999999999998,1
Erode,2023-09-05,9.0,9.0,40.2,91.5,13.071428571428571,1
Erode,2023-09-06,7.1,7.1,20.500000000000004,87.79999999999998,12.54285714285714,1
Erode,2023-09-07,1.1,1.1,17.200000000000003,80.1,11.44285714285714,1
Erode,2023-09-08,0.1,0.1,8.300000000000002,61.1,8.728571428571428,1
Erode,2023-09-09,0.7,0.7,1.9000000000000037,49.19999999999999,7.028571428571427,0
Erode,2023-09-10,1.5,1.5,2.300000000000004,23.89999999999999,3.4142857142857133,0
Erode,2023-09-11,3.6,3.6,5.800000000000003,23.099999999999994,3.2999999999999994,0
Erode,2023-09-12,0.3,0.3,5.400000000000003,14.399999999999991,2.057142857142856,0
Erode,2023-09-13,2.4,2.4,6.300000000000003,9.699999999999992,1.3857142857142846,0
Erode,2023-09-14,10.4,10.4,13.100000000000003,18.999999999999996,2.714285714285713,0
Erode,2023-09-15,13.0,13.0,25.800000000000004,31.89999999999999,4.557142857142856,0
Erode,2023-09-16,10.4,10.4,33.800000000000004,41.6,5.942857142857142,0
Erode,2023-09-17,1.4,1.4,24.800000000000004,41.49999999999999,5.928571428571428,0
Erode,2023-09-18,15.3,15.3,27.100000000000005,53.19999999999999,7.599999999999999,1
Erode,2023-09-19,2.7,2.7,19.4,55.6,7.942857142857142,1
Erode,2023-09-20,0.1,0.1,18.100000000000005,53.3,7.614285714285714,1
Erode,2023-09-21,0.0,0.0,2.800000000000004,42.89999999999999,6.128571428571427,0
Erode,2023-09-22,12.1,12.1,12.200000000000005,41.99999999999999,5.999999999999999,0
Erode,2023-09-23,14.4,14.4,26.500000000000004,46.0,6.571428571428571,0
Erode,2023-09-24,4.6,4.6,31.1,49.2,7.028571428571428,0
Erode,2023-09-25,9.7,9.7,28.700000000000003,43.6,6.228571428571428,0
Erode,2023-09-26,2.6,2.6,16.900000000000002,43.49999999999999,6.2142857142857135,0
Erode,2023-09-27,1.3,1.3,13.600000000000003,44.7,6.385714285714285,0
Erode,2023-09-28,10.4,10.4,14.300000000000004,55.1,7.871428571428571,1
Erode,2023-09-29,2.4,2.4,14.100000000000003,45.39999999999999,6.485714285714285,0
Erode,2023-09-30,1.8,1.8,14.600000000000003,32.79999999999999,4.685714285714284,0
Erode,2023-10-01,2.0,2.0,6.200000000000004,30.199999999999992,4.314285714285713,0
Erode,2023-10-02,2.1,2.1,5.900000000000004,22.59999999999999,3.2285714285714278,0
Erode,2023-10-03,0.0,0.0,4.100000000000004,19.999999999999996,2.8571428571428563,0
Erode,2023-10-04,0.1,0.1,2.200000000000004,18.799999999999997,2.6857142857142846,0
Erode,2023-10-05,0.0,0.0,0.100000000000004,8.399999999999993,1.199999999999999,0
Erode,2023-10-06,0.2,0.2,0.300000000000004,6.199999999999993,0.8857142857142847,0
Erode,2023-10-07,11.0,11.0,11.200000000000005,15.399999999999991,2.199999999999999,0
Erode,2023-10-08,19.3,19.3,30.500000000000007,32.7,4.671428571428571,0
Erode,2023-10-09,6.1,6.1,36.400000000000006,36.69999999999999,5.242857142857141,0
Erode,2023-10-10,0.8,0.8,26.200000000000003,37.49999999999999,5.357142857142856,0
Erode,2023-10-11,18.5,18.5,25.4,55.89999999999999,7.985714285714285,1
Erode,2023-10-12,1.0,1.0,20.300000000000004,56.89999999999999,8.128571428571428,1
Erode,2023-10-13,0.0,0.0,19.500000000000004,56.69999999999999,8.099999999999998,1
Erode,2023-10-14,22.7,22.7,23.700000000000003,68.39999999999999,9.77142857142857,1
Erode,2023-10-15,10.0,10.0,32.7,59.09999999999999,8.442857142857141,1
Erode,2023-10-16,29.8,29.8,62.5,82.79999999999998,11.828571428571426,1
Erode,2023-10-17,13.0,13.0,52.8,95.0,13.57142857142857,1
Erode,2023-10-18,0.8,0.8,43.6,77.29999999999998,11.04285714285714,1
Erode,2023-10-19,0.0,0.0,13.800000000000004,76.29999999999998,10.899999999999997,1
Erode,2023-10-20,0.0,0.0,0.8000000000000036,76.29999999999998,10.899999999999997,1
Erode,2023-10-21,4.4,4.4,4.400000000000004,57.99999999999999,8.285714285714283,1
Erode,2023-10-22,0.4,0.4,4.800000000000004,48.399999999999984,6.914285714285712,0
Erode,2023-10-23,0.3,0.3,5.100000000000004,18.899999999999988,2.6999999999999984,0
Erode,2023-10-24,0.2,0.2,0.9000000000000036,6.09999999999999,0.87142857142857,0
Erode,2023-10-25,0.5,0.5,1.0000000000000036,5.79999999999999,0.8285714285714272,0
Erode,2023-10-26,0.0,0.0,0.7000000000000035,5.79999999999999,0.8285714285714272,0
Erode,2023-10-27,0.0,0.0,0.5000000000000036,5.79999999999999,0.8285714285714272,0
Erode,2023-10-28,0.0,0.0,0.0,1.3999999999999893,0.1999999999999984,0
Erode,2023-10-29,7.6,7.6,7.600000000000003,8.599999999999989,1.228571428571427,0
Erode,2023-10-30,6.2,6.2,13.800000000000004,14.49999999999999,2.07142857142857,0
Erode,2023-10-31,12.7,12.7,26.500000000000004,26.99999999999999,3.857142857142856,0
Erode,2023-11-01,17.8,17.8,36.7,44.29999999999999,6.328571428571427,0
Erode,2023-11-02,8.3,8.3,38.8,52.6,7.514285714285713,1
Erode,2023-11-03,8.6,8.6,34.7,61.19999999999999,8.742857142857142,1
Erode,2023-11-04,28.5,28.5,45.400000000000006,89.69999999999999,12.814285714285711,1
Erode,2023-11-05,11.3,11.3,48.400000000000006,93.4,13.342857142857142,1
Erode,2023-11-06,1.3,1.3,41.1,88.49999999999999,12.64285714285714,1
Erode,2023-11-07,14.9,14.9,27.500000000000007,90.7,12.957142857142856,1
Erode,2023-11-08,11.2,11.2,27.40000000000001,84.1,12.014285714285714,1
Erode,2023-11-09,12.2,12.2,38.3,87.99999999999999,12.57142857142857,1
Erode,2023-11-10,1.0,1.0,24.40000000000001,80.39999999999999,11.485714285714284,1
Erode,2023-11-11,1.0,1.0,14.200000000000005,52.899999999999984,7.557142857142855,1
Erode,2023-11-12,0.0,0.0,2.000000000000004,41.59999999999998,5.94285714285714,0
Erode,2023-11-13,0.0,0.0,1.0000000000000036,40.29999999999998,5.757142857142855,0
Erode,2023-11-14,2.7,2.7,2.700000000000004,28.099999999999987,4.0142857142857125,0
Erode,2023-11-15,0.0,0.0,2.700000000000004,16.899999999999984,2.414285714285712,0
Erode,2023-11-16,0.8,0.8,3.500000000000004,5.499999999999986,0.7857142857142837,0
Erode,2023-11-17,0.5,0.5,1.3000000000000036,4.999999999999986,0.7142857142857123,0
Erode,2023-11-18,0.0,0.0,1.3000000000000036,3.999999999999986,0.5714285714285694,0
Erode,2023-11-19,0.0,0.0,0.5000000000000036,3.999999999999986,0.5714285714285694,0
Erode,2023-11-20,0.5,0.5,0.5000000000000036,4.499999999999986,0.6428571428571408,0
Erode,2023-11-21,5.7,5.7,6.200000000000004,7.499999999999986,1.0714285714285694,0
Erode,2023-11-22,19.2,19.2,25.4,26.699999999999985,3.814285714285712,0
Erode,2023-11-23,17.0,17.0,41.900000000000006,42.899999999999984,6.128571428571426,0
Erode,2023-11-24,1.1,1.1,37.3,43.49999999999999,6.214285714285713,0
Erode,2023-11-25,9.3,9.3,27.40000000000001,52.79999999999998,7.54285714285714,1
Erode,2023-11-26,1.9,1.9,12.300000000000004,54.69999999999998,7.814285714285711,1
Erode,2023-11-27,0.7,0.7,11.900000000000004,54.899999999999984,7.842857142857141,1
Erode,2023-11-28,4.3,4.3,6.900000000000003,53.49999999999999,7.642857142857141,1
Erode,2023-11-29,4.4,4.4,9.400000000000004,38.69999999999999,5.528571428571427,0
Erode,2023-11-30,9.9,9.9,18.6,31.599999999999987,4.5142857142857125,0
Erode,2023-12-01,0.9,0.9,15.200000000000005,31.399999999999984,4.485714285714283,0
Erode,2023-12-02,0.6,0.6,11.400000000000004,22.69999999999999,3.242857142857141,0
Erode,2023-12-03,2.7,2.7,4.200000000000004,23.499999999999982,3.357142857142855,0
Erode,2023-12-04,0.0,0.0,3.300000000000004,22.799999999999983,3.257142857142856,0
Erode,2023-12-05,0.0,0.0,2.700000000000004,18.499999999999982,2.642857142857141,0
Erode,2023-12-06,0.0,0.0,0.0,14.099999999999987,2.0142857142857125,0
Erode,2023-12-07,12.2,12.2,12.200000000000005,16.399999999999984,2.3428571428571408,0
Erode,2023-12-08,22.4,22.4,34.6,37.899999999999984,5.414285714285712,0
Erode,2023-12-09,3.7,3.7,38.3,40.99999999999999,5.857142857142855,0
Erode,2023-12-10,0.4,0.4,26.500000000000004,38.69999999999999,5.528571428571427,0
Erode,2023-12-11,0.1,0.1,4.200000000000004,38.79999999999999,5.542857142857142,0
Erode,2023-12-12,0.5,0.5,1.0000000000000036,39.29999999999999,5.614285714285713,0
Erode,2023-12-13,0.0,0.0,0.6000000000000035,39.29999999999999,5.614285714285713,0
Erode,2023-12-14,0.0,0.0,0.5000000000000036,27.099999999999984,3.871428571428569,0
Erode,2023-12-15,0.4,0.4,0.4000000000000036,5.099999999999986,0.7285714285714266,0
Erode,2023-12-16,0.8,0.8,1.2000000000000035,2.199999999999986,0.3142857142857123,0
Erode,2023-12-17,0.4,0.4,1.6000000000000036,2.199999999999986,0.3142857142857123,0
Erode,2023-12-18,0.1,0.1,1.3000000000000038,2.199999999999986,0.3142857142857123,0
Erode,2023-12-19,0.0,0.0,0.5000000000000036,1.699999999999986,0.2428571428571408,0
Erode,2023-12-20,0.0,0.0,0.1000000000000035,1.699999999999986,0.2428571428571408,0
Erode,2023-12-21,0.7,0.7,0.7000000000000035,2.3999999999999857,0.3428571428571408,0
Erode,2023-12-22,0.0,0.0,0.7000000000000035,1.9999999999999856,0.2857142857142837,0
Erode,2023-12-23,0.0,0.0,0.7000000000000035,1.1999999999999855,0.1714285714285693,0
Erode,2023-12-24,0.6,0.6,0.6000000000000035,1.3999999999999857,0.1999999999999979,0
Erode,2023-12-25,0.3,0.3,0.9000000000000035,1.5999999999999857,0.2285714285714265,0
Erode,2023-12-26,0.0,0.0,0.9000000000000035,1.5999999999999857,0.2285714285714265,0
Erode,2023-12-27,0.0,0.0,0.3000000000000035,1.5999999999999857,0.2285714285714265,0
Erode,2023-12-28,0.0,0.0,0.0,0.8999999999999857,0.1285714285714265,0
Erode,2023-12-29,1.3,1.3,1.3000000000000036,2.199999999999986,0.3142857142857123,0
Erode,2023-12-30,0.0,0.0,1.3000000000000036,2.199999999999986,0.3142857142857123,0
Erode,2023-12-31,0.0,0.0,1.3000000000000036,1.5999999999999857,0.2285714285714265,0
Erode,2024-01-01,0.0,0.0,0.0,1.2999999999999858,0.1857142857142837,0
Erode,2024-01-02,0.0,0.0,0.0,1.2999999999999858,0.1857142857142837,0
Erode,2024-01-03,0.0,0.0,0.0,1.2999999999999858,0.1857142857142837,0
Erode,2024-01-04,1.2,1.2,1.2000000000000035,2.499999999999986,0.3571428571428551,0
Erode,2024-01-05,1.3,1.3,2.500000000000004,2.499999999999986,0.3571428571428551,0
Erode,2024-01-06,7.6,7.6,10.100000000000003,10.099999999999984,1.4428571428571408,0
Erode,2024-01-07,1.6,1.6,10.500000000000004,11.699999999999983,1.6714285714285693,0
Erode,2024-01-08,29.7,29.7,38.900000000000006,41.399999999999984,5.914285714285712,0
Erode,2024-01-09,5.0,5.0,36.3,46.399999999999984,6.628571428571426,0
Erode,2024-01-10,1.2,1.2,35.9,47.59999999999999,6.799999999999998,0
Erode,2024-01-11,0.0,0.0,6.200000000000004,46.399999999999984,6.628571428571426,0
Erode,2024-01-12,0.0,0.0,1.2000000000000035,45.09999999999999,6.442857142857141,0
Erode,2024-01-13,0.0,0.0,0.0,37.49999999999999,5.357142857142855,0
Erode,2024-01-14,0.0,0.0,0.0,35.899999999999984,5.128571428571426,0
Erode,2024-01-15,0.0,0.0,0.0,6.199999999999986,0.8857142857142837,0
Erode,2024-01-16,0.0,0.0,0.0,1.1999999999999855,0.1714285714285694,0
Erode,2024-01-17,0.0,0.0,0.0,0.0,0.0,0
Erode,2024-01-18,0.0,0.0,0.0,0.0,0.0,0
Erode,2024-01-19,0.1,0.1,0.1000000000000035,0.0999999999999858,0.0142857142857122,0
Erode,2024-01-20,0.2,0.2,0.3000000000000036,0.2999999999999858,0.0428571428571408,0
Erode,2024-01-21,0.0,0.0,0.3000000000000036,0.2999999999999858,0.0428571428571408,0
Erode,2024-01-22,0.0,0.0,0.2000000000000035,0.2999999999999858,0.0428571428571408,0
Erode,2024-01-23,0.0,0.0,0.0,0.2999999999999858,0.0428571428571408,0
Erode,2024-01-24,0.3,0.3,0.3000000000000035,0.5999999999999858,0.0857142857142836,0
Erode,2024-01-25,0.2,0.2,0.5000000000000036,0.7999999999999858,0.1142857142857122,0
Erode,2024-01-26,0.0,0.0,0.5000000000000036,0.6999999999999857,0.0999999999999979,0
Erode,2024-01-27,0.0,0.0,0.2000000000000035,0.4999999999999857,0.0714285714285693,0
Erode,2024-01-28,0.0,0.0,0.0,0.4999999999999858,0.0714285714285694,0
Erode,2024-01-29,0.0,0.0,0.0,0.4999999999999858,0.0714285714285694,0
Erode,2024-01-30,0.0,0.0,0.0,0.4999999999999858,0.0714285714285694,0
Erode,2024-01-31,0.0,0.0,0.0,0.1999999999999857,0.0285714285714265,0
Erode,2024-02-01,0.1,0.1,0.1000000000000035,0.0999999999999857,0.0142857142857122,0
Erode,2024-02-02,1.9,1.9,2.000000000000004,1.9999999999999856,0.2857142857142836,0
Erode,2024-02-03,0.2,0.2,2.200000000000004,2.199999999999985,0.3142857142857122,0
Erode,2024-02-04,0.0,0.0,2.100000000000004,2.199999999999985,0.3142857142857122,0
Erode,2024-02-05,0.0,0.0,0.2000000000000035,2.199999999999985,0.3142857142857122,0
Erode,2024-02-06,0.0,0.0,0.0,2.199999999999985,0.3142857142857122,0
Erode,2024-02-07,0.0,0.0,0.0,2.199999999999985,0.3142857142857122,0
Erode,2024-02-08,0.0,0.0,0.0,2.099999999999985,0.2999999999999979,0
Erode,2024-02-09,0.0,0.0,0.0,0.1999999999999855,0.0285714285714265,0
Erode,2024-02-10,0.0,0.0,0.0,0.0,0.0,0
Erode,2024-02-11,0.0,0.0,0.0,0.0,0.0,0
Erode,2024-02-12,0.0,0.0,0.0,0.0,0.0,0
Erode,2024-02-13,0.0,0.0,0.0,0.0,0.0,0
Erode,2024-02-14,0.0,0.0,0.0,0.0,0.0,0
Erode,2024-02-15,0.0,0.0,0.0,0.0,0.0,0
Erode,2024-02-16,0.0,0.0,0.0,0.0,0.0,0
Erode,2024-02-17,0.0,0.0,0.0,0.0,0.0,0
Erode,2024-02-18,0.0,0.0,0.0,0.0,0.0,0
Erode,2024-02-19,0.0,0.0,0.0,0.0,0.0,0
Erode,2024-02-20,0.0,0.0,0.0,0.0,0.0,0
Erode,2024-02-21,0.0,0.0,0.0,0.0,0.0,0
Erode,2024-02-22,0.0,0.0,0.0,0.0,0.0,0
Erode,2024-02-23,0.0,0.0,0.0,0.0,0.0,0
Erode,2024-02-24,0.0,0.0,0.0,0.0,0.0,0
Erode,2024-02-25,0.0,0.0,0.0,0.0,0.0,0
Erode,2024-02-26,0.1,0.1,0.1000000000000035,0.0999999999999855,0.0142857142857122,0
Erode,2024-02-27,0.0,0.0,0.1000000000000035,0.0999999999999855,0.0142857142857122,0
Erode,2024-02-28,0.0,0.0,0.1000000000000035,0.0999999999999855,0.0142857142857122,0
Erode,2024-02-29,0.0,0.0,0.0,0.0999999999999855,0.0142857142857122,0
Erode,2024-03-01,0.0,0.0,0.0,0.0999999999999855,0.0142857142857122,0
Erode,2024-03-02,0.0,0.0,0.0,0.0999999999999855,0.0142857142857122,0
Erode,2024-03-03,0.0,0.0,0.0,0.0999999999999855,0.0142857142857122,0
Erode,2024-03-04,0.0,0.0,0.0,0.0,0.0,0
Erode,2024-03-05,0.0,0.0,0.0,0.0,0.0,0
Erode,2024-03-06,0.0,0.0,0.0,0.0,0.0,0
Erode,2024-03-07,0.0,0.0,0.0,0.0,0.0,0
Erode,2024-03-08,0.0,0.0,0.0,0.0,0.0,0
Erode,2024-03-09,0.0,0.0,0.0,0.0,0.0,0
Erode,2024-03-10,0.0,0.0,0.0,0.0,0.0,0
Erode,2024-03-11,0.0,0.0,0.0,0.0,0.0,0
Erode,2024-03-12,0.0,0.0,0.0,0.0,0.0,0
Erode,2024-03-13,0.0,0.0,0.0,0.0,0.0,0
Erode,2024-03-14,0.0,0.0,0.0,0.0,0.0,0
Erode,2024-03-15,0.0,0.0,0.0,0.0,0.0,0
Erode,2024-03-16,0.0,0.0,0.0,0.0,0.0,0
Erode,2024-03-17,0.0,0.0,0.0,0.0,0.0,0
Erode,2024-03-18,0.0,0.0,0.0,0.0,0.0,0
Erode,2024-03-19,0.0,0.0,0.0,0.0,0.0,0
Erode,2024-03-20,0.0,0.0,0.0,0.0,0.0,0
Erode,2024-03-21,0.0,0.0,0.0,0.0,0.0,0
Erode,2024-03-22,0.0,0.0,0.0,0.0,0.0,0
Erode,2024-03-23,0.0,0.0,0.0,0.0,0.0,0
Erode,2024-03-24,0.0,0.0,0.0,0.0,0.0,0
Erode,2024-03-25,0.0,0.0,0.0,0.0,0.0,0
Erode,2024-03-26,0.0,0.0,0.0,0.0,0.0,0
Erode,2024-03-27,0.0,0.0,0.0,0.0,0.0,0
Erode,2024-03-28,0.0,0.0,0.0,0.0,0.0,0
Erode,2024-03-29,0.0,0.0,0.0,0.0,0.0,0
Erode,2024-03-30,0.0,0.0,0.0,0.0,0.0,0
Erode,2024-03-31,0.0,0.0,0.0,0.0,0.0,0
Erode,2024-04-01,0.0,0.0,0.0,0.0,0.0,0
Erode,2024-04-02,0.0,0.0,0.0,0.0,0.0,0
Erode,2024-04-03,0.0,0.0,0.0,0.0,0.0,0
Erode,2024-04-04,0.0,0.0,0.0,0.0,0.0,0
Erode,2024-04-05,0.0,0.0,0.0,0.0,0.0,0
Erode,2024-04-06,0.0,0.0,0.0,0.0,0.0,0
Erode,2024-04-07,0.0,0.0,0.0,0.0,0.0,0
Erode,2024-04-08,0.0,0.0,0.0,0.0,0.0,0
Erode,2024-04-09,0.0,0.0,0.0,0.0,0.0,0
Erode,2024-04-10,0.1,0.1,0.1000000000000035,0.0999999999999855,0.0142857142857122,0
Erode,2024-04-11,0.0,0.0,0.1000000000000035,0.0999999999999855,0.0142857142857122,0
Erode,2024-04-12,4.2,4.2,4.300000000000003,4.299999999999986,0.6142857142857122,0
Erode,2024-04-13,3.8,3.8,8.000000000000004,8.099999999999985,1.157142857142855,0
Erode,2024-04-14,0.0,0.0,8.000000000000004,8.099999999999985,1.157142857142855,0
Erode,2024-04-15,0.0,0.0,3.8000000000000034,8.099999999999985,1.157142857142855,0
Erode,2024-04-16,0.0,0.0,0.0,8.099999999999985,1.157142857142855,0
Erode,2024-04-17,0.0,0.0,0.0,7.999999999999986,1.1428571428571408,0
Erode,2024-04-18,0.0,0.0,0.0,7.999999999999986,1.1428571428571408,0
Erode,2024-04-19,0.0,0.0,0.0,3.7999999999999856,0.5428571428571408,0
Erode,2024-04-20,0.0,0.0,0.0,0.0,0.0,0
Erode,2024-04-21,0.0,0.0,0.0,0.0,0.0,0
Erode,2024-04-22,0.0,0.0,0.0,0.0,0.0,0
Erode,2024-04-23,0.0,0.0,0.0,0.0,0.0,0
Erode,2024-04-24,0.0,0.0,0.0,0.0,0.0,0
Erode,2024-04-25,0.0,0.0,0.0,0.0,0.0,0
Erode,2024-04-26,0.0,0.0,0.0,0.0,0.0,0
Erode,2024-04-27,0.0,0.0,0.0,0.0,0.0,0
Erode,2024-04-28,0.0,0.0,0.0,0.0,0.0,0
Erode,2024-04-29,0.0,0.0,0.0,0.0,0.0,0
Erode,2024-04-30,0.0,0.0,0.0,0.0,0.0,0
Erode,2024-05-01,0.0,0.0,0.0,0.0,0.0,0
Erode,2024-05-02,0.0,0.0,0.0,0.0,0.0,0
Erode,2024-05-03,0.0,0.0,0.0,0.0,0.0,0
Erode,2024-05-04,0.6,0.6,0.6000000000000035,0.5999999999999858,0.0857142857142836,0
Erode,2024-05-05,8.4,8.4,9.000000000000004,8.999999999999986,1.2857142857142836,0
Erode,2024-05-06,0.4,0.4,9.400000000000004,9.399999999999986,1.342857142857141,0
Erode,2024-05-07,0.0,0.0,8.800000000000004,9.399999999999986,1.342857142857141,0
Erode,2024-05-08,3.3,3.3,3.7000000000000033,12.699999999999983,1.814285714285712,0
Erode,2024-05-09,3.6,3.6,6.900000000000004,16.299999999999986,2.3285714285714265,0
Erode,2024-05-10,22.9,22.9,29.800000000000004,39.19999999999999,5.599999999999999,0
Erode,2024-05-11,6.3,6.3,32.800000000000004,44.899999999999984,6.414285714285712,0
Erode,2024-05-12,13.1,13.1,42.3,49.59999999999998,7.085714285714283,0
Erode,2024-05-13,10.2,10.2,29.600000000000005,59.399999999999984,8.485714285714284,1
Erode,2024-05-14,13.3,13.3,36.60000000000001,72.69999999999999,10.385714285714284,1
Erode,2024-05-15,17.7,17.7,41.2,87.1,12.44285714285714,1
Erode,2024-05-16,6.2,6.2,37.20000000000001,89.69999999999997,12.814285714285711,1
Erode,2024-05-17,4.9,4.9,28.800000000000008,71.69999999999999,10.242857142857142,1
Erode,2024-05-18,6.5,6.5,17.60000000000001,71.89999999999999,10.27142857142857,1
Erode,2024-05-19,17.0,17.0,28.40000000000001,75.79999999999998,10.828571428571426,1
Erode,2024-05-20,40.7,40.7,64.20000000000002,106.3,15.185714285714283,2
Erode,2024-05-21,50.7,50.7,108.4,143.7,20.52857142857143,2
Erode,2024-05-22,5.0,5.0,96.4,131.0,18.714285714285715,2
Erode,2024-05-23,9.5,9.5,65.20000000000002,134.3,19.185714285714287,2
Erode,2024-05-24,10.0,10.0,24.500000000000007,139.39999999999998,19.91428571428571,2
Erode,2024-05-25,0.0,0.0,19.500000000000007,132.89999999999998,18.985714285714284,2
Erode,2024-05-26,0.3,0.3,10.300000000000008,116.2,16.599999999999998,2
Erode,2024-05-27,0.0,0.0,0.3000000000000071,75.49999999999999,10.785714285714285,1
Erode,2024-05-28,0.1,0.1,0.4000000000000071,24.899999999999984,3.5571428571428547,0
Erode,2024-05-29,0.8,0.8,0.9000000000000072,20.699999999999985,2.957142857142855,0
Erode,2024-05-30,0.6,0.6,1.500000000000007,11.799999999999986,1.6857142857142835,0
Erode,2024-05-31,8.1,8.1,9.500000000000009,9.899999999999986,1.4142857142857124,0
Erode,2024-06-01,6.1,6.1,14.800000000000006,15.999999999999986,2.285714285714284,0
Erode,2024-06-02,7.4,7.4,21.60000000000001,23.099999999999987,3.299999999999998,0
Erode,2024-06-03,16.7,16.7,30.200000000000003,39.79999999999998,5.685714285714283,0
Erode,2024-06-04,8.3,8.3,32.400000000000006,47.99999999999999,6.857142857142855,0
Erode,2024-06-05,12.3,12.3,37.3,59.49999999999999,8.499999999999998,1
Erode,2024-06-06,21.6,21.6,42.2,80.49999999999999,11.499999999999998,1
Erode,2024-06-07,5.6,5.6,39.50000000000001,77.99999999999999,11.14285714285714,1
Erode,2024-06-08,6.3,6.3,33.50000000000001,78.19999999999999,11.171428571428567,1
Erode,2024-06-09,1.0,1.0,12.900000000000002,71.8,10.257142857142856,1
Erode,2024-06-10,0.5,0.5,7.800000000000003,55.59999999999999,7.942857142857141,1
Erode,2024-06-11,2.6,2.6,4.100000000000003,49.899999999999984,7.128571428571426,0
Erode,2024-06-12,0.8,0.8,3.900000000000004,38.399999999999984,5.485714285714283,0
Erode,2024-06-13,0.4,0.4,3.800000000000004,17.199999999999985,2.457142857142855,0
Erode,2024-06-14,0.0,0.0,1.2000000000000035,11.599999999999984,1.657142857142855,0
Erode,2024-06-15,0.0,0.0,0.4000000000000036,5.299999999999986,0.7571428571428551,0
Erode,2024-06-16,2.6,2.6,2.600000000000004,6.899999999999986,0.9857142857142838,0
Erode,2024-06-17,2.0,2.0,4.600000000000003,8.399999999999986,1.199999999999998,0
Erode,2024-06-18,3.4,3.4,8.000000000000004,9.199999999999989,1.3142857142857125,0
Erode,2024-06-19,23.8,23.8,29.200000000000003,32.19999999999999,4.599999999999999,0
Erode,2024-06-20,1.3,1.3,28.500000000000007,33.09999999999999,4.728571428571427,0
Erode,2024-06-21,2.1,2.1,27.20000000000001,35.19999999999999,5.028571428571427,0
Erode,2024-06-22,2.2,2.2,5.600000000000004,37.399999999999984,5.342857142857141,0
Erode,2024-06-23,1.0,1.0,5.300000000000004,35.79999999999998,5.114285714285712,0
Erode,2024-06-24,1.0,1.0,4.200000000000004,34.79999999999998,4.971428571428569,0
Erode,2024-06-25,1.0,1.0,3.0,32.399999999999984,4.628571428571426,0
Erode,2024-06-26,8.7,8.7,10.700000000000005,17.299999999999986,2.4714285714285693,0
Erode,2024-06-27,1.0,1.0,10.700000000000005,16.999999999999986,2.4285714285714266,0
Erode,2024-06-28,0.1,0.1,9.800000000000002,14.999999999999986,2.142857142857141,0
Erode,2024-06-29,0.6,0.6,1.7000000000000035,13.399999999999986,1.9142857142857124,0
Erode,2024-06-30,7.7,7.7,8.400000000000004,20.099999999999987,2.8714285714285697,0
Erode,2024-07-01,2.3,2.3,10.600000000000003,21.399999999999984,3.0571428571428547,0
Erode,2024-07-02,0.0,0.0,10.000000000000004,20.399999999999984,2.914285714285712,0
Erode,2024-07-03,1.0,1.0,3.300000000000004,12.699999999999983,1.814285714285712,0
Erode,2024-07-04,8.5,8.5,9.500000000000004,20.199999999999985,2.8857142857142835,0
Erode,2024-07-05,5.9,5.9,15.400000000000004,25.999999999999982,3.714285714285712,0
Erode,2024-07-06,1.1,1.1,15.500000000000004,26.499999999999982,3.785714285714284,0
Erode,2024-07-07,2.4,2.4,9.400000000000004,21.19999999999998,3.028571428571426,0
Erode,2024-07-08,0.0,0.0,3.500000000000004,18.899999999999984,2.699999999999998,0
Erode,2024-07-09,1.5,1.5,3.900000000000004,20.399999999999984,2.914285714285712,0
Erode,2024-07-10,0.7,0.7,2.200000000000004,20.099999999999987,2.8714285714285697,0
Erode,2024-07-11,0.4,0.4,2.600000000000004,11.999999999999986,1.7142857142857122,0
Erode,2024-07-12,13.2,13.2,14.300000000000002,19.299999999999983,2.757142857142855,0
Erode,2024-07-13,3.2,3.2,16.800000000000004,21.399999999999984,3.0571428571428547,0
Erode,2024-07-14,2.7,2.7,19.1,21.699999999999985,3.099999999999998,0
Erode,2024-07-15,7.1,7.1,13.000000000000004,28.799999999999983,4.114285714285712,0
Erode,2024-07-16,3.7,3.7,13.500000000000004,30.999999999999982,4.428571428571426,0
Erode,2024-07-17,2.6,2.6,13.400000000000004,32.899999999999984,4.6999999999999975,0
Erode,2024-07-18,4.1,4.1,10.400000000000004,36.59999999999999,5.228571428571427,0
Erode,2024-07-19,0.5,0.5,7.200000000000004,23.899999999999984,3.414285714285712,0
Erode,2024-07-20,0.2,0.2,4.800000000000003,20.899999999999984,2.9857142857142835,0
Erode,2024-07-21,1.2,1.2,1.9000000000000037,19.399999999999984,2.771428571428569,0
Erode,2024-07-22,0.0,0.0,1.4000000000000037,12.299999999999986,1.7571428571428551,0
Erode,2024-07-23,0.3,0.3,1.5000000000000036,8.899999999999986,1.2714285714285694,0
Erode,2024-07-24,0.0,0.0,0.3000000000000035,6.299999999999986,0.8999999999999979,0
Erode,2024-07-25,1.8,1.8,2.100000000000004,3.999999999999986,0.5714285714285694,0
Erode,2024-07-26,0.8,0.8,2.600000000000004,4.299999999999986,0.6142857142857122,0
Erode,2024-07-27,0.0,0.0,2.600000000000004,4.099999999999985,0.5857142857142836,0
Erode,2024-07-28,0.4,0.4,1.2000000000000035,3.299999999999986,0.4714285714285694,0
Erode,2024-07-29,11.9,11.9,12.300000000000004,15.199999999999989,2.171428571428569,0
Erode,2024-07-30,7.0,7.0,19.300000000000004,21.899999999999984,3.1285714285714263,0
Erode,2024-07-31,10.8,10.8,29.700000000000006,32.69999999999999,4.67142857142857,0
Erode,2024-08-01,7.7,7.7,25.500000000000004,38.59999999999999,5.5142857142857125,0
Erode,2024-08-02,1.4,1.4,19.90000000000001,39.19999999999999,5.599999999999999,0
Erode,2024-08-03,3.3,3.3,12.400000000000004,42.49999999999999,6.071428571428569,0
Erode,2024-08-04,6.3,6.3,11.000000000000004,48.39999999999999,6.914285714285713,0
Erode,2024-08-05,2.2,2.2,11.800000000000002,38.69999999999998,5.528571428571426,0
Erode,2024-08-06,2.7,2.7,11.200000000000005,34.399999999999984,4.914285714285712,0
Erode,2024-08-07,15.5,15.5,20.4,39.09999999999999,5.585714285714284,0
Erode,2024-08-08,2.4,2.4,20.6,33.79999999999998,4.8285714285714265,0
Erode,2024-08-09,14.2,14.2,32.1,46.59999999999999,6.657142857142856,0
Erode,2024-08-10,13.9,13.9,30.5,57.19999999999999,8.171428571428569,1
Erode,2024-08-11,4.2,4.2,32.300000000000004,55.09999999999999,7.871428571428569,1
Erode,2024-08-12,9.1,9.1,27.200000000000003,61.99999999999999,8.857142857142856,1
Erode,2024-08-13,20.4,20.4,33.7,79.69999999999999,11.385714285714284,1
Erode,2024-08-14,10.2,10.2,39.7,74.39999999999998,10.628571428571425,1
Erode,2024-08-15,1.4,1.4,32.0,73.39999999999998,10.485714285714282,1
Erode,2024-08-16,19.3,19.3,30.9,78.49999999999999,11.214285714285712,1
Erode,2024-08-17,0.9,0.9,21.6,65.49999999999999,9.357142857142856,1
Erode,2024-08-18,1.0,1.0,21.200000000000003,62.29999999999998,8.899999999999997,1
Erode,2024-08-19,24.7,24.7,26.6,77.89999999999998,11.128571428571425,1
Erode,2024-08-20,21.7,21.7,47.400000000000006,79.19999999999997,11.314285714285711,1
Erode,2024-08-21,3.7,3.7,50.1,72.69999999999997,10.385714285714284,1
Erode,2024-08-22,0.2,0.2,25.6,71.49999999999999,10.214285714285712,1
Erode,2024-08-23,0.0,0.0,3.900000000000004,52.19999999999999,7.457142857142855,1
Erode,2024-08-24,0.4,0.4,0.6000000000000036,51.69999999999998,7.3857142857142835,1
Erode,2024-08-25,0.6,0.6,1.0000000000000036,51.29999999999998,7.328571428571426,1
Erode,2024-08-26,0.4,0.4,1.4000000000000037,26.999999999999982,3.857142857142855,0
Erode,2024-08-27,0.7,0.7,1.7000000000000035,5.999999999999986,0.8571428571428551,0
Erode,2024-08-28,0.4,0.4,1.5000000000000036,2.699999999999986,0.3857142857142837,0
Erode,2024-08-29,5.8,5.8,6.900000000000004,8.299999999999986,1.1857142857142835,0
Erode,2024-08-30,1.7,1.7,7.900000000000003,9.999999999999986,1.4285714285714266,0
Erode,2024-08-31,1.0,1.0,8.500000000000004,10.599999999999984,1.5142857142857122,0
Erode,2024-09-01,0.6,0.6,3.3000000000000025,10.599999999999984,1.5142857142857122,0
Erode,2024-09-02,0.1,0.1,1.7000000000000026,10.299999999999985,1.4714285714285693,0
Erode,2024-09-03,0.3,0.3,1.0000000000000029,9.899999999999986,1.4142857142857124,0
Erode,2024-09-04,0.5,0.5,0.9000000000000027,9.999999999999986,1.4285714285714266,0
Erode,2024-09-05,0.3,0.3,1.1000000000000028,4.499999999999986,0.6428571428571408,0
Erode,2024-09-06,0.6,0.6,1.4000000000000026,3.3999999999999853,0.4857142857142836,0
Erode,2024-09-07,0.4,0.4,1.3000000000000025,2.7999999999999856,0.3999999999999979,0
Erode,2024-09-08,0.4,0.4,1.4000000000000026,2.599999999999986,0.3714285714285694,0
Erode,2024-09-09,0.5,0.5,1.3000000000000027,2.999999999999986,0.4285714285714265,0
Erode,2024-09-10,0.0,0.0,0.9000000000000027,2.699999999999986,0.3857142857142837,0
Erode,2024-09-11,1.4,1.4,1.9000000000000024,3.599999999999986,0.5142857142857122,0
Erode,2024-09-12,0.4,0.4,1.8000000000000025,3.6999999999999855,0.5285714285714265,0
Erode,2024-09-13,0.7,0.7,2.5000000000000027,3.7999999999999856,0.5428571428571408,0
Erode,2024-09-14,0.5,0.5,1.6000000000000028,3.8999999999999857,0.557142857142855,0
Erode,2024-09-15,4.0,4.0,5.200000000000003,7.499999999999986,1.0714285714285694,0
Erode,2024-09-16,0.1,0.1,4.600000000000002,7.099999999999985,1.0142857142857122,0
Erode,2024-09-17,0.3,0.3,4.400000000000003,7.399999999999986,1.0571428571428552,0
Erode,2024-09-18,0.0,0.0,0.4000000000000027,5.999999999999986,0.8571428571428551,0
Erode,2024-09-19,0.0,0.0,0.3000000000000027,5.599999999999986,0.799999999999998,0
Erode,2024-09-20,1.5,1.5,1.5000000000000029,6.399999999999986,0.9142857142857124,0
Erode,2024-09-21,2.0,2.0,3.5000000000000027,7.899999999999986,1.1285714285714266,0
Erode,2024-09-22,0.0,0.0,3.5000000000000027,3.8999999999999857,0.557142857142855,0
Erode,2024-09-23,2.4,2.4,4.400000000000002,6.199999999999985,0.8857142857142836,0
Erode,2024-09-24,3.5,3.5,5.900000000000002,9.399999999999986,1.342857142857141,0
Erode,2024-09-25,0.9,0.9,6.8000000000000025,10.299999999999986,1.4714285714285695,0
Erode,2024-09-26,0.7,0.7,5.100000000000002,10.999999999999986,1.5714285714285694,0
Erode,2024-09-27,1.4,1.4,3.0000000000000027,10.899999999999986,1.5571428571428552,0
Erode,2024-09-28,15.5,15.5,17.6,24.399999999999984,3.4857142857142835,0
Erode,2024-09-29,14.6,14.6,31.500000000000004,38.99999999999999,5.571428571428569,0
Erode,2024-09-30,1.1,1.1,31.200000000000003,37.69999999999999,5.385714285714284,0
Erode,2024-10-01,0.0,0.0,15.700000000000005,34.19999999999999,4.885714285714284,0
Erode,2024-10-02,1.6,1.6,2.700000000000004,34.89999999999999,4.985714285714285,0
Erode,2024-10-03,0.4,0.4,2.000000000000004,34.59999999999999,4.942857142857141,0
Erode,2024-10-04,29.9,29.9,31.9,63.09999999999999,9.014285714285712,1
Erode,2024-10-05,11.4,11.4,41.7,58.99999999999999,8.428571428571427,1
Erode,2024-10-06,0.2,0.2,41.5,44.59999999999999,6.371428571428569,0
Erode,2024-10-07,22.9,22.9,34.5,66.39999999999998,9.485714285714282,1
Erode,2024-10-08,11.1,11.1,34.2,77.49999999999999,11.07142857142857,1
Erode,2024-10-09,16.1,16.1,50.1,92.0,13.142857142857142,1
Erode,2024-10-10,10.7,10.7,37.900000000000006,102.29999999999998,14.614285714285712,2
Erode,2024-10-11,11.3,11.3,38.1,83.69999999999999,11.957142857142856,1
Erode,2024-10-12,13.8,13.8,35.8,86.1,12.3,1
Erode,2024-10-13,22.0,22.0,47.1,107.9,15.414285714285713,2
Erode,2024-10-14,17.5,17.5,53.3,102.5,14.642857142857142,2
Erode,2024-10-15,14.1,14.1,53.6,105.5,15.07142857142857,2
Erode,2024-10-16,1.8,1.8,33.4,91.19999999999996,13.028571428571423,1
Erode,2024-10-17,4.2,4.2,20.1,84.69999999999999,12.099999999999998,1
Erode,2024-10-18,22.2,22.2,28.2,95.59999999999998,13.657142857142857,1
Erode,2024-10-19,1.3,1.3,27.7,83.09999999999998,11.871428571428568,1
Erode,2024-10-20,7.4,7.4,30.899999999999995,68.49999999999999,9.785714285714285,1
Erode,2024-10-21,10.6,10.6,19.3,61.59999999999998,8.799999999999997,1
Erode,2024-10-22,30.6,30.6,48.6,78.1,11.157142857142857,1
Erode,2024-10-23,0.8,0.8,42.0,77.1,11.014285714285714,1
Erode,2024-10-24,1.7,1.7,33.099999999999994,74.6,10.657142857142857,1
Erode,2024-10-25,13.2,13.2,15.699999999999996,65.6,9.37142857142857,1
Erode,2024-10-26,0.2,0.2,15.099999999999994,64.49999999999999,9.214285714285712,1
Erode,2024-10-27,0.0,0.0,13.399999999999997,57.09999999999999,8.157142857142855,1
Erode,2024-10-28,0.1,0.1,0.2999999999999965,46.59999999999998,6.657142857142854,0
Erode,2024-10-29,0.0,0.0,0.0999999999999964,15.999999999999986,2.285714285714284,0
Erode,2024-10-30,0.0,0.0,0.0999999999999964,15.199999999999983,2.171428571428569,0
Erode,2024-10-31,5.6,5.6,5.599999999999996,19.099999999999984,2.7285714285714264,0
Erode,2024-11-01,26.9,26.9,32.49999999999999,32.79999999999998,4.685714285714283,0
Erode,2024-11-02,16.1,16.1,48.6,48.69999999999998,6.957142857142855,0
Erode,2024-11-03,8.3,8.3,51.3,56.99999999999999,8.14285714285714,1
Erode,2024-11-04,2.7,2.7,27.099999999999994,59.59999999999999,8.514285714285712,1
Erode,2024-11-05,0.4,0.4,11.399999999999991,59.99999999999999,8.57142857142857,1
Erode,2024-11-06,0.0,0.0,3.099999999999993,59.99999999999999,8.57142857142857,1
Erode,2024-11-07,1.0,1.0,1.3999999999999928,55.399999999999984,7.914285714285712,1
Erode,2024-11-08,0.4,0.4,1.3999999999999928,28.899999999999988,4.128571428571427,0
Erode,2024-11-09,0.1,0.1,1.499999999999993,12.899999999999986,1.842857142857141,0
Erode,2024-11-10,0.0,0.0,0.4999999999999928,4.599999999999986,0.6571428571428551,0
Erode,2024-11-11,0.0,0.0,0.0999999999999927,1.8999999999999857,0.2714285714285694,0
Erode,2024-11-12,0.2,0.2,0.1999999999999928,1.6999999999999855,0.2428571428571408,0
Erode,2024-11-13,1.8,1.8,1.999999999999993,3.499999999999986,0.4999999999999979,0
Erode,2024-11-14,16.9,16.9,18.89999999999999,19.399999999999984,2.771428571428569,0
Erode,2024-11-15,9.4,9.4,28.099999999999994,28.399999999999984,4.057142857142855,0
Erode,2024-11-16,17.7,17.7,43.99999999999999,45.99999999999999,6.571428571428569,0
Erode,2024-11-17,7.0,7.0,34.099999999999994,52.99999999999999,7.571428571428569,1
Erode,2024-11-18,0.6,0.6,25.299999999999997,53.59999999999999,7.657142857142856,1
Erode,2024-11-19,0.1,0.1,7.699999999999989,53.49999999999999,7.642857142857141,1
Erode,2024-11-20,0.0,0.0,0.6999999999999893,51.69999999999999,7.385714285714284,1
Erode,2024-11-21,0.0,0.0,0.0999999999999893,34.79999999999999,4.97142857142857,0
Erode,2024-11-22,0.0,0.0,0.0,25.399999999999988,3.628571428571427,0
Erode,2024-11-23,0.0,0.0,0.0,7.699999999999986,1.099999999999998,0
Erode,2024-11-24,0.1,0.1,0.0999999999999893,0.7999999999999858,0.1142857142857122,0
Erode,2024-11-25,0.0,0.0,0.0999999999999893,0.1999999999999858,0.0285714285714265,0
Erode,2024-11-26,17.6,17.6,17.699999999999992,17.69999999999999,2.528571428571427,0
Erode,2024-11-27,0.8,0.8,18.39999999999999,18.49999999999999,2.642857142857141,0
Erode,2024-11-28,0.0,0.0,18.39999999999999,18.49999999999999,2.642857142857141,0
Erode,2024-11-29,16.7,16.7,17.49999999999999,35.19999999999999,5.028571428571427,0
Erode,2024-11-30,0.7,0.7,17.399999999999988,35.89999999999999,5.128571428571427,0
Erode,2024-12-01,38.3,38.3,55.69999999999999,74.1,10.585714285714284,1
Erode,2024-12-02,46.6,46.6,85.6,120.7,17.24285714285714,2
Erode,2024-12-03,7.8,7.8,92.7,110.9,15.842857142857142,2
Erode,2024-12-04,1.8,1.8,56.2,111.89999999999998,15.985714285714282,2
Erode,2024-12-05,0.5,0.5,10.099999999999993,112.39999999999998,16.057142857142853,2
Erode,2024-12-06,0.0,0.0,2.2999999999999927,95.7,13.671428571428567,1
Erode,2024-12-07,1.0,1.0,1.499999999999993,96.0,13.714285714285712,1
Erode,2024-12-08,1.0,1.0,1.999999999999993,58.69999999999999,8.385714285714284,1
Erode,2024-12-09,0.0,0.0,1.999999999999993,12.099999999999984,1.7285714285714264,0
Erode,2024-12-10,0.3,0.3,1.299999999999993,4.599999999999985,0.657142857142855,0
Erode,2024-12-11,1.0,1.0,1.299999999999993,3.799999999999986,0.5428571428571408,0
Erode,2024-12-12,19.5,19.5,20.799999999999997,22.799999999999983,3.257142857142856,0
Erode,2024-12-13,10.2,10.2,30.699999999999992,32.999999999999986,4.714285714285713,0
Erode,2024-12-14,1.1,1.1,30.799999999999997,33.09999999999999,4.728571428571427,0
Erode,2024-12-15,0.0,0.0,11.299999999999992,32.09999999999999,4.585714285714284,0
Erode,2024-12-16,0.0,0.0,1.099999999999993,32.09999999999999,4.585714285714284,0
Erode,2024-12-17,0.0,0.0,0.0,31.799999999999983,4.542857142857141,0
Erode,2024-12-18,0.2,0.2,0.1999999999999929,30.999999999999982,4.428571428571426,0
Erode,2024-12-19,0.3,0.3,0.4999999999999929,11.799999999999985,1.6857142857142835,0
Erode,2024-12-20,0.5,0.5,0.9999999999999928,2.099999999999986,0.299999999999998,0
Erode,2024-12-21,0.0,0.0,0.7999999999999929,0.9999999999999858,0.1428571428571408,0
Erode,2024-12-22,0.9,0.9,1.3999999999999928,1.8999999999999857,0.2714285714285694,0
Erode,2024-12-23,3.5,3.5,4.399999999999993,5.399999999999986,0.7714285714285695,0
Erode,2024-12-24,0.4,0.4,4.799999999999993,5.799999999999986,0.8285714285714265,0
Erode,2024-12-25,0.7,0.7,4.5999999999999925,6.299999999999986,0.8999999999999979,0
Erode,2024-12-26,7.3,7.3,8.399999999999991,13.299999999999986,1.899999999999998,0
Erode,2024-12-27,11.4,11.4,19.39999999999999,24.199999999999985,3.457142857142855,0
Erode,2024-12-28,0.1,0.1,18.799999999999997,24.299999999999983,3.4714285714285693,0
Erode,2024-12-29,0.0,0.0,11.499999999999991,23.399999999999988,3.342857142857141,0
Erode,2024-12-30,2.5,2.5,2.5999999999999948,22.399999999999988,3.1999999999999984,0
Erode,2024-12-31,0.0,0.0,2.4999999999999947,21.999999999999982,3.142857142857141,0
Erode,2025-01-01,0.0,0.0,2.4999999999999947,21.299999999999983,3.042857142857141,0
Erode,2025-01-02,0.2,0.2,0.1999999999999946,14.199999999999983,2.0285714285714262,0
Erode,2025-01-03,0.0,0.0,0.1999999999999946,2.799999999999986,0.399999999999998,0
Erode,2025-01-04,0.0,0.0,0.1999999999999946,2.699999999999986,0.3857142857142837,0
Erode,2025-01-05,0.0,0.0,0.0,2.699999999999986,0.3857142857142837,0
Erode,2025-01-06,0.1,0.1,0.0999999999999946,0.2999999999999858,0.0428571428571408,0
Erode,2025-01-07,0.0,0.0,0.0999999999999946,0.2999999999999858,0.0428571428571408,0
Erode,2025-01-08,0.3,0.3,0.3999999999999947,0.5999999999999858,0.0857142857142836,0
Erode,2025-01-09,0.0,0.0,0.2999999999999946,0.3999999999999857,0.0571428571428551,0
Erode,2025-01-10,0.1,0.1,0.3999999999999946,0.4999999999999858,0.0714285714285694,0
Erode,2025-01-11,0.2,0.2,0.2999999999999947,0.6999999999999857,0.0999999999999979,0
Erode,2025-01-12,0.0,0.0,0.2999999999999947,0.6999999999999857,0.0999999999999979,0
Erode,2025-01-13,3.8,3.8,3.9999999999999942,4.399999999999985,0.6285714285714264,0
Erode,2025-01-14,0.6,0.6,4.399999999999994,4.999999999999986,0.7142857142857123,0
Erode,2025-01-15,0.0,0.0,4.399999999999994,4.699999999999986,0.6714285714285694,0
Erode,2025-01-16,0.0,0.0,0.5999999999999946,4.699999999999986,0.6714285714285694,0
Erode,2025-01-17,0.0,0.0,0.0,4.599999999999985,0.657142857142855,0
Erode,2025-01-18,0.1,0.1,0.0999999999999946,4.499999999999986,0.6428571428571408,0
Erode,2025-01-19,10.4,10.4,10.499999999999996,14.899999999999986,2.128571428571427,0
Erode,2025-01-20,0.0,0.0,10.499999999999996,11.099999999999984,1.5857142857142836,0
Erode,2025-01-21,0.0,0.0,10.399999999999997,10.499999999999986,1.499999999999998,0
Erode,2025-01-22,0.1,0.1,0.0999999999999946,10.599999999999984,1.5142857142857122,0
Erode,2025-01-23,0.2,0.2,0.2999999999999947,10.799999999999986,1.542857142857141,0
Erode,2025-01-24,0.1,0.1,0.3999999999999947,10.899999999999986,1.5571428571428552,0
Erode,2025-01-25,0.0,0.0,0.2999999999999947,10.799999999999986,1.542857142857141,0
Erode,2025-01-26,0.0,0.0,0.0999999999999946,0.3999999999999858,0.0571428571428551,0
Erode,2025-01-27,0.0,0.0,0.0,0.3999999999999858,0.0571428571428551,0
Erode,2025-01-28,0.0,0.0,0.0,0.3999999999999858,0.0571428571428551,0
Erode,2025-01-29,0.0,0.0,0.0,0.2999999999999858,0.0428571428571408,0
Erode,2025-01-30,0.6,0.6,0.5999999999999946,0.6999999999999857,0.0999999999999979,0
Erode,2025-01-31,0.4,0.4,0.9999999999999948,0.9999999999999858,0.1428571428571408,0
Erode,2025-02-01,0.4,0.4,1.3999999999999946,1.3999999999999857,0.1999999999999979,0
Erode,2025-02-02,0.5,0.5,1.2999999999999947,1.8999999999999857,0.2714285714285694,0
Erode,2025-02-03,0.1,0.1,0.9999999999999948,1.9999999999999856,0.2857142857142837,0
Erode,2025-02-04,0.0,0.0,0.5999999999999946,1.9999999999999856,0.2857142857142837,0
Erode,2025-02-05,0.0,0.0,0.0999999999999946,1.9999999999999856,0.2857142857142837,0
Erode,2025-02-06,0.0,0.0,0.0,1.3999999999999857,0.1999999999999979,0
Erode,2025-02-07,0.0,0.0,0.0,0.9999999999999858,0.1428571428571408,0
Erode,2025-02-08,0.0,0.0,0.0,0.5999999999999858,0.0857142857142836,0
Erode,2025-02-09,0.0,0.0,0.0,0.0999999999999858,0.0142857142857122,0
Erode,2025-02-10,0.0,0.0,0.0,0.0,0.0,0
Erode,2025-02-11,0.0,0.0,0.0,0.0,0.0,0
Erode,2025-02-12,0.0,0.0,0.0,0.0,0.0,0
Erode,2025-02-13,0.0,0.0,0.0,0.0,0.0,0
Erode,2025-02-14,0.0,0.0,0.0,0.0,0.0,0
Erode,2025-02-15,0.0,0.0,0.0,0.0,0.0,0
Erode,2025-02-16,0.0,0.0,0.0,0.0,0.0,0
Erode,2025-02-17,0.0,0.0,0.0,0.0,0.0,0
Erode,2025-02-18,0.0,0.0,0.0,0.0,0.0,0
Erode,2025-02-19,0.0,0.0,0.0,0.0,0.0,0
Erode,2025-02-20,0.0,0.0,0.0,0.0,0.0,0
Erode,2025-02-21,0.0,0.0,0.0,0.0,0.0,0
Erode,2025-02-22,0.0,0.0,0.0,0.0,0.0,0
Erode,2025-02-23,0.0,0.0,0.0,0.0,0.0,0
Erode,2025-02-24,0.0,0.0,0.0,0.0,0.0,0
Erode,2025-02-25,0.0,0.0,0.0,0.0,0.0,0
Erode,2025-02-26,0.0,0.0,0.0,0.0,0.0,0
Erode,2025-02-27,0.0,0.0,0.0,0.0,0.0,0
Erode,2025-02-28,1.0,1.0,0.9999999999999948,0.9999999999999858,0.1428571428571408,0
Erode,2025-03-01,0.6,0.6,1.5999999999999948,1.599999999999986,0.2285714285714265,0
Erode,2025-03-02,0.4,0.4,1.999999999999995,1.9999999999999856,0.2857142857142837,0
Erode,2025-03-03,0.4,0.4,1.3999999999999946,2.3999999999999857,0.3428571428571408,0
Erode,2025-03-04,0.0,0.0,0.7999999999999947,2.3999999999999857,0.3428571428571408,0
Erode,2025-03-05,0.0,0.0,0.3999999999999947,2.3999999999999857,0.3428571428571408,0
Erode,2025-03-06,0.0,0.0,0.0,2.3999999999999857,0.3428571428571408,0
Erode,2025-03-07,0.0,0.0,0.0,1.3999999999999857,0.1999999999999979,0
Erode,2025-03-08,0.0,0.0,0.0,0.7999999999999858,0.1142857142857122,0
Erode,2025-03-09,0.0,0.0,0.0,0.3999999999999858,0.0571428571428551,0
Erode,2025-03-10,0.0,0.0,0.0,0.0,0.0,0
Erode,2025-03-11,19.7,19.7,19.7,19.699999999999985,2.8142857142857123,0
Erode,2025-03-12,11.7,11.7,31.39999999999999,31.399999999999984,4.485714285714283,0
Erode,2025-03-13,0.0,0.0,31.39999999999999,31.399999999999984,4.485714285714283,0
Erode,2025-03-14,0.0,0.0,11.699999999999992,31.399999999999984,4.485714285714283,0
Erode,2025-03-15,0.2,0.2,0.1999999999999929,31.599999999999984,4.514285714285712,0
Erode,2025-03-16,0.5,0.5,0.6999999999999929,32.09999999999999,4.585714285714284,0
Erode,2025-03-17,1.5,1.5,2.199999999999993,33.59999999999999,4.799999999999998,0
Erode,2025-03-18,0.1,0.1,2.099999999999993,13.999999999999986,1.999999999999998,0
Erode,2025-03-19,0.0,0.0,1.599999999999993,2.2999999999999856,0.3285714285714265,0
Erode,2025-03-20,0.6,0.6,0.6999999999999929,2.8999999999999857,0.4142857142857122,0
Erode,2025-03-21,2.8,2.8,3.399999999999993,5.699999999999985,0.8142857142857122,0
Erode,2025-03-22,28.3,28.3,31.699999999999992,33.79999999999998,4.8285714285714265,0
Erode,2025-03-23,2.9,2.9,33.99999999999999,36.19999999999999,5.17142857142857,0
Erode,2025-03-24,3.0,3.0,34.2,37.69999999999999,5.385714285714284,0
Erode,2025-03-25,0.1,0.1,5.999999999999993,37.69999999999998,5.385714285714284,0
Erode,2025-03-26,0.0,0.0,3.099999999999993,37.69999999999998,5.385714285714284,0
Erode,2025-03-27,0.0,0.0,0.0999999999999929,37.09999999999998,5.299999999999997,0
Erode,2025-03-28,0.0,0.0,0.0,34.29999999999998,4.899999999999998,0
Erode,2025-03-29,0.0,0.0,0.0,5.999999999999986,0.8571428571428551,0
Erode,2025-03-30,0.0,0.0,0.0,3.099999999999986,0.4428571428571408,0
Erode,2025-03-31,0.0,0.0,0.0,0.0999999999999858,0.0142857142857122,0
Erode,2025-04-01,0.0,0.0,0.0,0.0,0.0,0
Erode,2025-04-02,14.8,14.8,14.799999999999994,14.799999999999986,2.1142857142857125,0
Erode,2025-04-03,3.5,3.5,18.299999999999997,18.299999999999983,2.6142857142857125,0
Erode,2025-04-04,20.0,20.0,38.3,38.29999999999998,5.471428571428569,0
Erode,2025-04-05,6.0,6.0,29.499999999999996,44.29999999999998,6.3285714285714265,0
Erode,2025-04-06,12.7,12.7,38.69999999999999,56.99999999999999,8.14285714285714,1
Erode,2025-04-07,0.0,0.0,18.699999999999992,56.99999999999999,8.14285714285714,1
Erode,2025-04-08,0.0,0.0,12.699999999999992,56.99999999999999,8.14285714285714,1
Erode,2025-04-09,0.0,0.0,0.0,42.19999999999999,6.028571428571427,0
Erode,2025-04-10,0.0,0.0,0.0,38.69999999999999,5.528571428571427,0
Erode,2025-04-11,0.0,0.0,0.0,18.699999999999985,2.671428571428569,0
Erode,2025-04-12,0.1,0.1,0.0999999999999929,12.799999999999985,1.8285714285714263,0
Erode,2025-04-13,0.0,0.0,0.0999999999999929,0.0999999999999858,0.0142857142857122,0
Erode,2025-04-14,0.0,0.0,0.0999999999999929,0.0999999999999858,0.0142857142857122,0
Erode,2025-04-15,0.0,0.0,0.0,0.0999999999999858,0.0142857142857122,0
Erode,2025-04-16,1.4,1.4,1.3999999999999928,1.4999999999999858,0.2142857142857122,0
Erode,2025-04-17,0.0,0.0,1.3999999999999928,1.4999999999999858,0.2142857142857122,0
Erode,2025-04-18,0.0,0.0,1.3999999999999928,1.4999999999999858,0.2142857142857122,0
Erode,2025-04-19,0.6,0.6,0.5999999999999929,1.9999999999999856,0.2857142857142837,0
Erode,2025-04-20,0.0,0.0,0.5999999999999929,1.9999999999999856,0.2857142857142837,0
Erode,2025-04-21,0.0,0.0,0.5999999999999929,1.9999999999999856,0.2857142857142837,0
Erode,2025-04-22,0.0,0.0,0.0,1.9999999999999856,0.2857142857142837,0
Erode,2025-04-23,0.0,0.0,0.0,0.5999999999999858,0.0857142857142836,0
Erode,2025-04-24,0.0,0.0,0.0,0.5999999999999858,0.0857142857142836,0
Erode,2025-04-25,0.1,0.1,0.0999999999999929,0.6999999999999857,0.0999999999999979,0
Erode,2025-04-26,0.1,0.1,0.1999999999999929,0.1999999999999858,0.0285714285714265,0
Erode,2025-04-27,0.0,0.0,0.1999999999999929,0.1999999999999858,0.0285714285714265,0
Erode,2025-04-28,0.3,0.3,0.3999999999999929,0.4999999999999858,0.0714285714285694,0
Erode,2025-04-29,0.2,0.2,0.4999999999999929,0.6999999999999857,0.0999999999999979,0
Erode,2025-04-30,0.2,0.2,0.6999999999999929,0.8999999999999858,0.1285714285714265,0
Erode,2025-05-01,0.6,0.6,0.9999999999999928,1.4999999999999858,0.2142857142857122,0
Erode,2025-05-02,0.1,0.1,0.8999999999999929,1.4999999999999858,0.2142857142857122,0
Erode,2025-05-03,0.0,0.0,0.6999999999999929,1.399999999999986,0.1999999999999979,0
Erode,2025-05-04,0.0,0.0,0.0999999999999929,1.399999999999986,0.1999999999999979,0
Erode,2025-05-05,0.0,0.0,0.0,1.099999999999986,0.1571428571428551,0
Erode,2025-05-06,0.8,0.8,0.7999999999999929,1.699999999999986,0.2428571428571408,0
Erode,2025-05-07,0.0,0.0,0.7999999999999929,1.4999999999999858,0.2142857142857122,0
Erode,2025-05-08,0.0,0.0,0.7999999999999929,0.8999999999999858,0.1285714285714265,0
Erode,2025-05-09,0.0,0.0,0.0,0.7999999999999858,0.1142857142857122,0
Erode,2025-05-10,0.0,0.0,0.0,0.7999999999999858,0.1142857142857122,0
Erode,2025-05-11,0.1,0.1,0.0999999999999929,0.8999999999999858,0.1285714285714265,0
Erode,2025-05-12,1.0,1.0,1.099999999999993,1.8999999999999857,0.2714285714285694,0
Erode,2025-05-13,1.1,1.1,2.199999999999993,2.199999999999986,0.3142857142857123,0
Erode,2025-05-14,0.7,0.7,2.7999999999999927,2.8999999999999857,0.4142857142857122,0
Erode,2025-05-15,0.3,0.3,2.099999999999993,3.199999999999985,0.4571428571428551,0
Erode,2025-05-16,0.9,0.9,1.8999999999999928,4.099999999999985,0.5857142857142836,0
Erode,2025-05-17,23.4,23.4,24.59999999999999,27.499999999999982,3.9285714285714266,0
Erode,2025-05-18,28.9,28.9,53.19999999999999,56.29999999999998,8.042857142857141,1
Erode,2025-05-19,5.6,5.6,57.89999999999999,60.899999999999984,8.699999999999998,1
Erode,2025-05-20,4.7,4.7,39.19999999999999,64.49999999999999,9.214285714285712,1
Erode,2025-05-21,0.0,0.0,10.299999999999994,63.79999999999998,9.114285714285712,1
Erode,2025-05-22,0.0,0.0,4.699999999999993,63.49999999999998,9.071428571428568,1
Erode,2025-05-23,0.8,0.8,0.7999999999999929,63.399999999999984,9.057142857142855,1
Erode,2025-05-24,9.4,9.4,10.199999999999994,49.399999999999984,7.057142857142855,0
Erode,2025-05-25,11.6,11.6,21.799999999999997,32.09999999999999,4.585714285714284,0
Erode,2025-05-26,7.9,7.9,28.89999999999999,34.399999999999984,4.914285714285712,0
Erode,2025-05-27,0.5,0.5,19.999999999999996,30.199999999999985,4.314285714285712,0
Erode,2025-05-28,3.1,3.1,11.499999999999991,33.29999999999998,4.757142857142855,0
Erode,2025-05-29,2.9,2.9,6.499999999999993,36.19999999999999,5.17142857142857,0
Erode,2025-05-30,11.3,11.3,17.299999999999994,46.69999999999999,6.67142857142857,0
Erode,2025-05-31,0.0,0.0,14.199999999999994,37.29999999999998,5.3285714285714265,0
Erode,2025-06-01,0.1,0.1,11.399999999999991,25.79999999999999,3.685714285714284,0
Erode,2025-06-02,0.1,0.1,0.1999999999999929,17.999999999999986,2.5714285714285694,0
Erode,2025-06-03,0.8,0.8,0.9999999999999928,18.299999999999983,2.6142857142857125,0
Erode,2025-06-04,2.1,2.1,2.999999999999993,17.299999999999986,2.4714285714285693,0
Erode,2025-06-05,0.7,0.7,3.5999999999999925,15.099999999999987,2.1571428571428557,0
Erode,2025-06-06,0.2,0.2,2.999999999999993,3.999999999999986,0.5714285714285694,0
Erode,2025-06-07,0.5,0.5,1.3999999999999924,4.499999999999986,0.6428571428571408,0
Erode,2025-06-08,0.1,0.1,0.7999999999999924,4.499999999999986,0.6428571428571408,0
Erode,2025-06-09,3.6,3.6,4.199999999999992,7.999999999999986,1.1428571428571408,0
Erode,2025-06-10,4.8,4.8,8.499999999999993,11.999999999999986,1.7142857142857122,0
Erode,2025-06-11,1.6,1.6,9.999999999999991,11.499999999999986,1.6428571428571408,0
Erode,2025-06-12,0.4,0.4,6.799999999999993,11.199999999999983,1.599999999999998,0
Erode,2025-06-13,1.3,1.3,3.299999999999993,12.299999999999986,1.7571428571428551,0
Erode,2025-06-14,2.7,2.7,4.399999999999993,14.499999999999986,2.0714285714285694,0
Erode,2025-06-15,0.3,0.3,4.299999999999994,14.699999999999989,2.0999999999999983,0
Erode,2025-06-16,4.0,4.0,6.999999999999993,15.099999999999987,2.1571428571428557,0
Erode,2025-06-17,0.4,0.4,4.699999999999993,10.699999999999989,1.5285714285714267,0
Erode,2025-06-18,0.2,0.2,4.5999999999999925,9.299999999999986,1.3285714285714267,0
Erode,2025-06-19,0.5,0.5,1.099999999999993,9.399999999999986,1.342857142857141,0
Erode,2025-06-20,1.4,1.4,2.099999999999993,9.499999999999986,1.3571428571428552,0
Erode,2025-06-21,0.5,0.5,2.399999999999993,7.299999999999986,1.042857142857141,0
Erode,2025-06-22,0.6,0.6,2.499999999999993,7.599999999999985,1.0857142857142836,0
Erode,2025-06-23,0.0,0.0,1.099999999999993,3.599999999999986,0.5142857142857122,0
Erode,2025-06-24,0.6,0.6,1.199999999999993,3.7999999999999856,0.5428571428571408,0
Erode,2025-06-25,7.7,7.7,8.299999999999994,11.299999999999986,1.6142857142857123,0
Erode,2025-06-26,0.5,0.5,8.799999999999994,11.299999999999986,1.6142857142857123,0
Erode,2025-06-27,0.0,0.0,8.199999999999994,9.899999999999984,1.414285714285712,0
Erode,2025-06-28,1.3,1.3,1.7999999999999938,10.699999999999983,1.5285714285714265,0
Erode,2025-06-29,0.0,0.0,1.2999999999999938,10.099999999999984,1.4428571428571408,0
Erode,2025-06-30,0.0,0.0,1.2999999999999938,10.099999999999984,1.4428571428571408,0
Erode,2025-07-01,0.0,0.0,0.0,9.499999999999986,1.3571428571428552,0
Erode,2025-07-02,9.4,9.4,9.399999999999997,11.199999999999983,1.599999999999998,0
Erode,2025-07-03,0.0,0.0,9.399999999999991,10.699999999999989,1.5285714285714267,0
Erode,2025-07-04,0.1,0.1,9.499999999999991,10.799999999999986,1.542857142857141,0
Erode,2025-07-05,0.0,0.0,0.0999999999999929,9.499999999999986,1.3571428571428552,0
Erode,2025-07-06,0.3,0.3,0.3999999999999929,9.799999999999986,1.399999999999998,0
Erode,2025-07-07,0.7,0.7,0.9999999999999928,10.499999999999986,1.499999999999998,0
Erode,2025-07-08,1.2,1.2,2.199999999999993,11.699999999999983,1.6714285714285693,0
Erode,2025-07-09,0.0,0.0,1.8999999999999928,2.2999999999999856,0.3285714285714265,0
Erode,2025-07-10,3.6,3.6,4.799999999999993,5.899999999999986,0.8428571428571409,0
Erode,2025-07-11,8.4,8.4,11.999999999999991,14.199999999999989,2.0285714285714267,0
Erode,2025-07-12,0.0,0.0,11.999999999999991,14.199999999999989,2.0285714285714267,0
Erode,2025-07-13,0.8,0.8,9.199999999999994,14.699999999999989,2.0999999999999983,0
Erode,2025-07-14,0.2,0.2,0.9999999999999928,14.199999999999989,2.0285714285714267,0
Erode,2025-07-15,1.7,1.7,2.699999999999993,14.699999999999983,2.099999999999998,0
Erode,2025-07-16,9.6,9.6,11.499999999999991,24.299999999999983,3.471428571428569,0
Erode,2025-07-17,4.1,4.1,15.399999999999991,24.799999999999983,3.542857142857141,0
Erode,2025-07-18,3.5,3.5,17.199999999999992,19.899999999999984,2.8428571428571408,0
Erode,2025-07-19,6.3,6.3,13.899999999999991,26.199999999999985,3.7428571428571407,0
Erode,2025-07-20,1.3,1.3,11.099999999999993,26.699999999999985,3.814285714285712,0
Erode,2025-07-21,3.6,3.6,11.199999999999992,30.099999999999984,4.299999999999998,0
Erode,2025-07-22,0.1,0.1,4.999999999999993,28.499999999999982,4.071428571428569,0
Erode,2025-07-23,1.3,1.3,4.999999999999994,20.199999999999985,2.8857142857142835,0
Erode,2025-07-24,2.0,2.0,3.399999999999993,18.099999999999987,2.585714285714284,0
Erode,2025-07-25,0.1,0.1,3.399999999999993,14.699999999999989,2.0999999999999983,0
Erode,2025-07-26,1.5,1.5,3.5999999999999925,9.899999999999988,1.4142857142857126,0
Erode,2025-07-27,0.6,0.6,2.199999999999993,9.199999999999989,1.3142857142857125,0
Erode,2025-07-28,0.5,0.5,2.599999999999993,6.099999999999986,0.8714285714285694,0
Erode,2025-07-29,0.0,0.0,1.099999999999993,5.999999999999987,0.8571428571428552,0
Erode,2025-07-30,0.5,0.5,0.9999999999999928,5.199999999999986,0.7428571428571409,0
Erode,2025-07-31,6.4,6.4,6.899999999999993,9.599999999999987,1.3714285714285697,0
Erode,2025-08-01,0.7,0.7,7.599999999999993,10.199999999999989,1.4571428571428553,0
Erode,2025-08-02,8.9,8.9,15.999999999999991,17.599999999999987,2.5142857142857125,0
Erode,2025-08-03,5.4,5.4,14.999999999999996,22.399999999999984,3.199999999999998,0
Erode,2025-08-04,2.5,2.5,16.799999999999997,24.399999999999984,3.4857142857142835,0
Erode,2025-08-05,1.5,1.5,9.399999999999997,25.899999999999984,3.699999999999998,0
Erode,2025-08-06,0.4,0.4,4.399999999999995,25.799999999999983,3.685714285714284,0
Erode,2025-08-07,0.4,0.4,2.2999999999999945,19.799999999999983,2.8285714285714265,0
Erode,2025-08-08,1.4,1.4,2.199999999999995,20.49999999999999,2.928571428571427,0
Erode,2025-08-09,3.3,3.3,5.099999999999994,14.899999999999986,2.128571428571427,0
Erode,2025-08-10,2.5,2.5,7.199999999999994,11.999999999999986,1.7142857142857122,0
Erode,2025-08-11,4.4,4.4,10.199999999999996,13.899999999999986,1.985714285714284,0
Erode,2025-08-12,6.7,6.7,13.599999999999994,19.099999999999987,2.728571428571427,0
Erode,2025-08-13,0.1,0.1,11.199999999999996,18.799999999999983,2.685714285714284,0
Erode,2025-08-14,1.4,1.4,8.199999999999996,19.799999999999983,2.8285714285714265,0
Erode,2025-08-15,2.0,2.0,3.4999999999999947,20.399999999999988,2.9142857142857124,0
Erode,2025-08-16,1.4,1.4,4.7999999999999945,18.499999999999982,2.642857142857141,0
Erode,2025-08-17,6.7,6.7,10.099999999999994,22.69999999999999,3.242857142857141,0
Erode,2025-08-18,0.1,0.1,8.199999999999996,18.399999999999988,2.628571428571427,0
Erode,2025-08-19,0.1,0.1,6.899999999999995,11.799999999999985,1.6857142857142835,0
Erode,2025-08-20,0.2,0.2,0.3999999999999956,11.899999999999986,1.699999999999998,0
Erode,2025-08-21,0.3,0.3,0.5999999999999956,10.799999999999985,1.5428571428571407,0
Erode,2025-08-22,8.5,8.5,8.999999999999996,17.299999999999986,2.4714285714285693,0
Erode,2025-08-23,1.1,1.1,9.899999999999997,16.999999999999986,2.4285714285714266,0
Erode,2025-08-24,0.6,0.6,10.199999999999996,10.899999999999984,1.557142857142855,0
Erode,2025-08-25,0.0,0.0,1.6999999999999966,10.799999999999985,1.5428571428571407,0
Erode,2025-08-26,0.8,0.8,1.3999999999999964,11.499999999999986,1.6428571428571408,0
Erode,2025-08-27,7.5,7.5,8.299999999999997,18.799999999999983,2.6857142857142837,0
Erode,2025-08-28,5.4,5.4,13.699999999999996,23.899999999999984,3.414285714285712,0
Erode,2025-08-29,0.7,0.7,13.599999999999996,16.099999999999987,2.299999999999998,0
Erode,2025-08-30,0.6,0.6,6.699999999999997,15.599999999999987,2.228571428571427,0
Erode,2025-08-31,0.7,0.7,1.9999999999999964,15.699999999999989,2.242857142857141,0
Erode,2025-09-01,4.0,4.0,5.299999999999996,19.69999999999999,2.8142857142857127,0
Erode,2025-09-02,0.2,0.2,4.899999999999997,19.099999999999987,2.728571428571427,0
Erode,2025-09-03,2.5,2.5,6.699999999999997,14.099999999999987,2.0142857142857125,0
Erode,2025-09-04,0.3,0.3,2.9999999999999964,8.999999999999986,1.2857142857142836,0
Erode,2025-09-05,2.1,2.1,4.899999999999997,10.399999999999986,1.4857142857142838,0
Erode,2025-09-06,3.6,3.6,5.9999999999999964,13.399999999999984,1.914285714285712,0
Erode,2025-09-07,3.6,3.6,9.299999999999995,16.299999999999986,2.3285714285714265,0
Erode,2025-09-08,0.3,0.3,7.499999999999997,12.599999999999984,1.7999999999999978,0
Erode,2025-09-09,1.0,1.0,4.899999999999997,13.399999999999986,1.9142857142857124,0
Erode,2025-09-10,11.2,11.2,12.499999999999996,22.099999999999984,3.157142857142855,0
Erode,2025-09-11,0.6,0.6,12.799999999999995,22.399999999999984,3.199999999999998,0
Erode,2025-09-12,0.0,0.0,11.799999999999995,20.299999999999983,2.899999999999998,0
Erode,2025-09-13,0.0,0.0,0.5999999999999964,16.699999999999985,2.3857142857142835,0
Erode,2025-09-14,0.3,0.3,0.2999999999999964,13.399999999999984,1.914285714285712,0
Erode,2025-09-15,0.2,0.2,0.4999999999999964,13.299999999999985,1.899999999999998,0
Erode,2025-09-16,1.3,1.3,1.7999999999999965,13.599999999999984,1.9428571428571408,0
Erode,2025-09-17,24.9,24.9,26.399999999999995,27.299999999999983,3.8999999999999977,0
Erode,2025-09-18,10.7,10.7,36.89999999999999,37.39999999999998,5.34285714285714,0
Erode,2025-09-19,12.5,12.5,48.1,49.89999999999998,7.1285714285714255,0
Erode,2025-09-20,6.1,6.1,29.3,55.99999999999998,7.999999999999997,1
Erode,2025-09-21,10.9,10.9,29.5,66.59999999999998,9.51428571428571,1
Erode,2025-09-22,0.3,0.3,17.299999999999997,66.69999999999997,9.528571428571423,1
Erode,2025-09-23,0.5,0.5,11.699999999999998,65.89999999999998,9.414285714285713,1
Erode,2025-09-24,8.7,8.7,9.499999999999996,49.69999999999999,7.099999999999999,0
Erode,2025-09-25,1.4,1.4,10.599999999999996,40.399999999999984,5.77142857142857,0
Erode,2025-09-26,0.0,0.0,10.099999999999996,27.899999999999984,3.985714285714284,0
Erode,2025-09-27,1.5,1.5,2.8999999999999964,23.299999999999983,3.328571428571426,0
Erode,2025-09-28,0.4,0.4,1.8999999999999964,12.799999999999986,1.8285714285714267,0
Erode,2025-09-29,0.0,0.0,1.8999999999999964,12.499999999999986,1.7857142857142836,0
Erode,2025-09-30,0.0,0.0,0.3999999999999964,11.999999999999986,1.7142857142857122,0
Erode,2025-10-01,0.1,0.1,0.0999999999999964,3.3999999999999857,0.4857142857142836,0
Erode,2025-10-02,0.1,0.1,0.1999999999999964,2.099999999999986,0.299999999999998,0
Erode,2025-10-03,0.5,0.5,0.6999999999999964,2.599999999999986,0.3714285714285694,0
Erode,2025-10-04,8.8,8.8,9.399999999999997,9.899999999999986,1.4142857142857124,0
Erode,2025-10-05,1.2,1.2,10.499999999999996,10.699999999999983,1.5285714285714265,0
Erode,2025-10-06,0.1,0.1,10.099999999999998,10.799999999999986,1.542857142857141,0
Erode,2025-10-07,0.1,0.1,1.3999999999999964,10.899999999999986,1.5571428571428552,0
Erode,2025-10-08,20.9,20.9,21.099999999999994,31.699999999999985,4.528571428571427,0
Erode,2025-10-09,6.0,6.0,26.999999999999996,37.59999999999998,5.371428571428568,0
Erode,2025-10-10,0.8,0.8,27.7,37.899999999999984,5.414285714285712,0
Erode,2025-10-11,29.0,29.0,35.8,58.09999999999999,8.299999999999999,1
Erode,2025-10-12,2.0,2.0,31.8,58.899999999999984,8.414285714285713,1
Erode,2025-10-13,6.4,6.4,37.4,65.19999999999999,9.314285714285711,1
Erode,2025-10-14,39.0,39.0,47.4,104.1,14.87142857142857,2
Erode,2025-10-15,10.2,10.2,55.6,93.39999999999998,13.34285714285714,1
Erode,2025-10-16,9.8,9.8,59.0,97.2,13.885714285714284,1
Erode,2025-10-17,20.2,20.2,40.2,116.59999999999998,16.657142857142855,2
Erode,2025-10-18,24.3,24.3,54.3,111.89999999999998,15.985714285714282,2
Erode,2025-10-19,6.3,6.3,50.8,116.2,16.599999999999998,2
Erode,2025-10-20,7.7,7.7,38.3,117.49999999999996,16.78571428571428,2
Erode,2025-10-21,15.1,15.1,29.1,93.59999999999998,13.371428571428568,1
Erode,2025-10-22,20.6,20.6,43.400000000000006,104.0,14.857142857142858,2
Erode,2025-10-23,0.7,0.7,36.4,94.89999999999998,13.557142857142852,1
Erode,2025-10-24,0.1,0.1,21.40000000000001,74.8,10.685714285714283,1
Erode,2025-10-25,0.0,0.0,0.8000000000000035,50.49999999999999,7.214285714285713,1
Erode,2025-10-26,0.2,0.2,0.3000000000000036,44.39999999999999,6.342857142857142,0
Erode,2025-10-27,0.1,0.1,0.3000000000000036,36.79999999999999,5.257142857142855,0
Erode,2025-10-28,0.0,0.0,0.3000000000000036,21.69999999999999,3.0999999999999983,0
Erode,2025-10-29,0.1,0.1,0.2000000000000035,1.1999999999999855,0.1714285714285694,0
Erode,2025-10-30,0.0,0.0,0.1000000000000035,0.4999999999999858,0.0714285714285694,0
Erode,2025-10-31,0.0,0.0,0.1000000000000035,0.3999999999999858,0.0571428571428551,0
Erode,2025-11-01,0.0,0.0,0.0,0.3999999999999858,0.0571428571428551,0
Erode,2025-11-02,0.0,0.0,0.0,0.1999999999999858,0.0285714285714265,0
Erode,2025-11-03,0.0,0.0,0.0,0.0999999999999858,0.0142857142857122,0
Erode,2025-11-04,0.0,0.0,0.0,0.0999999999999858,0.0142857142857122,0
Erode,2025-11-05,7.0,7.0,7.000000000000004,6.999999999999986,0.999999999999998,0
Erode,2025-11-06,5.6,5.6,12.600000000000003,12.599999999999984,1.7999999999999978,0
Erode,2025-11-07,0.1,0.1,12.700000000000005,12.699999999999983,1.814285714285712,0
Erode,2025-11-08,3.9,3.9,9.600000000000003,16.599999999999987,2.3714285714285697,0
Erode,2025-11-09,0.0,0.0,4.000000000000004,16.599999999999987,2.3714285714285697,0
Erode,2025-11-10,0.0,0.0,3.900000000000004,16.599999999999987,2.3714285714285697,0
Erode,2025-11-11,1.9,1.9,1.9000000000000037,18.499999999999982,2.642857142857141,0
Erode,2025-11-12,10.0,10.0,11.900000000000004,21.499999999999982,3.0714285714285694,0
Erode,2025-11-13,0.9,0.9,12.800000000000004,16.799999999999986,2.399999999999998,0
Erode,2025-11-14,1.1,1.1,12.000000000000004,17.799999999999983,2.5428571428571405,0
Erode,2025-11-15,0.0,0.0,2.000000000000004,13.899999999999986,1.985714285714284,0
Erode,2025-11-16,0.8,0.8,1.900000000000004,14.699999999999989,2.0999999999999983,0
Erode,2025-11-17,2.5,2.5,3.300000000000004,17.199999999999985,2.457142857142855,0
Erode,2025-11-18,7.4,7.4,10.700000000000005,22.699999999999985,3.2428571428571407,0
Erode,2025-11-19,1.5,1.5,11.400000000000002,14.199999999999983,2.0285714285714262,0
Erode,2025-11-20,0.1,0.1,9.000000000000004,13.399999999999986,1.9142857142857124,0
Erode,2025-11-21,9.3,9.3,10.900000000000006,21.599999999999987,3.085714285714284,0
Erode,2025-11-22,17.5,17.5,26.90000000000001,39.09999999999999,5.585714285714284,0
Erode,2025-11-23,35.3,35.3,62.1,73.6,10.514285714285714,1
Erode,2025-11-24,6.2,6.2,59.00000000000001,77.29999999999998,11.04285714285714,1
Erode,2025-11-25,1.2,1.2,42.7,71.09999999999998,10.157142857142857,1
Erode,2025-11-26,0.0,0.0,7.400000000000007,69.59999999999998,9.94285714285714,1
Erode,2025-11-27,0.0,0.0,1.200000000000007,69.49999999999999,9.928571428571429,1
Erode,2025-11-28,0.0,0.0,0.0,60.19999999999998,8.599999999999998,1
Erode,2025-11-29,6.4,6.4,6.400000000000008,49.09999999999998,7.014285714285712,0
Erode,2025-11-30,3.2,3.2,9.600000000000009,16.999999999999986,2.4285714285714266,0
Erode,2025-12-01,0.3,0.3,9.900000000000007,11.099999999999987,1.585714285714284,0
Erode,2025-12-02,1.5,1.5,5.000000000000007,11.399999999999986,1.6285714285714266,0
Erode,2025-12-03,8.8,8.8,10.600000000000009,20.19999999999999,2.885714285714284,0
Erode,2025-12-04,1.5,1.5,11.800000000000008,21.69999999999999,3.0999999999999983,0
Erode,2025-12-05,9.0,9.0,19.300000000000008,30.69999999999999,4.385714285714284,0
Erode,2025-12-06,0.4,0.4,10.900000000000007,24.69999999999999,3.528571428571427,0
Erode,2025-12-07,0.7,0.7,10.100000000000009,22.199999999999985,3.171428571428569,0
Erode,2025-12-08,0.0,0.0,1.1000000000000072,21.899999999999984,3.1285714285714263,0
Erode,2025-12-09,0.0,0.0,0.7000000000000071,20.399999999999984,2.914285714285712,0
Erode,2025-12-10,0.0,0.0,0.0,11.599999999999984,1.657142857142855,0
Erode,2025-12-11,0.0,0.0,0.0,10.099999999999984,1.4428571428571408,0
Erode,2025-12-12,0.0,0.0,0.0,1.099999999999986,0.1571428571428551,0
Erode,2025-12-13,0.0,0.0,0.0,0.6999999999999857,0.0999999999999979,0
Erode,2025-12-14,0.0,0.0,0.0,0.0,0.0,0
Erode,2025-12-15,0.0,0.0,0.0,0.0,0.0,0
Erode,2025-12-16,9.0,9.0,9.000000000000007,8.999999999999986,1.2857142857142836,0
Erode,2025-12-17,0.9,0.9,9.900000000000007,9.899999999999986,1.4142857142857124,0
Erode,2025-12-18,0.0,0.0,9.900000000000007,9.899999999999986,1.4142857142857124,0
Erode,2025-12-19,0.0,0.0,0.9000000000000071,9.899999999999986,1.4142857142857124,0
Erode,2025-12-20,0.0,0.0,0.0,9.899999999999986,1.4142857142857124,0
Erode,2025-12-21,0.0,0.0,0.0,9.899999999999986,1.4142857142857124,0
Erode,2025-12-22,0.0,0.0,0.0,9.899999999999986,1.4142857142857124,0
Erode,2025-12-23,0.0,0.0,0.0,0.8999999999999858,0.1285714285714265,0
Erode,2025-12-24,0.0,0.0,0.0,0.0,0.0,0
Erode,2025-12-25,0.0,0.0,0.0,0.0,0.0,0
Erode,2025-12-26,0.0,0.0,0.0,0.0,0.0,0
Erode,2025-12-27,0.0,0.0,0.0,0.0,0.0,0
Erode,2025-12-28,0.0,0.0,0.0,0.0,0.0,0
Erode,2025-12-29,0.0,0.0,0.0,0.0,0.0,0
Erode,2025-12-30,0.0,0.0,0.0,0.0,0.0,0
Erode,2025-12-31,0.0,0.0,0.0,0.0,0.0,0
Erode,2026-01-01,2.2,2.2,2.2000000000000077,2.199999999999986,0.3142857142857123,0
Erode,2026-01-02,1.4,1.4,3.600000000000007,3.599999999999986,0.5142857142857122,0
Erode,2026-01-03,0.0,0.0,3.600000000000007,3.599999999999986,0.5142857142857122,0
Erode,2026-01-04,0.0,0.0,1.400000000000007,3.599999999999986,0.5142857142857122,0
Erode,2026-01-05,0.0,0.0,0.0,3.599999999999986,0.5142857142857122,0
Erode,2026-01-06,0.4,0.4,0.4000000000000071,3.999999999999986,0.5714285714285694,0
Erode,2026-01-07,0.0,0.0,0.4000000000000071,3.999999999999986,0.5714285714285694,0
Erode,2026-01-08,0.0,0.0,0.4000000000000071,1.7999999999999856,0.257142857142855,0
Erode,2026-01-09,0.0,0.0,0.0,0.3999999999999858,0.0571428571428551,0
Erode,2026-01-10,0.9,0.9,0.9000000000000071,1.2999999999999858,0.1857142857142837,0
Erode,2026-01-11,4.1,4.1,5.000000000000007,5.399999999999985,0.7714285714285694,0
Erode,2026-01-12,0.3,0.3,5.300000000000007,5.699999999999985,0.8142857142857122,0
Erode,2026-01-13,0.9,0.9,5.300000000000007,6.199999999999985,0.8857142857142836,0
Erode,2026-01-14,1.0,1.0,2.2000000000000077,7.199999999999985,1.0285714285714265,0
Erode,2026-01-15,0.1,0.1,2.000000000000007,7.299999999999985,1.0428571428571407,0
Erode,2026-01-16,0.2,0.2,1.3000000000000071,7.499999999999985,1.0714285714285692,0
Erode,2026-01-17,0.1,0.1,0.4000000000000071,6.699999999999985,0.957142857142855,0
Erode,2026-01-18,0.0,0.0,0.3000000000000071,2.599999999999986,0.3714285714285694,0
Erode,2026-01-19,0.0,0.0,0.1000000000000071,2.299999999999986,0.3285714285714265,0
Erode,2026-01-20,0.0,0.0,0.0,1.3999999999999857,0.1999999999999979,0
Erode,2026-01-21,0.0,0.0,0.0,0.3999999999999858,0.0571428571428551,0
Erode,2026-01-22,0.0,0.0,0.0,0.2999999999999858,0.0428571428571408,0
Erode,2026-01-23,0.0,0.0,0.0,0.0999999999999858,0.0142857142857122,0
Erode,2026-01-24,0.2,0.2,0.2000000000000071,0.1999999999999858,0.0285714285714265,0
Erode,2026-01-25,0.1,0.1,0.3000000000000071,0.2999999999999858,0.0428571428571408,0
Erode,2026-01-26,3.0,3.0,3.300000000000007,3.2999999999999856,0.4714285714285693,0
Erode,2026-01-27,0.0,0.0,3.1000000000000068,3.2999999999999856,0.4714285714285693,0
Erode,2026-01-28,0.0,0.0,3.000000000000007,3.2999999999999856,0.4714285714285693,0
Erode,2026-01-29,0.1,0.1,0.1000000000000071,3.3999999999999857,0.4857142857142836,0
Erode,2026-01-30,0.0,0.0,0.1000000000000071,3.3999999999999857,0.4857142857142836,0
Erode,2026-01-31,0.0,0.0,0.1000000000000071,3.199999999999985,0.4571428571428551,0
Erode,2026-02-01,0.0,0.0,0.0,3.099999999999986,0.4428571428571408,0
Erode,2026-02-02,0.0,0.0,0.0,0.0999999999999858,0.0142857142857122,0
Erode,2026-02-03,0.0,0.0,0.0,0.0999999999999858,0.0142857142857122,0
Erode,2026-02-04,0.0,0.0,0.0,0.0999999999999858,0.0142857142857122,0
Erode,2026-02-05,1.5,1.5,1.500000000000007,1.4999999999999858,0.2142857142857122,0
Erode,2026-02-06,0.0,0.0,1.500000000000007,1.4999999999999858,0.2142857142857122,0
Erode,2026-02-07,0.0,0.0,1.500000000000007,1.4999999999999858,0.2142857142857122,0
Erode,2026-02-08,0.0,0.0,0.0,1.4999999999999858,0.2142857142857122,0
Erode,2026-02-09,0.0,0.0,0.0,1.4999999999999858,0.2142857142857122,0
Erode,2026-02-10,0.0,0.0,0.0,1.4999999999999858,0.2142857142857122,0
Erode,2026-02-11,0.0,0.0,0.0,1.4999999999999858,0.2142857142857122,0
Erode,2026-02-12,0.0,0.0,0.0,0.0,0.0,0
Erode,2026-02-13,0.0,0.0,0.0,0.0,0.0,0
Erode,2026-02-14,0.0,0.0,0.0,0.0,0.0,0
Erode,2026-02-15,0.0,0.0,0.0,0.0,0.0,0
Erode,2026-02-16,0.0,0.0,0.0,0.0,0.0,0
Erode,2026-02-17,0.0,0.0,0.0,0.0,0.0,0
Erode,2026-02-18,0.0,0.0,0.0,0.0,0.0,0
Erode,2026-02-19,0.0,0.0,0.0,0.0,0.0,0
Erode,2026-02-20,1.6,1.6,1.6000000000000072,1.599999999999986,0.2285714285714265,0
Erode,2026-02-21,0.1,0.1,1.7000000000000073,1.699999999999986,0.2428571428571408,0
Erode,2026-02-22,0.0,0.0,1.7000000000000073,1.699999999999986,0.2428571428571408,0
Erode,2026-02-23,0.0,0.0,0.1000000000000071,1.699999999999986,0.2428571428571408,0
Erode,2026-02-24,0.0,0.0,0.0,1.699999999999986,0.2428571428571408,0
Erode,2026-02-25,2.1,2.1,2.100000000000007,3.799999999999986,0.5428571428571408,0
Erode,2026-02-26,1.5,1.5,3.600000000000007,5.2999999999999865,0.7571428571428552,0
Erode,2026-02-27,0.3,0.3,3.900000000000007,3.999999999999986,0.5714285714285694,0
Erode,2026-02-28,0.0,0.0,1.8000000000000071,3.8999999999999857,0.557142857142855,0
Erode,2026-03-01,0.0,0.0,0.3000000000000071,3.8999999999999857,0.557142857142855,0
Erode,2026-03-02,0.0,0.0,0.0,3.8999999999999857,0.557142857142855,0
Erode,2026-03-03,0.0,0.0,0.0,3.8999999999999857,0.557142857142855,0
Erode,2026-03-04,0.0,0.0,0.0,1.7999999999999858,0.2571428571428551,0
Erode,2026-03-05,0.0,0.0,0.0,0.2999999999999858,0.0428571428571408,0
Erode,2026-03-06,0.0,0.0,0.0,0.0,0.0,0
Erode,2026-03-07,0.0,0.0,0.0,0.0,0.0,0
Erode,2026-03-08,0.0,0.0,0.0,0.0,0.0,0
Erode,2026-03-09,0.0,0.0,0.0,0.0,0.0,0
Erode,2026-03-10,0.0,0.0,0.0,0.0,0.0,0
Erode,2026-03-11,0.0,0.0,0.0,0.0,0.0,0
Erode,2026-03-12,0.0,0.0,0.0,0.0,0.0,0
Erode,2026-03-13,0.0,0.0,0.0,0.0,0.0,0
Erode,2026-03-14,0.0,0.0,0.0,0.0,0.0,0
Erode,2026-03-15,0.0,0.0,0.0,0.0,0.0,0
Erode,2026-03-16,0.0,0.0,0.0,0.0,0.0,0
Erode,2026-03-17,0.8,0.8,0.8000000000000071,0.7999999999999858,0.1142857142857122,0
Erode,2026-03-18,20.8,20.8,21.60000000000001,21.599999999999987,3.085714285714284,0
Erode,2026-03-19,0.4,0.4,22.000000000000007,21.999999999999982,3.142857142857141,0
Erode,2026-03-20,1.7,1.7,22.90000000000001,23.69999999999999,3.385714285714284,0
Erode,2026-03-21,0.1,0.1,2.2000000000000077,23.799999999999983,3.399999999999998,0
Erode,2026-03-22,0.1,0.1,1.9000000000000072,23.899999999999988,3.4142857142857124,0
Erode,2026-03-23,0.0,0.0,0.2000000000000071,23.899999999999988,3.4142857142857124,0
Erode,2026-03-24,0.0,0.0,0.1000000000000071,23.099999999999987,3.299999999999998,0
Erode,2026-03-25,0.0,0.0,0.0,2.299999999999986,0.3285714285714265,0
Erode,2026-03-26,0.0,0.0,0.0,1.899999999999986,0.2714285714285694,0
Erode,2026-03-27,0.0,0.0,0.0,0.1999999999999858,0.0285714285714265,0
Erode,2026-03-28,0.0,0.0,0.0,0.0999999999999858,0.0142857142857122,0
Erode,2026-03-29,0.0,0.0,0.0,0.0,0.0,0
Erode,2026-03-30,0.0,0.0,0.0,0.0,0.0,0
Erode,2026-03-31,0.0,0.0,0.0,0.0,0.0,0
Erode,2026-04-01,0.0,0.0,0.0,0.0,0.0,0
Erode,2026-04-02,0.0,0.0,0.0,0.0,0.0,0
Erode,2026-04-03,0.0,0.0,0.0,0.0,0.0,0
Erode,2026-04-04,5.5,5.5,5.500000000000007,5.499999999999986,0.7857142857142837,0
Erode,2026-04-05,0.3,0.3,5.800000000000007,5.799999999999986,0.8285714285714265,0
Erode,2026-04-06,0.2,0.2,6.000000000000007,5.999999999999986,0.8571428571428551,0
Erode,2026-04-07,0.0,0.0,0.5000000000000071,5.999999999999986,0.8571428571428551,0
Erode,2026-04-08,0.0,0.0,0.2000000000000071,5.999999999999986,0.8571428571428551,0
Erode,2026-04-09,0.8,0.8,0.8000000000000071,6.799999999999986,0.9714285714285694,0
Erode,2026-04-10,0.0,0.0,0.8000000000000071,6.799999999999986,0.9714285714285694,0
Erode,2026-04-11,0.0,0.0,0.8000000000000071,1.2999999999999858,0.1857142857142837,0
Erode,2026-04-12,0.0,0.0,0.0,0.9999999999999858,0.1428571428571408,0
Erode,2026-04-13,0.0,0.0,0.0,0.7999999999999858,0.1142857142857122,0
Erode,2026-04-14,0.0,0.0,0.0,0.7999999999999858,0.1142857142857122,0
Erode,2026-04-15,0.0,0.0,0.0,0.7999999999999858,0.1142857142857122,0
Erode,2026-04-16,0.0,0.0,0.0,0.0,0.0,0
Erode,2026-04-17,0.0,0.0,0.0,0.0,0.0,0
Erode,2026-04-18,0.0,0.0,0.0,0.0,0.0,0
Erode,2026-04-19,0.0,0.0,0.0,0.0,0.0,0
Erode,2026-04-20,0.0,0.0,0.0,0.0,0.0,0
Erode,2026-04-21,0.0,0.0,0.0,0.0,0.0,0
Erode,2026-04-22,0.0,0.0,0.0,0.0,0.0,0
Erode,2026-04-23,0.0,0.0,0.0,0.0,0.0,0
Erode,2026-04-24,0.0,0.0,0.0,0.0,0.0,0
Erode,2026-04-25,0.0,0.0,0.0,0.0,0.0,0
Erode,2026-04-26,0.0,0.0,0.0,0.0,0.0,0
Erode,2026-04-27,0.0,0.0,0.0,0.0,0.0,0
Erode,2026-04-28,0.0,0.0,0.0,0.0,0.0,0
Erode,2026-04-29,0.0,0.0,0.0,0.0,0.0,0
Erode,2026-04-30,0.3,0.3,0.3000000000000071,0.2999999999999858,0.0428571428571408,0
Erode,2026-05-01,2.9,2.9,3.200000000000007,3.199999999999985,0.4571428571428551,0
Erode,2026-05-02,0.2,0.2,3.400000000000007,3.3999999999999857,0.4857142857142836,0
Erode,2026-05-03,0.0,0.0,3.100000000000007,3.3999999999999857,0.4857142857142836,0
Erode,2026-05-04,0.3,0.3,0.5000000000000071,3.6999999999999855,0.5285714285714265,0
Erode,2026-05-05,0.2,0.2,0.5000000000000071,3.8999999999999857,0.557142857142855,0
Erode,2026-05-06,12.8,12.8,13.300000000000008,16.699999999999985,2.3857142857142835,0
Erode,2026-05-07,1.3,1.3,14.300000000000008,17.699999999999985,2.5285714285714262,0
Erode,2026-05-08,17.7,17.7,31.800000000000008,32.499999999999986,4.642857142857141,0
Erode,2026-05-09,8.2,8.2,27.200000000000006,40.49999999999999,5.785714285714284,0
Erode,2026-05-10,0.6,0.6,26.500000000000007,41.09999999999998,5.871428571428568,0
Erode,2026-05-11,0.0,0.0,8.800000000000006,40.79999999999998,5.8285714285714265,0
Erode,2026-05-12,0.1,0.1,0.7000000000000071,40.69999999999998,5.814285714285711,0
Erode,2026-05-13,0.0,0.0,0.1000000000000071,27.899999999999984,3.985714285714284,0
Erode,2026-05-14,0.0,0.0,0.1000000000000071,26.599999999999984,3.7999999999999976,0
Erode,2026-05-15,0.5,0.5,0.5000000000000071,9.399999999999984,1.3428571428571403,0
Erode,2026-05-16,0.3,0.3,0.8000000000000071,1.4999999999999858,0.2142857142857122,0
Erode,2026-05-17,0.8,0.8,1.6000000000000072,1.699999999999986,0.2428571428571408,0
Erode,2026-05-18,2.3,2.3,3.400000000000007,3.999999999999986,0.5714285714285694,0
Erode,2026-05-19,0.8,0.8,3.900000000000008,4.699999999999986,0.6714285714285694,0
Erode,2026-05-20,0.8,0.8,3.900000000000007,5.499999999999986,0.7857142857142837,0
Erode,2026-05-21,2.1,2.1,3.7000000000000073,7.599999999999985,1.0857142857142836,0
Erode,2026-05-22,0.7,0.7,3.600000000000008,7.799999999999986,1.1142857142857123,0
Erode,2026-05-23,3.7,3.7,6.500000000000007,11.199999999999983,1.599999999999998,0
Erode,2026-05-24,2.4,2.4,6.800000000000008,12.799999999999985,1.8285714285714263,0
Erode,2026-05-25,2.3,2.3,8.400000000000007,12.799999999999986,1.8285714285714267,0
Erode,2026-05-26,0.5,0.5,5.200000000000007,12.499999999999986,1.7857142857142836,0
Erode,2026-05-27,0.0,0.0,2.800000000000008,11.699999999999989,1.6714285714285697,0
Erode,2026-05-28,0.5,0.5,1.0000000000000075,10.099999999999987,1.442857142857141,0
Erode,2026-05-29,5.1,5.1,5.600000000000007,14.499999999999986,2.0714285714285694,0
Erode,2026-05-30,0.0,0.0,5.600000000000007,10.799999999999986,1.542857142857141,0
Erode,2026-05-31,0.1,0.1,5.200000000000006,8.499999999999986,1.2142857142857122,0
Erode,2026-06-01,8.6,8.6,8.700000000000006,14.799999999999985,2.114285714285712,0
Erode,2026-06-02,3.8,3.8,12.500000000000009,18.099999999999984,2.585714285714283,0
Erode,2026-06-03,1.0,1.0,13.400000000000006,19.099999999999984,2.7285714285714264,0
Erode,2026-06-04,3.3,3.3,8.100000000000007,21.899999999999984,3.1285714285714263,0
Erode,2026-06-05,0.6,0.6,4.900000000000007,17.399999999999984,2.4857142857142835,0
Erode,2026-06-06,1.6,1.6,5.500000000000007,18.999999999999982,2.714285714285712,0
Erode,2026-06-07,1.2,1.2,3.4000000000000075,20.099999999999984,2.871428571428569,0
Erode,2026-06-08,0.0,0.0,2.800000000000007,11.499999999999986,1.6428571428571408,0
Erode,2026-06-09,0.2,0.2,1.400000000000007,7.899999999999986,1.1285714285714266,0
Erode,2026-06-10,0.2,0.2,0.4000000000000071,7.099999999999985,1.0142857142857122,0
Erode,2026-06-11,4.0,4.0,4.400000000000008,7.799999999999986,1.1142857142857123,0
Erode,2026-06-12,1.6,1.6,5.800000000000008,8.799999999999986,1.2571428571428551,0
Erode,2026-06-13,5.2,5.2,10.800000000000008,12.399999999999984,1.7714285714285691,0
Erode,2026-06-14,14.9,14.9,21.700000000000006,26.099999999999987,3.728571428571427,0
Erode,2026-06-15,0.1,0.1,20.20000000000001,26.19999999999999,3.742857142857141,0
Erode,2026-06-16,0.0,0.0,15.000000000000004,25.99999999999999,3.7142857142857126,0
Erode,2026-06-17,1.2,1.2,1.3000000000000071,26.999999999999982,3.857142857142855,0
Erode,2026-06-18,11.2,11.2,12.400000000000006,34.19999999999999,4.885714285714284,0
Erode,2026-06-19,2.3,2.3,14.700000000000006,34.899999999999984,4.985714285714283,0
Erode,2026-06-20,1.3,1.3,14.800000000000006,30.99999999999999,4.428571428571427,0
Erode,2026-06-21,0.0,0.0,3.6000000000000068,16.099999999999987,2.299999999999998,0
Erode,2026-06-22,4.7,4.7,6.000000000000007,20.699999999999985,2.957142857142855,0
Erode,2026-06-23,0.7,0.7,5.400000000000008,21.399999999999984,3.0571428571428547,0
Erode,2026-06-24,0.2,0.2,5.600000000000008,20.399999999999988,2.9142857142857124,0
Erode,2026-06-25,1.7,1.7,2.6000000000000068,10.899999999999986,1.5571428571428552,0
Erode,2026-06-26,0.3,0.3,2.200000000000007,8.899999999999986,1.2714285714285694,0
Erode,2026-06-27,3.9,3.9,5.900000000000007,11.499999999999986,1.6428571428571408,0
Erode,2026-06-28,1.5,1.5,5.700000000000006,12.999999999999986,1.8571428571428552,0
Erode,2026-06-29,5.3,5.3,10.700000000000006,13.599999999999987,1.942857142857141,0
Erode,2026-06-30,2.9,2.9,9.700000000000006,15.799999999999985,2.257142857142855,0
Erode,2026-07-01,0.7,0.7,8.900000000000007,16.299999999999986,2.3285714285714265,0
Erode,2026-07-02,1.2,1.2,4.800000000000007,15.799999999999985,2.257142857142855,0
Erode,2026-07-03,8.0,8.0,9.900000000000007,23.499999999999982,3.357142857142855,0
Erode,2026-07-04,3.0,3.0,12.200000000000008,22.599999999999987,3.228571428571427,0
Erode,2026-07-05,0.6,0.6,11.600000000000009,21.69999999999999,3.0999999999999983,0
Erode,2026-07-06,0.0,0.0,3.600000000000007,16.399999999999988,2.342857142857141,0
Erode,2026-07-07,0.3,0.3,0.900000000000007,13.799999999999986,1.9714285714285693,0
Erode,2026-07-08,4.2,4.2,4.500000000000007,17.299999999999986,2.4714285714285693,0
Erode,2026-07-09,1.6,1.6,6.100000000000007,17.699999999999985,2.5285714285714262,0
Erode,2026-07-10,4.5,4.5,10.300000000000008,14.199999999999989,2.0285714285714267,0
Erode,2026-07-11,0.9,0.9,7.000000000000007,12.099999999999987,1.7285714285714266,0
Erode,2026-07-12,0.3,0.3,5.700000000000007,11.799999999999986,1.6857142857142835,0
Erode,2026-07-13,0.5,0.5,1.700000000000007,12.299999999999986,1.7571428571428551,0
Erode,2026-07-14,0.0,0.0,0.8000000000000071,11.999999999999986,1.7142857142857122,0
Erode,2026-07-15,0.3,0.3,0.800000000000007,8.099999999999985,1.157142857142855,0
Erode,2026-07-16,0.4,0.4,0.7000000000000071,6.899999999999987,0.985714285714284,0
Erode,2026-07-17,0.9,0.9,1.6000000000000072,3.2999999999999865,0.4714285714285695,0
Erode,2026-07-18,0.6,0.6,1.900000000000007,2.9999999999999867,0.4285714285714266,0
Erode,2026-07-19,2.0,2.0,3.500000000000007,4.699999999999987,0.6714285714285696,0
Erode,2026-07-20,1.4,1.4,4.000000000000007,5.599999999999986,0.799999999999998,0
Erode,2026-07-21,0.7,0.7,4.100000000000007,6.2999999999999865,0.899999999999998,0
Erode,2026-07-22,1.5,1.5,3.6000000000000068,7.499999999999987,1.0714285714285696,0
Erode,2026-07-23,0.6,0.6,2.800000000000007,7.699999999999986,1.099999999999998,0
Erode,2026-07-24,1.7,1.7,3.800000000000007,8.499999999999986,1.2142857142857122,0
Erode,2026-07-25,2.1,2.1,4.400000000000008,9.999999999999986,1.4285714285714266,0
Erode,2026-07-26,0.0,0.0,3.800000000000008,7.999999999999986,1.1428571428571408,0
Erode,2026-07-27,0.9,0.9,3.000000000000007,7.499999999999987,1.0714285714285696,0
Erode,2026-07-28,2.2,2.2,3.100000000000007,8.999999999999986,1.2857142857142836,0
Erode,2026-07-29,1.4,1.4,4.500000000000007,8.899999999999986,1.2714285714285694,0
Erode,2026-07-30,0.6,0.6,4.200000000000007,8.899999999999986,1.2714285714285694,0
Erode,2026-07-31,2.9,2.9,4.900000000000008,10.099999999999987,1.442857142857141,0
Erode,2026-08-01,4.6,4.6,8.100000000000007,12.599999999999987,1.7999999999999985,0
Erode,2026-08-02,0.3,0.3,7.800000000000007,12.899999999999988,1.8428571428571408,0
Erode,2026-08-03,6.7,6.7,11.600000000000009,18.69999999999999,2.67142857142857,0
Erode,2026-08-04,4.1,4.1,11.100000000000009,20.599999999999987,2.942857142857141,0
Erode,2026-08-05,1.8,1.8,12.600000000000009,20.999999999999982,2.999999999999998,0
Erode,2026-08-06,5.0,5.0,10.900000000000006,25.399999999999988,3.628571428571427,0
Erode,2026-08-07,10.6,10.6,17.400000000000006,33.09999999999998,4.728571428571426,0
Madurai,2020-01-07,0.7,0.7,1.5,4.6,0.6571428571428571,0
Madurai,2020-01-08,0.0,0.0,1.1,3.5,0.5,0
Madurai,2020-01-09,0.0,0.0,0.7,2.8,0.3999999999999999,0
Madurai,2020-01-10,0.0,0.0,0.0,1.6,0.2285714285714286,0
Madurai,2020-01-11,0.0,0.0,0.0,1.5,0.2142857142857142,0
Madurai,2020-01-12,0.0,0.0,0.0,1.1,0.1571428571428571,0
Madurai,2020-01-13,0.0,0.0,0.0,0.7,0.0999999999999999,0
Madurai,2020-01-14,0.0,0.0,0.0,0.0,0.0,0
Madurai,2020-01-15,0.0,0.0,0.0,0.0,0.0,0
Madurai,2020-01-16,0.0,0.0,0.0,0.0,0.0,0
Madurai,2020-01-17,0.6,0.6,0.6,0.6,0.0857142857142857,0
Madurai,2020-01-18,1.4,1.4,2.0,2.0,0.2857142857142857,0
Madurai,2020-01-19,2.3,2.3,4.3,4.3,0.6142857142857142,0
Madurai,2020-01-20,0.1,0.1,3.8,4.4,0.6285714285714284,0
Madurai,2020-01-21,0.0,0.0,2.4,4.4,0.6285714285714284,0
Madurai,2020-01-22,0.0,0.0,0.1,4.4,0.6285714285714284,0
Madurai,2020-01-23,0.0,0.0,0.0,4.4,0.6285714285714284,0
Madurai,2020-01-24,0.0,0.0,0.0,3.8,0.5428571428571428,0
Madurai,2020-01-25,0.0,0.0,0.0,2.4,0.3428571428571428,0
Madurai,2020-01-26,0.0,0.0,0.0,0.1,0.0142857142857142,0
Madurai,2020-01-27,0.0,0.0,0.0,0.0,0.0,0
Madurai,2020-01-28,0.0,0.0,0.0,0.0,0.0,0
Madurai,2020-01-29,0.0,0.0,0.0,0.0,0.0,0
Madurai,2020-01-30,0.0,0.0,0.0,0.0,0.0,0
Madurai,2020-01-31,0.0,0.0,0.0,0.0,0.0,0
Madurai,2020-02-01,0.1,0.1,0.1,0.1,0.0142857142857142,0
Madurai,2020-02-02,0.2,0.2,0.3,0.3,0.0428571428571428,0
Madurai,2020-02-03,0.0,0.0,0.3,0.3,0.0428571428571428,0
Madurai,2020-02-04,0.0,0.0,0.2,0.3,0.0428571428571428,0
Madurai,2020-02-05,0.2,0.2,0.2,0.5,0.0714285714285714,0
Madurai,2020-02-06,0.0,0.0,0.2,0.5,0.0714285714285714,0
Madurai,2020-02-07,0.0,0.0,0.2,0.5,0.0714285714285714,0
Madurai,2020-02-08,0.0,0.0,0.0,0.4,0.0571428571428571,0
Madurai,2020-02-09,0.2,0.2,0.2,0.4,0.0571428571428571,0
Madurai,2020-02-10,0.0,0.0,0.2,0.4,0.0571428571428571,0
Madurai,2020-02-11,0.8,0.8,1.0,1.2000000000000002,0.1714285714285714,0
Madurai,2020-02-12,0.1,0.1,0.9,1.1,0.1571428571428571,0
Madurai,2020-02-13,0.0,0.0,0.8999999999999999,1.1,0.1571428571428571,0
Madurai,2020-02-14,0.0,0.0,0.0999999999999999,1.1,0.1571428571428571,0
Madurai,2020-02-15,0.0,0.0,0.0,1.1,0.1571428571428571,0
Madurai,2020-02-16,0.0,0.0,0.0,0.9,0.1285714285714286,0
Madurai,2020-02-17,0.0,0.0,0.0,0.9,0.1285714285714286,0
Madurai,2020-02-18,0.0,0.0,0.0,0.1,0.0142857142857142,0
Madurai,2020-02-19,0.0,0.0,0.0,0.0,0.0,0
Madurai,2020-02-20,0.0,0.0,0.0,0.0,0.0,0
Madurai,2020-02-21,0.4,0.4,0.3999999999999999,0.4,0.0571428571428571,0
Madurai,2020-02-22,0.4,0.4,0.7999999999999999,0.8,0.1142857142857143,0
Madurai,2020-02-23,0.0,0.0,0.7999999999999999,0.8,0.1142857142857143,0
Madurai,2020-02-24,0.0,0.0,0.3999999999999999,0.8,0.1142857142857143,0
Madurai,2020-02-25,0.0,0.0,0.0,0.8,0.1142857142857143,0
Madurai,2020-02-26,0.1,0.1,0.0999999999999999,0.9,0.1285714285714286,0
Madurai,2020-02-27,0.1,0.1,0.1999999999999999,1.0,0.1428571428571428,0
Madurai,2020-02-28,0.2,0.2,0.3999999999999999,0.8,0.1142857142857143,0
Madurai,2020-02-29,0.3,0.3,0.5999999999999999,0.7,0.0999999999999999,0
Madurai,2020-03-01,0.0,0.0,0.4999999999999999,0.7,0.0999999999999999,0
Madurai,2020-03-02,0.0,0.0,0.2999999999999999,0.7,0.0999999999999999,0
Madurai,2020-03-03,0.4,0.4,0.3999999999999999,1.1,0.1571428571428571,0
Madurai,2020-03-04,0.7,0.7,1.1,1.7,0.2428571428571428,0
Madurai,2020-03-05,1.4,1.4,2.5,3.0,0.4285714285714285,0
Madurai,2020-03-06,0.2,0.2,2.3,3.0,0.4285714285714285,0
Madurai,2020-03-07,1.3,1.3,2.8999999999999995,4.0,0.5714285714285714,0
Madurai,2020-03-08,0.3,0.3,1.7999999999999998,4.3,0.6142857142857142,0
Madurai,2020-03-09,0.0,0.0,1.6,4.3,0.6142857142857142,0
Madurai,2020-03-10,0.0,0.0,0.2999999999999997,3.9,0.5571428571428572,0
Madurai,2020-03-11,0.0,0.0,0.0,3.2,0.4571428571428571,0
Madurai,2020-03-12,0.0,0.0,0.0,1.8,0.2571428571428572,0
Madurai,2020-03-13,0.0,0.0,0.0,1.6,0.2285714285714286,0
Madurai,2020-03-14,0.0,0.0,0.0,0.3,0.0428571428571428,0
Madurai,2020-03-15,0.0,0.0,0.0,0.0,0.0,0
Madurai,2020-03-16,0.0,0.0,0.0,0.0,0.0,0
Madurai,2020-03-17,0.9,0.9,0.8999999999999998,0.9,0.1285714285714286,0
Madurai,2020-03-18,0.0,0.0,0.8999999999999998,0.9,0.1285714285714286,0
Madurai,2020-03-19,0.0,0.0,0.8999999999999998,0.9,0.1285714285714286,0
Madurai,2020-03-20,0.0,0.0,0.0,0.9,0.1285714285714286,0
Madurai,2020-03-21,1.7,1.7,1.6999999999999995,2.6,0.3714285714285714,0
Madurai,2020-03-22,0.1,0.1,1.7999999999999998,2.7,0.3857142857142857,0
Madurai,2020-03-23,0.0,0.0,1.7999999999999998,2.7,0.3857142857142857,0
Madurai,2020-03-24,0.0,0.0,0.0999999999999997,1.8,0.2571428571428572,0
Madurai,2020-03-25,0.0,0.0,0.0,1.7999999999999998,0.2571428571428571,0
Madurai,2020-03-26,0.0,0.0,0.0,1.7999999999999998,0.2571428571428571,0
Madurai,2020-03-27,0.0,0.0,0.0,1.7999999999999998,0.2571428571428571,0
Madurai,2020-03-28,0.0,0.0,0.0,0.1,0.0142857142857142,0
Madurai,2020-03-29,0.0,0.0,0.0,0.0,0.0,0
Madurai,2020-03-30,0.0,0.0,0.0,0.0,0.0,0
Madurai,2020-03-31,0.0,0.0,0.0,0.0,0.0,0
Madurai,2020-04-01,0.0,0.0,0.0,0.0,0.0,0
Madurai,2020-04-02,0.0,0.0,0.0,0.0,0.0,0
Madurai,2020-04-03,0.1,0.1,0.0999999999999997,0.1,0.0142857142857142,0
Madurai,2020-04-04,1.1,1.1,1.2,1.2000000000000002,0.1714285714285714,0
Madurai,2020-04-05,4.9,4.9,6.1000000000000005,6.1000000000000005,0.8714285714285716,0
Madurai,2020-04-06,0.1,0.1,6.1000000000000005,6.2,0.8857142857142858,0
Madurai,2020-04-07,0.0,0.0,5.0,6.2,0.8857142857142858,0
Madurai,2020-04-08,0.3,0.3,0.4,6.500000000000001,0.9285714285714288,0
Madurai,2020-04-09,12.8,12.8,13.1,19.3,2.757142857142857,0
Madurai,2020-04-10,4.0,4.0,17.1,23.2,3.314285714285714,0
Madurai,2020-04-11,4.2,4.2,21.0,26.3,3.757142857142857,0
Madurai,2020-04-12,0.0,0.0,8.2,21.4,3.057142857142857,0
Madurai,2020-04-13,0.0,0.0,4.2,21.3,3.042857142857143,0
Madurai,2020-04-14,0.0,0.0,0.0,21.3,3.042857142857143,0
Madurai,2020-04-15,1.3,1.3,1.3,22.3,3.185714285714286,0
Madurai,2020-04-16,0.2,0.2,1.5,9.7,1.385714285714286,0
Madurai,2020-04-17,0.0,0.0,1.5,5.7,0.8142857142857143,0
Madurai,2020-04-18,0.0,0.0,0.2,1.5,0.2142857142857142,0
Madurai,2020-04-19,0.2,0.2,0.2,1.7000000000000002,0.2428571428571428,0
Madurai,2020-04-20,1.6,1.6,1.8,3.3000000000000003,0.4714285714285715,0
Madurai,2020-04-21,0.3,0.3,2.1,3.6,0.5142857142857143,0
Madurai,2020-04-22,0.1,0.1,2.0,2.4,0.3428571428571428,0
Madurai,2020-04-23,0.4,0.4,0.8,2.6000000000000005,0.3714285714285715,0
Madurai,2020-04-24,0.6,0.6,1.1,3.2,0.4571428571428572,0
Madurai,2020-04-25,0.1,0.1,1.1,3.3000000000000003,0.4714285714285715,0
Madurai,2020-04-26,2.5,2.5,3.2,5.6,0.7999999999999999,0
Madurai,2020-04-27,0.6,0.6,3.2,4.6,0.6571428571428571,0
Madurai,2020-04-28,2.0,2.0,5.1,6.300000000000001,0.9000000000000001,0
Madurai,2020-04-29,13.3,13.3,15.9,19.5,2.7857142857142856,0
Madurai,2020-04-30,18.8,18.8,34.1,37.900000000000006,5.414285714285716,0
Madurai,2020-05-01,0.0,0.0,32.1,37.3,5.328571428571428,0
Madurai,2020-05-02,0.0,0.0,18.8,37.2,5.314285714285715,0
Madurai,2020-05-03,0.0,0.0,0.0,34.7,4.957142857142857,0
Madurai,2020-05-04,0.0,0.0,0.0,34.099999999999994,4.871428571428571,0
Madurai,2020-05-05,0.0,0.0,0.0,32.099999999999994,4.5857142857142845,0
Madurai,2020-05-06,0.0,0.0,0.0,18.8,2.685714285714286,0
Madurai,2020-05-07,0.0,0.0,0.0,0.0,0.0,0
Madurai,2020-05-08,0.1,0.1,0.1,0.1,0.0142857142857142,0
Madurai,2020-05-09,0.3,0.3,0.4,0.4,0.0571428571428571,0
Madurai,2020-05-10,0.7,0.7,1.1,1.1,0.1571428571428571,0
Madurai,2020-05-11,1.7,1.7,2.7,2.8,0.3999999999999999,0
Madurai,2020-05-12,1.2,1.2,3.6,4.0,0.5714285714285714,0
Madurai,2020-05-13,3.7,3.7,6.6,7.7,1.1,0
Madurai,2020-05-14,3.4,3.4,8.3,11.1,1.5857142857142856,0
Madurai,2020-05-15,0.0,0.0,7.1,11.0,1.5714285714285714,0
Madurai,2020-05-16,0.0,0.0,3.4,10.7,1.5285714285714285,0
Madurai,2020-05-17,0.4,0.4,0.4,10.4,1.4857142857142858,0
Madurai,2020-05-18,0.7,0.7,1.1,9.4,1.3428571428571427,0
Madurai,2020-05-19,0.1,0.1,1.2,8.3,1.1857142857142855,0
Madurai,2020-05-20,0.0,0.0,0.7999999999999999,4.6,0.6571428571428571,0
Madurai,2020-05-21,0.0,0.0,0.1,1.2,0.1714285714285714,0
Madurai,2020-05-22,0.0,0.0,0.0,1.2,0.1714285714285714,0
Madurai,2020-05-23,0.8,0.8,0.8,2.0,0.2857142857142857,0
Madurai,2020-05-24,0.2,0.2,1.0,1.8,0.2571428571428572,0
Madurai,2020-05-25,0.2,0.2,1.2000000000000002,1.3000000000000005,0.1857142857142857,0
Madurai,2020-05-26,0.0,0.0,0.4,1.2000000000000002,0.1714285714285714,0
Madurai,2020-05-27,2.3,2.3,2.5,3.5,0.5,0
Madurai,2020-05-28,0.4,0.4,2.7,3.9,0.5571428571428572,0
Madurai,2020-05-29,0.1,0.1,2.8,4.0,0.5714285714285714,0
Madurai,2020-05-30,1.1,1.1,1.6,4.300000000000001,0.6142857142857144,0
Madurai,2020-05-31,0.0,0.0,1.2000000000000002,4.1,0.5857142857142856,0
Madurai,2020-06-01,1.5,1.5,2.6,5.4,0.7714285714285715,0
Madurai,2020-06-02,0.9,0.9,2.4,6.3,0.9,0
Madurai,2020-06-03,0.1,0.1,2.5,4.1000000000000005,0.5857142857142857,0
Madurai,2020-06-04,0.9,0.9,1.9,4.6000000000000005,0.6571428571428573,0
Madurai,2020-06-05,0.4,0.4,1.4,4.9,0.7,0
Madurai,2020-06-06,2.3,2.3,3.6,6.1,0.8714285714285713,0
Madurai,2020-06-07,0.2,0.2,2.9,6.3,0.9,0
Madurai,2020-06-08,0.0,0.0,2.5,4.8,0.6857142857142857,0
Madurai,2020-06-09,0.3,0.3,0.5,4.199999999999999,0.5999999999999999,0
Madurai,2020-06-10,13.2,13.2,13.5,17.299999999999997,2.471428571428571,0
Madurai,2020-06-11,1.3,1.3,14.8,17.7,2.5285714285714285,0
Madurai,2020-06-12,0.0,0.0,14.5,17.299999999999997,2.471428571428571,0
Madurai,2020-06-13,1.7,1.7,3.0,16.699999999999996,2.385714285714285,0
Madurai,2020-06-14,0.0,0.0,1.7,16.5,2.357142857142857,0
Madurai,2020-06-15,0.0,0.0,1.7,16.5,2.357142857142857,0
Madurai,2020-06-16,0.0,0.0,0.0,16.199999999999996,2.3142857142857136,0
Madurai,2020-06-17,0.0,0.0,0.0,2.9999999999999982,0.4285714285714283,0
Madurai,2020-06-18,0.1,0.1,0.1,1.7999999999999985,0.2571428571428569,0
Madurai,2020-06-19,0.0,0.0,0.1,1.7999999999999985,0.2571428571428569,0
Madurai,2020-06-20,0.2,0.2,0.3,0.2999999999999982,0.0428571428571426,0
Madurai,2020-06-21,0.9,0.9,1.1,1.1999999999999984,0.1714285714285712,0
Madurai,2020-06-22,0.0,0.0,1.1,1.1999999999999984,0.1714285714285712,0
Madurai,2020-06-23,0.0,0.0,0.9000000000000001,1.1999999999999984,0.1714285714285712,0
Madurai,2020-06-24,9.6,9.6,9.6,10.799999999999995,1.5428571428571425,0
Madurai,2020-06-25,31.0,31.0,40.6,41.7,5.957142857142856,0
Madurai,2020-06-26,4.4,4.4,45.0,46.1,6.5857142857142845,0
Madurai,2020-06-27,0.4,0.4,35.8,46.29999999999999,6.614285714285713,0
Madurai,2020-06-28,1.8,1.8,6.6000000000000005,47.2,6.742857142857142,0
Madurai,2020-06-29,3.8,3.8,6.0,50.99999999999999,7.285714285714285,1
Madurai,2020-06-30,0.8,0.8,6.4,51.8,7.399999999999999,1
Madurai,2020-07-01,0.1,0.1,4.7,42.3,6.042857142857143,0
Madurai,2020-07-02,0.0,0.0,0.9,11.299999999999995,1.614285714285714,0
Madurai,2020-07-03,0.6,0.6,0.7,7.4999999999999964,1.071428571428571,0
Madurai,2020-07-04,0.2,0.2,0.8,7.299999999999996,1.0428571428571425,0
Madurai,2020-07-05,0.0,0.0,0.8,5.4999999999999964,0.7857142857142853,0
Madurai,2020-07-06,0.7,0.7,0.9,2.3999999999999964,0.3428571428571423,0
Madurai,2020-07-07,2.5,2.5,3.2,4.099999999999996,0.5857142857142852,0
Madurai,2020-07-08,0.1,0.1,3.3000000000000003,4.099999999999996,0.5857142857142852,0
Madurai,2020-07-09,7.7,7.7,10.3,11.799999999999995,1.6857142857142853,0
Madurai,2020-07-10,6.1,6.1,13.9,17.299999999999997,2.471428571428571,0
Madurai,2020-07-11,2.2,2.2,16.0,19.3,2.7571428571428567,0
Madurai,2020-07-12,0.1,0.1,8.400000000000002,19.4,2.771428571428572,0
Madurai,2020-07-13,0.1,0.1,2.400000000000001,18.8,2.685714285714285,0
Madurai,2020-07-14,1.3,1.3,1.5000000000000009,17.599999999999998,2.514285714285714,0
Madurai,2020-07-15,0.9,0.9,2.3000000000000007,18.399999999999995,2.628571428571428,0
Madurai,2020-07-16,0.0,0.0,2.2000000000000006,10.699999999999998,1.5285714285714282,0
Madurai,2020-07-17,4.0,4.0,4.9,8.599999999999996,1.228571428571428,0
Madurai,2020-07-18,2.8,2.8,6.800000000000001,9.199999999999996,1.3142857142857136,0
Madurai,2020-07-19,0.6,0.6,7.4,9.699999999999996,1.385714285714285,0
Madurai,2020-07-20,11.7,11.7,15.1,21.3,3.0428571428571423,0
Madurai,2020-07-21,0.6,0.6,12.9,20.599999999999994,2.942857142857142,0
Madurai,2020-07-22,0.1,0.1,12.4,19.8,2.8285714285714283,0
Madurai,2020-07-23,6.7,6.7,7.4,26.5,3.785714285714285,0
Madurai,2020-07-24,1.1,1.1,7.9,23.599999999999994,3.3714285714285706,0
Madurai,2020-07-25,0.2,0.2,8.0,21.0,3.0,0
Madurai,2020-07-26,0.7,0.7,2.0,21.099999999999994,3.0142857142857133,0
Madurai,2020-07-27,0.0,0.0,0.8999999999999999,9.399999999999997,1.342857142857142,0
Madurai,2020-07-28,0.0,0.0,0.7,8.799999999999995,1.2571428571428565,0
Madurai,2020-07-29,3.9,3.9,3.9,12.599999999999996,1.7999999999999994,0
Madurai,2020-07-30,0.2,0.2,4.1,6.099999999999994,0.8714285714285707,0
Madurai,2020-07-31,2.0,2.0,6.1,6.999999999999995,0.9999999999999992,0
Madurai,2020-08-01,0.1,0.1,2.3000000000000003,6.899999999999995,0.985714285714285,0
Madurai,2020-08-02,0.5,0.5,2.6,6.699999999999995,0.9571428571428564,0
Madurai,2020-08-03,0.1,0.1,0.7000000000000002,6.7999999999999945,0.9714285714285706,0
Madurai,2020-08-04,0.0,0.0,0.6000000000000002,6.7999999999999945,0.9714285714285706,0
Madurai,2020-08-05,0.0,0.0,0.1000000000000002,2.899999999999995,0.4142857142857136,0
Madurai,2020-08-06,1.0,1.0,1.0000000000000002,3.699999999999995,0.5285714285714278,0
Madurai,2020-08-07,0.9,0.9,1.9000000000000004,2.5999999999999948,0.3714285714285706,0
Madurai,2020-08-08,12.4,12.4,14.3,14.899999999999997,2.128571428571428,0
Madurai,2020-08-09,13.4,13.4,26.700000000000003,27.8,3.971428571428571,0
Madurai,2020-08-10,1.6,1.6,27.4,29.299999999999997,4.185714285714285,0
Madurai,2020-08-11,0.0,0.0,15.0,29.299999999999997,4.185714285714285,0
Madurai,2020-08-12,0.1,0.1,1.7000000000000002,29.399999999999995,4.199999999999999,0
Madurai,2020-08-13,0.0,0.0,0.1,28.399999999999995,4.057142857142856,0
Madurai,2020-08-14,0.0,0.0,0.1,27.5,3.928571428571428,0
Madurai,2020-08-15,0.0,0.0,0.0,15.099999999999994,2.157142857142856,0
Madurai,2020-08-16,0.0,0.0,0.0,1.6999999999999948,0.2428571428571421,0
Madurai,2020-08-17,0.0,0.0,0.0,0.0999999999999946,0.0142857142857135,0
Madurai,2020-08-18,0.0,0.0,0.0,0.0999999999999946,0.0142857142857135,0
Madurai,2020-08-19,0.1,0.1,0.1,0.0999999999999946,0.0142857142857135,0
Madurai,2020-08-20,0.0,0.0,0.1,0.0999999999999946,0.0142857142857135,0
Madurai,2020-08-21,1.1,1.1,1.2000000000000002,1.1999999999999948,0.1714285714285706,0
Madurai,2020-08-22,3.0,3.0,4.1,4.199999999999995,0.5999999999999993,0
Madurai,2020-08-23,5.7,5.7,9.8,9.899999999999997,1.4142857142857137,0
Madurai,2020-08-24,0.6,0.6,9.3,10.499999999999996,1.4999999999999991,0
Madurai,2020-08-25,3.6,3.6,9.900000000000002,14.099999999999994,2.0142857142857133,0
Madurai,2020-08-26,6.3,6.3,10.5,20.3,2.8999999999999995,0
Madurai,2020-08-27,0.5,0.5,10.4,20.8,2.971428571428571,0
Madurai,2020-08-28,0.7,0.7,7.5,20.399999999999995,2.9142857142857137,0
Madurai,2020-08-29,0.0,0.0,1.2,17.399999999999995,2.485714285714285,0
Madurai,2020-08-30,1.0,1.0,1.7,12.699999999999994,1.8142857142857132,0
Madurai,2020-08-31,3.9,3.9,4.9,15.999999999999996,2.285714285714285,0
Madurai,2020-09-01,15.9,15.9,20.8,28.3,4.042857142857143,0
Madurai,2020-09-02,16.9,16.9,36.7,38.89999999999999,5.557142857142856,0
Madurai,2020-09-03,10.4,10.4,43.2,48.8,6.971428571428571,0
Madurai,2020-09-04,6.2,6.2,33.5,54.29999999999999,7.757142857142855,1
Madurai,2020-09-05,16.6,16.6,33.2,70.89999999999999,10.128571428571428,1
Madurai,2020-09-06,7.9,7.9,30.700000000000003,77.8,11.114285714285714,1
Madurai,2020-09-07,0.3,0.3,24.8,74.2,10.6,1
Madurai,2020-09-08,3.7,3.7,11.9,62.0,8.857142857142858,1
Madurai,2020-09-09,8.0,8.0,12.0,53.1,7.585714285714286,1
Madurai,2020-09-10,0.0,0.0,11.7,42.7,6.1000000000000005,0
Madurai,2020-09-11,0.0,0.0,8.0,36.5,5.214285714285714,0
Madurai,2020-09-12,0.0,0.0,0.0,19.9,2.8428571428571425,0
Madurai,2020-09-13,1.0,1.0,1.0,12.999999999999996,1.8571428571428563,0
Madurai,2020-09-14,0.4,0.4,1.4,13.099999999999996,1.8714285714285708,0
Madurai,2020-09-15,0.2,0.2,1.6,9.599999999999996,1.3714285714285708,0
Madurai,2020-09-16,0.5,0.5,1.1,2.0999999999999965,0.2999999999999995,0
Madurai,2020-09-17,2.6,2.6,3.3000000000000003,4.699999999999997,0.6714285714285709,0
Madurai,2020-09-18,4.2,4.2,7.300000000000001,8.899999999999997,1.271428571428571,0
Madurai,2020-09-19,7.3,7.3,14.1,16.199999999999996,2.3142857142857136,0
Madurai,2020-09-20,18.3,18.3,29.8,33.5,4.785714285714286,0
Madurai,2020-09-21,6.8,6.8,32.4,39.9,5.7,0
Madurai,2020-09-22,1.1,1.1,26.2,40.8,5.828571428571428,0
Madurai,2020-09-23,0.0,0.0,7.9,40.3,5.757142857142857,0
Madurai,2020-09-24,2.6,2.6,3.7,40.3,5.757142857142857,0
Madurai,2020-09-25,1.3,1.3,3.9,37.4,5.342857142857143,0
Madurai,2020-09-26,9.3,9.3,13.2,39.4,5.628571428571428,0
Madurai,2020-09-27,0.1,0.1,10.7,21.2,3.0285714285714285,0
Madurai,2020-09-28,10.2,10.2,19.6,24.599999999999994,3.5142857142857133,0
Madurai,2020-09-29,0.1,0.1,10.4,23.6,3.371428571428571,0
Madurai,2020-09-30,0.1,0.1,10.4,23.7,3.3857142857142857,0
Madurai,2020-10-01,0.0,0.0,0.2,21.1,3.014285714285714,0
Madurai,2020-10-02,0.0,0.0,0.1,19.8,2.8285714285714283,0
Madurai,2020-10-03,0.2,0.2,0.2,10.699999999999996,1.528571428571428,0
Madurai,2020-10-04,0.0,0.0,0.2,10.599999999999996,1.5142857142857138,0
Madurai,2020-10-05,0.0,0.0,0.2,0.3999999999999964,0.0571428571428566,0
Madurai,2020-10-06,22.6,22.6,22.6,22.9,3.271428571428572,0
Madurai,2020-10-07,30.7,30.7,53.3,53.5,7.642857142857143,1
Madurai,2020-10-08,13.4,13.4,66.7,66.89999999999999,9.557142857142855,1
Madurai,2020-10-09,17.7,17.7,61.8,84.6,12.085714285714284,1
Madurai,2020-10-10,13.8,13.8,44.9,98.2,14.028571428571428,1
Madurai,2020-10-11,0.2,0.2,31.7,98.4,14.057142857142855,1
Madurai,2020-10-12,0.0,0.0,13.999999999999996,98.4,14.057142857142855,1
Madurai,2020-10-13,0.0,0.0,0.1999999999999964,75.8,10.828571428571427,1
Madurai,2020-10-14,0.0,0.0,0.0,45.1,6.442857142857142,0
Madurai,2020-10-15,0.0,0.0,0.0,31.7,4.528571428571428,0
Madurai,2020-10-16,0.0,0.0,0.0,13.999999999999991,1.999999999999999,0
Madurai,2020-10-17,4.4,4.4,4.399999999999997,4.599999999999993,0.6571428571428563,0
Madurai,2020-10-18,5.7,5.7,10.099999999999998,10.099999999999994,1.442857142857142,0
Madurai,2020-10-19,1.8,1.8,11.899999999999997,11.899999999999991,1.699999999999999,0
Madurai,2020-10-20,5.7,5.7,13.199999999999996,17.599999999999994,2.5142857142857133,0
Madurai,2020-10-21,0.4,0.4,7.899999999999997,17.999999999999993,2.5714285714285703,0
Madurai,2020-10-22,0.1,0.1,6.199999999999997,18.099999999999994,2.585714285714285,0
Madurai,2020-10-23,0.0,0.0,0.4999999999999964,18.099999999999994,2.585714285714285,0
Madurai,2020-10-24,0.1,0.1,0.1999999999999964,13.799999999999994,1.9714285714285704,0
Madurai,2020-10-25,0.3,0.3,0.3999999999999964,8.399999999999993,1.199999999999999,0
Madurai,2020-10-26,0.9,0.9,1.2999999999999965,7.499999999999993,1.0714285714285705,0
Madurai,2020-10-27,3.7,3.7,4.899999999999997,5.499999999999993,0.7857142857142847,0
Madurai,2020-10-28,10.3,10.3,14.9,15.399999999999991,2.199999999999999,0
Madurai,2020-10-29,23.7,23.7,37.7,38.99999999999999,5.57142857142857,0
Madurai,2020-10-30,14.6,14.6,48.6,53.6,7.657142857142857,1
Madurai,2020-10-31,0.3,0.3,38.6,53.79999999999999,7.685714285714284,1
Madurai,2020-11-01,0.2,0.2,15.1,53.7,7.671428571428571,1
Madurai,2020-11-02,0.0,0.0,0.5,52.8,7.542857142857143,1
Madurai,2020-11-03,6.9,6.9,7.1000000000000005,55.99999999999999,7.999999999999999,1
Madurai,2020-11-04,10.8,10.8,17.700000000000003,56.49999999999999,8.07142857142857,1
Madurai,2020-11-05,13.6,13.6,31.3,46.39999999999999,6.628571428571427,0
Madurai,2020-11-06,9.2,9.2,33.599999999999994,40.99999999999999,5.857142857142856,0
Madurai,2020-11-07,3.9,3.9,26.7,44.6,6.371428571428571,0
Madurai,2020-11-08,10.8,10.8,23.9,55.19999999999999,7.885714285714284,1
Madurai,2020-11-09,0.0,0.0,14.7,55.19999999999999,7.885714285714284,1
Madurai,2020-11-10,0.0,0.0,10.8,48.3,6.9,0
Madurai,2020-11-11,0.0,0.0,0.0,37.5,5.357142857142857,0
Madurai,2020-11-12,6.2,6.2,6.2,30.099999999999994,4.299999999999999,0
Madurai,2020-11-13,16.7,16.7,22.9,37.6,5.371428571428571,0
Madurai,2020-11-14,1.0,1.0,23.9,34.69999999999999,4.957142857142856,0
Madurai,2020-11-15,8.3,8.3,26.0,32.19999999999999,4.599999999999999,0
Madurai,2020-11-16,25.0,25.0,34.3,57.19999999999999,8.171428571428569,1
Madurai,2020-11-17,21.7,21.7,55.0,78.89999999999999,11.27142857142857,1
Madurai,2020-11-18,13.4,13.4,60.1,92.3,13.185714285714283,1
Madurai,2020-11-19,8.6,8.6,43.7,94.7,13.528571428571428,1
Madurai,2020-11-20,1.3,1.3,23.3,79.3,11.328571428571427,1
Madurai,2020-11-21,0.0,0.0,9.9,78.29999999999998,11.185714285714283,1
Madurai,2020-11-22,0.0,0.0,1.3,69.99999999999999,9.999999999999998,1
Madurai,2020-11-23,0.0,0.0,0.0,44.99999999999999,6.428571428571426,0
Madurai,2020-11-24,0.1,0.1,0.1,23.39999999999999,3.3428571428571416,0
Madurai,2020-11-25,0.0,0.0,0.1,9.999999999999991,1.4285714285714275,0
Madurai,2020-11-26,2.1,2.1,2.2,3.499999999999993,0.499999999999999,0
Madurai,2020-11-27,7.5,7.5,9.6,9.699999999999992,1.3857142857142846,0
Madurai,2020-11-28,4.9,4.9,14.5,14.599999999999994,2.085714285714285,0
Madurai,2020-11-29,1.4,1.4,13.8,15.999999999999991,2.2857142857142847,0
Madurai,2020-11-30,1.0,1.0,7.300000000000001,16.999999999999993,2.4285714285714275,0
Madurai,2020-12-01,0.0,0.0,2.4,16.89999999999999,2.4142857142857133,0
Madurai,2020-12-02,12.2,12.2,13.2,29.09999999999999,4.157142857142856,0
Madurai,2020-12-03,67.2,67.2,79.4,94.2,13.457142857142856,1
Madurai,2020-12-04,44.5,44.5,123.9,131.2,18.74285714285714,2
Madurai,2020-12-05,24.2,24.2,135.9,150.5,21.5,2
Madurai,2020-12-06,54.1,54.1,122.8,203.2,29.02857142857143,2
Madurai,2020-12-07,21.6,21.6,99.9,223.8,31.971428571428568,2
Madurai,2020-12-08,10.3,10.3,86.0,234.1,33.44285714285714,2
Madurai,2020-12-09,2.2,2.2,34.1,224.1,32.01428571428571,2
Madurai,2020-12-10,0.7,0.7,13.2,157.6,22.514285714285712,2
Madurai,2020-12-11,0.0,0.0,2.9000000000000004,113.1,16.157142857142855,2
Madurai,2020-12-12,0.0,0.0,0.7,88.89999999999999,12.7,1
Madurai,2020-12-13,0.0,0.0,0.0,34.800000000000004,4.971428571428572,0
Madurai,2020-12-14,0.0,0.0,0.0,13.2,1.885714285714286,0
Madurai,2020-12-15,3.5,3.5,3.5,6.4,0.9142857142857144,0
Madurai,2020-12-16,11.7,11.7,15.2,15.9,2.271428571428572,0
Madurai,2020-12-17,4.2,4.2,19.4,19.4,2.771428571428572,0
Madurai,2020-12-18,5.7,5.7,21.6,25.1,3.585714285714286,0
Madurai,2020-12-19,0.1,0.1,10.0,25.2,3.6,0
Madurai,2020-12-20,0.0,0.0,5.8,25.2,3.6,0
Madurai,2020-12-21,0.0,0.0,0.1,25.2,3.6,0
Madurai,2020-12-22,5.1,5.1,5.1,26.8,3.828571428571428,0
Madurai,2020-12-23,0.9,0.9,6.0,16.0,2.2857142857142856,0
Madurai,2020-12-24,0.0,0.0,6.0,11.8,1.6857142857142855,0
Madurai,2020-12-25,0.0,0.0,0.9,6.1,0.8714285714285713,0
Madurai,2020-12-26,0.0,0.0,0.0,6.0,0.8571428571428571,0
Madurai,2020-12-27,0.0,0.0,0.0,6.0,0.8571428571428571,0
Madurai,2020-12-28,0.0,0.0,0.0,6.0,0.8571428571428571,0
Madurai,2020-12-29,2.9,2.9,2.9,3.8,0.5428571428571428,0
Madurai,2020-12-30,0.6,0.6,3.5,3.5,0.5,0
Madurai,2020-12-31,6.5,6.5,10.0,10.0,1.4285714285714286,0
Madurai,2021-01-01,0.0,0.0,7.1,10.0,1.4285714285714286,0
Madurai,2021-01-02,0.0,0.0,6.5,10.0,1.4285714285714286,0
Madurai,2021-01-03,7.2,7.2,7.2,17.2,2.457142857142857,0
Madurai,2021-01-04,4.1,4.1,11.3,21.3,3.042857142857143,0
Madurai,2021-01-05,6.0,6.0,17.3,24.4,3.485714285714286,0
Madurai,2021-01-06,9.8,9.8,19.9,33.6,4.8,0
Madurai,2021-01-07,0.9,0.9,16.7,28.0,4.0,0
Madurai,2021-01-08,7.7,7.7,18.4,35.7,5.1000000000000005,0
Madurai,2021-01-09,3.5,3.5,12.1,39.2,5.6000000000000005,0
Madurai,2021-01-10,8.2,8.2,19.4,40.2,5.742857142857143,0
Madurai,2021-01-11,16.9,16.9,28.6,53.0,7.571428571428571,1
Madurai,2021-01-12,42.8,42.8,67.89999999999999,89.8,12.828571428571427,1
Madurai,2021-01-13,15.6,15.6,75.29999999999998,95.6,13.657142857142857,1
Madurai,2021-01-14,5.9,5.9,64.3,100.6,14.37142857142857,2
Madurai,2021-01-15,9.0,9.0,30.5,101.9,14.557142857142855,2
Madurai,2021-01-16,30.1,30.1,45.0,128.5,18.357142857142858,2
Madurai,2021-01-17,0.0,0.0,39.1,120.29999999999998,17.185714285714283,2
Madurai,2021-01-18,0.0,0.0,30.1,103.4,14.771428571428572,2
Madurai,2021-01-19,0.0,0.0,0.0,60.6,8.657142857142857,1
Madurai,2021-01-20,0.0,0.0,0.0,45.0,6.428571428571429,0
Madurai,2021-01-21,0.6,0.6,0.6,39.7,5.671428571428572,0
Madurai,2021-01-22,0.7,0.7,1.2999999999999998,31.4,4.485714285714286,0
Madurai,2021-01-23,0.0,0.0,1.2999999999999998,1.2999999999999998,0.1857142857142857,0
Madurai,2021-01-24,0.0,0.0,0.7,1.2999999999999998,0.1857142857142857,0
Madurai,2021-01-25,0.0,0.0,0.0,1.2999999999999998,0.1857142857142857,0
Madurai,2021-01-26,0.1,0.1,0.1,1.4,0.1999999999999999,0
Madurai,2021-01-27,0.0,0.0,0.1,1.4,0.1999999999999999,0
Madurai,2021-01-28,0.0,0.0,0.1,0.7999999999999999,0.1142857142857142,0
Madurai,2021-01-29,0.0,0.0,0.0,0.1,0.0142857142857142,0
Madurai,2021-01-30,0.0,0.0,0.0,0.1,0.0142857142857142,0
Madurai,2021-01-31,0.0,0.0,0.0,0.1,0.0142857142857142,0
Madurai,2021-02-01,0.0,0.0,0.0,0.1,0.0142857142857142,0
Madurai,2021-02-02,0.0,0.0,0.0,0.0,0.0,0
Madurai,2021-02-03,0.0,0.0,0.0,0.0,0.0,0
Madurai,2021-02-04,0.0,0.0,0.0,0.0,0.0,0
Madurai,2021-02-05,0.0,0.0,0.0,0.0,0.0,0
Madurai,2021-02-06,0.0,0.0,0.0,0.0,0.0,0
Madurai,2021-02-07,0.0,0.0,0.0,0.0,0.0,0
Madurai,2021-02-08,0.0,0.0,0.0,0.0,0.0,0
Madurai,2021-02-09,0.0,0.0,0.0,0.0,0.0,0
Madurai,2021-02-10,0.0,0.0,0.0,0.0,0.0,0
Madurai,2021-02-11,0.0,0.0,0.0,0.0,0.0,0
Madurai,2021-02-12,0.0,0.0,0.0,0.0,0.0,0
Madurai,2021-02-13,0.0,0.0,0.0,0.0,0.0,0
Madurai,2021-02-14,0.0,0.0,0.0,0.0,0.0,0
Madurai,2021-02-15,0.0,0.0,0.0,0.0,0.0,0
Madurai,2021-02-16,0.0,0.0,0.0,0.0,0.0,0
Madurai,2021-02-17,0.0,0.0,0.0,0.0,0.0,0
Madurai,2021-02-18,0.0,0.0,0.0,0.0,0.0,0
Madurai,2021-02-19,0.0,0.0,0.0,0.0,0.0,0
Madurai,2021-02-20,2.0,2.0,2.0,2.0,0.2857142857142857,0
Madurai,2021-02-21,2.3,2.3,4.3,4.3,0.6142857142857142,0
Madurai,2021-02-22,1.3,1.3,5.6,5.6,0.7999999999999999,0
Madurai,2021-02-23,0.0,0.0,3.6,5.6,0.7999999999999999,0
Madurai,2021-02-24,0.0,0.0,1.3,5.6,0.7999999999999999,0
Madurai,2021-02-25,0.0,0.0,0.0,5.6,0.7999999999999999,0
Madurai,2021-02-26,0.0,0.0,0.0,5.6,0.7999999999999999,0
Madurai,2021-02-27,0.0,0.0,0.0,3.6,0.5142857142857142,0
Madurai,2021-02-28,0.0,0.0,0.0,1.3,0.1857142857142857,0
Madurai,2021-03-01,0.0,0.0,0.0,0.0,0.0,0
Madurai,2021-03-02,0.0,0.0,0.0,0.0,0.0,0
Madurai,2021-03-03,0.0,0.0,0.0,0.0,0.0,0
Madurai,2021-03-04,0.0,0.0,0.0,0.0,0.0,0
Madurai,2021-03-05,0.0,0.0,0.0,0.0,0.0,0
Madurai,2021-03-06,0.0,0.0,0.0,0.0,0.0,0
Madurai,2021-03-07,0.0,0.0,0.0,0.0,0.0,0
Madurai,2021-03-08,0.6,0.6,0.6,0.6,0.0857142857142857,0
Madurai,2021-03-09,0.1,0.1,0.7,0.7,0.0999999999999999,0
Madurai,2021-03-10,3.0,3.0,3.7,3.7,0.5285714285714286,0
Madurai,2021-03-11,1.1,1.1,4.2,4.800000000000001,0.6857142857142858,0
Madurai,2021-03-12,0.0,0.0,4.1000000000000005,4.800000000000001,0.6857142857142858,0
Madurai,2021-03-13,0.1,0.1,1.2000000000000002,4.9,0.7000000000000001,0
Madurai,2021-03-14,0.0,0.0,0.1,4.9,0.7000000000000001,0
Madurai,2021-03-15,0.0,0.0,0.1,4.300000000000001,0.6142857142857144,0
Madurai,2021-03-16,0.0,0.0,0.0,4.2,0.6,0
Madurai,2021-03-17,0.0,0.0,0.0,1.2000000000000002,0.1714285714285714,0
Madurai,2021-03-18,0.0,0.0,0.0,0.1,0.0142857142857142,0
Madurai,2021-03-19,0.0,0.0,0.0,0.1,0.0142857142857142,0
Madurai,2021-03-20,0.0,0.0,0.0,0.0,0.0,0
Madurai,2021-03-21,0.0,0.0,0.0,0.0,0.0,0
Madurai,2021-03-22,0.0,0.0,0.0,0.0,0.0,0
Madurai,2021-03-23,0.0,0.0,0.0,0.0,0.0,0
Madurai,2021-03-24,0.0,0.0,0.0,0.0,0.0,0
Madurai,2021-03-25,0.0,0.0,0.0,0.0,0.0,0
Madurai,2021-03-26,0.0,0.0,0.0,0.0,0.0,0
Madurai,2021-03-27,0.2,0.2,0.2,0.2,0.0285714285714285,0
Madurai,2021-03-28,0.3,0.3,0.5,0.5,0.0714285714285714,0
Madurai,2021-03-29,0.0,0.0,0.5,0.5,0.0714285714285714,0
Madurai,2021-03-30,0.0,0.0,0.3,0.5,0.0714285714285714,0
Madurai,2021-03-31,0.0,0.0,0.0,0.5,0.0714285714285714,0
Madurai,2021-04-01,0.0,0.0,0.0,0.5,0.0714285714285714,0
Madurai,2021-04-02,0.0,0.0,0.0,0.5,0.0714285714285714,0
Madurai,2021-04-03,0.0,0.0,0.0,0.3,0.0428571428571428,0
Madurai,2021-04-04,0.0,0.0,0.0,0.0,0.0,0
Madurai,2021-04-05,0.0,0.0,0.0,0.0,0.0,0
Madurai,2021-04-06,0.0,0.0,0.0,0.0,0.0,0
Madurai,2021-04-07,0.0,0.0,0.0,0.0,0.0,0
Madurai,2021-04-08,0.0,0.0,0.0,0.0,0.0,0
Madurai,2021-04-09,0.0,0.0,0.0,0.0,0.0,0
Madurai,2021-04-10,0.7,0.7,0.7,0.7,0.0999999999999999,0
Madurai,2021-04-11,0.2,0.2,0.8999999999999999,0.8999999999999999,0.1285714285714285,0
Madurai,2021-04-12,4.6,4.6,5.5,5.5,0.7857142857142857,0
Madurai,2021-04-13,2.9,2.9,7.699999999999999,8.4,1.2,0
Madurai,2021-04-14,18.7,18.7,26.2,27.1,3.871428571428571,0
Madurai,2021-04-15,16.8,16.8,38.400000000000006,43.9,6.271428571428571,0
Madurai,2021-04-16,6.7,6.7,42.2,50.6,7.228571428571429,1
Madurai,2021-04-17,0.0,0.0,23.5,49.9,7.128571428571428,0
Madurai,2021-04-18,2.7,2.7,9.4,52.4,7.485714285714286,1
Madurai,2021-04-19,0.0,0.0,2.7,47.8,6.828571428571428,0
Madurai,2021-04-20,0.0,0.0,2.7,44.9,6.414285714285714,0
Madurai,2021-04-21,0.0,0.0,0.0,26.200000000000003,3.7428571428571433,0
Madurai,2021-04-22,0.1,0.1,0.1,9.5,1.3571428571428572,0
Madurai,2021-04-23,0.2,0.2,0.3,3.0,0.4285714285714285,0
Madurai,2021-04-24,0.8,0.8,1.1,3.8,0.5428571428571429,0
Madurai,2021-04-25,0.3,0.3,1.3,1.4,0.2,0
Madurai,2021-04-26,0.1,0.1,1.2,1.5,0.2142857142857142,0
Madurai,2021-04-27,0.2,0.2,0.6,1.7000000000000002,0.2428571428571428,0
Madurai,2021-04-28,0.0,0.0,0.3,1.7000000000000002,0.2428571428571428,0
Madurai,2021-04-29,0.0,0.0,0.2,1.6,0.2285714285714286,0
Madurai,2021-04-30,0.0,0.0,0.0,1.4,0.2,0
Madurai,2021-05-01,2.4,2.4,2.4,3.0,0.4285714285714285,0
Madurai,2021-05-02,11.0,11.0,13.4,13.7,1.957142857142857,0
Madurai,2021-05-03,7.0,7.0,20.4,20.6,2.942857142857143,0
Madurai,2021-05-04,5.8,5.8,23.8,26.2,3.742857142857143,0
Madurai,2021-05-05,1.5,1.5,14.3,27.7,3.957142857142857,0
Madurai,2021-05-06,3.5,3.5,10.8,31.2,4.457142857142857,0
Madurai,2021-05-07,4.8,4.8,9.8,36.0,5.142857142857143,0
Madurai,2021-05-08,0.7,0.7,9.0,34.300000000000004,4.9,0
Madurai,2021-05-09,5.2,5.2,10.7,28.5,4.071428571428571,0
Madurai,2021-05-10,1.3,1.3,7.2,22.8,3.2571428571428567,0
Madurai,2021-05-11,1.2,1.2,7.7,18.2,2.599999999999999,0
Madurai,2021-05-12,0.4,0.4,2.9,17.099999999999998,2.4428571428571426,0
Madurai,2021-05-13,2.9,2.9,4.5,16.499999999999996,2.3571428571428568,0
Madurai,2021-05-14,3.4,3.4,6.699999999999999,15.099999999999998,2.157142857142857,0
Madurai,2021-05-15,15.2,15.2,21.5,29.6,4.228571428571429,0
Madurai,2021-05-16,0.9,0.9,19.5,25.3,3.614285714285714,0
Madurai,2021-05-17,1.7,1.7,17.8,25.7,3.6714285714285713,0
Madurai,2021-05-18,0.2,0.2,2.8000000000000003,24.7,3.5285714285714285,0
Madurai,2021-05-19,0.8,0.8,2.7,25.1,3.5857142857142854,0
Madurai,2021-05-20,5.4,5.4,6.4,27.6,3.942857142857143,0
Madurai,2021-05-21,3.2,3.2,9.4,27.399999999999995,3.9142857142857137,0
Madurai,2021-05-22,5.8,5.8,14.400000000000002,18.0,2.571428571428572,0
Madurai,2021-05-23,0.1,0.1,9.1,17.2,2.457142857142857,0
Madurai,2021-05-24,0.8,0.8,6.7,16.299999999999997,2.3285714285714283,0
Madurai,2021-05-25,0.4,0.4,1.3,16.5,2.357142857142857,0
Madurai,2021-05-26,1.9,1.9,3.1,17.599999999999998,2.514285714285714,0
Madurai,2021-05-27,0.0,0.0,2.3,12.199999999999998,1.7428571428571424,0
Madurai,2021-05-28,0.0,0.0,1.9,8.999999999999996,1.2857142857142851,0
Madurai,2021-05-29,0.0,0.0,0.0,3.1999999999999984,0.4571428571428569,0
Madurai,2021-05-30,0.0,0.0,0.0,3.099999999999998,0.4428571428571425,0
Madurai,2021-05-31,0.0,0.0,0.0,2.299999999999998,0.3285714285714283,0
Madurai,2021-06-01,0.2,0.2,0.2,2.0999999999999983,0.2999999999999997,0
Madurai,2021-06-02,1.1,1.1,1.3,1.2999999999999985,0.1857142857142854,0
Madurai,2021-06-03,4.4,4.4,5.7,5.699999999999998,0.8142857142857141,0
Madurai,2021-06-04,41.3,41.3,46.8,46.99999999999999,6.7142857142857135,0
Madurai,2021-06-05,17.5,17.5,63.2,64.5,9.214285714285714,1
Madurai,2021-06-06,2.0,2.0,60.8,66.5,9.5,1
Madurai,2021-06-07,0.5,0.5,20.0,67.0,9.571428571428571,1
Madurai,2021-06-08,9.1,9.1,11.6,75.89999999999999,10.842857142857142,1
Madurai,2021-06-09,0.0,0.0,9.6,74.8,10.685714285714283,1
Madurai,2021-06-10,0.0,0.0,9.1,70.39999999999999,10.057142857142855,1
Madurai,2021-06-11,0.0,0.0,0.0,29.099999999999994,4.157142857142857,0
Madurai,2021-06-12,0.0,0.0,0.0,11.599999999999993,1.657142857142856,0
Madurai,2021-06-13,12.9,12.9,12.9,22.499999999999996,3.214285714285713,0
Madurai,2021-06-14,9.3,9.3,22.200000000000003,31.299999999999997,4.471428571428571,0
Madurai,2021-06-15,0.2,0.2,22.4,22.399999999999995,3.1999999999999997,0
Madurai,2021-06-16,0.1,0.1,9.6,22.499999999999996,3.214285714285713,0
Madurai,2021-06-17,0.0,0.0,0.3,22.499999999999996,3.214285714285713,0
Madurai,2021-06-18,0.0,0.0,0.1,22.499999999999996,3.214285714285713,0
Madurai,2021-06-19,0.0,0.0,0.0,22.499999999999996,3.214285714285713,0
Madurai,2021-06-20,0.0,0.0,0.0,9.599999999999994,1.3714285714285706,0
Madurai,2021-06-21,0.0,0.0,0.0,0.2999999999999929,0.0428571428571418,0
Madurai,2021-06-22,0.5,0.5,0.5,0.599999999999993,0.0857142857142847,0
Madurai,2021-06-23,4.7,4.7,5.2,5.199999999999993,0.7428571428571419,0
Madurai,2021-06-24,0.1,0.1,5.3,5.299999999999993,0.7571428571428561,0
Madurai,2021-06-25,0.0,0.0,4.8,5.299999999999993,0.7571428571428561,0
Madurai,2021-06-26,0.0,0.0,0.1,5.299999999999993,0.7571428571428561,0
Madurai,2021-06-27,0.5,0.5,0.5,5.799999999999993,0.8285714285714275,0
Madurai,2021-06-28,0.1,0.1,0.6,5.899999999999993,0.8428571428571419,0
Madurai,2021-06-29,0.5,0.5,1.1,5.899999999999993,0.8428571428571419,0
Madurai,2021-06-30,0.8,0.8,1.4,1.999999999999993,0.2857142857142847,0
Madurai,2021-07-01,3.6,3.6,4.9,5.499999999999993,0.7857142857142847,0
Madurai,2021-07-02,0.8,0.8,5.2,6.299999999999993,0.8999999999999989,0
Madurai,2021-07-03,5.1,5.1,9.5,11.399999999999991,1.6285714285714274,0
Madurai,2021-07-04,11.6,11.6,17.5,22.499999999999996,3.214285714285713,0
Madurai,2021-07-05,0.0,0.0,16.7,22.39999999999999,3.199999999999999,0
Madurai,2021-07-06,3.6,3.6,15.2,25.499999999999996,3.642857142857142,0
Madurai,2021-07-07,1.2,1.2,4.8,25.899999999999995,3.6999999999999993,0
Madurai,2021-07-08,0.2,0.2,5.0,22.499999999999996,3.214285714285713,0
Madurai,2021-07-09,6.8,6.8,8.2,28.499999999999996,4.07142857142857,0
Madurai,2021-07-10,0.0,0.0,7.0,23.399999999999995,3.342857142857142,0
Madurai,2021-07-11,7.7,7.7,14.5,19.499999999999996,2.7857142857142847,0
Madurai,2021-07-12,1.8,1.8,9.5,21.299999999999997,3.042857142857142,0
Madurai,2021-07-13,0.3,0.3,9.8,17.999999999999993,2.5714285714285703,0
Madurai,2021-07-14,0.1,0.1,2.2,16.89999999999999,2.4142857142857133,0
Madurai,2021-07-15,0.0,0.0,0.4,16.699999999999992,2.385714285714285,0
Madurai,2021-07-16,4.0,4.0,4.1,13.899999999999991,1.9857142857142844,0
Madurai,2021-07-17,0.2,0.2,4.2,14.099999999999993,2.0142857142857133,0
Madurai,2021-07-18,0.0,0.0,4.2,6.399999999999993,0.9142857142857134,0
Madurai,2021-07-19,0.0,0.0,0.2,4.599999999999993,0.6571428571428563,0
Madurai,2021-07-20,0.0,0.0,0.0,4.299999999999994,0.6142857142857133,0
Madurai,2021-07-21,0.4,0.4,0.4,4.5999999999999925,0.657142857142856,0
Madurai,2021-07-22,0.1,0.1,0.5,4.699999999999993,0.6714285714285705,0
Madurai,2021-07-23,0.0,0.0,0.5,0.699999999999993,0.0999999999999989,0
Madurai,2021-07-24,0.1,0.1,0.2,0.599999999999993,0.0857142857142847,0
Madurai,2021-07-25,0.7,0.7,0.7999999999999999,1.299999999999993,0.1857142857142847,0
Madurai,2021-07-26,0.4,0.4,1.2,1.699999999999993,0.2428571428571418,0
Madurai,2021-07-27,0.2,0.2,1.2999999999999998,1.899999999999993,0.2714285714285704,0
Madurai,2021-07-28,0.0,0.0,0.6000000000000001,1.499999999999993,0.2142857142857132,0
Madurai,2021-07-29,0.1,0.1,0.3,1.499999999999993,0.2142857142857132,0
Madurai,2021-07-30,0.1,0.1,0.2,1.599999999999993,0.2285714285714275,0
Madurai,2021-07-31,0.2,0.2,0.4,1.6999999999999929,0.2428571428571418,0
Madurai,2021-08-01,0.1,0.1,0.4,1.099999999999993,0.1571428571428561,0
Madurai,2021-08-02,0.1,0.1,0.4,0.7999999999999929,0.1142857142857132,0
Madurai,2021-08-03,0.0,0.0,0.2,0.599999999999993,0.0857142857142847,0
Madurai,2021-08-04,0.0,0.0,0.1,0.599999999999993,0.0857142857142847,0
Madurai,2021-08-05,0.2,0.2,0.2,0.6999999999999929,0.0999999999999989,0
Madurai,2021-08-06,0.0,0.0,0.2,0.599999999999993,0.0857142857142847,0
Madurai,2021-08-07,0.9,0.9,1.1,1.299999999999993,0.1857142857142847,0
Madurai,2021-08-08,6.2,6.2,7.1000000000000005,7.399999999999993,1.0571428571428565,0
Madurai,2021-08-09,1.6,1.6,8.700000000000001,8.899999999999993,1.2714285714285705,0
Madurai,2021-08-10,1.5,1.5,9.3,10.399999999999991,1.4857142857142849,0
Madurai,2021-08-11,0.9,0.9,4.0,11.299999999999994,1.6142857142857134,0
Madurai,2021-08-12,0.8,0.8,3.2,11.899999999999991,1.699999999999999,0
Madurai,2021-08-13,0.1,0.1,1.8,11.999999999999991,1.7142857142857133,0
Madurai,2021-08-14,0.4,0.4,1.3,11.499999999999996,1.642857142857142,0
Madurai,2021-08-15,0.1,0.1,0.6,5.399999999999993,0.7714285714285705,0
Madurai,2021-08-16,0.6,0.6,1.1,4.399999999999993,0.6285714285714276,0
Madurai,2021-08-17,0.8,0.8,1.5,3.699999999999993,0.5285714285714276,0
Madurai,2021-08-18,0.9,0.9,2.3,3.699999999999993,0.5285714285714276,0
Madurai,2021-08-19,0.4,0.4,2.1,3.2999999999999927,0.4714285714285703,0
Madurai,2021-08-20,1.0,1.0,2.3,4.199999999999992,0.5999999999999989,0
Madurai,2021-08-21,10.5,10.5,11.9,14.299999999999992,2.042857142857142,0
Madurai,2021-08-22,9.0,9.0,20.5,23.199999999999992,3.314285714285713,0
Madurai,2021-08-23,3.3,3.3,22.8,25.89999999999999,3.699999999999999,0
Madurai,2021-08-24,0.3,0.3,12.6,25.399999999999995,3.628571428571428,0
Madurai,2021-08-25,2.4,2.4,6.0,26.89999999999999,3.8428571428571416,0
Madurai,2021-08-26,0.4,0.4,3.1,26.89999999999999,3.8428571428571416,0
Madurai,2021-08-27,0.0,0.0,2.8,25.89999999999999,3.699999999999999,0
Madurai,2021-08-28,3.4,3.4,3.8,18.799999999999997,2.6857142857142846,0
Madurai,2021-08-29,17.9,17.9,21.3,27.699999999999992,3.957142857142856,0
Madurai,2021-08-30,5.0,5.0,26.3,29.39999999999999,4.199999999999998,0
Madurai,2021-08-31,0.6,0.6,23.5,29.699999999999992,4.242857142857142,0
Madurai,2021-09-01,0.4,0.4,6.0,27.699999999999992,3.957142857142856,0
Madurai,2021-09-02,8.8,8.8,9.8,36.1,5.157142857142857,0
Madurai,2021-09-03,8.6,8.6,17.8,44.7,6.385714285714285,0
Madurai,2021-09-04,3.3,3.3,20.7,44.6,6.371428571428571,0
Madurai,2021-09-05,0.7,0.7,12.6,27.39999999999999,3.914285714285713,0
Madurai,2021-09-06,0.0,0.0,4.0,22.39999999999999,3.199999999999999,0
Madurai,2021-09-07,0.0,0.0,0.7,21.79999999999999,3.114285714285713,0
Madurai,2021-09-08,0.0,0.0,0.0,21.39999999999999,3.057142857142856,0
Madurai,2021-09-09,0.0,0.0,0.0,12.599999999999993,1.799999999999999,0
Madurai,2021-09-10,0.0,0.0,0.0,3.999999999999993,0.5714285714285704,0
Madurai,2021-09-11,0.1,0.1,0.1,0.7999999999999928,0.1142857142857132,0
Madurai,2021-09-12,0.0,0.0,0.1,0.0999999999999929,0.0142857142857132,0
Madurai,2021-09-13,0.2,0.2,0.3,0.2999999999999929,0.0428571428571418,0
Madurai,2021-09-14,0.9,0.9,1.1,1.199999999999993,0.1714285714285704,0
Madurai,2021-09-15,1.3,1.3,2.4000000000000004,2.499999999999993,0.3571428571428561,0
Madurai,2021-09-16,1.1,1.1,3.3,3.599999999999993,0.5142857142857132,0
Madurai,2021-09-17,2.4,2.4,4.800000000000001,5.999999999999993,0.8571428571428561,0
Madurai,2021-09-18,10.3,10.3,13.8,16.199999999999996,2.3142857142857136,0
Madurai,2021-09-19,9.8,9.8,22.5,25.999999999999996,3.714285714285713,0
Madurai,2021-09-20,10.5,10.5,30.6,36.3,5.185714285714285,0
Madurai,2021-09-21,0.1,0.1,20.4,35.5,5.071428571428571,0
Madurai,2021-09-22,0.0,0.0,10.6,34.2,4.885714285714285,0
Madurai,2021-09-23,1.1,1.1,1.2000000000000002,34.19999999999999,4.885714285714284,0
Madurai,2021-09-24,3.1,3.1,4.2,34.89999999999999,4.985714285714285,0
Madurai,2021-09-25,0.6,0.6,4.8,25.2,3.599999999999999,0
Madurai,2021-09-26,10.0,10.0,13.7,25.39999999999999,3.6285714285714272,0
Madurai,2021-09-27,1.3,1.3,11.9,16.199999999999992,2.314285714285713,0
Madurai,2021-09-28,0.0,0.0,11.3,16.09999999999999,2.2999999999999985,0
Madurai,2021-09-29,0.0,0.0,1.3,16.09999999999999,2.2999999999999985,0
Madurai,2021-09-30,9.7,9.7,9.7,24.7,3.528571428571428,0
Madurai,2021-10-01,9.9,9.9,19.6,31.499999999999996,4.499999999999999,0
Madurai,2021-10-02,19.1,19.1,38.7,50.0,7.142857142857143,1
Madurai,2021-10-03,8.3,8.3,37.3,48.3,6.9,0
Madurai,2021-10-04,12.1,12.1,39.50000000000001,59.1,8.442857142857141,1
Madurai,2021-10-05,7.7,7.7,28.100000000000005,66.8,9.542857142857144,1
Madurai,2021-10-06,12.8,12.8,32.60000000000001,79.6,11.37142857142857,1
Madurai,2021-10-07,2.1,2.1,22.600000000000005,71.99999999999999,10.285714285714285,1
Madurai,2021-10-08,6.7,6.7,21.600000000000005,68.8,9.828571428571427,1
Madurai,2021-10-09,0.9,0.9,9.700000000000005,50.6,7.228571428571428,1
Madurai,2021-10-10,5.6,5.6,13.200000000000005,47.89999999999999,6.842857142857142,0
Madurai,2021-10-11,12.8,12.8,19.300000000000004,48.6,6.942857142857142,0
Madurai,2021-10-12,1.3,1.3,19.700000000000006,42.2,6.028571428571428,0
Madurai,2021-10-13,0.0,0.0,14.100000000000003,29.399999999999995,4.199999999999999,0
Madurai,2021-10-14,0.5,0.5,1.8000000000000036,27.799999999999997,3.97142857142857,0
Madurai,2021-10-15,2.0,2.0,2.500000000000004,23.099999999999994,3.2999999999999994,0
Madurai,2021-10-16,7.2,7.2,9.700000000000005,29.399999999999995,4.199999999999999,0
Madurai,2021-10-17,3.5,3.5,12.700000000000005,27.299999999999997,3.899999999999999,0
Madurai,2021-10-18,3.4,3.4,14.100000000000003,17.89999999999999,2.557142857142856,0
Madurai,2021-10-19,3.3,3.3,10.200000000000005,19.89999999999999,2.8428571428571416,0
Madurai,2021-10-20,26.5,26.5,33.2,46.39999999999999,6.628571428571427,0
Madurai,2021-10-21,12.6,12.6,42.400000000000006,58.49999999999999,8.357142857142856,1
Madurai,2021-10-22,12.7,12.7,51.8,69.19999999999999,9.885714285714284,1
Madurai,2021-10-23,8.8,8.8,34.1,70.79999999999998,10.114285714285712,1
Madurai,2021-10-24,3.5,3.5,25.0,70.79999999999998,10.114285714285712,1
Madurai,2021-10-25,8.8,8.8,21.100000000000005,76.2,10.885714285714286,1
Madurai,2021-10-26,13.9,13.9,26.200000000000003,86.79999999999998,12.399999999999997,1
Madurai,2021-10-27,17.2,17.2,39.900000000000006,77.5,11.071428571428571,1
Madurai,2021-10-28,0.0,0.0,31.100000000000005,64.9,9.271428571428572,1
Madurai,2021-10-29,14.7,14.7,31.9,66.89999999999999,9.557142857142855,1
Madurai,2021-10-30,26.5,26.5,41.2,84.6,12.085714285714284,1
Madurai,2021-10-31,6.3,6.3,47.50000000000001,87.39999999999999,12.485714285714284,1
Madurai,2021-11-01,24.3,24.3,57.10000000000001,102.9,14.7,2
Madurai,2021-11-02,19.6,19.6,50.20000000000001,108.6,15.514285714285714,2
Madurai,2021-11-03,17.0,17.0,60.90000000000001,108.4,15.485714285714286,2
Madurai,2021-11-04,23.2,23.2,59.80000000000001,131.6,18.8,2
Madurai,2021-11-05,30.2,30.2,70.4,147.1,21.014285714285712,2
Madurai,2021-11-06,19.9,19.9,73.30000000000001,140.5,20.071428571428573,2
Madurai,2021-11-07,16.7,16.7,66.8,150.89999999999998,21.557142857142853,2
Madurai,2021-11-08,54.1,54.1,90.70000000000002,180.7,25.814285714285717,2
Madurai,2021-11-09,51.4,51.4,122.2,212.5,30.357142857142858,2
Madurai,2021-11-10,15.0,15.0,120.5,210.5,30.071428571428573,2
Madurai,2021-11-11,14.7,14.7,81.10000000000001,202.0,28.857142857142858,2
Madurai,2021-11-12,4.5,4.5,34.2,176.29999999999998,25.185714285714283,2
Madurai,2021-11-13,9.6,9.6,28.800000000000004,165.99999999999997,23.71428571428571,2
Madurai,2021-11-14,0.4,0.4,14.500000000000009,149.7,21.385714285714283,2
Madurai,2021-11-15,13.8,13.8,23.800000000000008,109.4,15.62857142857143,2
Madurai,2021-11-16,16.5,16.5,30.70000000000001,74.5,10.642857142857142,1
Madurai,2021-11-17,32.9,32.9,63.20000000000001,92.4,13.2,1
Madurai,2021-11-18,3.1,3.1,52.50000000000001,80.79999999999998,11.54285714285714,1
Madurai,2021-11-19,14.3,14.3,50.3,90.6,12.94285714285714,1
Madurai,2021-11-20,12.9,12.9,30.300000000000008,93.9,13.414285714285713,1
Madurai,2021-11-21,0.0,0.0,27.200000000000006,93.5,13.357142857142856,1
Madurai,2021-11-22,7.6,7.6,20.500000000000007,87.3,12.471428571428572,1
Madurai,2021-11-23,23.1,23.1,30.70000000000001,93.9,13.414285714285713,1
Madurai,2021-11-24,0.9,0.9,31.60000000000001,61.89999999999999,8.842857142857142,1
Madurai,2021-11-25,27.1,27.1,51.10000000000001,85.89999999999999,12.27142857142857,1
Madurai,2021-11-26,19.6,19.6,47.60000000000001,91.2,13.028571428571428,1
Madurai,2021-11-27,24.5,24.5,71.20000000000002,102.79999999999998,14.685714285714283,2
Madurai,2021-11-28,23.5,23.5,67.60000000000001,126.29999999999998,18.04285714285714,2
Madurai,2021-11-29,34.4,34.4,82.4,153.1,21.87142857142857,2
Madurai,2021-11-30,15.7,15.7,73.60000000000001,145.7,20.814285714285717,2
Madurai,2021-12-01,5.0,5.0,55.10000000000001,149.79999999999998,21.4,2
Madurai,2021-12-02,9.2,9.2,29.90000000000001,131.9,18.842857142857145,2
Madurai,2021-12-03,0.8,0.8,15.000000000000009,113.1,16.157142857142855,2
Madurai,2021-12-04,4.4,4.4,14.400000000000006,93.0,13.285714285714285,1
Madurai,2021-12-05,3.9,3.9,9.100000000000009,73.39999999999999,10.485714285714284,1
Madurai,2021-12-06,10.7,10.7,19.000000000000007,49.69999999999999,7.099999999999999,0
Madurai,2021-12-07,3.9,3.9,18.500000000000007,37.899999999999984,5.414285714285712,0
Madurai,2021-12-08,0.3,0.3,14.900000000000006,33.2,4.742857142857142,0
Madurai,2021-12-09,22.3,22.3,26.500000000000007,46.3,6.614285714285714,0
Madurai,2021-12-10,0.2,0.2,22.800000000000008,45.7,6.528571428571428,0
Madurai,2021-12-11,0.2,0.2,22.700000000000006,41.49999999999999,5.928571428571428,0
Madurai,2021-12-12,1.6,1.6,2.000000000000007,39.19999999999999,5.599999999999999,0
Madurai,2021-12-13,0.1,0.1,1.9000000000000072,28.6,4.085714285714285,0
Madurai,2021-12-14,2.7,2.7,4.400000000000008,27.399999999999995,3.9142857142857137,0
Madurai,2021-12-15,1.4,1.4,4.200000000000007,28.499999999999996,4.07142857142857,0
Madurai,2021-12-16,0.1,0.1,4.200000000000007,6.299999999999993,0.8999999999999989,0
Madurai,2021-12-17,0.0,0.0,1.500000000000007,6.0999999999999925,0.8714285714285703,0
Madurai,2021-12-18,0.0,0.0,0.1000000000000071,5.899999999999992,0.8428571428571418,0
Madurai,2021-12-19,0.0,0.0,0.0,4.299999999999993,0.6142857142857132,0
Madurai,2021-12-20,0.0,0.0,0.0,4.199999999999993,0.599999999999999,0
Madurai,2021-12-21,0.0,0.0,0.0,1.499999999999993,0.2142857142857132,0
Madurai,2021-12-22,0.0,0.0,0.0,0.0999999999999929,0.0142857142857132,0
Madurai,2021-12-23,0.0,0.0,0.0,0.0,0.0,0
Madurai,2021-12-24,0.0,0.0,0.0,0.0,0.0,0
Madurai,2021-12-25,0.0,0.0,0.0,0.0,0.0,0
Madurai,2021-12-26,0.0,0.0,0.0,0.0,0.0,0
Madurai,2021-12-27,0.0,0.0,0.0,0.0,0.0,0
Madurai,2021-12-28,0.0,0.0,0.0,0.0,0.0,0
Madurai,2021-12-29,0.0,0.0,0.0,0.0,0.0,0
Madurai,2021-12-30,3.9,3.9,3.900000000000007,3.899999999999993,0.5571428571428562,0
Madurai,2021-12-31,1.6,1.6,5.500000000000007,5.499999999999993,0.7857142857142847,0
Madurai,2022-01-01,2.2,2.2,7.700000000000007,7.699999999999993,1.099999999999999,0
Madurai,2022-01-02,1.1,1.1,4.900000000000008,8.799999999999994,1.2571428571428562,0
Madurai,2022-01-03,0.0,0.0,3.300000000000008,8.799999999999994,1.2571428571428562,0
Madurai,2022-01-04,0.0,0.0,1.1000000000000072,8.799999999999994,1.2571428571428562,0
Madurai,2022-01-05,0.0,0.0,0.0,8.799999999999994,1.2571428571428562,0
Madurai,2022-01-06,0.0,0.0,0.0,4.899999999999993,0.6999999999999991,0
Madurai,2022-01-07,0.0,0.0,0.0,3.299999999999993,0.4714285714285705,0
Madurai,2022-01-08,0.0,0.0,0.0,1.099999999999993,0.1571428571428561,0
Madurai,2022-01-09,0.0,0.0,0.0,0.0,0.0,0
Madurai,2022-01-10,0.0,0.0,0.0,0.0,0.0,0
Madurai,2022-01-11,0.2,0.2,0.2000000000000071,0.1999999999999929,0.0285714285714275,0
Madurai,2022-01-12,0.0,0.0,0.2000000000000071,0.1999999999999929,0.0285714285714275,0
Madurai,2022-01-13,0.6,0.6,0.8000000000000071,0.7999999999999929,0.1142857142857132,0
Madurai,2022-01-14,1.1,1.1,1.7000000000000073,1.899999999999993,0.2714285714285704,0
Madurai,2022-01-15,0.0,0.0,1.7000000000000073,1.899999999999993,0.2714285714285704,0
Madurai,2022-01-16,0.0,0.0,1.1000000000000072,1.899999999999993,0.2714285714285704,0
Madurai,2022-01-17,0.4,0.4,0.4000000000000071,2.299999999999993,0.3285714285714275,0
Madurai,2022-01-18,0.0,0.0,0.4000000000000071,2.099999999999993,0.299999999999999,0
Madurai,2022-01-19,0.0,0.0,0.4000000000000071,2.099999999999993,0.299999999999999,0
Madurai,2022-01-20,0.0,0.0,0.0,1.499999999999993,0.2142857142857132,0
Madurai,2022-01-21,0.0,0.0,0.0,0.3999999999999929,0.0571428571428561,0
Madurai,2022-01-22,0.0,0.0,0.0,0.3999999999999929,0.0571428571428561,0
Madurai,2022-01-23,0.0,0.0,0.0,0.3999999999999929,0.0571428571428561,0
Madurai,2022-01-24,0.3,0.3,0.3000000000000071,0.2999999999999929,0.0428571428571418,0
Madurai,2022-01-25,1.0,1.0,1.3000000000000071,1.299999999999993,0.1857142857142847,0
Madurai,2022-01-26,1.6,1.6,2.9000000000000075,2.899999999999993,0.4142857142857133,0
Madurai,2022-01-27,0.1,0.1,2.7000000000000077,2.999999999999993,0.4285714285714275,0
Madurai,2022-01-28,0.0,0.0,1.7000000000000073,2.999999999999993,0.4285714285714275,0
Madurai,2022-01-29,1.6,1.6,1.7000000000000073,4.599999999999993,0.6571428571428563,0
Madurai,2022-01-30,4.0,4.0,5.600000000000007,8.599999999999994,1.2285714285714278,0
Madurai,2022-01-31,0.0,0.0,5.600000000000007,8.299999999999994,1.1857142857142848,0
Madurai,2022-02-01,0.0,0.0,4.000000000000007,7.299999999999994,1.042857142857142,0
Madurai,2022-02-02,0.0,0.0,0.0,5.699999999999993,0.8142857142857133,0
Madurai,2022-02-03,0.0,0.0,0.0,5.599999999999993,0.799999999999999,0
Madurai,2022-02-04,0.0,0.0,0.0,5.599999999999993,0.799999999999999,0
Madurai,2022-02-05,0.0,0.0,0.0,3.999999999999993,0.5714285714285704,0
Madurai,2022-02-06,0.7,0.7,0.7000000000000075,0.6999999999999929,0.0999999999999989,0
Madurai,2022-02-07,0.0,0.0,0.7000000000000075,0.6999999999999929,0.0999999999999989,0
Madurai,2022-02-08,0.0,0.0,0.7000000000000075,0.6999999999999929,0.0999999999999989,0
Madurai,2022-02-09,0.0,0.0,0.0,0.6999999999999929,0.0999999999999989,0
Madurai,2022-02-10,0.0,0.0,0.0,0.6999999999999929,0.0999999999999989,0
Madurai,2022-02-11,0.8,0.8,0.8000000000000076,1.499999999999993,0.2142857142857132,0
Madurai,2022-02-12,2.4,2.4,3.2000000000000077,3.899999999999993,0.5571428571428562,0
Madurai,2022-02-13,0.0,0.0,3.200000000000008,3.199999999999993,0.4571428571428561,0
Madurai,2022-02-14,0.0,0.0,2.4000000000000075,3.199999999999993,0.4571428571428561,0
Madurai,2022-02-15,0.0,0.0,0.0,3.199999999999993,0.4571428571428561,0
Madurai,2022-02-16,0.0,0.0,0.0,3.199999999999993,0.4571428571428561,0
Madurai,2022-02-17,0.0,0.0,0.0,3.199999999999993,0.4571428571428561,0
Madurai,2022-02-18,0.0,0.0,0.0,2.399999999999993,0.3428571428571418,0
Madurai,2022-02-19,0.2,0.2,0.200000000000008,0.1999999999999929,0.0285714285714275,0
Madurai,2022-02-20,0.0,0.0,0.200000000000008,0.1999999999999929,0.0285714285714275,0
Madurai,2022-02-21,0.0,0.0,0.200000000000008,0.1999999999999929,0.0285714285714275,0
Madurai,2022-02-22,0.0,0.0,0.0,0.1999999999999929,0.0285714285714275,0
Madurai,2022-02-23,0.0,0.0,0.0,0.1999999999999929,0.0285714285714275,0
Madurai,2022-02-24,1.1,1.1,1.100000000000008,1.299999999999993,0.1857142857142847,0
Madurai,2022-02-25,0.0,0.0,1.100000000000008,1.299999999999993,0.1857142857142847,0
Madurai,2022-02-26,0.0,0.0,1.100000000000008,1.099999999999993,0.1571428571428561,0
Madurai,2022-02-27,0.1,0.1,0.100000000000008,1.199999999999993,0.1714285714285704,0
Madurai,2022-02-28,0.0,0.0,0.100000000000008,1.199999999999993,0.1714285714285704,0
Madurai,2022-03-01,0.0,0.0,0.100000000000008,1.199999999999993,0.1714285714285704,0
Madurai,2022-03-02,0.0,0.0,0.0,1.199999999999993,0.1714285714285704,0
Madurai,2022-03-03,0.0,0.0,0.0,0.0999999999999929,0.0142857142857132,0
Madurai,2022-03-04,0.1,0.1,0.100000000000008,0.1999999999999929,0.0285714285714275,0
Madurai,2022-03-05,0.0,0.0,0.100000000000008,0.1999999999999929,0.0285714285714275,0
Madurai,2022-03-06,0.0,0.0,0.100000000000008,0.0999999999999929,0.0142857142857132,0
Madurai,2022-03-07,0.0,0.0,0.0,0.0999999999999929,0.0142857142857132,0
Madurai,2022-03-08,0.0,0.0,0.0,0.0999999999999929,0.0142857142857132,0
Madurai,2022-03-09,0.0,0.0,0.0,0.0999999999999929,0.0142857142857132,0
Madurai,2022-03-10,0.0,0.0,0.0,0.0999999999999929,0.0142857142857132,0
Madurai,2022-03-11,0.0,0.0,0.0,0.0,0.0,0
Madurai,2022-03-12,0.0,0.0,0.0,0.0,0.0,0
Madurai,2022-03-13,0.0,0.0,0.0,0.0,0.0,0
Madurai,2022-03-14,0.0,0.0,0.0,0.0,0.0,0
Madurai,2022-03-15,0.0,0.0,0.0,0.0,0.0,0
Madurai,2022-03-16,0.0,0.0,0.0,0.0,0.0,0
Madurai,2022-03-17,0.0,0.0,0.0,0.0,0.0,0
Madurai,2022-03-18,0.0,0.0,0.0,0.0,0.0,0
Madurai,2022-03-19,0.0,0.0,0.0,0.0,0.0,0
Madurai,2022-03-20,0.1,0.1,0.100000000000008,0.0999999999999929,0.0142857142857132,0
Madurai,2022-03-21,0.1,0.1,0.200000000000008,0.1999999999999929,0.0285714285714275,0
Madurai,2022-03-22,0.0,0.0,0.200000000000008,0.1999999999999929,0.0285714285714275,0
Madurai,2022-03-23,0.8,0.8,0.900000000000008,0.9999999999999928,0.1428571428571418,0
Madurai,2022-03-24,0.6,0.6,1.400000000000008,1.599999999999993,0.2285714285714275,0
Madurai,2022-03-25,2.1,2.1,3.500000000000008,3.699999999999993,0.5285714285714276,0
Madurai,2022-03-26,0.6,0.6,3.3000000000000083,4.299999999999993,0.6142857142857132,0
Madurai,2022-03-27,0.1,0.1,2.8000000000000083,4.299999999999994,0.6142857142857133,0
Madurai,2022-03-28,0.0,0.0,0.700000000000008,4.199999999999993,0.599999999999999,0
Madurai,2022-03-29,0.2,0.2,0.300000000000008,4.399999999999993,0.6285714285714276,0
Madurai,2022-03-30,0.0,0.0,0.200000000000008,3.599999999999993,0.5142857142857132,0
Madurai,2022-03-31,0.0,0.0,0.200000000000008,2.999999999999993,0.4285714285714275,0
Madurai,2022-04-01,0.0,0.0,0.0,0.8999999999999929,0.1285714285714275,0
Madurai,2022-04-02,0.0,0.0,0.0,0.2999999999999929,0.0428571428571418,0
Madurai,2022-04-03,1.6,1.6,1.600000000000008,1.799999999999993,0.2571428571428561,0
Madurai,2022-04-04,0.0,0.0,1.600000000000008,1.799999999999993,0.2571428571428561,0
Madurai,2022-04-05,1.2,1.2,2.800000000000008,2.7999999999999927,0.3999999999999989,0
Madurai,2022-04-06,3.4,3.4,4.6000000000000085,6.199999999999993,0.8857142857142847,0
Madurai,2022-04-07,0.0,0.0,4.6000000000000085,6.199999999999993,0.8857142857142847,0
Madurai,2022-04-08,7.8,7.8,11.200000000000006,13.999999999999991,1.999999999999999,0
Madurai,2022-04-09,1.6,1.6,9.400000000000007,15.599999999999993,2.2285714285714278,0
Madurai,2022-04-10,10.5,10.5,19.90000000000001,24.499999999999996,3.499999999999999,0
Madurai,2022-04-11,29.8,29.8,41.900000000000006,54.3,7.757142857142857,1
Madurai,2022-04-12,28.3,28.3,68.60000000000001,81.39999999999999,11.628571428571428,1
Madurai,2022-04-13,26.1,26.1,84.20000000000002,104.1,14.87142857142857,2
Madurai,2022-04-14,0.5,0.5,54.90000000000001,104.6,14.94285714285714,2
Madurai,2022-04-15,1.0,1.0,27.60000000000001,97.79999999999998,13.97142857142857,1
Madurai,2022-04-16,10.4,10.4,11.900000000000013,106.6,15.228571428571428,2
Madurai,2022-04-17,8.0,8.0,19.400000000000013,104.1,14.87142857142857,2
Madurai,2022-04-18,15.0,15.0,33.40000000000001,89.3,12.757142857142856,1
Madurai,2022-04-19,10.6,10.6,33.60000000000001,71.6,10.228571428571428,1
Madurai,2022-04-20,0.1,0.1,25.700000000000014,45.6,6.514285714285713,0
Madurai,2022-04-21,1.7,1.7,12.400000000000013,46.79999999999999,6.685714285714284,0
Madurai,2022-04-22,3.6,3.6,5.400000000000011,49.39999999999999,7.057142857142856,0
Madurai,2022-04-23,2.4,2.4,7.700000000000012,41.39999999999999,5.914285714285713,0
Madurai,2022-04-24,0.4,0.4,6.400000000000011,33.8,4.828571428571428,0
Madurai,2022-04-25,0.0,0.0,2.8000000000000105,18.799999999999997,2.6857142857142846,0
Madurai,2022-04-26,0.0,0.0,0.4000000000000107,8.199999999999994,1.1714285714285706,0
Madurai,2022-04-27,0.0,0.0,0.0,8.099999999999994,1.1571428571428564,0
Madurai,2022-04-28,0.0,0.0,0.0,6.399999999999993,0.9142857142857134,0
Madurai,2022-04-29,2.8,2.8,2.8000000000000105,5.5999999999999925,0.7999999999999989,0
Madurai,2022-04-30,0.0,0.0,2.8000000000000105,3.1999999999999926,0.4571428571428561,0
Madurai,2022-05-01,0.2,0.2,3.0000000000000107,2.999999999999993,0.4285714285714275,0
Madurai,2022-05-02,0.1,0.1,0.3000000000000107,3.0999999999999925,0.4428571428571418,0
Madurai,2022-05-03,0.0,0.0,0.3000000000000107,3.0999999999999925,0.4428571428571418,0
Madurai,2022-05-04,1.8,1.8,1.9000000000000108,4.899999999999993,0.6999999999999991,0
Madurai,2022-05-05,0.5,0.5,2.3000000000000105,5.399999999999993,0.7714285714285705,0
Madurai,2022-05-06,0.1,0.1,2.4000000000000106,2.699999999999993,0.3857142857142847,0
Madurai,2022-05-07,0.0,0.0,0.6000000000000106,2.699999999999993,0.3857142857142847,0
Madurai,2022-05-08,0.0,0.0,0.1000000000000106,2.499999999999993,0.3571428571428561,0
Madurai,2022-05-09,0.0,0.0,0.0,2.399999999999993,0.3428571428571419,0
Madurai,2022-05-10,8.7,8.7,8.70000000000001,11.099999999999993,1.5857142857142847,0
Madurai,2022-05-11,0.0,0.0,8.70000000000001,9.299999999999992,1.3285714285714274,0
Madurai,2022-05-12,0.9,0.9,9.60000000000001,9.699999999999992,1.3857142857142846,0
Madurai,2022-05-13,0.0,0.0,0.9000000000000107,9.599999999999993,1.3714285714285703,0
Madurai,2022-05-14,0.4,0.4,1.3000000000000107,9.999999999999991,1.4285714285714275,0
Madurai,2022-05-15,1.3,1.3,1.7000000000000108,11.299999999999992,1.6142857142857132,0
Madurai,2022-05-16,6.6,6.6,8.300000000000011,17.89999999999999,2.557142857142856,0
Madurai,2022-05-17,4.9,4.9,12.800000000000011,14.099999999999993,2.0142857142857133,0
Madurai,2022-05-18,4.4,4.4,15.90000000000001,18.499999999999996,2.642857142857142,0
Madurai,2022-05-19,0.6,0.6,9.900000000000013,18.2,2.599999999999999,0
Madurai,2022-05-20,0.2,0.2,5.200000000000011,18.399999999999995,2.628571428571428,0
Madurai,2022-05-21,0.1,0.1,0.9000000000000107,18.09999999999999,2.5857142857142845,0
Madurai,2022-05-22,0.9,0.9,1.2000000000000108,17.699999999999992,2.528571428571428,0
Madurai,2022-05-23,0.3,0.3,1.3000000000000107,11.399999999999991,1.6285714285714277,0
Madurai,2022-05-24,0.2,0.2,1.4000000000000106,6.699999999999993,0.9571428571428562,0
Madurai,2022-05-25,0.5,0.5,1.0000000000000109,2.7999999999999927,0.3999999999999989,0
Madurai,2022-05-26,21.1,21.1,21.80000000000001,23.299999999999997,3.328571428571428,0
Madurai,2022-05-27,6.7,6.7,28.30000000000001,29.799999999999997,4.257142857142856,0
Madurai,2022-05-28,0.7,0.7,28.50000000000001,30.39999999999999,4.342857142857142,0
Madurai,2022-05-29,13.0,13.0,20.400000000000013,42.49999999999999,6.07142857142857,0
Madurai,2022-05-30,0.6,0.6,14.300000000000011,42.8,6.114285714285714,0
Madurai,2022-05-31,6.6,6.6,20.20000000000001,49.2,7.028571428571428,0
Madurai,2022-06-01,2.0,2.0,9.20000000000001,50.7,7.242857142857142,1
Madurai,2022-06-02,0.4,0.4,9.00000000000001,29.999999999999996,4.285714285714285,0
Madurai,2022-06-03,0.5,0.5,2.9000000000000106,23.799999999999997,3.399999999999999,0
Madurai,2022-06-04,0.4,0.4,1.3000000000000107,23.499999999999996,3.3571428571428563,0
Madurai,2022-06-05,2.4,2.4,3.3000000000000105,12.899999999999991,1.8428571428571416,0
Madurai,2022-06-06,3.2,3.2,6.000000000000011,15.499999999999991,2.214285714285713,0
Madurai,2022-06-07,0.0,0.0,5.60000000000001,8.899999999999993,1.2714285714285705,0
Madurai,2022-06-08,0.4,0.4,3.6000000000000107,7.299999999999994,1.042857142857142,0
Madurai,2022-06-09,4.2,4.2,4.60000000000001,11.099999999999994,1.585714285714285,0
Madurai,2022-06-10,9.8,9.8,14.400000000000013,20.399999999999995,2.9142857142857137,0
Madurai,2022-06-11,5.5,5.5,19.50000000000001,25.5,3.6428571428571423,0
Madurai,2022-06-12,19.0,19.0,34.30000000000001,42.1,6.014285714285713,0
Madurai,2022-06-13,0.2,0.2,24.70000000000001,39.1,5.5857142857142845,0
Madurai,2022-06-14,0.0,0.0,19.20000000000001,39.1,5.5857142857142845,0
Madurai,2022-06-15,6.4,6.4,6.600000000000011,45.1,6.442857142857142,0
Madurai,2022-06-16,7.9,7.9,14.300000000000011,48.8,6.971428571428571,0
Madurai,2022-06-17,6.9,6.9,21.20000000000001,45.89999999999999,6.557142857142856,0
Madurai,2022-06-18,10.9,10.9,25.70000000000001,51.3,7.328571428571428,1
Madurai,2022-06-19,12.6,12.6,30.400000000000013,44.89999999999999,6.414285714285713,0
Madurai,2022-06-20,1.5,1.5,25.00000000000001,46.19999999999999,6.599999999999999,0
Madurai,2022-06-21,0.8,0.8,14.900000000000013,46.99999999999999,6.7142857142857135,0
Madurai,2022-06-22,2.5,2.5,4.8000000000000105,43.1,6.157142857142857,0
Madurai,2022-06-23,1.2,1.2,4.500000000000011,36.39999999999999,5.199999999999998,0
Madurai,2022-06-24,2.2,2.2,5.900000000000011,31.699999999999992,4.528571428571428,0
Madurai,2022-06-25,0.1,0.1,3.500000000000011,20.89999999999999,2.9857142857142844,0
Madurai,2022-06-26,0.0,0.0,2.300000000000012,8.299999999999994,1.1857142857142848,0
Madurai,2022-06-27,0.2,0.2,0.3000000000000111,6.999999999999993,0.999999999999999,0
Madurai,2022-06-28,0.1,0.1,0.3000000000000111,6.299999999999994,0.8999999999999991,0
Madurai,2022-06-29,1.8,1.8,2.100000000000011,5.599999999999993,0.799999999999999,0
Madurai,2022-06-30,5.8,5.8,7.700000000000011,10.199999999999992,1.457142857142856,0
Madurai,2022-07-01,0.0,0.0,7.600000000000011,7.999999999999993,1.142857142857142,0
Madurai,2022-07-02,1.4,1.4,7.20000000000001,9.299999999999994,1.3285714285714276,0
Madurai,2022-07-03,2.5,2.5,3.9000000000000106,11.799999999999994,1.6857142857142848,0
Madurai,2022-07-04,0.0,0.0,3.9000000000000106,11.599999999999993,1.657142857142856,0
Madurai,2022-07-05,6.3,6.3,8.800000000000011,17.79999999999999,2.5428571428571414,0
Madurai,2022-07-06,0.5,0.5,6.8000000000000105,16.499999999999993,2.3571428571428563,0
Madurai,2022-07-07,0.0,0.0,6.8000000000000105,10.699999999999992,1.5285714285714274,0
Madurai,2022-07-08,0.0,0.0,0.5000000000000107,10.699999999999992,1.5285714285714274,0
Madurai,2022-07-09,0.5,0.5,0.5000000000000107,9.799999999999992,1.3999999999999988,0
Madurai,2022-07-10,0.4,0.4,0.9000000000000107,7.699999999999992,1.099999999999999,0
Madurai,2022-07-11,0.0,0.0,0.9000000000000107,7.699999999999992,1.099999999999999,0
Madurai,2022-07-12,0.0,0.0,0.4000000000000107,1.3999999999999928,0.1999999999999989,0
Madurai,2022-07-13,0.1,0.1,0.1000000000000106,0.9999999999999928,0.1428571428571418,0
Madurai,2022-07-14,0.0,0.0,0.1000000000000106,0.9999999999999928,0.1428571428571418,0
Madurai,2022-07-15,0.6,0.6,0.7000000000000106,1.599999999999993,0.2285714285714275,0
Madurai,2022-07-16,0.2,0.2,0.8000000000000107,1.299999999999993,0.1857142857142847,0
Madurai,2022-07-17,4.2,4.2,5.000000000000011,5.099999999999993,0.7285714285714276,0
Madurai,2022-07-18,0.0,0.0,4.400000000000011,5.099999999999993,0.7285714285714276,0
Madurai,2022-07-19,1.1,1.1,5.300000000000011,6.199999999999994,0.8857142857142849,0
Madurai,2022-07-20,2.8,2.8,3.9000000000000106,8.899999999999993,1.2714285714285705,0
Madurai,2022-07-21,2.6,2.6,6.500000000000011,11.499999999999991,1.642857142857142,0
Madurai,2022-07-22,0.4,0.4,5.800000000000011,11.299999999999994,1.6142857142857134,0
Madurai,2022-07-23,10.1,10.1,13.10000000000001,21.199999999999992,3.028571428571428,0
Madurai,2022-07-24,0.2,0.2,10.70000000000001,17.199999999999992,2.457142857142856,0
Madurai,2022-07-25,3.0,3.0,13.300000000000011,20.199999999999992,2.885714285714285,0
Madurai,2022-07-26,1.8,1.8,5.000000000000011,20.89999999999999,2.9857142857142844,0
Madurai,2022-07-27,18.4,18.4,23.20000000000001,36.49999999999999,5.214285714285713,0
Madurai,2022-07-28,10.0,10.0,30.20000000000001,43.89999999999999,6.2714285714285705,0
Madurai,2022-07-29,0.2,0.2,28.60000000000001,43.69999999999999,6.242857142857141,0
Madurai,2022-07-30,7.8,7.8,18.00000000000001,41.39999999999999,5.914285714285713,0
Madurai,2022-07-31,19.4,19.4,27.40000000000001,60.6,8.657142857142857,1
Madurai,2022-08-01,6.3,6.3,33.50000000000001,63.89999999999999,9.128571428571428,1
Madurai,2022-08-02,4.1,4.1,29.800000000000008,66.19999999999999,9.457142857142856,1
Madurai,2022-08-03,24.0,24.0,34.400000000000006,71.8,10.257142857142856,1
Madurai,2022-08-04,22.0,22.0,50.10000000000001,83.8,11.971428571428572,1
Madurai,2022-08-05,6.4,6.4,52.400000000000006,89.99999999999999,12.857142857142856,1
Madurai,2022-08-06,0.7,0.7,29.10000000000001,82.89999999999999,11.842857142857142,1
Madurai,2022-08-07,0.5,0.5,7.600000000000011,63.99999999999999,9.14285714285714,1
Madurai,2022-08-08,0.1,0.1,1.3000000000000107,57.79999999999999,8.257142857142856,1
Madurai,2022-08-09,0.0,0.0,0.6000000000000106,53.69999999999999,7.67142857142857,1
Madurai,2022-08-10,0.0,0.0,0.1000000000000106,29.699999999999992,4.242857142857142,0
Madurai,2022-08-11,0.0,0.0,0.0,7.699999999999993,1.099999999999999,0
Madurai,2022-08-12,0.0,0.0,0.0,1.299999999999993,0.1857142857142847,0
Madurai,2022-08-13,0.6,0.6,0.6000000000000106,1.1999999999999929,0.1714285714285704,0
Madurai,2022-08-14,0.0,0.0,0.6000000000000106,0.6999999999999929,0.0999999999999989,0
Madurai,2022-08-15,0.0,0.0,0.6000000000000106,0.5999999999999929,0.0857142857142847,0
Madurai,2022-08-16,0.0,0.0,0.0,0.5999999999999929,0.0857142857142847,0
Madurai,2022-08-17,5.6,5.6,5.60000000000001,6.199999999999992,0.8857142857142846,0
Madurai,2022-08-18,12.4,12.4,18.00000000000001,18.599999999999994,2.657142857142856,0
Madurai,2022-08-19,3.2,3.2,21.20000000000001,21.799999999999997,3.114285714285713,0
Madurai,2022-08-20,0.0,0.0,15.600000000000012,21.199999999999992,3.028571428571428,0
Madurai,2022-08-21,1.2,1.2,4.400000000000011,22.39999999999999,3.199999999999999,0
Madurai,2022-08-22,6.4,6.4,7.600000000000011,28.79999999999999,4.114285714285713,0
Madurai,2022-08-23,0.1,0.1,7.700000000000011,28.89999999999999,4.128571428571427,0
Madurai,2022-08-24,0.0,0.0,6.500000000000011,23.299999999999997,3.328571428571428,0
Madurai,2022-08-25,14.1,14.1,14.20000000000001,24.999999999999996,3.5714285714285703,0
Madurai,2022-08-26,14.9,14.9,29.00000000000001,36.7,5.242857142857142,0
Madurai,2022-08-27,10.6,10.6,39.60000000000001,47.3,6.757142857142857,0
Madurai,2022-08-28,1.0,1.0,26.500000000000007,47.1,6.728571428571428,0
Madurai,2022-08-29,25.2,25.2,36.80000000000001,65.89999999999999,9.414285714285713,1
Madurai,2022-08-30,11.6,11.6,37.80000000000001,77.39999999999999,11.057142857142855,1
Madurai,2022-08-31,3.8,3.8,40.60000000000001,81.2,11.6,1
Madurai,2022-09-01,8.2,8.2,23.60000000000001,75.29999999999998,10.757142857142854,1
Madurai,2022-09-02,9.4,9.4,21.400000000000013,69.79999999999998,9.97142857142857,1
Madurai,2022-09-03,1.8,1.8,19.400000000000013,60.99999999999999,8.714285714285714,1
Madurai,2022-09-04,5.9,5.9,17.100000000000012,65.89999999999999,9.414285714285713,1
Madurai,2022-09-05,16.2,16.2,23.900000000000013,56.89999999999999,8.128571428571428,1
Madurai,2022-09-06,2.3,2.3,24.40000000000001,47.59999999999999,6.799999999999998,0
Madurai,2022-09-07,0.1,0.1,18.60000000000001,43.89999999999999,6.2714285714285705,0
Madurai,2022-09-08,0.6,0.6,3.0000000000000107,36.29999999999999,5.185714285714284,0
Madurai,2022-09-09,0.6,0.6,1.3000000000000105,27.499999999999996,3.928571428571428,0
Madurai,2022-09-10,0.1,0.1,1.3000000000000105,25.799999999999997,3.6857142857142846,0
Madurai,2022-09-11,0.0,0.0,0.7000000000000106,19.89999999999999,2.8428571428571416,0
Madurai,2022-09-12,0.0,0.0,0.1000000000000106,3.6999999999999926,0.5285714285714275,0
Madurai,2022-09-13,0.0,0.0,0.0,1.3999999999999928,0.1999999999999989,0
Madurai,2022-09-14,1.5,1.5,1.5000000000000109,2.7999999999999927,0.3999999999999989,0
Madurai,2022-09-15,3.8,3.8,5.3000000000000105,5.999999999999993,0.8571428571428561,0
Madurai,2022-09-16,0.1,0.1,5.40000000000001,5.499999999999992,0.7857142857142846,0
Madurai,2022-09-17,0.6,0.6,4.500000000000011,5.999999999999993,0.8571428571428561,0
Madurai,2022-09-18,2.2,2.2,2.900000000000011,8.199999999999992,1.1714285714285704,0
Madurai,2022-09-19,0.2,0.2,3.000000000000011,8.399999999999993,1.199999999999999,0
Madurai,2022-09-20,0.0,0.0,2.400000000000011,8.399999999999993,1.199999999999999,0
Madurai,2022-09-21,0.2,0.2,0.4000000000000107,7.099999999999993,1.0142857142857131,0
Madurai,2022-09-22,0.0,0.0,0.2000000000000106,3.299999999999993,0.4714285714285705,0
Madurai,2022-09-23,0.2,0.2,0.4000000000000107,3.399999999999993,0.4857142857142847,0
Madurai,2022-09-24,0.1,0.1,0.3000000000000107,2.8999999999999937,0.4142857142857133,0
Madurai,2022-09-25,3.3,3.3,3.6000000000000103,3.999999999999993,0.5714285714285705,0
Madurai,2022-09-26,2.3,2.3,5.70000000000001,6.0999999999999925,0.8714285714285703,0
Madurai,2022-09-27,0.4,0.4,6.000000000000011,6.499999999999993,0.9285714285714276,0
Madurai,2022-09-28,0.8,0.8,3.5000000000000107,7.0999999999999925,1.0142857142857131,0
Madurai,2022-09-29,0.3,0.3,1.5000000000000109,7.399999999999993,1.0571428571428565,0
Madurai,2022-09-30,0.1,0.1,1.2000000000000108,7.299999999999994,1.042857142857142,0
Madurai,2022-10-01,0.8,0.8,1.2000000000000108,7.999999999999993,1.142857142857142,0
Madurai,2022-10-02,2.5,2.5,3.400000000000011,7.199999999999993,1.0285714285714276,0
Madurai,2022-10-03,1.0,1.0,4.300000000000011,5.899999999999993,0.8428571428571419,0
Madurai,2022-10-04,0.1,0.1,3.600000000000011,5.5999999999999925,0.7999999999999989,0
Madurai,2022-10-05,1.1,1.1,2.2000000000000117,5.899999999999993,0.8428571428571419,0
Madurai,2022-10-06,1.1,1.1,2.300000000000012,6.699999999999994,0.9571428571428564,0
Madurai,2022-10-07,1.1,1.1,3.3000000000000003,7.699999999999994,1.0999999999999992,0
Madurai,2022-10-08,1.3,1.3,3.5000000000000115,8.199999999999994,1.1714285714285706,0
Madurai,2022-10-09,34.9,34.9,37.30000000000001,40.6,5.799999999999999,0
Madurai,2022-10-10,16.4,16.4,52.60000000000001,55.99999999999999,7.999999999999999,1
Madurai,2022-10-11,25.3,25.3,76.60000000000001,81.19999999999999,11.599999999999998,1
Madurai,2022-10-12,20.3,20.3,62.000000000000014,100.4,14.342857142857143,2
Madurai,2022-10-13,17.3,17.3,62.90000000000002,116.6,16.657142857142855,2
Madurai,2022-10-14,18.0,18.0,55.60000000000002,133.5,19.071428571428573,2
Madurai,2022-10-15,26.8,26.8,62.100000000000016,159.0,22.714285714285715,2
Madurai,2022-10-16,26.2,26.2,71.00000000000001,150.29999999999998,21.471428571428568,2
Madurai,2022-10-17,23.4,23.4,76.4,157.29999999999998,22.471428571428568,2
Madurai,2022-10-18,8.2,8.2,57.80000000000001,140.2,20.02857142857143,2
Madurai,2022-10-19,27.9,27.9,59.500000000000014,147.79999999999998,21.11428571428571,2
Madurai,2022-10-20,13.1,13.1,49.20000000000001,143.59999999999997,20.51428571428571,2
Madurai,2022-10-21,14.9,14.9,55.90000000000002,140.5,20.071428571428573,2
Madurai,2022-10-22,7.3,7.3,35.30000000000001,121.0,17.285714285714285,2
Madurai,2022-10-23,13.2,13.2,35.40000000000001,108.0,15.428571428571429,2
Madurai,2022-10-24,2.4,2.4,22.900000000000013,86.99999999999999,12.428571428571429,1
Madurai,2022-10-25,0.2,0.2,15.800000000000011,78.99999999999999,11.285714285714285,1
Madurai,2022-10-26,1.2,1.2,3.800000000000014,52.29999999999999,7.47142857142857,1
Madurai,2022-10-27,0.0,0.0,1.400000000000014,39.19999999999999,5.599999999999999,0
Madurai,2022-10-28,1.4,1.4,2.600000000000014,25.699999999999992,3.6714285714285695,0
Madurai,2022-10-29,4.5,4.5,5.900000000000014,22.89999999999999,3.27142857142857,0
Madurai,2022-10-30,3.7,3.7,9.600000000000014,13.399999999999991,1.914285714285713,0
Madurai,2022-10-31,0.0,0.0,8.200000000000014,10.999999999999991,1.5714285714285705,0
Madurai,2022-11-01,0.6,0.6,4.300000000000013,11.399999999999991,1.6285714285714277,0
Madurai,2022-11-02,25.6,25.6,26.200000000000014,35.8,5.114285714285714,0
Madurai,2022-11-03,87.8,87.8,114.0,123.6,17.657142857142855,2
Madurai,2022-11-04,31.5,31.5,144.90000000000003,153.7,21.957142857142856,2
Madurai,2022-11-05,6.3,6.3,125.6,155.5,22.214285714285715,2
Madurai,2022-11-06,19.3,19.3,57.100000000000016,171.1,24.442857142857143,2
Madurai,2022-11-07,3.1,3.1,28.700000000000017,174.2,24.885714285714283,2
Madurai,2022-11-08,1.9,1.9,24.30000000000001,175.5,25.071428571428573,2
Madurai,2022-11-09,1.3,1.3,6.300000000000014,151.2,21.6,2
Madurai,2022-11-10,0.1,0.1,3.300000000000014,63.5,9.071428571428571,1
Madurai,2022-11-11,68.8,68.8,70.20000000000002,100.8,14.4,2
Madurai,2022-11-12,54.3,54.3,123.20000000000002,148.8,21.25714285714286,2
Madurai,2022-11-13,15.4,15.4,138.5,144.89999999999998,20.7,2
Madurai,2022-11-14,18.6,18.6,88.30000000000001,160.39999999999998,22.91428571428571,2
Madurai,2022-11-15,2.8,2.8,36.80000000000001,161.29999999999998,23.04285714285714,2
Madurai,2022-11-16,0.7,0.7,22.100000000000016,160.7,22.957142857142856,2
Madurai,2022-11-17,0.2,0.2,3.700000000000014,160.79999999999998,22.971428571428568,2
Madurai,2022-11-18,0.0,0.0,0.9000000000000141,92.0,13.142857142857142,1
Madurai,2022-11-19,0.0,0.0,0.2000000000000142,37.7,5.385714285714286,0
Madurai,2022-11-20,0.0,0.0,0.0,22.3,3.185714285714286,0
Madurai,2022-11-21,0.0,0.0,0.0,3.7,0.5285714285714286,0
Madurai,2022-11-22,0.0,0.0,0.0,0.8999999999999999,0.1285714285714285,0
Madurai,2022-11-23,0.0,0.0,0.0,0.2,0.0285714285714285,0
Madurai,2022-11-24,0.0,0.0,0.0,0.0,0.0,0
Madurai,2022-11-25,0.8,0.8,0.8000000000000143,0.8,0.1142857142857143,0
Madurai,2022-11-26,0.9,0.9,1.7000000000000144,1.7000000000000002,0.2428571428571428,0
Madurai,2022-11-27,3.4,3.4,5.100000000000014,5.1,0.7285714285714285,0
Madurai,2022-11-28,1.8,1.8,6.100000000000015,6.9,0.9857142857142858,0
Madurai,2022-11-29,1.1,1.1,6.300000000000014,8.0,1.1428571428571428,0
Madurai,2022-11-30,0.0,0.0,2.9000000000000146,8.0,1.1428571428571428,0
Madurai,2022-12-01,2.6,2.6,3.7000000000000144,10.6,1.5142857142857145,0
Madurai,2022-12-02,9.8,9.8,12.400000000000016,19.6,2.8000000000000003,0
Madurai,2022-12-03,1.9,1.9,14.300000000000017,20.6,2.942857142857143,0
Madurai,2022-12-04,15.8,15.8,27.50000000000001,33.0,4.714285714285714,0
Madurai,2022-12-05,1.3,1.3,19.00000000000001,32.50000000000001,4.642857142857144,0
Madurai,2022-12-06,0.0,0.0,17.100000000000016,31.4,4.485714285714286,0
Madurai,2022-12-07,0.0,0.0,1.3000000000000145,31.4,4.485714285714286,0
Madurai,2022-12-08,0.9,0.9,0.9000000000000142,29.700000000000003,4.242857142857143,0
Madurai,2022-12-09,14.9,14.9,15.800000000000017,34.8,4.971428571428571,0
Madurai,2022-12-10,5.8,5.8,21.600000000000016,38.7,5.528571428571429,0
Madurai,2022-12-11,1.3,1.3,22.000000000000018,24.2,3.457142857142857,0
Madurai,2022-12-12,8.1,8.1,15.200000000000014,31.0,4.428571428571429,0
Madurai,2022-12-13,4.4,4.4,13.800000000000011,35.4,5.057142857142857,0
Madurai,2022-12-14,6.3,6.3,18.80000000000001,41.7,5.957142857142857,0
Madurai,2022-12-15,0.0,0.0,10.700000000000014,40.8,5.828571428571429,0
Madurai,2022-12-16,0.0,0.0,6.300000000000014,25.9,3.7,0
Madurai,2022-12-17,0.0,0.0,0.0,20.1,2.871428571428571,0
Madurai,2022-12-18,1.3,1.3,1.3000000000000145,20.1,2.871428571428571,0
Madurai,2022-12-19,2.4,2.4,3.7000000000000144,14.4,2.0571428571428574,0
Madurai,2022-12-20,0.6,0.6,4.300000000000014,10.6,1.5142857142857142,0
Madurai,2022-12-21,0.6,0.6,3.600000000000014,4.9,0.7000000000000001,0
Madurai,2022-12-22,0.0,0.0,1.2000000000000135,4.9,0.7000000000000001,0
Madurai,2022-12-23,0.0,0.0,0.6000000000000137,4.9,0.7000000000000001,0
Madurai,2022-12-24,0.0,0.0,0.0,4.9,0.7000000000000001,0
Madurai,2022-12-25,1.6,1.6,1.600000000000014,5.2,0.7428571428571429,0
Madurai,2022-12-26,8.1,8.1,9.700000000000014,10.9,1.557142857142857,0
Madurai,2022-12-27,5.8,5.8,15.500000000000014,16.1,2.3000000000000003,0
Madurai,2022-12-28,0.6,0.6,14.500000000000014,16.1,2.3000000000000003,0
Madurai,2022-12-29,0.0,0.0,6.400000000000014,16.1,2.3000000000000003,0
Madurai,2022-12-30,0.0,0.0,0.6000000000000142,16.1,2.3000000000000003,0
Madurai,2022-12-31,0.0,0.0,0.0,16.1,2.3000000000000003,0
Madurai,2023-01-01,0.0,0.0,0.0,14.5,2.071428571428572,0
Madurai,2023-01-02,0.0,0.0,0.0,6.4,0.9142857142857144,0
Madurai,2023-01-03,0.0,0.0,0.0,0.6,0.0857142857142857,0
Madurai,2023-01-04,0.0,0.0,0.0,0.0,0.0,0
Madurai,2023-01-05,0.0,0.0,0.0,0.0,0.0,0
Madurai,2023-01-06,0.1,0.1,0.1000000000000142,0.1,0.0142857142857142,0
Madurai,2023-01-07,0.0,0.0,0.1000000000000142,0.1,0.0142857142857142,0
Madurai,2023-01-08,0.0,0.0,0.1000000000000142,0.1,0.0142857142857142,0
Madurai,2023-01-09,0.0,0.0,0.0,0.1,0.0142857142857142,0
Madurai,2023-01-10,0.0,0.0,0.0,0.1,0.0142857142857142,0
Madurai,2023-01-11,0.0,0.0,0.0,0.1,0.0142857142857142,0
Madurai,2023-01-12,0.0,0.0,0.0,0.1,0.0142857142857142,0
Madurai,2023-01-13,0.0,0.0,0.0,0.0,0.0,0
Madurai,2023-01-14,0.0,0.0,0.0,0.0,0.0,0
Madurai,2023-01-15,0.0,0.0,0.0,0.0,0.0,0
Madurai,2023-01-16,0.0,0.0,0.0,0.0,0.0,0
Madurai,2023-01-17,0.0,0.0,0.0,0.0,0.0,0
Madurai,2023-01-18,0.0,0.0,0.0,0.0,0.0,0
Madurai,2023-01-19,0.0,0.0,0.0,0.0,0.0,0
Madurai,2023-01-20,0.0,0.0,0.0,0.0,0.0,0
Madurai,2023-01-21,0.0,0.0,0.0,0.0,0.0,0
Madurai,2023-01-22,0.2,0.2,0.2000000000000142,0.2,0.0285714285714285,0
Madurai,2023-01-23,2.4,2.4,2.6000000000000143,2.6,0.3714285714285714,0
Madurai,2023-01-24,0.2,0.2,2.8000000000000145,2.8000000000000003,0.4,0
Madurai,2023-01-25,0.0,0.0,2.6000000000000143,2.8000000000000003,0.4,0
Madurai,2023-01-26,0.0,0.0,0.2000000000000142,2.8000000000000003,0.4,0
Madurai,2023-01-27,0.0,0.0,0.0,2.8000000000000003,0.4,0
Madurai,2023-01-28,0.0,0.0,0.0,2.8000000000000003,0.4,0
Madurai,2023-01-29,0.0,0.0,0.0,2.6,0.3714285714285714,0
Madurai,2023-01-30,1.7,1.7,1.7000000000000142,1.9,0.2714285714285714,0
Madurai,2023-01-31,0.0,0.0,1.7000000000000142,1.7,0.2428571428571428,0
Madurai,2023-02-01,0.0,0.0,1.7000000000000142,1.7,0.2428571428571428,0
Madurai,2023-02-02,14.9,14.9,14.900000000000016,16.6,2.3714285714285714,0
Madurai,2023-02-03,7.0,7.0,21.900000000000013,23.6,3.3714285714285714,0
Madurai,2023-02-04,1.6,1.6,23.50000000000001,25.2,3.6,0
Madurai,2023-02-05,0.0,0.0,8.600000000000014,25.2,3.6,0
Madurai,2023-02-06,0.0,0.0,1.6000000000000143,23.5,3.357142857142857,0
Madurai,2023-02-07,0.0,0.0,0.0,23.5,3.357142857142857,0
Madurai,2023-02-08,0.0,0.0,0.0,23.5,3.357142857142857,0
Madurai,2023-02-09,0.0,0.0,0.0,8.6,1.2285714285714284,0
Madurai,2023-02-10,0.0,0.0,0.0,1.6,0.2285714285714286,0
Madurai,2023-02-11,0.0,0.0,0.0,0.0,0.0,0
Madurai,2023-02-12,0.0,0.0,0.0,0.0,0.0,0
Madurai,2023-02-13,0.0,0.0,0.0,0.0,0.0,0
Madurai,2023-02-14,0.0,0.0,0.0,0.0,0.0,0
Madurai,2023-02-15,0.0,0.0,0.0,0.0,0.0,0
Madurai,2023-02-16,0.0,0.0,0.0,0.0,0.0,0
Madurai,2023-02-17,0.0,0.0,0.0,0.0,0.0,0
Madurai,2023-02-18,0.0,0.0,0.0,0.0,0.0,0
Madurai,2023-02-19,0.0,0.0,0.0,0.0,0.0,0
Madurai,2023-02-20,0.0,0.0,0.0,0.0,0.0,0
Madurai,2023-02-21,0.0,0.0,0.0,0.0,0.0,0
Madurai,2023-02-22,0.0,0.0,0.0,0.0,0.0,0
Madurai,2023-02-23,0.0,0.0,0.0,0.0,0.0,0
Madurai,2023-02-24,0.0,0.0,0.0,0.0,0.0,0
Madurai,2023-02-25,0.0,0.0,0.0,0.0,0.0,0
Madurai,2023-02-26,0.0,0.0,0.0,0.0,0.0,0
Madurai,2023-02-27,0.0,0.0,0.0,0.0,0.0,0
Madurai,2023-02-28,1.3,1.3,1.3000000000000145,1.3,0.1857142857142857,0
Madurai,2023-03-01,0.4,0.4,1.7000000000000144,1.7000000000000002,0.2428571428571428,0
Madurai,2023-03-02,0.0,0.0,1.7000000000000144,1.7000000000000002,0.2428571428571428,0
Madurai,2023-03-03,0.0,0.0,0.4000000000000142,1.7000000000000002,0.2428571428571428,0
Madurai,2023-03-04,0.0,0.0,0.0,1.7000000000000002,0.2428571428571428,0
Madurai,2023-03-05,0.0,0.0,0.0,1.7000000000000002,0.2428571428571428,0
Madurai,2023-03-06,0.0,0.0,0.0,1.7000000000000002,0.2428571428571428,0
Madurai,2023-03-07,0.0,0.0,0.0,0.4,0.0571428571428571,0
Madurai,2023-03-08,0.2,0.2,0.2000000000000142,0.2,0.0285714285714285,0
Madurai,2023-03-09,0.2,0.2,0.4000000000000142,0.4,0.0571428571428571,0
Madurai,2023-03-10,0.0,0.0,0.4000000000000142,0.4,0.0571428571428571,0
Madurai,2023-03-11,0.0,0.0,0.2000000000000142,0.4,0.0571428571428571,0
Madurai,2023-03-12,0.2,0.2,0.2000000000000142,0.6000000000000001,0.0857142857142857,0
Madurai,2023-03-13,0.0,0.0,0.2000000000000142,0.6000000000000001,0.0857142857142857,0
Madurai,2023-03-14,0.0,0.0,0.2000000000000142,0.6000000000000001,0.0857142857142857,0
Madurai,2023-03-15,0.2,0.2,0.2000000000000142,0.6000000000000001,0.0857142857142857,0
Madurai,2023-03-16,8.2,8.2,8.400000000000013,8.6,1.2285714285714284,0
Madurai,2023-03-17,8.0,8.0,16.400000000000013,16.6,2.3714285714285714,0
Madurai,2023-03-18,3.6,3.6,19.80000000000001,20.2,2.8857142857142857,0
Madurai,2023-03-19,6.1,6.1,17.700000000000014,26.1,3.7285714285714286,0
Madurai,2023-03-20,4.8,4.8,14.500000000000014,30.9,4.414285714285714,0
Madurai,2023-03-21,0.8,0.8,11.700000000000014,31.7,4.5285714285714285,0
Madurai,2023-03-22,1.9,1.9,7.500000000000014,33.4,4.771428571428571,0
Madurai,2023-03-23,1.9,1.9,4.600000000000014,27.1,3.871428571428571,0
Madurai,2023-03-24,1.2,1.2,5.000000000000014,20.3,2.9,0
Madurai,2023-03-25,1.1,1.1,4.2000000000000135,17.8,2.542857142857143,0
Madurai,2023-03-26,0.8,0.8,3.1000000000000147,12.5,1.7857142857142858,0
Madurai,2023-03-27,0.1,0.1,2.000000000000014,7.8,1.1142857142857143,0
Madurai,2023-03-28,2.3,2.3,3.200000000000014,9.3,1.3285714285714287,0
Madurai,2023-03-29,0.0,0.0,2.4000000000000137,7.399999999999999,1.0571428571428572,0
Madurai,2023-03-30,0.0,0.0,2.300000000000014,5.5,0.7857142857142857,0
Madurai,2023-03-31,0.0,0.0,0.0,4.3,0.6142857142857142,0
Madurai,2023-04-01,0.0,0.0,0.0,3.2,0.4571428571428571,0
Madurai,2023-04-02,0.2,0.2,0.2000000000000142,2.6,0.3714285714285714,0
Madurai,2023-04-03,0.7,0.7,0.9000000000000141,3.2,0.4571428571428571,0
Madurai,2023-04-04,1.4,1.4,2.300000000000014,2.3,0.3285714285714285,0
Madurai,2023-04-05,0.2,0.2,2.300000000000014,2.5,0.3571428571428571,0
Madurai,2023-04-06,0.0,0.0,1.600000000000014,2.5,0.3571428571428571,0
Madurai,2023-04-07,0.6,0.6,0.8000000000000143,3.1,0.4428571428571428,0
Madurai,2023-04-08,1.6,1.6,2.2000000000000144,4.7,0.6714285714285715,0
Madurai,2023-04-09,3.3,3.3,5.500000000000014,7.8,1.1142857142857143,0
Madurai,2023-04-10,0.0,0.0,4.900000000000015,7.1,1.0142857142857142,0
Madurai,2023-04-11,0.0,0.0,3.300000000000014,5.7,0.8142857142857143,0
Madurai,2023-04-12,0.0,0.0,0.0,5.5,0.7857142857142857,0
Madurai,2023-04-13,0.0,0.0,0.0,5.5,0.7857142857142857,0
Madurai,2023-04-14,0.0,0.0,0.0,4.9,0.7000000000000001,0
Madurai,2023-04-15,0.0,0.0,0.0,3.3,0.4714285714285714,0
Madurai,2023-04-16,0.0,0.0,0.0,0.0,0.0,0
Madurai,2023-04-17,0.0,0.0,0.0,0.0,0.0,0
Madurai,2023-04-18,0.0,0.0,0.0,0.0,0.0,0
Madurai,2023-04-19,0.1,0.1,0.1000000000000142,0.1,0.0142857142857142,0
Madurai,2023-04-20,0.0,0.0,0.1000000000000142,0.1,0.0142857142857142,0
Madurai,2023-04-21,0.1,0.1,0.2000000000000142,0.2,0.0285714285714285,0
Madurai,2023-04-22,2.8,2.8,2.900000000000014,3.0,0.4285714285714285,0
Madurai,2023-04-23,13.3,13.3,16.200000000000014,16.3,2.3285714285714287,0
Madurai,2023-04-24,24.3,24.3,40.40000000000002,40.6,5.8,0
Madurai,2023-04-25,5.4,5.4,43.00000000000002,46.0,6.571428571428571,0
Madurai,2023-04-26,5.9,5.9,35.600000000000016,51.8,7.399999999999999,1
Madurai,2023-04-27,5.0,5.0,16.30000000000002,56.8,8.114285714285714,1
Madurai,2023-04-28,1.9,1.9,12.800000000000018,58.6,8.371428571428572,1
Madurai,2023-04-29,18.4,18.4,25.30000000000002,74.2,10.6,1
Madurai,2023-04-30,0.7,0.7,21.000000000000018,61.6,8.8,1
Madurai,2023-05-01,29.5,29.5,48.60000000000002,66.8,9.542857142857144,1
Madurai,2023-05-02,18.4,18.4,48.60000000000002,79.8,11.4,1
Madurai,2023-05-03,12.6,12.6,60.500000000000014,86.49999999999999,12.357142857142856,1
Madurai,2023-05-04,23.4,23.4,54.40000000000002,104.9,14.985714285714284,2
Madurai,2023-05-05,0.4,0.4,36.40000000000002,103.4,14.771428571428572,2
Madurai,2023-05-06,0.9,0.9,24.700000000000017,85.89999999999999,12.27142857142857,1
Madurai,2023-05-07,3.0,3.0,4.300000000000018,88.19999999999999,12.599999999999998,1
Madurai,2023-05-08,0.3,0.3,4.200000000000018,59.0,8.428571428571429,1
Madurai,2023-05-09,18.0,18.0,21.30000000000002,58.6,8.371428571428572,1
Madurai,2023-05-10,0.4,0.4,18.700000000000017,46.4,6.628571428571428,0
Madurai,2023-05-11,0.1,0.1,18.500000000000018,23.1,3.3000000000000003,0
Madurai,2023-05-12,0.8,0.8,1.3000000000000178,23.500000000000004,3.3571428571428577,0
Madurai,2023-05-13,0.0,0.0,0.9000000000000178,22.6,3.2285714285714286,0
Madurai,2023-05-14,0.0,0.0,0.8000000000000178,19.6,2.8000000000000003,0
Madurai,2023-05-15,0.0,0.0,0.0,19.3,2.757142857142857,0
Madurai,2023-05-16,0.0,0.0,0.0,1.3,0.1857142857142857,0
Madurai,2023-05-17,0.0,0.0,0.0,0.9,0.1285714285714286,0
Madurai,2023-05-18,0.0,0.0,0.0,0.8,0.1142857142857143,0
Madurai,2023-05-19,0.5,0.5,0.5000000000000178,0.5,0.0714285714285714,0
Madurai,2023-05-20,0.0,0.0,0.5000000000000178,0.5,0.0714285714285714,0
Madurai,2023-05-21,0.1,0.1,0.6000000000000177,0.6,0.0857142857142857,0
Madurai,2023-05-22,2.2,2.2,2.300000000000018,2.8000000000000003,0.4,0
Madurai,2023-05-23,0.3,0.3,2.600000000000018,3.1,0.4428571428571429,0
Madurai,2023-05-24,0.2,0.2,2.700000000000018,3.3000000000000003,0.4714285714285715,0
Madurai,2023-05-25,2.6,2.6,3.100000000000018,5.9,0.8428571428571429,0
Madurai,2023-05-26,0.2,0.2,3.000000000000018,5.6000000000000005,0.8,0
Madurai,2023-05-27,5.0,5.0,7.800000000000018,10.6,1.5142857142857145,0
Madurai,2023-05-28,11.7,11.7,16.90000000000002,22.200000000000003,3.171428571428572,0
Madurai,2023-05-29,14.3,14.3,31.00000000000002,34.300000000000004,4.9,0
Madurai,2023-05-30,0.2,0.2,26.20000000000002,34.2,4.885714285714285,0
Madurai,2023-05-31,8.5,8.5,23.00000000000002,42.5,6.071428571428571,0
Madurai,2023-06-01,0.0,0.0,8.700000000000019,39.9,5.7,0
Madurai,2023-06-02,4.3,4.3,12.800000000000018,44.0,6.285714285714286,0
Madurai,2023-06-03,0.7,0.7,5.00000000000002,39.7,5.671428571428571,0
Madurai,2023-06-04,0.3,0.3,5.300000000000019,28.3,4.042857142857143,0
Madurai,2023-06-05,10.0,10.0,11.00000000000002,24.0,3.4285714285714284,0
Madurai,2023-06-06,0.2,0.2,10.50000000000002,24.0,3.4285714285714284,0
Madurai,2023-06-07,0.5,0.5,10.70000000000002,16.0,2.2857142857142856,0
Madurai,2023-06-08,0.3,0.3,1.0000000000000195,16.3,2.3285714285714287,0
Madurai,2023-06-09,0.4,0.4,1.2000000000000195,12.4,1.7714285714285716,0
Madurai,2023-06-10,0.1,0.1,0.8000000000000196,11.8,1.6857142857142855,0
Madurai,2023-06-11,1.3,1.3,1.8000000000000196,12.800000000000002,1.828571428571429,0
Madurai,2023-06-12,0.6,0.6,2.0000000000000195,3.4000000000000017,0.4857142857142859,0
Madurai,2023-06-13,1.6,1.6,3.5000000000000195,4.800000000000002,0.6857142857142859,0
Madurai,2023-06-14,1.8,1.8,4.00000000000002,6.100000000000001,0.8714285714285717,0
Madurai,2023-06-15,0.1,0.1,3.5000000000000195,5.900000000000002,0.8428571428571432,0
Madurai,2023-06-16,0.0,0.0,1.90000000000002,5.500000000000002,0.7857142857142859,0
Madurai,2023-06-17,0.3,0.3,0.4000000000000195,5.700000000000002,0.8142857142857146,0
Madurai,2023-06-18,0.9,0.9,1.2000000000000195,5.3000000000000025,0.7571428571428575,0
Madurai,2023-06-19,0.7,0.7,1.9000000000000197,5.400000000000001,0.7714285714285716,0
Madurai,2023-06-20,14.7,14.7,16.30000000000002,18.5,2.642857142857143,0
Madurai,2023-06-21,0.4,0.4,15.800000000000018,17.099999999999998,2.4428571428571426,0
Madurai,2023-06-22,3.9,3.9,19.000000000000018,20.9,2.985714285714286,0
Madurai,2023-06-23,0.7,0.7,5.00000000000002,21.6,3.085714285714286,0
Madurai,2023-06-24,0.0,0.0,4.600000000000019,21.3,3.042857142857143,0
Madurai,2023-06-25,2.0,2.0,2.70000000000002,22.4,3.2,0
Madurai,2023-06-26,0.4,0.4,2.4000000000000195,22.1,3.157142857142857,0
Madurai,2023-06-27,1.3,1.3,3.70000000000002,8.7,1.2428571428571429,0
Madurai,2023-06-28,0.4,0.4,2.10000000000002,8.7,1.2428571428571429,0
Madurai,2023-06-29,4.9,4.9,6.60000000000002,9.7,1.3857142857142857,0
Madurai,2023-06-30,0.2,0.2,5.50000000000002,9.2,1.3142857142857145,0
Madurai,2023-07-01,3.5,3.5,8.60000000000002,12.7,1.8142857142857145,0
Madurai,2023-07-02,13.5,13.5,17.200000000000017,24.2,3.457142857142857,0
Madurai,2023-07-03,0.6,0.6,17.60000000000002,24.4,3.485714285714286,0
Madurai,2023-07-04,3.0,3.0,17.10000000000002,26.1,3.7285714285714286,0
Madurai,2023-07-05,21.6,21.6,25.20000000000002,47.3,6.757142857142858,0
Madurai,2023-07-06,12.7,12.7,37.30000000000002,55.10000000000001,7.871428571428573,1
Madurai,2023-07-07,0.3,0.3,34.600000000000016,55.2,7.885714285714286,1
Madurai,2023-07-08,0.1,0.1,13.100000000000016,51.8,7.4,1
Madurai,2023-07-09,0.0,0.0,0.4000000000000178,38.3,5.471428571428572,0
Madurai,2023-07-10,0.4,0.4,0.5000000000000178,38.1,5.442857142857143,0
Madurai,2023-07-11,7.7,7.7,8.100000000000017,42.8,6.114285714285714,0
Madurai,2023-07-12,0.3,0.3,8.400000000000018,21.5,3.071428571428572,0
Madurai,2023-07-13,14.2,14.2,22.200000000000017,23.0,3.2857142857142856,0
Madurai,2023-07-14,0.1,0.1,14.600000000000016,22.8,3.257142857142857,0
Madurai,2023-07-15,0.4,0.4,14.700000000000015,23.1,3.3000000000000003,0
Madurai,2023-07-16,0.5,0.5,1.0000000000000178,23.6,3.3714285714285714,0
Madurai,2023-07-17,0.1,0.1,1.0000000000000178,23.3,3.3285714285714287,0
Madurai,2023-07-18,0.2,0.2,0.8000000000000178,15.8,2.257142857142857,0
Madurai,2023-07-19,0.2,0.2,0.5000000000000178,15.7,2.242857142857143,0
Madurai,2023-07-20,0.0,0.0,0.4000000000000178,1.5,0.2142857142857142,0
Madurai,2023-07-21,0.0,0.0,0.2000000000000177,1.4,0.1999999999999999,0
Madurai,2023-07-22,0.9,0.9,0.9000000000000178,1.9,0.2714285714285714,0
Madurai,2023-07-23,0.1,0.1,1.0000000000000178,1.5,0.2142857142857142,0
Madurai,2023-07-24,0.9,0.9,1.9000000000000177,2.3,0.3285714285714285,0
Madurai,2023-07-25,0.5,0.5,1.5000000000000178,2.6,0.3714285714285714,0
Madurai,2023-07-26,0.2,0.2,1.600000000000018,2.6,0.3714285714285714,0
Madurai,2023-07-27,0.0,0.0,0.7000000000000177,2.6,0.3714285714285714,0
Madurai,2023-07-28,0.2,0.2,0.4000000000000178,2.8,0.3999999999999999,0
Madurai,2023-07-29,0.3,0.3,0.5000000000000178,2.2,0.3142857142857143,0
Madurai,2023-07-30,0.1,0.1,0.6000000000000177,2.2,0.3142857142857143,0
Madurai,2023-07-31,0.0,0.0,0.4000000000000178,1.3,0.1857142857142857,0
Madurai,2023-08-01,0.2,0.2,0.3000000000000178,1.0,0.1428571428571428,0
Madurai,2023-08-02,0.0,0.0,0.2000000000000177,0.8,0.1142857142857143,0
Madurai,2023-08-03,0.0,0.0,0.2000000000000177,0.8,0.1142857142857143,0
Madurai,2023-08-04,1.4,1.4,1.4000000000000177,2.0,0.2857142857142857,0
Madurai,2023-08-05,0.0,0.0,1.4000000000000177,1.7,0.2428571428571428,0
Madurai,2023-08-06,0.6,0.6,2.0000000000000178,2.2,0.3142857142857143,0
Madurai,2023-08-07,0.6,0.6,1.2000000000000175,2.8,0.3999999999999999,0
Madurai,2023-08-08,0.3,0.3,1.5000000000000178,2.9,0.4142857142857142,0
Madurai,2023-08-09,2.9,2.9,3.8000000000000176,5.8,0.8285714285714285,0
Madurai,2023-08-10,24.3,24.3,27.500000000000018,30.1,4.3,0
Madurai,2023-08-11,22.7,22.7,49.90000000000002,51.400000000000006,7.342857142857143,1
Madurai,2023-08-12,5.7,5.7,52.70000000000002,57.1,8.157142857142857,1
Madurai,2023-08-13,0.0,0.0,28.400000000000016,56.5,8.071428571428571,1
Madurai,2023-08-14,18.7,18.7,24.400000000000016,74.6,10.657142857142857,1
Madurai,2023-08-15,1.4,1.4,20.100000000000016,75.7,10.814285714285717,1
Madurai,2023-08-16,0.0,0.0,20.100000000000016,72.8,10.4,1
Madurai,2023-08-17,0.0,0.0,1.4000000000000177,48.5,6.928571428571429,0
Madurai,2023-08-18,0.1,0.1,0.1000000000000177,25.9,3.7,0
Madurai,2023-08-19,0.3,0.3,0.4000000000000178,20.5,2.9285714285714284,0
Madurai,2023-08-20,0.3,0.3,0.7000000000000177,20.8,2.9714285714285715,0
Madurai,2023-08-21,2.6,2.6,3.200000000000018,4.7,0.6714285714285715,0
Madurai,2023-08-22,28.6,28.6,31.50000000000002,31.9,4.557142857142858,0
Madurai,2023-08-23,1.4,1.4,32.60000000000002,33.300000000000004,4.757142857142858,0
Madurai,2023-08-24,0.0,0.0,30.000000000000018,33.300000000000004,4.757142857142858,0
Madurai,2023-08-25,0.0,0.0,1.4000000000000177,33.2,4.742857142857143,0
Madurai,2023-08-26,0.0,0.0,0.0,32.900000000000006,4.700000000000001,0
Madurai,2023-08-27,0.0,0.0,0.0,32.6,4.6571428571428575,0
Madurai,2023-08-28,1.0,1.0,1.0000000000000178,31.0,4.428571428571429,0
Madurai,2023-08-29,33.1,33.1,34.10000000000002,35.5,5.071428571428571,0
Madurai,2023-08-30,4.2,4.2,38.30000000000002,38.3,5.471428571428572,0
Madurai,2023-08-31,18.9,18.9,56.20000000000002,57.2,8.171428571428573,1
Madurai,2023-09-01,1.3,1.3,24.400000000000013,58.5,8.357142857142858,1
Madurai,2023-09-02,14.7,14.7,34.90000000000001,73.2,10.457142857142856,1
Madurai,2023-09-03,1.2,1.2,17.200000000000014,74.4,10.62857142857143,1
Madurai,2023-09-04,0.2,0.2,16.100000000000012,73.6,10.514285714285714,1
Madurai,2023-09-05,0.2,0.2,1.6000000000000143,40.7,5.814285714285714,0
Madurai,2023-09-06,0.0,0.0,0.4000000000000142,36.49999999999999,5.2142857142857135,0
Madurai,2023-09-07,2.4,2.4,2.6000000000000143,20.0,2.857142857142857,0
Madurai,2023-09-08,0.4,0.4,2.800000000000014,19.1,2.728571428571428,0
Madurai,2023-09-09,1.0,1.0,3.800000000000014,5.4,0.7714285714285715,0
Madurai,2023-09-10,1.5,1.5,2.900000000000014,5.699999999999999,0.8142857142857142,0
Madurai,2023-09-11,0.3,0.3,2.800000000000014,5.8,0.8285714285714285,0
Madurai,2023-09-12,0.0,0.0,1.8000000000000145,5.6000000000000005,0.8,0
Madurai,2023-09-13,0.2,0.2,0.5000000000000142,5.800000000000001,0.8285714285714286,0
Madurai,2023-09-14,0.8,0.8,1.0000000000000142,4.2,0.6,0
Madurai,2023-09-15,1.6,1.6,2.6000000000000143,5.4,0.7714285714285715,0
Madurai,2023-09-16,4.2,4.2,6.600000000000014,8.600000000000001,1.2285714285714289,0
Madurai,2023-09-17,5.5,5.5,11.300000000000017,12.6,1.8000000000000005,0
Madurai,2023-09-18,16.6,16.6,26.30000000000002,28.9,4.128571428571429,0
Madurai,2023-09-19,4.1,4.1,26.200000000000017,33.0,4.714285714285714,0
Madurai,2023-09-20,1.3,1.3,22.00000000000001,34.1,4.871428571428572,0
Madurai,2023-09-21,3.6,3.6,9.000000000000014,36.900000000000006,5.271428571428572,0
Madurai,2023-09-22,1.7,1.7,6.600000000000015,37.0,5.285714285714286,0
Madurai,2023-09-23,1.3,1.3,6.600000000000015,34.10000000000001,4.871428571428573,0
Madurai,2023-09-24,9.5,9.5,12.500000000000014,38.1,5.442857142857143,0
Madurai,2023-09-25,0.1,0.1,10.900000000000016,21.6,3.085714285714286,0
Madurai,2023-09-26,0.1,0.1,9.700000000000014,17.599999999999998,2.514285714285714,0
Madurai,2023-09-27,1.2,1.2,1.400000000000014,17.5,2.5,0
Madurai,2023-09-28,2.4,2.4,3.700000000000014,16.3,2.3285714285714287,0
Madurai,2023-09-29,1.0,1.0,4.600000000000014,15.6,2.2285714285714286,0
Madurai,2023-09-30,3.1,3.1,6.500000000000014,17.4,2.4857142857142853,0
Madurai,2023-10-01,1.4,1.4,5.500000000000014,9.3,1.3285714285714287,0
Madurai,2023-10-02,0.7,0.7,5.2000000000000135,9.9,1.4142857142857144,0
Madurai,2023-10-03,0.6,0.6,2.700000000000014,10.4,1.4857142857142858,0
Madurai,2023-10-04,2.0,2.0,3.300000000000014,11.2,1.6,0
Madurai,2023-10-05,0.5,0.5,3.100000000000014,9.3,1.3285714285714287,0
Madurai,2023-10-06,0.0,0.0,2.500000000000014,8.3,1.1857142857142855,0
Madurai,2023-10-07,1.8,1.8,2.300000000000014,6.999999999999999,1.0,0
Madurai,2023-10-08,8.2,8.2,10.000000000000014,13.8,1.9714285714285715,0
Madurai,2023-10-09,14.3,14.3,24.30000000000001,27.4,3.914285714285714,0
Madurai,2023-10-10,0.2,0.2,22.700000000000014,27.0,3.857142857142857,0
Madurai,2023-10-11,8.7,8.7,23.200000000000014,33.7,4.814285714285714,0
Madurai,2023-10-12,16.9,16.9,25.80000000000001,50.1,7.157142857142857,1
Madurai,2023-10-13,0.8,0.8,26.400000000000013,50.89999999999999,7.27142857142857,1
Madurai,2023-10-14,1.1,1.1,18.80000000000001,50.2,7.171428571428571,1
Madurai,2023-10-15,14.5,14.5,16.400000000000013,56.49999999999999,8.071428571428571,1
Madurai,2023-10-16,36.0,36.0,51.60000000000001,78.19999999999999,11.171428571428567,1
Madurai,2023-10-17,22.2,22.2,72.7,100.2,14.314285714285711,2
Madurai,2023-10-18,1.4,1.4,59.60000000000001,92.9,13.27142857142857,1
Madurai,2023-10-19,0.0,0.0,23.600000000000005,76.0,10.857142857142858,1
Madurai,2023-10-20,0.0,0.0,1.400000000000007,75.2,10.742857142857144,1
Madurai,2023-10-21,0.1,0.1,0.1000000000000071,74.19999999999999,10.599999999999998,1
Madurai,2023-10-22,9.1,9.1,9.200000000000006,68.8,9.828571428571427,1
Madurai,2023-10-23,3.7,3.7,12.900000000000006,36.5,5.214285714285714,0
Madurai,2023-10-24,11.1,11.1,23.90000000000001,25.4,3.628571428571429,0
Madurai,2023-10-25,7.2,7.2,22.000000000000007,31.2,4.457142857142857,0
Madurai,2023-10-26,0.4,0.4,18.70000000000001,31.6,4.514285714285714,0
Madurai,2023-10-27,2.7,2.7,10.300000000000008,34.3,4.9,0
Madurai,2023-10-28,18.4,18.4,21.500000000000007,52.6,7.514285714285713,1
Madurai,2023-10-29,25.2,25.2,46.30000000000001,68.69999999999999,9.814285714285711,1
Madurai,2023-10-30,11.3,11.3,54.900000000000006,76.3,10.9,1
Madurai,2023-10-31,2.5,2.5,39.00000000000001,67.7,9.671428571428573,1
Madurai,2023-11-01,31.4,31.4,45.2,91.9,13.128571428571428,1
Madurai,2023-11-02,17.6,17.6,51.500000000000014,109.1,15.585714285714287,2
Madurai,2023-11-03,30.1,30.1,79.10000000000001,136.5,19.5,2
Madurai,2023-11-04,22.4,22.4,70.10000000000001,140.5,20.071428571428573,2
Madurai,2023-11-05,10.5,10.5,63.000000000000014,125.8,17.97142857142857,2
Madurai,2023-11-06,16.1,16.1,49.0,130.6,18.65714285714285,2
Madurai,2023-11-07,20.6,20.6,47.20000000000001,148.7,21.24285714285714,2
Madurai,2023-11-08,15.0,15.0,51.70000000000001,132.3,18.9,2
Madurai,2023-11-09,12.9,12.9,48.50000000000001,127.6,18.228571428571428,2
Madurai,2023-11-10,17.4,17.4,45.3,114.9,16.414285714285715,2
Madurai,2023-11-11,13.2,13.2,43.5,105.7,15.1,2
Madurai,2023-11-12,0.0,0.0,30.600000000000005,95.2,13.6,1
Madurai,2023-11-13,0.4,0.4,13.600000000000009,79.5,11.357142857142858,1
Madurai,2023-11-14,10.3,10.3,10.700000000000008,69.2,9.885714285714286,1
Madurai,2023-11-15,7.6,7.6,18.300000000000008,61.8,8.828571428571427,1
Madurai,2023-11-16,7.2,7.2,25.10000000000001,56.1,8.014285714285714,1
Madurai,2023-11-17,1.3,1.3,16.10000000000001,40.0,5.714285714285714,0
Madurai,2023-11-18,10.1,10.1,18.60000000000001,36.9,5.271428571428571,0
Madurai,2023-11-19,1.2,1.2,12.600000000000009,38.1,5.442857142857143,0
Madurai,2023-11-20,0.0,0.0,11.300000000000006,37.7,5.385714285714286,0
Madurai,2023-11-21,11.7,11.7,12.900000000000006,39.1,5.5857142857142845,0
Madurai,2023-11-22,11.1,11.1,22.800000000000004,42.6,6.0857142857142845,0
Madurai,2023-11-23,7.7,7.7,30.500000000000007,43.1,6.157142857142857,0
Madurai,2023-11-24,2.1,2.1,20.90000000000001,43.9,6.271428571428571,0
Madurai,2023-11-25,8.5,8.5,18.300000000000008,42.3,6.042857142857143,0
Madurai,2023-11-26,10.3,10.3,20.90000000000001,51.400000000000006,7.342857142857143,1
Madurai,2023-11-27,1.0,1.0,19.800000000000008,52.400000000000006,7.485714285714287,1
Madurai,2023-11-28,1.3,1.3,12.600000000000009,42.0,6.0,0
Madurai,2023-11-29,0.7,0.7,3.000000000000007,31.6,4.514285714285714,0
Madurai,2023-11-30,3.6,3.6,5.600000000000007,27.500000000000004,3.928571428571429,0
Madurai,2023-12-01,0.6,0.6,4.900000000000008,26.0,3.7142857142857135,0
Madurai,2023-12-02,0.5,0.5,4.700000000000007,18.0,2.571428571428572,0
Madurai,2023-12-03,0.1,0.1,1.200000000000007,7.8,1.1142857142857143,0
Madurai,2023-12-04,0.1,0.1,0.7000000000000071,6.9,0.9857142857142858,0
Madurai,2023-12-05,5.9,5.9,6.100000000000008,11.5,1.6428571428571428,0
Madurai,2023-12-06,1.0,1.0,7.000000000000008,11.8,1.6857142857142855,0
Madurai,2023-12-07,1.4,1.4,8.300000000000008,9.6,1.3714285714285714,0
Madurai,2023-12-08,6.9,6.9,9.300000000000008,15.9,2.271428571428572,0
Madurai,2023-12-09,6.5,6.5,14.800000000000008,21.9,3.128571428571429,0
Madurai,2023-12-10,2.9,2.9,16.300000000000008,24.7,3.5285714285714285,0
Madurai,2023-12-11,0.2,0.2,9.600000000000009,24.8,3.542857142857143,0
Madurai,2023-12-12,0.7,0.7,3.800000000000007,19.6,2.8,0
Madurai,2023-12-13,0.0,0.0,0.900000000000007,18.6,2.657142857142857,0
Madurai,2023-12-14,0.0,0.0,0.7000000000000071,17.2,2.457142857142857,0
Madurai,2023-12-15,0.1,0.1,0.1000000000000071,10.4,1.4857142857142858,0
Madurai,2023-12-16,3.3,3.3,3.400000000000007,7.199999999999999,1.0285714285714285,0
Madurai,2023-12-17,18.0,18.0,21.40000000000001,22.3,3.185714285714285,0
Madurai,2023-12-18,8.9,8.9,30.200000000000003,31.0,4.428571428571429,0
Madurai,2023-12-19,0.5,0.5,27.40000000000001,30.8,4.4,0
Madurai,2023-12-20,0.1,0.1,9.500000000000009,30.9,4.414285714285714,0
Madurai,2023-12-21,0.7,0.7,1.300000000000007,31.6,4.514285714285714,0
Madurai,2023-12-22,0.0,0.0,0.800000000000007,31.5,4.499999999999999,0
Madurai,2023-12-23,0.0,0.0,0.7000000000000071,28.2,4.028571428571428,0
Madurai,2023-12-24,0.0,0.0,0.0,10.199999999999998,1.4571428571428569,0
Madurai,2023-12-25,0.9,0.9,0.9000000000000071,2.1999999999999966,0.3142857142857138,0
Madurai,2023-12-26,0.0,0.0,0.9000000000000071,1.6999999999999964,0.2428571428571423,0
Madurai,2023-12-27,0.8,0.8,1.7000000000000073,2.3999999999999964,0.3428571428571423,0
Madurai,2023-12-28,0.6,0.6,1.400000000000007,2.2999999999999967,0.3285714285714281,0
Madurai,2023-12-29,1.1,1.1,2.500000000000007,3.399999999999997,0.4857142857142852,0
Madurai,2023-12-30,0.8,0.8,2.500000000000007,4.199999999999997,0.5999999999999995,0
Madurai,2023-12-31,0.0,0.0,1.900000000000007,4.199999999999997,0.5999999999999995,0
Madurai,2024-01-01,0.0,0.0,0.8000000000000069,3.2999999999999963,0.4714285714285709,0
Madurai,2024-01-02,0.0,0.0,0.0,3.2999999999999963,0.4714285714285709,0
Madurai,2024-01-03,0.0,0.0,0.0,2.4999999999999964,0.3571428571428566,0
Madurai,2024-01-04,0.3,0.3,0.3000000000000069,2.1999999999999966,0.3142857142857138,0
Madurai,2024-01-05,5.2,5.2,5.500000000000007,6.299999999999997,0.8999999999999996,0
Madurai,2024-01-06,3.2,3.2,8.700000000000006,8.699999999999996,1.2428571428571422,0
Madurai,2024-01-07,1.5,1.5,9.900000000000006,10.199999999999996,1.4571428571428566,0
Madurai,2024-01-08,36.2,36.2,40.900000000000006,46.4,6.628571428571428,0
Madurai,2024-01-09,23.1,23.1,60.8,69.5,9.928571428571429,1
Madurai,2024-01-10,0.9,0.9,60.2,70.4,10.05714285714286,1
Madurai,2024-01-11,0.2,0.2,24.200000000000003,70.3,10.042857142857144,1
Madurai,2024-01-12,0.1,0.1,1.2,65.2,9.314285714285717,1
Madurai,2024-01-13,0.4,0.4,0.7000000000000001,62.4,8.914285714285715,1
Madurai,2024-01-14,0.0,0.0,0.5,60.9,8.7,1
Madurai,2024-01-15,0.0,0.0,0.4,24.7,3.528571428571428,0
Madurai,2024-01-16,0.0,0.0,0.0,1.599999999999993,0.2285714285714275,0
Madurai,2024-01-17,0.0,0.0,0.0,0.699999999999993,0.0999999999999989,0
Madurai,2024-01-18,0.7,0.7,0.7,1.1999999999999929,0.1714285714285704,0
Madurai,2024-01-19,2.3,2.3,3.0,3.3999999999999924,0.4857142857142846,0
Madurai,2024-01-20,1.0,1.0,4.0,3.999999999999993,0.5714285714285704,0
Madurai,2024-01-21,0.4,0.4,3.7,4.399999999999992,0.6285714285714274,0
Madurai,2024-01-22,0.0,0.0,1.4,4.399999999999992,0.6285714285714274,0
Madurai,2024-01-23,0.0,0.0,0.4,4.399999999999992,0.6285714285714274,0
Madurai,2024-01-24,0.0,0.0,0.0,4.399999999999992,0.6285714285714274,0
Madurai,2024-01-25,0.0,0.0,0.0,3.699999999999992,0.5285714285714275,0
Madurai,2024-01-26,0.0,0.0,0.0,1.3999999999999924,0.1999999999999989,0
Madurai,2024-01-27,0.0,0.0,0.0,0.3999999999999925,0.057142857142856,0
Madurai,2024-01-28,0.0,0.0,0.0,0.0,0.0,0
Madurai,2024-01-29,0.0,0.0,0.0,0.0,0.0,0
Madurai,2024-01-30,0.0,0.0,0.0,0.0,0.0,0
Madurai,2024-01-31,0.0,0.0,0.0,0.0,0.0,0
Madurai,2024-02-01,0.5,0.5,0.5,0.4999999999999924,0.0714285714285703,0
Madurai,2024-02-02,0.9,0.9,1.4,1.3999999999999924,0.1999999999999989,0
Madurai,2024-02-03,0.1,0.1,1.5,1.4999999999999925,0.2142857142857132,0
Madurai,2024-02-04,0.0,0.0,1.0,1.4999999999999925,0.2142857142857132,0
Madurai,2024-02-05,0.0,0.0,0.1,1.4999999999999925,0.2142857142857132,0
Madurai,2024-02-06,0.0,0.0,0.0,1.4999999999999925,0.2142857142857132,0
Madurai,2024-02-07,0.0,0.0,0.0,1.4999999999999925,0.2142857142857132,0
Madurai,2024-02-08,0.0,0.0,0.0,0.9999999999999925,0.1428571428571417,0
Madurai,2024-02-09,0.0,0.0,0.0,0.0999999999999924,0.0142857142857132,0
Madurai,2024-02-10,0.0,0.0,0.0,0.0,0.0,0
Madurai,2024-02-11,0.1,0.1,0.1,0.0999999999999924,0.0142857142857132,0
Madurai,2024-02-12,0.0,0.0,0.1,0.0999999999999924,0.0142857142857132,0
Madurai,2024-02-13,1.7,1.7,1.8,1.7999999999999925,0.257142857142856,0
Madurai,2024-02-14,0.2,0.2,1.9,1.9999999999999925,0.2857142857142846,0
Madurai,2024-02-15,0.0,0.0,1.9,1.9999999999999925,0.2857142857142846,0
Madurai,2024-02-16,0.2,0.2,0.4,2.1999999999999926,0.3142857142857132,0
Madurai,2024-02-17,0.0,0.0,0.2,2.1999999999999926,0.3142857142857132,0
Madurai,2024-02-18,0.0,0.0,0.2,2.0999999999999925,0.2999999999999989,0
Madurai,2024-02-19,0.1,0.1,0.1,2.1999999999999926,0.3142857142857132,0
Madurai,2024-02-20,0.0,0.0,0.1,0.4999999999999924,0.0714285714285703,0
Madurai,2024-02-21,0.0,0.0,0.1,0.2999999999999925,0.0428571428571417,0
Madurai,2024-02-22,0.3,0.3,0.3,0.5999999999999924,0.0857142857142846,0
Madurai,2024-02-23,0.3,0.3,0.6,0.6999999999999924,0.0999999999999989,0
Madurai,2024-02-24,0.2,0.2,0.8,0.8999999999999924,0.1285714285714274,0
Madurai,2024-02-25,0.0,0.0,0.4999999999999999,0.8999999999999924,0.1285714285714274,0
Madurai,2024-02-26,0.1,0.1,0.3,0.8999999999999925,0.1285714285714275,0
Madurai,2024-02-27,0.5,0.5,0.6000000000000001,1.3999999999999924,0.1999999999999989,0
Madurai,2024-02-28,0.0,0.0,0.6000000000000001,1.3999999999999924,0.1999999999999989,0
Madurai,2024-02-29,0.0,0.0,0.5000000000000001,1.0999999999999923,0.157142857142856,0
Madurai,2024-03-01,0.0,0.0,0.0,0.7999999999999924,0.1142857142857132,0
Madurai,2024-03-02,0.0,0.0,0.0,0.5999999999999924,0.0857142857142846,0
Madurai,2024-03-03,0.0,0.0,0.0,0.5999999999999924,0.0857142857142846,0
Madurai,2024-03-04,0.0,0.0,0.0,0.4999999999999924,0.0714285714285703,0
Madurai,2024-03-05,0.0,0.0,0.0,0.0,0.0,0
Madurai,2024-03-06,0.0,0.0,0.0,0.0,0.0,0
Madurai,2024-03-07,0.0,0.0,0.0,0.0,0.0,0
Madurai,2024-03-08,0.0,0.0,0.0,0.0,0.0,0
Madurai,2024-03-09,0.0,0.0,0.0,0.0,0.0,0
Madurai,2024-03-10,0.0,0.0,0.0,0.0,0.0,0
Madurai,2024-03-11,0.0,0.0,0.0,0.0,0.0,0
Madurai,2024-03-12,0.0,0.0,0.0,0.0,0.0,0
Madurai,2024-03-13,0.0,0.0,0.0,0.0,0.0,0
Madurai,2024-03-14,0.0,0.0,0.0,0.0,0.0,0
Madurai,2024-03-15,0.0,0.0,0.0,0.0,0.0,0
Madurai,2024-03-16,0.0,0.0,0.0,0.0,0.0,0
Madurai,2024-03-17,0.0,0.0,0.0,0.0,0.0,0
Madurai,2024-03-18,0.0,0.0,0.0,0.0,0.0,0
Madurai,2024-03-19,0.0,0.0,0.0,0.0,0.0,0
Madurai,2024-03-20,0.0,0.0,0.0,0.0,0.0,0
Madurai,2024-03-21,1.8,1.8,1.8000000000000005,1.7999999999999925,0.257142857142856,0
Madurai,2024-03-22,0.1,0.1,1.9,1.8999999999999928,0.2714285714285703,0
Madurai,2024-03-23,0.0,0.0,1.9,1.8999999999999928,0.2714285714285703,0
Madurai,2024-03-24,0.1,0.1,0.2,1.9999999999999925,0.2857142857142846,0
Madurai,2024-03-25,0.0,0.0,0.1,1.9999999999999925,0.2857142857142846,0
Madurai,2024-03-26,0.0,0.0,0.1,1.9999999999999925,0.2857142857142846,0
Madurai,2024-03-27,0.3,0.3,0.3,2.2999999999999927,0.3285714285714275,0
Madurai,2024-03-28,0.2,0.2,0.5,0.6999999999999924,0.0999999999999989,0
Madurai,2024-03-29,0.5,0.5,1.0,1.0999999999999923,0.157142857142856,0
Madurai,2024-03-30,0.0,0.0,0.7,1.0999999999999923,0.157142857142856,0
Madurai,2024-03-31,0.0,0.0,0.5,0.9999999999999925,0.1428571428571417,0
Madurai,2024-04-01,4.0,4.0,4.0,4.999999999999993,0.7142857142857133,0
Madurai,2024-04-02,0.0,0.0,4.0,4.999999999999993,0.7142857142857133,0
Madurai,2024-04-03,0.0,0.0,4.0,4.699999999999993,0.6714285714285705,0
Madurai,2024-04-04,0.0,0.0,0.0,4.499999999999993,0.6428571428571418,0
Madurai,2024-04-05,0.0,0.0,0.0,3.999999999999993,0.5714285714285704,0
Madurai,2024-04-06,0.0,0.0,0.0,3.999999999999993,0.5714285714285704,0
Madurai,2024-04-07,0.0,0.0,0.0,3.999999999999993,0.5714285714285704,0
Madurai,2024-04-08,0.0,0.0,0.0,0.0,0.0,0
Madurai,2024-04-09,0.2,0.2,0.2,0.1999999999999929,0.0285714285714275,0
Madurai,2024-04-10,0.0,0.0,0.2,0.1999999999999929,0.0285714285714275,0
Madurai,2024-04-11,1.3,1.3,1.5,1.499999999999993,0.2142857142857132,0
Madurai,2024-04-12,6.3,6.3,7.6,7.799999999999993,1.1142857142857132,0
Madurai,2024-04-13,1.6,1.6,9.2,9.399999999999991,1.342857142857142,0
Madurai,2024-04-14,0.6,0.6,8.5,9.999999999999991,1.4285714285714275,0
Madurai,2024-04-15,3.1,3.1,5.300000000000001,13.099999999999993,1.8714285714285703,0
Madurai,2024-04-16,1.2,1.2,4.9,14.099999999999994,2.0142857142857133,0
Madurai,2024-04-17,0.0,0.0,4.300000000000001,14.099999999999994,2.0142857142857133,0
Madurai,2024-04-18,0.0,0.0,1.2,12.799999999999994,1.828571428571428,0
Madurai,2024-04-19,0.0,0.0,0.0,6.499999999999993,0.9285714285714276,0
Madurai,2024-04-20,0.0,0.0,0.0,4.899999999999993,0.6999999999999991,0
Madurai,2024-04-21,0.0,0.0,0.0,4.299999999999993,0.6142857142857132,0
Madurai,2024-04-22,0.0,0.0,0.0,1.1999999999999929,0.1714285714285704,0
Madurai,2024-04-23,0.0,0.0,0.0,0.0,0.0,0
Madurai,2024-04-24,0.0,0.0,0.0,0.0,0.0,0
Madurai,2024-04-25,0.0,0.0,0.0,0.0,0.0,0
Madurai,2024-04-26,0.0,0.0,0.0,0.0,0.0,0
Madurai,2024-04-27,0.0,0.0,0.0,0.0,0.0,0
Madurai,2024-04-28,0.0,0.0,0.0,0.0,0.0,0
Madurai,2024-04-29,0.0,0.0,0.0,0.0,0.0,0
Madurai,2024-04-30,0.0,0.0,0.0,0.0,0.0,0
Madurai,2024-05-01,0.0,0.0,0.0,0.0,0.0,0
Madurai,2024-05-02,0.0,0.0,0.0,0.0,0.0,0
Madurai,2024-05-03,0.0,0.0,0.0,0.0,0.0,0
Madurai,2024-05-04,0.3,0.3,0.3,0.2999999999999929,0.0428571428571418,0
Madurai,2024-05-05,0.5,0.5,0.8,0.7999999999999929,0.1142857142857132,0
Madurai,2024-05-06,10.8,10.8,11.6,11.599999999999994,1.6571428571428564,0
Madurai,2024-05-07,0.0,0.0,11.3,11.599999999999994,1.6571428571428564,0
Madurai,2024-05-08,10.3,10.3,21.1,21.899999999999995,3.128571428571428,0
Madurai,2024-05-09,4.6,4.6,14.9,26.499999999999996,3.7857142857142847,0
Madurai,2024-05-10,8.3,8.3,23.200000000000003,34.8,4.971428571428571,0
Madurai,2024-05-11,3.3,3.3,16.2,37.8,5.4,0
Madurai,2024-05-12,16.2,16.2,27.8,53.5,7.642857142857143,1
Madurai,2024-05-13,5.8,5.8,25.3,48.49999999999999,6.928571428571428,0
Madurai,2024-05-14,40.6,40.6,62.6,89.1,12.728571428571428,1
Madurai,2024-05-15,16.1,16.1,62.50000000000001,94.9,13.55714285714286,1
Madurai,2024-05-16,3.2,3.2,59.900000000000006,93.5,13.357142857142856,1
Madurai,2024-05-17,15.3,15.3,34.6,100.5,14.357142857142858,2
Madurai,2024-05-18,13.2,13.2,31.7,110.4,15.77142857142857,2
Madurai,2024-05-19,10.4,10.4,38.9,104.6,14.94285714285714,2
Madurai,2024-05-20,5.5,5.5,29.1,104.3,14.9,2
Madurai,2024-05-21,12.1,12.1,28.0,75.8,10.828571428571427,1
Madurai,2024-05-22,36.8,36.8,54.4,96.5,13.785714285714286,1
Madurai,2024-05-23,15.8,15.8,64.7,109.1,15.585714285714284,2
Madurai,2024-05-24,19.6,19.6,72.2,113.4,16.2,2
Madurai,2024-05-25,0.4,0.4,35.800000000000004,100.6,14.37142857142857,2
Madurai,2024-05-26,0.0,0.0,20.0,90.2,12.885714285714286,1
Madurai,2024-05-27,0.0,0.0,0.4,84.7,12.1,1
Madurai,2024-05-28,0.3,0.3,0.3,72.89999999999999,10.414285714285713,1
Madurai,2024-05-29,0.6,0.6,0.8999999999999999,36.7,5.242857142857142,0
Madurai,2024-05-30,0.3,0.3,1.2,21.2,3.028571428571428,0
Madurai,2024-05-31,17.3,17.3,18.2,18.899999999999995,2.6999999999999997,0
Madurai,2024-06-01,5.6,5.6,23.2,24.099999999999994,3.442857142857142,0
Madurai,2024-06-02,0.3,0.3,23.2,24.399999999999995,3.485714285714285,0
Madurai,2024-06-03,0.9,0.9,6.8,25.3,3.614285714285714,0
Madurai,2024-06-04,3.1,3.1,4.3,28.099999999999994,4.014285714285713,0
Madurai,2024-06-05,6.6,6.6,10.6,34.099999999999994,4.871428571428571,0
Madurai,2024-06-06,13.6,13.6,23.3,47.39999999999999,6.7714285714285705,0
Madurai,2024-06-07,8.5,8.5,28.7,38.6,5.514285714285713,0
Madurai,2024-06-08,10.8,10.8,32.9,43.79999999999999,6.257142857142855,0
Madurai,2024-06-09,1.0,1.0,20.3,44.49999999999999,6.357142857142856,0
Madurai,2024-06-10,0.3,0.3,12.1,43.89999999999999,6.2714285714285705,0
Madurai,2024-06-11,0.1,0.1,1.4,40.89999999999999,5.842857142857142,0
Madurai,2024-06-12,0.9,0.9,1.3,35.19999999999999,5.028571428571427,0
Madurai,2024-06-13,0.0,0.0,1.0,21.599999999999994,3.085714285714285,0
Madurai,2024-06-14,0.0,0.0,0.9,13.099999999999994,1.8714285714285703,0
Madurai,2024-06-15,0.0,0.0,0.0,2.2999999999999927,0.3285714285714275,0
Madurai,2024-06-16,0.4,0.4,0.4,1.699999999999993,0.2428571428571418,0
Madurai,2024-06-17,0.8,0.8,1.2000000000000002,2.199999999999993,0.3142857142857133,0
Madurai,2024-06-18,2.1,2.1,3.3000000000000003,4.199999999999993,0.599999999999999,0
Madurai,2024-06-19,2.2,2.2,5.1000000000000005,5.499999999999993,0.7857142857142847,0
Madurai,2024-06-20,0.0,0.0,4.300000000000001,5.499999999999993,0.7857142857142847,0
Madurai,2024-06-21,0.4,0.4,2.6,5.899999999999993,0.8428571428571419,0
Madurai,2024-06-22,0.6,0.6,1.0,6.499999999999993,0.9285714285714276,0
Madurai,2024-06-23,1.6,1.6,2.6,7.699999999999993,1.099999999999999,0
Madurai,2024-06-24,10.8,10.8,13.0,17.699999999999996,2.528571428571428,0
Madurai,2024-06-25,8.7,8.7,21.1,24.299999999999997,3.47142857142857,0
Madurai,2024-06-26,13.9,13.9,33.4,35.99999999999999,5.1428571428571415,0
Madurai,2024-06-27,2.8,2.8,25.4,38.8,5.542857142857143,0
Madurai,2024-06-28,0.0,0.0,16.7,38.4,5.485714285714286,0
Madurai,2024-06-29,1.0,1.0,3.799999999999998,38.8,5.542857142857143,0
Madurai,2024-06-30,0.3,0.3,1.2999999999999985,37.49999999999999,5.357142857142856,0
Madurai,2024-07-01,0.3,0.3,1.5999999999999983,26.999999999999996,3.857142857142856,0
Madurai,2024-07-02,0.0,0.0,0.5999999999999982,18.299999999999997,2.614285714285713,0
Madurai,2024-07-03,0.5,0.5,0.7999999999999983,4.899999999999992,0.699999999999999,0
Madurai,2024-07-04,4.8,4.8,5.299999999999998,6.899999999999992,0.9857142857142848,0
Madurai,2024-07-05,11.8,11.8,17.099999999999998,18.699999999999992,2.6714285714285704,0
Madurai,2024-07-06,0.0,0.0,16.599999999999998,17.699999999999992,2.528571428571428,0
Madurai,2024-07-07,1.3,1.3,13.099999999999998,18.699999999999992,2.6714285714285704,0
Madurai,2024-07-08,0.1,0.1,1.3999999999999966,18.49999999999999,2.642857142857141,0
Madurai,2024-07-09,0.6,0.6,1.9999999999999964,19.09999999999999,2.7285714285714278,0
Madurai,2024-07-10,0.8,0.8,1.4999999999999964,19.39999999999999,2.77142857142857,0
Madurai,2024-07-11,0.1,0.1,1.4999999999999964,14.699999999999994,2.099999999999999,0
Madurai,2024-07-12,14.7,14.7,15.599999999999996,17.599999999999994,2.5142857142857133,0
Madurai,2024-07-13,1.6,1.6,16.399999999999995,19.199999999999992,2.7428571428571416,0
Madurai,2024-07-14,5.1,5.1,21.4,22.999999999999996,3.2857142857142847,0
Madurai,2024-07-15,5.0,5.0,11.699999999999996,27.89999999999999,3.985714285714285,0
Madurai,2024-07-16,7.0,7.0,17.099999999999994,34.29999999999999,4.899999999999999,0
Madurai,2024-07-17,5.8,5.8,17.799999999999997,39.3,5.614285714285714,0
Madurai,2024-07-18,7.0,7.0,19.8,46.2,6.6,0
Madurai,2024-07-19,0.0,0.0,12.799999999999995,31.49999999999999,4.499999999999998,0
Madurai,2024-07-20,0.0,0.0,6.9999999999999964,29.89999999999999,4.2714285714285705,0
Madurai,2024-07-21,0.0,0.0,0.0,24.79999999999999,3.5428571428571414,0
Madurai,2024-07-22,0.0,0.0,0.0,19.79999999999999,2.828571428571427,0
Madurai,2024-07-23,0.0,0.0,0.0,12.799999999999994,1.828571428571428,0
Madurai,2024-07-24,0.7,0.7,0.6999999999999964,7.699999999999993,1.099999999999999,0
Madurai,2024-07-25,0.6,0.6,1.2999999999999965,1.2999999999999927,0.1857142857142846,0
Madurai,2024-07-26,1.4,1.4,2.699999999999996,2.6999999999999926,0.3857142857142847,0
Madurai,2024-07-27,0.9,0.9,2.8999999999999964,3.5999999999999925,0.5142857142857132,0
Madurai,2024-07-28,0.2,0.2,2.499999999999996,3.7999999999999927,0.5428571428571418,0
Madurai,2024-07-29,2.2,2.2,3.2999999999999963,5.999999999999993,0.8571428571428561,0
Madurai,2024-07-30,3.4,3.4,5.799999999999996,9.399999999999991,1.342857142857142,0
Madurai,2024-07-31,1.8,1.8,7.399999999999996,10.499999999999991,1.499999999999999,0
Madurai,2024-08-01,0.5,0.5,5.699999999999996,10.399999999999991,1.4857142857142844,0
Madurai,2024-08-02,0.5,0.5,2.7999999999999963,9.499999999999991,1.357142857142856,0
Madurai,2024-08-03,2.3,2.3,3.2999999999999963,10.899999999999991,1.5571428571428565,0
Madurai,2024-08-04,0.6,0.6,3.3999999999999964,11.299999999999994,1.6142857142857134,0
Madurai,2024-08-05,28.9,28.9,31.799999999999997,37.99999999999999,5.428571428571428,0
Madurai,2024-08-06,10.6,10.6,40.1,45.2,6.457142857142856,0
Madurai,2024-08-07,1.5,1.5,40.99999999999999,44.89999999999999,6.414285714285713,0
Madurai,2024-08-08,0.3,0.3,12.399999999999997,44.69999999999999,6.385714285714284,0
Madurai,2024-08-09,9.0,9.0,10.799999999999995,53.19999999999999,7.599999999999999,1
Madurai,2024-08-10,3.5,3.5,12.799999999999995,54.39999999999999,7.77142857142857,1
Madurai,2024-08-11,23.2,23.2,35.7,77.0,11.0,1
Madurai,2024-08-12,37.4,37.4,64.1,85.5,12.214285714285714,1
Madurai,2024-08-13,8.1,8.1,68.69999999999999,83.0,11.857142857142858,1
Madurai,2024-08-14,13.2,13.2,58.69999999999999,94.7,13.528571428571428,1
Madurai,2024-08-15,0.6,0.6,21.9,95.0,13.57142857142857,1
Madurai,2024-08-16,9.6,9.6,23.4,95.59999999999998,13.657142857142857,1
Madurai,2024-08-17,8.0,8.0,18.2,100.09999999999998,14.299999999999995,2
Madurai,2024-08-18,3.5,3.5,21.1,80.39999999999998,11.485714285714282,1
Madurai,2024-08-19,19.0,19.0,30.5,61.99999999999999,8.857142857142856,1
Madurai,2024-08-20,12.7,12.7,35.2,66.6,9.514285714285714,1
Madurai,2024-08-21,0.2,0.2,31.9,53.6,7.657142857142857,1
Madurai,2024-08-22,0.2,0.2,13.1,53.2,7.6,1
Madurai,2024-08-23,0.1,0.1,0.5,43.7,6.242857142857142,0
Madurai,2024-08-24,0.4,0.4,0.7,36.1,5.157142857142857,0
Madurai,2024-08-25,0.0,0.0,0.5,32.599999999999994,4.657142857142857,0
Madurai,2024-08-26,0.0,0.0,0.4,13.599999999999993,1.9428571428571415,0
Madurai,2024-08-27,0.2,0.2,0.2,1.099999999999993,0.1571428571428561,0
Madurai,2024-08-28,0.0,0.0,0.2,0.899999999999993,0.1285714285714276,0
Madurai,2024-08-29,0.3,0.3,0.5,0.9999999999999928,0.1428571428571418,0
Madurai,2024-08-30,3.7,3.7,4.0,4.599999999999993,0.6571428571428563,0
Madurai,2024-08-31,0.6,0.6,4.6,4.799999999999993,0.6857142857142847,0
Madurai,2024-09-01,0.4,0.4,4.7,5.199999999999992,0.7428571428571418,0
Madurai,2024-09-02,0.8,0.8,1.8,5.999999999999993,0.8571428571428561,0
Madurai,2024-09-03,1.9,1.9,3.1,7.699999999999993,1.099999999999999,0
Madurai,2024-09-04,0.0,0.0,2.7,7.699999999999993,1.099999999999999,0
Madurai,2024-09-05,0.0,0.0,1.9,7.399999999999992,1.057142857142856,0
Madurai,2024-09-06,0.0,0.0,0.0,3.699999999999993,0.5285714285714276,0
Madurai,2024-09-07,0.7,0.7,0.7,3.7999999999999927,0.5428571428571418,0
Madurai,2024-09-08,0.1,0.1,0.7999999999999999,3.499999999999993,0.499999999999999,0
Madurai,2024-09-09,0.6,0.6,1.4,3.2999999999999927,0.4714285714285703,0
Madurai,2024-09-10,0.1,0.1,0.7999999999999999,1.499999999999993,0.2142857142857132,0
Madurai,2024-09-11,0.8,0.8,1.5,2.2999999999999927,0.3285714285714275,0
Madurai,2024-09-12,0.6,0.6,1.5,2.899999999999993,0.4142857142857132,0
Madurai,2024-09-13,0.7,0.7,2.1,3.5999999999999925,0.5142857142857132,0
Madurai,2024-09-14,0.6,0.6,1.9,3.4999999999999925,0.4999999999999989,0
Madurai,2024-09-15,0.7,0.7,2.0,4.0999999999999925,0.5857142857142846,0
Madurai,2024-09-16,0.0,0.0,1.2999999999999998,3.499999999999993,0.499999999999999,0
Madurai,2024-09-17,0.0,0.0,0.7,3.399999999999993,0.4857142857142847,0
Madurai,2024-09-18,0.2,0.2,0.2,2.7999999999999927,0.3999999999999989,0
Madurai,2024-09-19,0.0,0.0,0.2,2.1999999999999926,0.3142857142857132,0
Madurai,2024-09-20,0.0,0.0,0.2,1.499999999999993,0.2142857142857132,0
Madurai,2024-09-21,0.6,0.6,0.6,1.499999999999993,0.2142857142857132,0
Madurai,2024-09-22,0.0,0.0,0.6,0.7999999999999928,0.1142857142857132,0
Madurai,2024-09-23,0.9,0.9,1.5,1.6999999999999929,0.2428571428571418,0
Madurai,2024-09-24,0.0,0.0,0.9,1.6999999999999929,0.2428571428571418,0
Madurai,2024-09-25,0.3,0.3,1.2,1.799999999999993,0.2571428571428561,0
Madurai,2024-09-26,0.6,0.6,0.9,2.399999999999993,0.3428571428571418,0
Madurai,2024-09-27,5.7,5.7,6.6000000000000005,8.099999999999993,1.157142857142856,0
Madurai,2024-09-28,15.1,15.1,21.4,22.599999999999994,3.228571428571428,0
Madurai,2024-09-29,4.3,4.3,25.1,26.899999999999995,3.842857142857142,0
Madurai,2024-09-30,2.6,2.6,22.0,28.59999999999999,4.0857142857142845,0
Madurai,2024-10-01,1.4,1.4,8.3,29.999999999999996,4.285714285714285,0
Madurai,2024-10-02,3.7,3.7,7.7,33.39999999999999,4.7714285714285705,0
Madurai,2024-10-03,0.6,0.6,5.699999999999999,33.39999999999999,4.7714285714285705,0
Madurai,2024-10-04,20.7,20.7,25.0,48.39999999999999,6.914285714285713,0
Madurai,2024-10-05,3.2,3.2,24.5,36.49999999999999,5.2142857142857135,0
Madurai,2024-10-06,3.5,3.5,27.4,35.7,5.1,0
Madurai,2024-10-07,29.3,29.3,36.0,62.39999999999999,8.914285714285713,1
Madurai,2024-10-08,4.6,4.6,37.4,65.6,9.37142857142857,1
Madurai,2024-10-09,16.5,16.5,50.4,78.39999999999999,11.2,1
Madurai,2024-10-10,16.1,16.1,37.2,93.9,13.414285714285716,1
Madurai,2024-10-11,39.9,39.9,72.5,113.1,16.157142857142855,2
Madurai,2024-10-12,14.2,14.2,70.2,124.1,17.728571428571428,2
Madurai,2024-10-13,23.2,23.2,77.3,143.79999999999998,20.54285714285714,2
Madurai,2024-10-14,10.1,10.1,47.5,124.6,17.8,2
Madurai,2024-10-15,2.8,2.8,36.1,122.79999999999998,17.54285714285714,2
Madurai,2024-10-16,4.7,4.7,17.6,111.0,15.857142857142856,2
Madurai,2024-10-17,0.3,0.3,7.8,95.2,13.599999999999998,1
Madurai,2024-10-18,3.6,3.6,8.6,58.89999999999999,8.414285714285713,1
Madurai,2024-10-19,2.5,2.5,6.4,47.19999999999999,6.742857142857141,0
Madurai,2024-10-20,5.2,5.2,11.3,29.199999999999992,4.17142857142857,0
Madurai,2024-10-21,15.5,15.5,23.200000000000003,34.599999999999994,4.942857142857142,0
Madurai,2024-10-22,18.7,18.7,39.4,50.49999999999999,7.2142857142857135,1
Madurai,2024-10-23,16.3,16.3,50.5,62.1,8.87142857142857,1
Madurai,2024-10-24,3.7,3.7,38.7,65.5,9.357142857142858,1
Madurai,2024-10-25,22.0,22.0,42.0,83.89999999999999,11.985714285714284,1
Madurai,2024-10-26,15.5,15.5,41.2,96.9,13.842857142857142,1
Madurai,2024-10-27,3.8,3.8,41.3,95.5,13.64285714285714,1
Madurai,2024-10-28,0.1,0.1,19.4,80.1,11.44285714285714,1
Madurai,2024-10-29,1.7,1.7,5.6,63.1,9.014285714285714,1
Madurai,2024-10-30,2.1,2.1,3.9,48.9,6.985714285714286,0
Madurai,2024-10-31,6.9,6.9,10.7,52.1,7.442857142857142,1
Madurai,2024-11-01,9.2,9.2,18.200000000000003,39.3,5.614285714285714,0
Madurai,2024-11-02,28.6,28.6,44.7,52.39999999999999,7.485714285714285,1
Madurai,2024-11-03,7.1,7.1,44.900000000000006,55.7,7.957142857142856,1
Madurai,2024-11-04,15.2,15.2,50.9,70.8,10.114285714285714,1
Madurai,2024-11-05,0.1,0.1,22.4,69.19999999999999,9.885714285714284,1
Madurai,2024-11-06,0.0,0.0,15.300000000000002,67.1,9.585714285714284,1
Madurai,2024-11-07,0.7,0.7,0.8000000000000035,60.89999999999999,8.7,1
Madurai,2024-11-08,3.5,3.5,4.200000000000004,55.19999999999999,7.885714285714284,1
Madurai,2024-11-09,0.0,0.0,4.200000000000004,26.59999999999999,3.7999999999999994,0
Madurai,2024-11-10,0.0,0.0,3.500000000000004,19.499999999999996,2.7857142857142847,0
Madurai,2024-11-11,0.0,0.0,0.0,4.299999999999993,0.6142857142857132,0
Madurai,2024-11-12,2.1,2.1,2.100000000000004,6.299999999999994,0.8999999999999991,0
Madurai,2024-11-13,12.1,12.1,14.200000000000005,18.39999999999999,2.6285714285714272,0
Madurai,2024-11-14,20.5,20.5,34.7,38.19999999999999,5.457142857142856,0
Madurai,2024-11-15,13.1,13.1,45.7,47.79999999999999,6.828571428571427,0
Madurai,2024-11-16,13.2,13.2,46.8,60.99999999999999,8.714285714285714,1
Madurai,2024-11-17,10.3,10.3,36.6,71.3,10.185714285714283,1
Madurai,2024-11-18,3.9,3.9,27.4,75.19999999999999,10.742857142857142,1
Madurai,2024-11-19,4.0,4.0,18.200000000000003,77.1,11.014285714285714,1
Madurai,2024-11-20,23.6,23.6,31.500000000000004,88.6,12.657142857142857,1
Madurai,2024-11-21,1.3,1.3,28.90000000000001,69.39999999999999,9.914285714285713,1
Madurai,2024-11-22,0.0,0.0,24.90000000000001,56.29999999999999,8.042857142857141,1
Madurai,2024-11-23,1.4,1.4,2.700000000000004,44.49999999999999,6.357142857142856,0
Madurai,2024-11-24,0.1,0.1,1.5000000000000036,34.29999999999999,4.899999999999999,0
Madurai,2024-11-25,0.0,0.0,1.5000000000000036,30.39999999999999,4.342857142857142,0
Madurai,2024-11-26,33.7,33.7,33.800000000000004,60.1,8.585714285714285,1
Madurai,2024-11-27,22.3,22.3,56.0,58.8,8.4,1
Madurai,2024-11-28,0.3,0.3,56.3,57.8,8.257142857142856,1
Madurai,2024-11-29,1.0,1.0,23.6,58.8,8.4,1
Madurai,2024-11-30,0.0,0.0,1.3,57.39999999999999,8.2,1
Madurai,2024-12-01,8.6,8.6,9.6,65.89999999999999,9.414285714285713,1
Madurai,2024-12-02,17.2,17.2,25.8,83.1,11.87142857142857,1
Madurai,2024-12-03,1.5,1.5,27.3,50.89999999999999,7.27142857142857,1
Madurai,2024-12-04,1.3,1.3,20.000000000000004,29.89999999999999,4.2714285714285705,0
Madurai,2024-12-05,3.0,3.0,5.8,32.59999999999999,4.657142857142856,0
Madurai,2024-12-06,0.1,0.1,4.4,31.69999999999999,4.528571428571427,0
Madurai,2024-12-07,0.1,0.1,3.2,31.79999999999999,4.542857142857142,0
Madurai,2024-12-08,0.9,0.9,1.1,24.099999999999987,3.442857142857141,0
Madurai,2024-12-09,0.2,0.2,1.2,7.0999999999999925,1.0142857142857131,0
Madurai,2024-12-10,0.0,0.0,1.1,5.5999999999999925,0.7999999999999989,0
Madurai,2024-12-11,0.5,0.5,0.7,4.799999999999993,0.6857142857142847,0
Madurai,2024-12-12,81.4,81.4,81.9,83.2,11.885714285714286,1
Madurai,2024-12-13,37.2,37.2,119.1,120.3,17.185714285714287,2
Madurai,2024-12-14,5.5,5.5,124.1,125.7,17.95714285714286,2
Madurai,2024-12-15,0.0,0.0,42.7,124.8,17.82857142857143,2
Madurai,2024-12-16,0.0,0.0,5.5,124.6,17.8,2
Madurai,2024-12-17,0.0,0.0,0.0,124.6,17.8,2
Madurai,2024-12-18,0.0,0.0,0.0,124.1,17.72857142857143,2
Madurai,2024-12-19,0.6,0.6,0.6,43.3,6.185714285714286,0
Madurai,2024-12-20,0.0,0.0,0.6,6.1,0.8714285714285713,0
Madurai,2024-12-21,1.4,1.4,2.0,2.0,0.2857142857142857,0
Madurai,2024-12-22,1.2,1.2,2.6,3.2,0.4571428571428572,0
Madurai,2024-12-23,1.9,1.9,4.5,5.1,0.7285714285714285,0
Madurai,2024-12-24,0.3,0.3,3.4,5.4,0.7714285714285714,0
Madurai,2024-12-25,0.9,0.9,3.1,6.3,0.9,0
Madurai,2024-12-26,6.6,6.6,7.8,12.3,1.7571428571428571,0
Madurai,2024-12-27,12.6,12.6,20.1,24.9,3.557142857142857,0
Madurai,2024-12-28,0.0,0.0,19.200000000000003,23.5,3.357142857142857,0
Madurai,2024-12-29,0.0,0.0,12.6,22.3,3.185714285714285,0
Madurai,2024-12-30,2.3,2.3,2.3,22.7,3.242857142857143,0
Madurai,2024-12-31,1.3,1.3,3.6,23.7,3.3857142857142857,0
Madurai,2025-01-01,0.0,0.0,3.6,22.8,3.257142857142857,0
Madurai,2025-01-02,0.0,0.0,1.3,16.2,2.314285714285714,0
Madurai,2025-01-03,0.0,0.0,0.0,3.6,0.5142857142857142,0
Madurai,2025-01-04,0.0,0.0,0.0,3.6,0.5142857142857142,0
Madurai,2025-01-05,0.0,0.0,0.0,3.6,0.5142857142857142,0
Madurai,2025-01-06,0.0,0.0,0.0,1.3,0.1857142857142857,0
Madurai,2025-01-07,1.4,1.4,1.4,1.4,0.1999999999999999,0
Madurai,2025-01-08,0.0,0.0,1.4,1.4,0.1999999999999999,0
Madurai,2025-01-09,0.0,0.0,1.4,1.4,0.1999999999999999,0
Madurai,2025-01-10,0.7,0.7,0.7,2.1,0.2999999999999999,0
Madurai,2025-01-11,0.0,0.0,0.7,2.1,0.2999999999999999,0
Madurai,2025-01-12,1.9,1.9,2.6,4.0,0.5714285714285714,0
Madurai,2025-01-13,1.2,1.2,3.1,5.199999999999999,0.7428571428571428,0
Madurai,2025-01-14,5.5,5.5,8.6,9.3,1.3285714285714283,0
Madurai,2025-01-15,6.9,6.9,13.6,16.2,2.314285714285714,0
Madurai,2025-01-16,0.1,0.1,12.5,16.3,2.3285714285714287,0
Madurai,2025-01-17,0.0,0.0,7.0,15.6,2.2285714285714286,0
Madurai,2025-01-18,9.5,9.5,9.6,25.1,3.585714285714286,0
Madurai,2025-01-19,16.1,16.1,25.6,39.3,5.614285714285714,0
Madurai,2025-01-20,0.4,0.4,26.0,38.50000000000001,5.500000000000001,0
Madurai,2025-01-21,0.0,0.0,16.5,33.00000000000001,4.714285714285715,0
Madurai,2025-01-22,3.4,3.4,3.8,29.500000000000004,4.214285714285714,0
Madurai,2025-01-23,0.1,0.1,3.5,29.5,4.214285714285714,0
Madurai,2025-01-24,0.0,0.0,3.5,29.5,4.214285714285714,0
Madurai,2025-01-25,0.0,0.0,0.1,20.0,2.857142857142857,0
Madurai,2025-01-26,0.0,0.0,0.0,3.9,0.5571428571428572,0
Madurai,2025-01-27,0.0,0.0,0.0,3.5,0.5,0
Madurai,2025-01-28,0.0,0.0,0.0,3.5,0.5,0
Madurai,2025-01-29,0.0,0.0,0.0,0.1,0.0142857142857142,0
Madurai,2025-01-30,0.8,0.8,0.8,0.8,0.1142857142857143,0
Madurai,2025-01-31,2.3,2.3,3.1,3.1,0.4428571428571428,0
Madurai,2025-02-01,1.4,1.4,4.5,4.5,0.6428571428571429,0
Madurai,2025-02-02,0.0,0.0,3.7,4.5,0.6428571428571429,0
Madurai,2025-02-03,0.0,0.0,1.4,4.5,0.6428571428571429,0
Madurai,2025-02-04,0.0,0.0,0.0,4.5,0.6428571428571429,0
Madurai,2025-02-05,0.0,0.0,0.0,4.5,0.6428571428571429,0
Madurai,2025-02-06,0.0,0.0,0.0,3.7,0.5285714285714286,0
Madurai,2025-02-07,0.0,0.0,0.0,1.4,0.1999999999999999,0
Madurai,2025-02-08,0.0,0.0,0.0,0.0,0.0,0
Madurai,2025-02-09,0.0,0.0,0.0,0.0,0.0,0
Madurai,2025-02-10,0.1,0.1,0.1,0.1,0.0142857142857142,0
Madurai,2025-02-11,0.0,0.0,0.1,0.1,0.0142857142857142,0
Madurai,2025-02-12,0.0,0.0,0.1,0.1,0.0142857142857142,0
Madurai,2025-02-13,0.0,0.0,0.0,0.1,0.0142857142857142,0
Madurai,2025-02-14,0.0,0.0,0.0,0.1,0.0142857142857142,0
Madurai,2025-02-15,0.0,0.0,0.0,0.1,0.0142857142857142,0
Madurai,2025-02-16,0.0,0.0,0.0,0.1,0.0142857142857142,0
Madurai,2025-02-17,0.0,0.0,0.0,0.0,0.0,0
Madurai,2025-02-18,0.0,0.0,0.0,0.0,0.0,0
Madurai,2025-02-19,0.0,0.0,0.0,0.0,0.0,0
Madurai,2025-02-20,0.0,0.0,0.0,0.0,0.0,0
Madurai,2025-02-21,0.0,0.0,0.0,0.0,0.0,0
Madurai,2025-02-22,0.0,0.0,0.0,0.0,0.0,0
Madurai,2025-02-23,0.0,0.0,0.0,0.0,0.0,0
Madurai,2025-02-24,0.0,0.0,0.0,0.0,0.0,0
Madurai,2025-02-25,1.9,1.9,1.9,1.9,0.2714285714285714,0
Madurai,2025-02-26,0.9,0.9,2.8,2.8,0.3999999999999999,0
Madurai,2025-02-27,0.3,0.3,3.1,3.1,0.4428571428571429,0
Madurai,2025-02-28,14.7,14.7,15.9,17.8,2.542857142857143,0
Madurai,2025-03-01,6.3,6.3,21.3,24.1,3.4428571428571426,0
Madurai,2025-03-02,6.7,6.7,27.7,30.8,4.4,0
Madurai,2025-03-03,0.6,0.6,13.6,31.4,4.485714285714286,0
Madurai,2025-03-04,0.0,0.0,7.3,29.5,4.214285714285714,0
Madurai,2025-03-05,0.0,0.0,0.6,28.6,4.085714285714285,0
Madurai,2025-03-06,0.0,0.0,0.0,28.3,4.042857142857143,0
Madurai,2025-03-07,0.0,0.0,0.0,13.6,1.9428571428571428,0
Madurai,2025-03-08,0.0,0.0,0.0,7.3,1.042857142857143,0
Madurai,2025-03-09,0.0,0.0,0.0,0.6,0.0857142857142857,0
Madurai,2025-03-10,0.0,0.0,0.0,0.0,0.0,0
Madurai,2025-03-11,14.3,14.3,14.3,14.3,2.042857142857143,0
Madurai,2025-03-12,37.6,37.6,51.900000000000006,51.900000000000006,7.4142857142857155,1
Madurai,2025-03-13,0.0,0.0,51.9,51.9,7.414285714285714,1
Madurai,2025-03-14,0.0,0.0,37.6,51.9,7.414285714285714,1
Madurai,2025-03-15,0.2,0.2,0.2,52.1,7.442857142857143,1
Madurai,2025-03-16,3.3,3.3,3.5,55.4,7.914285714285714,1
Madurai,2025-03-17,0.1,0.1,3.6,55.5,7.928571428571429,1
Madurai,2025-03-18,0.0,0.0,3.4,41.2,5.885714285714286,0
Madurai,2025-03-19,0.0,0.0,0.1,3.599999999999993,0.5142857142857132,0
Madurai,2025-03-20,2.3,2.3,2.3,5.899999999999993,0.8428571428571419,0
Madurai,2025-03-21,3.4,3.4,5.699999999999999,9.299999999999994,1.3285714285714276,0
Madurai,2025-03-22,7.4,7.4,13.1,16.499999999999993,2.3571428571428563,0
Madurai,2025-03-23,9.6,9.6,20.4,22.799999999999997,3.257142857142856,0
Madurai,2025-03-24,0.5,0.5,17.5,23.199999999999992,3.314285714285713,0
Madurai,2025-03-25,0.0,0.0,10.1,23.199999999999992,3.314285714285713,0
Madurai,2025-03-26,0.0,0.0,0.5,23.199999999999992,3.314285714285713,0
Madurai,2025-03-27,0.0,0.0,0.0,20.899999999999995,2.985714285714285,0
Madurai,2025-03-28,0.0,0.0,0.0,17.499999999999993,2.499999999999999,0
Madurai,2025-03-29,0.0,0.0,0.0,10.099999999999994,1.442857142857142,0
Madurai,2025-03-30,0.0,0.0,0.0,0.4999999999999929,0.0714285714285704,0
Madurai,2025-03-31,0.0,0.0,0.0,0.0,0.0,0
Madurai,2025-04-01,1.7,1.7,1.7,1.6999999999999929,0.2428571428571418,0
Madurai,2025-04-02,15.9,15.9,17.6,17.599999999999994,2.5142857142857133,0
Madurai,2025-04-03,2.9,2.9,20.5,20.499999999999996,2.9285714285714275,0
Madurai,2025-04-04,12.5,12.5,31.3,32.99999999999999,4.7142857142857135,0
Madurai,2025-04-05,1.3,1.3,16.7,34.29999999999999,4.899999999999999,0
Madurai,2025-04-06,13.6,13.6,27.4,47.89999999999999,6.842857142857142,0
Madurai,2025-04-07,0.0,0.0,14.9,47.89999999999999,6.842857142857142,0
Madurai,2025-04-08,0.0,0.0,13.6,46.19999999999999,6.599999999999999,0
Madurai,2025-04-09,0.1,0.1,0.1,30.39999999999999,4.342857142857142,0
Madurai,2025-04-10,0.0,0.0,0.1,27.499999999999996,3.928571428571428,0
Madurai,2025-04-11,3.9,3.9,4.0,18.89999999999999,2.699999999999999,0
Madurai,2025-04-12,0.8,0.8,4.7,18.39999999999999,2.6285714285714272,0
Madurai,2025-04-13,0.0,0.0,4.7,4.799999999999993,0.6857142857142847,0
Madurai,2025-04-14,0.0,0.0,0.8,4.799999999999993,0.6857142857142847,0
Madurai,2025-04-15,3.8,3.8,3.8,8.599999999999993,1.2285714285714275,0
Madurai,2025-04-16,3.3,3.3,7.1,11.799999999999994,1.6857142857142848,0
Madurai,2025-04-17,0.9,0.9,8.0,12.699999999999992,1.8142857142857127,0
Madurai,2025-04-18,0.0,0.0,4.2,8.799999999999992,1.257142857142856,0
Madurai,2025-04-19,0.3,0.3,1.2,8.299999999999992,1.1857142857142846,0
Madurai,2025-04-20,0.0,0.0,0.3,8.299999999999992,1.1857142857142846,0
Madurai,2025-04-21,0.0,0.0,0.3,8.299999999999992,1.1857142857142846,0
Madurai,2025-04-22,0.1,0.1,0.1,4.5999999999999925,0.657142857142856,0
Madurai,2025-04-23,0.0,0.0,0.1,1.299999999999993,0.1857142857142847,0
Madurai,2025-04-24,0.0,0.0,0.1,0.3999999999999929,0.0571428571428561,0
Madurai,2025-04-25,0.2,0.2,0.2,0.5999999999999929,0.0857142857142847,0
Madurai,2025-04-26,1.4,1.4,1.6,1.6999999999999929,0.2428571428571418,0
Madurai,2025-04-27,4.5,4.5,6.1,6.199999999999993,0.8857142857142847,0
Madurai,2025-04-28,3.6,3.6,9.5,9.799999999999994,1.399999999999999,0
Madurai,2025-04-29,1.2,1.2,9.3,10.899999999999991,1.5571428571428565,0
Madurai,2025-04-30,0.0,0.0,4.8,10.899999999999991,1.5571428571428565,0
Madurai,2025-05-01,0.0,0.0,1.2,10.899999999999991,1.5571428571428565,0
Madurai,2025-05-02,0.5,0.5,0.5,11.199999999999992,1.599999999999999,0
Madurai,2025-05-03,0.0,0.0,0.5,9.799999999999994,1.399999999999999,0
Madurai,2025-05-04,7.6,7.6,8.1,12.899999999999991,1.8428571428571416,0
Madurai,2025-05-05,0.0,0.0,7.6,9.299999999999994,1.3285714285714276,0
Madurai,2025-05-06,0.2,0.2,7.8,8.299999999999992,1.1857142857142846,0
Madurai,2025-05-07,1.9,1.9,2.1,10.199999999999992,1.457142857142856,0
Madurai,2025-05-08,0.2,0.2,2.3,10.399999999999991,1.4857142857142844,0
Madurai,2025-05-09,0.0,0.0,2.1,9.899999999999991,1.414285714285713,0
Madurai,2025-05-10,0.1,0.1,0.3,9.999999999999991,1.4285714285714273,0
Madurai,2025-05-11,0.0,0.0,0.1,2.399999999999993,0.3428571428571418,0
Madurai,2025-05-12,0.0,0.0,0.1,2.399999999999993,0.3428571428571418,0
Madurai,2025-05-13,0.7,0.7,0.7,2.8999999999999924,0.4142857142857132,0
Madurai,2025-05-14,0.8,0.8,1.5,1.799999999999993,0.2571428571428561,0
Madurai,2025-05-15,0.5,0.5,2.0,2.099999999999993,0.299999999999999,0
Madurai,2025-05-16,0.5,0.5,1.8,2.599999999999993,0.3714285714285704,0
Madurai,2025-05-17,0.1,0.1,1.1,2.599999999999993,0.3714285714285704,0
Madurai,2025-05-18,5.9,5.9,6.5,8.499999999999993,1.2142857142857133,0
Madurai,2025-05-19,3.9,3.9,9.9,12.399999999999991,1.7714285714285705,0
Madurai,2025-05-20,0.0,0.0,9.8,11.699999999999994,1.6714285714285706,0
Madurai,2025-05-21,0.0,0.0,3.9,10.899999999999991,1.5571428571428565,0
Madurai,2025-05-22,0.0,0.0,0.0,10.399999999999991,1.4857142857142849,0
Madurai,2025-05-23,1.0,1.0,1.0,10.899999999999991,1.5571428571428565,0
Madurai,2025-05-24,1.4,1.4,2.4,12.199999999999992,1.7428571428571418,0
Madurai,2025-05-25,10.4,10.4,12.8,16.699999999999996,2.385714285714285,0
Madurai,2025-05-26,4.7,4.7,16.5,17.499999999999993,2.499999999999999,0
Madurai,2025-05-27,0.7,0.7,15.8,18.199999999999992,2.5999999999999988,0
Madurai,2025-05-28,0.0,0.0,5.4,18.199999999999992,2.5999999999999988,0
Madurai,2025-05-29,3.8,3.8,4.5,21.999999999999996,3.142857142857142,0
Madurai,2025-05-30,20.6,20.6,24.4,41.6,5.942857142857142,0
Madurai,2025-05-31,0.0,0.0,24.4,40.2,5.742857142857142,0
Madurai,2025-06-01,0.4,0.4,21.0,30.199999999999992,4.314285714285713,0
Madurai,2025-06-02,0.0,0.0,0.4,25.499999999999996,3.642857142857142,0
Madurai,2025-06-03,0.2,0.2,0.6000000000000001,25.0,3.5714285714285707,0
Madurai,2025-06-04,0.8,0.8,1.0,25.799999999999997,3.6857142857142846,0
Madurai,2025-06-05,0.1,0.1,1.1,22.099999999999994,3.157142857142856,0
Madurai,2025-06-06,0.5,0.5,1.4,1.999999999999993,0.2857142857142847,0
Madurai,2025-06-07,0.1,0.1,0.7000000000000001,2.099999999999993,0.299999999999999,0
Madurai,2025-06-08,1.6,1.6,2.2,3.299999999999993,0.4714285714285705,0
Madurai,2025-06-09,2.3,2.3,4.0,5.5999999999999925,0.7999999999999989,0
Madurai,2025-06-10,0.5,0.5,4.4,5.899999999999993,0.8428571428571419,0
Madurai,2025-06-11,3.3,3.3,6.1,8.399999999999993,1.199999999999999,0
Madurai,2025-06-12,1.4,1.4,5.199999999999999,9.699999999999992,1.3857142857142846,0
Madurai,2025-06-13,0.7,0.7,5.4,9.899999999999991,1.4142857142857133,0
Madurai,2025-06-14,2.7,2.7,4.8,12.499999999999991,1.7857142857142847,0
Madurai,2025-06-15,6.0,6.0,9.4,16.89999999999999,2.4142857142857133,0
Madurai,2025-06-16,0.2,0.2,8.9,14.799999999999994,2.114285714285713,0
Madurai,2025-06-17,0.0,0.0,6.2,14.299999999999994,2.042857142857142,0
Madurai,2025-06-18,0.8,0.8,1.0,11.799999999999994,1.6857142857142848,0
Madurai,2025-06-19,1.9,1.9,2.7,12.299999999999994,1.7571428571428562,0
Madurai,2025-06-20,1.3,1.3,4.0,12.899999999999991,1.8428571428571416,0
Madurai,2025-06-21,0.4,0.4,3.6,10.599999999999993,1.5142857142857131,0
Madurai,2025-06-22,0.2,0.2,1.9,4.799999999999993,0.6857142857142847,0
Madurai,2025-06-23,0.0,0.0,0.6000000000000001,4.5999999999999925,0.657142857142856,0
Madurai,2025-06-24,0.1,0.1,0.3,4.699999999999993,0.6714285714285705,0
Madurai,2025-06-25,1.6,1.6,1.7000000000000002,5.499999999999993,0.7857142857142847,0
Madurai,2025-06-26,0.0,0.0,1.7000000000000002,3.599999999999993,0.5142857142857132,0
Madurai,2025-06-27,1.9,1.9,3.5,4.199999999999992,0.5999999999999989,0
Madurai,2025-06-28,1.1,1.1,3.0,4.899999999999993,0.6999999999999991,0
Madurai,2025-06-29,0.0,0.0,3.0,4.699999999999992,0.6714285714285703,0
Madurai,2025-06-30,0.0,0.0,1.1,4.699999999999992,0.6714285714285703,0
Madurai,2025-07-01,0.0,0.0,0.0,4.5999999999999925,0.657142857142856,0
Madurai,2025-07-02,0.7,0.7,0.7,3.699999999999993,0.5285714285714276,0
Madurai,2025-07-03,0.0,0.0,0.7,3.699999999999993,0.5285714285714276,0
Madurai,2025-07-04,0.0,0.0,0.7,1.799999999999993,0.2571428571428561,0
Madurai,2025-07-05,0.3,0.3,0.3,0.9999999999999928,0.1428571428571418,0
Madurai,2025-07-06,0.5,0.5,0.8,1.499999999999993,0.2142857142857132,0
Madurai,2025-07-07,0.8,0.8,1.6,2.2999999999999927,0.3285714285714275,0
Madurai,2025-07-08,0.3,0.3,1.6,2.599999999999993,0.3714285714285704,0
Madurai,2025-07-09,0.1,0.1,1.2,1.999999999999993,0.2857142857142847,0
Madurai,2025-07-10,1.0,1.0,1.4,2.999999999999993,0.4285714285714275,0
Madurai,2025-07-11,1.8,1.8,2.9,4.799999999999993,0.6857142857142847,0
Madurai,2025-07-12,0.0,0.0,2.8,4.499999999999993,0.6428571428571418,0
Madurai,2025-07-13,0.5,0.5,2.3,4.499999999999993,0.6428571428571418,0
Madurai,2025-07-14,0.5,0.5,1.0,4.199999999999993,0.599999999999999,0
Madurai,2025-07-15,0.2,0.2,1.2,4.099999999999993,0.5857142857142847,0
Madurai,2025-07-16,0.9,0.9,1.6,4.899999999999993,0.6999999999999991,0
Madurai,2025-07-17,0.0,0.0,1.1,3.899999999999993,0.5571428571428562,0
Madurai,2025-07-18,0.2,0.2,1.1,2.299999999999993,0.3285714285714275,0
Madurai,2025-07-19,4.9,4.9,5.1000000000000005,7.199999999999993,1.0285714285714276,0
Madurai,2025-07-20,0.4,0.4,5.500000000000001,7.099999999999993,1.0142857142857131,0
Madurai,2025-07-21,0.0,0.0,5.300000000000001,6.599999999999993,0.942857142857142,0
Madurai,2025-07-22,0.2,0.2,0.6000000000000001,6.5999999999999925,0.9428571428571418,0
Madurai,2025-07-23,0.0,0.0,0.2,5.699999999999993,0.8142857142857133,0
Madurai,2025-07-24,0.5,0.5,0.7,6.199999999999994,0.8857142857142849,0
Madurai,2025-07-25,0.4,0.4,0.9,6.399999999999993,0.9142857142857134,0
Madurai,2025-07-26,5.0,5.0,5.9,6.499999999999993,0.9285714285714276,0
Madurai,2025-07-27,0.0,0.0,5.4,6.0999999999999925,0.8714285714285703,0
Madurai,2025-07-28,2.0,2.0,7.0,8.099999999999993,1.157142857142856,0
Madurai,2025-07-29,0.6,0.6,2.6,8.499999999999993,1.2142857142857133,0
Madurai,2025-07-30,0.2,0.2,2.8,8.699999999999994,1.242857142857142,0
Madurai,2025-07-31,0.0,0.0,0.8,8.199999999999994,1.1714285714285706,0
Madurai,2025-08-01,0.7,0.7,0.9,8.499999999999993,1.2142857142857133,0
Madurai,2025-08-02,2.9,2.9,3.6,6.399999999999993,0.9142857142857134,0
Madurai,2025-08-03,29.7,29.7,33.3,36.1,5.157142857142857,0
Madurai,2025-08-04,7.9,7.9,40.5,41.99999999999999,5.999999999999999,0
Madurai,2025-08-05,9.2,9.2,46.8,50.59999999999999,7.228571428571427,1
Madurai,2025-08-06,0.7,0.7,17.800000000000004,51.1,7.299999999999999,1
Madurai,2025-08-07,1.1,1.1,11.000000000000004,52.2,7.457142857142856,1
Madurai,2025-08-08,5.3,5.3,7.100000000000003,56.79999999999999,8.114285714285712,1
Madurai,2025-08-09,18.5,18.5,24.9,72.39999999999999,10.342857142857142,1
Madurai,2025-08-10,6.9,6.9,30.700000000000003,49.59999999999999,7.085714285714284,0
Madurai,2025-08-11,1.0,1.0,26.40000000000001,42.69999999999999,6.099999999999999,0
Madurai,2025-08-12,0.6,0.6,8.500000000000004,34.099999999999994,4.871428571428571,0
Madurai,2025-08-13,0.2,0.2,1.8000000000000036,33.599999999999994,4.799999999999999,0
Madurai,2025-08-14,0.0,0.0,0.8000000000000036,32.49999999999999,4.6428571428571415,0
Madurai,2025-08-15,1.0,1.0,1.2000000000000035,28.199999999999992,4.028571428571428,0
Madurai,2025-08-16,0.0,0.0,1.0000000000000038,9.699999999999994,1.3857142857142848,0
Madurai,2025-08-17,0.0,0.0,1.0000000000000038,2.7999999999999927,0.3999999999999989,0
Madurai,2025-08-18,0.0,0.0,0.0,1.799999999999993,0.2571428571428561,0
Madurai,2025-08-19,0.0,0.0,0.0,1.199999999999993,0.1714285714285704,0
Madurai,2025-08-20,0.0,0.0,0.0,0.9999999999999928,0.1428571428571418,0
Madurai,2025-08-21,0.2,0.2,0.2000000000000037,1.1999999999999929,0.1714285714285704,0
Madurai,2025-08-22,2.8,2.8,3.000000000000004,2.999999999999993,0.4285714285714275,0
Madurai,2025-08-23,1.4,1.4,4.400000000000004,4.399999999999993,0.6285714285714276,0
Madurai,2025-08-24,0.2,0.2,4.400000000000003,4.5999999999999925,0.657142857142856,0
Madurai,2025-08-25,0.3,0.3,1.9000000000000037,4.899999999999993,0.6999999999999991,0
Madurai,2025-08-26,0.2,0.2,0.7000000000000035,5.0999999999999925,0.7285714285714275,0
Madurai,2025-08-27,0.2,0.2,0.7000000000000036,5.299999999999993,0.7571428571428561,0
Madurai,2025-08-28,0.6,0.6,1.0000000000000036,5.699999999999992,0.8142857142857132,0
Madurai,2025-08-29,0.6,0.6,1.4000000000000037,3.499999999999993,0.499999999999999,0
Madurai,2025-08-30,2.3,2.3,3.500000000000003,4.399999999999993,0.6285714285714276,0
Madurai,2025-08-31,0.2,0.2,3.100000000000003,4.399999999999992,0.6285714285714274,0
Madurai,2025-09-01,0.4,0.4,2.9000000000000035,4.499999999999993,0.6428571428571418,0
Madurai,2025-09-02,0.1,0.1,0.7000000000000036,4.399999999999992,0.6285714285714274,0
Madurai,2025-09-03,0.8,0.8,1.3000000000000036,4.999999999999993,0.7142857142857133,0
Madurai,2025-09-04,8.5,8.5,9.400000000000004,12.899999999999991,1.8428571428571416,0
Madurai,2025-09-05,3.8,3.8,13.100000000000003,16.099999999999994,2.2999999999999994,0
Madurai,2025-09-06,0.1,0.1,12.400000000000004,13.899999999999991,1.9857142857142849,0
Madurai,2025-09-07,5.9,5.9,9.800000000000004,19.599999999999994,2.7999999999999994,0
Madurai,2025-09-08,1.5,1.5,7.5000000000000036,20.7,2.9571428571428564,0
Madurai,2025-09-09,8.2,8.2,15.600000000000003,28.799999999999997,4.114285714285713,0
Madurai,2025-09-10,13.7,13.7,23.4,41.69999999999999,5.957142857142856,0
Madurai,2025-09-11,13.8,13.8,35.7,46.99999999999999,6.7142857142857135,0
Madurai,2025-09-12,0.0,0.0,27.500000000000004,43.2,6.171428571428571,0
Madurai,2025-09-13,0.2,0.2,14.000000000000004,43.3,6.185714285714285,0
Madurai,2025-09-14,0.9,0.9,1.1000000000000036,38.3,5.471428571428571,0
Madurai,2025-09-15,0.0,0.0,1.1000000000000036,36.8,5.257142857142857,0
Madurai,2025-09-16,12.0,12.0,12.900000000000004,40.6,5.799999999999999,0
Madurai,2025-09-17,16.4,16.4,28.4,43.3,6.185714285714285,0
Madurai,2025-09-18,10.6,10.6,39.0,40.1,5.728571428571428,0
Madurai,2025-09-19,1.3,1.3,28.3,41.39999999999999,5.914285714285713,0
Madurai,2025-09-20,0.1,0.1,12.000000000000004,41.29999999999999,5.899999999999999,0
Madurai,2025-09-21,3.4,3.4,4.800000000000003,43.79999999999999,6.257142857142855,0
Madurai,2025-09-22,0.2,0.2,3.700000000000004,43.99999999999999,6.285714285714285,0
Madurai,2025-09-23,0.0,0.0,3.600000000000004,31.99999999999999,4.57142857142857,0
Madurai,2025-09-24,0.2,0.2,0.4000000000000036,15.799999999999992,2.257142857142856,0
Madurai,2025-09-25,3.5,3.5,3.700000000000004,8.699999999999992,1.2428571428571418,0
Madurai,2025-09-26,0.0,0.0,3.700000000000004,7.399999999999993,1.0571428571428565,0
Madurai,2025-09-27,0.0,0.0,3.500000000000004,7.299999999999992,1.0428571428571416,0
Madurai,2025-09-28,0.8,0.8,0.8000000000000036,4.699999999999993,0.6714285714285705,0
Madurai,2025-09-29,0.0,0.0,0.8000000000000036,4.499999999999993,0.6428571428571418,0
Madurai,2025-09-30,0.0,0.0,0.8000000000000036,4.499999999999993,0.6428571428571418,0
Madurai,2025-10-01,0.1,0.1,0.1000000000000035,4.399999999999992,0.6285714285714274,0
Madurai,2025-10-02,1.1,1.1,1.2000000000000035,1.999999999999993,0.2857142857142847,0
Madurai,2025-10-03,2.6,2.6,3.800000000000004,4.599999999999993,0.6571428571428563,0
Madurai,2025-10-04,7.5,7.5,11.200000000000005,12.099999999999994,1.7285714285714278,0
Madurai,2025-10-05,27.1,27.1,37.2,38.39999999999999,5.485714285714285,0
Madurai,2025-10-06,0.0,0.0,34.6,38.39999999999999,5.485714285714285,0
Madurai,2025-10-07,9.0,9.0,36.1,47.39999999999999,6.7714285714285705,0
Madurai,2025-10-08,13.9,13.9,22.9,61.2,8.742857142857142,1
Madurai,2025-10-09,11.8,11.8,34.7,71.89999999999999,10.27142857142857,1
Madurai,2025-10-10,2.2,2.2,27.9,71.5,10.214285714285714,1
Madurai,2025-10-11,7.1,7.1,21.1,71.1,10.157142857142857,1
Madurai,2025-10-12,4.8,4.8,14.1,48.79999999999999,6.97142857142857,0
Madurai,2025-10-13,16.9,16.9,28.8,65.69999999999999,9.385714285714284,1
Madurai,2025-10-14,33.5,33.5,55.2,90.2,12.885714285714284,1
Madurai,2025-10-15,6.6,6.6,57.00000000000001,82.89999999999999,11.842857142857142,1
Madurai,2025-10-16,23.3,23.3,63.400000000000006,94.4,13.485714285714284,1
Madurai,2025-10-17,21.9,21.9,51.8,114.1,16.3,2
Madurai,2025-10-18,16.1,16.1,61.3,123.1,17.585714285714285,2
Madurai,2025-10-19,10.8,10.8,48.80000000000001,129.1,18.442857142857143,2
Madurai,2025-10-20,12.7,12.7,39.60000000000001,124.9,17.84285714285714,2
Madurai,2025-10-21,25.4,25.4,48.900000000000006,116.79999999999998,16.685714285714283,2
Madurai,2025-10-22,6.7,6.7,44.80000000000001,116.9,16.7,2
Madurai,2025-10-23,0.4,0.4,32.50000000000001,94.0,13.428571428571429,1
Madurai,2025-10-24,1.8,1.8,8.900000000000007,73.89999999999999,10.557142857142855,1
Madurai,2025-10-25,0.0,0.0,2.2000000000000077,57.79999999999999,8.257142857142856,1
Madurai,2025-10-26,0.0,0.0,1.8000000000000074,46.99999999999999,6.714285714285713,0
Madurai,2025-10-27,6.3,6.3,6.300000000000007,40.6,5.799999999999999,0
Madurai,2025-10-28,0.5,0.5,6.800000000000007,15.699999999999992,2.2428571428571416,0
Madurai,2025-10-29,0.0,0.0,6.800000000000007,8.999999999999993,1.2857142857142847,0
Madurai,2025-10-30,0.0,0.0,0.5000000000000071,8.599999999999994,1.2285714285714278,0
Madurai,2025-10-31,0.0,0.0,0.0,6.799999999999993,0.9714285714285704,0
Madurai,2025-11-01,0.0,0.0,0.0,6.799999999999993,0.9714285714285704,0
Madurai,2025-11-02,0.0,0.0,0.0,6.799999999999993,0.9714285714285704,0
Madurai,2025-11-03,0.0,0.0,0.0,0.4999999999999929,0.0714285714285704,0
Madurai,2025-11-04,0.0,0.0,0.0,0.0,0.0,0
Madurai,2025-11-05,5.4,5.4,5.400000000000008,5.399999999999993,0.7714285714285705,0
Madurai,2025-11-06,0.1,0.1,5.500000000000007,5.499999999999993,0.7857142857142847,0
Madurai,2025-11-07,0.0,0.0,5.500000000000007,5.499999999999993,0.7857142857142847,0
Madurai,2025-11-08,4.3,4.3,4.400000000000007,9.799999999999994,1.399999999999999,0
Madurai,2025-11-09,4.0,4.0,8.300000000000008,13.799999999999994,1.9714285714285704,0
Madurai,2025-11-10,4.1,4.1,12.400000000000006,17.89999999999999,2.557142857142856,0
Madurai,2025-11-11,2.2,2.2,10.300000000000006,20.099999999999994,2.8714285714285706,0
Madurai,2025-11-12,5.7,5.7,12.000000000000009,20.39999999999999,2.9142857142857133,0
Madurai,2025-11-13,1.5,1.5,9.400000000000007,21.79999999999999,3.114285714285713,0
Madurai,2025-11-14,2.1,2.1,9.300000000000008,23.89999999999999,3.4142857142857133,0
Madurai,2025-11-15,0.0,0.0,3.600000000000007,19.599999999999994,2.7999999999999994,0
Madurai,2025-11-16,2.5,2.5,4.600000000000007,18.099999999999994,2.585714285714285,0
Madurai,2025-11-17,7.5,7.5,10.000000000000009,21.499999999999996,3.0714285714285703,0
Madurai,2025-11-18,25.1,25.1,35.10000000000001,44.39999999999999,6.342857142857142,0
Madurai,2025-11-19,0.8,0.8,33.400000000000006,39.49999999999999,5.6428571428571415,0
Madurai,2025-11-20,0.2,0.2,26.10000000000001,38.2,5.457142857142856,0
Madurai,2025-11-21,1.0,1.0,2.000000000000007,37.1,5.299999999999999,0
Madurai,2025-11-22,21.0,21.0,22.200000000000006,58.1,8.299999999999999,1
Madurai,2025-11-23,35.5,35.5,57.50000000000001,91.1,13.014285714285714,1
Madurai,2025-11-24,16.3,16.3,72.80000000000001,99.9,14.27142857142857,1
Madurai,2025-11-25,1.0,1.0,52.80000000000001,75.79999999999998,10.828571428571426,1
Madurai,2025-11-26,0.1,0.1,17.40000000000001,75.1,10.728571428571428,1
Madurai,2025-11-27,0.0,0.0,1.1000000000000072,74.89999999999999,10.7,1
Madurai,2025-11-28,0.5,0.5,0.6000000000000071,74.39999999999999,10.628571428571428,1
Madurai,2025-11-29,31.6,31.6,32.10000000000001,84.99999999999999,12.14285714285714,1
Madurai,2025-11-30,9.9,9.9,42.00000000000001,59.39999999999999,8.485714285714284,1
Madurai,2025-12-01,3.6,3.6,45.10000000000001,46.7,6.671428571428571,0
Madurai,2025-12-02,1.3,1.3,14.800000000000008,46.99999999999999,6.714285714285713,0
Madurai,2025-12-03,9.0,9.0,13.900000000000007,55.89999999999999,7.985714285714285,1
Madurai,2025-12-04,2.7,2.7,13.000000000000009,58.6,8.37142857142857,1
Madurai,2025-12-05,2.6,2.6,14.300000000000008,60.69999999999999,8.671428571428569,1
Madurai,2025-12-06,3.4,3.4,8.700000000000006,32.499999999999986,4.642857142857141,0
Madurai,2025-12-07,0.9,0.9,6.900000000000008,23.49999999999999,3.3571428571428554,0
Madurai,2025-12-08,0.0,0.0,4.300000000000008,19.899999999999988,2.842857142857141,0
Madurai,2025-12-09,0.3,0.3,1.200000000000007,18.899999999999984,2.699999999999998,0
Madurai,2025-12-10,0.1,0.1,0.4000000000000071,9.999999999999986,1.4285714285714266,0
Madurai,2025-12-11,0.0,0.0,0.4000000000000071,7.299999999999986,1.0428571428571407,0
Madurai,2025-12-12,0.2,0.2,0.3000000000000071,4.899999999999985,0.6999999999999978,0
Madurai,2025-12-13,0.1,0.1,0.3000000000000071,1.599999999999986,0.2285714285714265,0
Madurai,2025-12-14,0.0,0.0,0.3000000000000071,0.6999999999999857,0.0999999999999979,0
Madurai,2025-12-15,0.0,0.0,0.1000000000000071,0.6999999999999857,0.0999999999999979,0
Madurai,2025-12-16,0.7,0.7,0.7000000000000071,1.0999999999999857,0.157142857142855,0
Madurai,2025-12-17,3.5,3.5,4.200000000000007,4.499999999999986,0.6428571428571408,0
Madurai,2025-12-18,0.0,0.0,4.200000000000007,4.499999999999986,0.6428571428571408,0
Madurai,2025-12-19,0.0,0.0,3.500000000000007,4.299999999999986,0.6142857142857122,0
Madurai,2025-12-20,0.0,0.0,0.0,4.199999999999986,0.599999999999998,0
Madurai,2025-12-21,0.0,0.0,0.0,4.199999999999986,0.599999999999998,0
Madurai,2025-12-22,0.0,0.0,0.0,4.199999999999986,0.599999999999998,0
Madurai,2025-12-23,0.0,0.0,0.0,3.499999999999986,0.4999999999999979,0
Madurai,2025-12-24,0.0,0.0,0.0,0.0,0.0,0
Madurai,2025-12-25,0.0,0.0,0.0,0.0,0.0,0
Madurai,2025-12-26,0.3,0.3,0.3000000000000071,0.2999999999999858,0.0428571428571408,0
Madurai,2025-12-27,0.0,0.0,0.3000000000000071,0.2999999999999858,0.0428571428571408,0
Madurai,2025-12-28,0.0,0.0,0.3000000000000071,0.2999999999999858,0.0428571428571408,0
Madurai,2025-12-29,0.0,0.0,0.0,0.2999999999999858,0.0428571428571408,0
Madurai,2025-12-30,0.0,0.0,0.0,0.2999999999999858,0.0428571428571408,0
Madurai,2025-12-31,3.0,3.0,3.000000000000007,3.2999999999999856,0.4714285714285693,0
Madurai,2026-01-01,12.9,12.9,15.900000000000007,16.199999999999985,2.3142857142857123,0
Madurai,2026-01-02,2.1,2.1,18.000000000000007,17.999999999999986,2.5714285714285694,0
Madurai,2026-01-03,0.2,0.2,15.200000000000008,18.199999999999985,2.599999999999998,0
Madurai,2026-01-04,0.0,0.0,2.300000000000008,18.199999999999985,2.599999999999998,0
Madurai,2026-01-05,0.6,0.6,0.8000000000000071,18.799999999999983,2.685714285714284,0
Madurai,2026-01-06,0.0,0.0,0.6000000000000072,18.799999999999983,2.685714285714284,0
Madurai,2026-01-07,0.0,0.0,0.6000000000000072,15.799999999999986,2.257142857142856,0
Madurai,2026-01-08,0.0,0.0,0.0,2.899999999999988,0.4142857142857125,0
Madurai,2026-01-09,0.0,0.0,0.0,0.7999999999999876,0.1142857142857125,0
Madurai,2026-01-10,2.3,2.3,2.300000000000007,2.8999999999999875,0.4142857142857125,0
Madurai,2026-01-11,9.0,9.0,11.300000000000008,11.899999999999988,1.6999999999999982,0
Madurai,2026-01-12,9.4,9.4,20.70000000000001,20.69999999999999,2.9571428571428555,0
Madurai,2026-01-13,4.3,4.3,22.700000000000006,24.99999999999999,3.57142857142857,0
Madurai,2026-01-14,0.0,0.0,13.700000000000006,24.99999999999999,3.57142857142857,0
Madurai,2026-01-15,0.0,0.0,4.300000000000007,24.99999999999999,3.57142857142857,0
Madurai,2026-01-16,0.0,0.0,0.0,24.99999999999999,3.57142857142857,0
Madurai,2026-01-17,0.0,0.0,0.0,22.69999999999999,3.242857142857141,0
Madurai,2026-01-18,0.0,0.0,0.0,13.699999999999989,1.9571428571428555,0
Madurai,2026-01-19,0.0,0.0,0.0,4.299999999999987,0.6142857142857124,0
Madurai,2026-01-20,0.0,0.0,0.0,0.0,0.0,0
Madurai,2026-01-21,0.0,0.0,0.0,0.0,0.0,0
Madurai,2026-01-22,0.0,0.0,0.0,0.0,0.0,0
Madurai,2026-01-23,0.0,0.0,0.0,0.0,0.0,0
Madurai,2026-01-24,0.0,0.0,0.0,0.0,0.0,0
Madurai,2026-01-25,0.3,0.3,0.3000000000000071,0.2999999999999875,0.042857142857141,0
Madurai,2026-01-26,3.9,3.9,4.200000000000007,4.199999999999988,0.5999999999999982,0
Madurai,2026-01-27,0.4,0.4,4.600000000000007,4.599999999999987,0.6571428571428554,0
Madurai,2026-01-28,0.0,0.0,4.300000000000007,4.599999999999987,0.6571428571428554,0
Madurai,2026-01-29,0.0,0.0,0.4000000000000071,4.599999999999987,0.6571428571428554,0
Madurai,2026-01-30,0.0,0.0,0.0,4.599999999999987,0.6571428571428554,0
Madurai,2026-01-31,0.0,0.0,0.0,4.599999999999987,0.6571428571428554,0
Madurai,2026-02-01,0.9,0.9,0.9000000000000071,5.199999999999988,0.7428571428571411,0
Madurai,2026-02-02,0.0,0.0,0.9000000000000071,1.2999999999999876,0.1857142857142839,0
Madurai,2026-02-03,0.0,0.0,0.9000000000000071,0.8999999999999876,0.1285714285714268,0
Madurai,2026-02-04,0.0,0.0,0.0,0.8999999999999876,0.1285714285714268,0
Madurai,2026-02-05,0.8,0.8,0.8000000000000071,1.6999999999999875,0.2428571428571411,0
Madurai,2026-02-06,0.0,0.0,0.8000000000000071,1.6999999999999875,0.2428571428571411,0
Madurai,2026-02-07,0.0,0.0,0.8000000000000071,1.6999999999999875,0.2428571428571411,0
Madurai,2026-02-08,0.0,0.0,0.0,0.7999999999999876,0.1142857142857125,0
Madurai,2026-02-09,0.0,0.0,0.0,0.7999999999999876,0.1142857142857125,0
Madurai,2026-02-10,0.0,0.0,0.0,0.7999999999999876,0.1142857142857125,0
Madurai,2026-02-11,0.0,0.0,0.0,0.7999999999999876,0.1142857142857125,0
Madurai,2026-02-12,0.0,0.0,0.0,0.0,0.0,0
Madurai,2026-02-13,0.2,0.2,0.2000000000000071,0.1999999999999875,0.0285714285714267,0
Madurai,2026-02-14,0.0,0.0,0.2000000000000071,0.1999999999999875,0.0285714285714267,0
Madurai,2026-02-15,0.0,0.0,0.2000000000000071,0.1999999999999875,0.0285714285714267,0
Madurai,2026-02-16,0.0,0.0,0.0,0.1999999999999875,0.0285714285714267,0
Madurai,2026-02-17,0.0,0.0,0.0,0.1999999999999875,0.0285714285714267,0
Madurai,2026-02-18,0.0,0.0,0.0,0.1999999999999875,0.0285714285714267,0
Madurai,2026-02-19,0.0,0.0,0.0,0.1999999999999875,0.0285714285714267,0
Madurai,2026-02-20,3.3,3.3,3.300000000000007,3.2999999999999874,0.4714285714285696,0
Madurai,2026-02-21,0.0,0.0,3.300000000000007,3.2999999999999874,0.4714285714285696,0
Madurai,2026-02-22,1.3,1.3,4.600000000000007,4.599999999999987,0.6571428571428554,0
Madurai,2026-02-23,0.1,0.1,1.4000000000000072,4.699999999999988,0.6714285714285697,0
Madurai,2026-02-24,0.0,0.0,1.4000000000000072,4.699999999999988,0.6714285714285697,0
Madurai,2026-02-25,15.6,15.6,15.700000000000006,20.299999999999983,2.899999999999998,0
Madurai,2026-02-26,4.2,4.2,19.800000000000008,24.49999999999999,3.4999999999999987,0
Madurai,2026-02-27,0.1,0.1,19.90000000000001,21.299999999999983,3.042857142857141,0
Madurai,2026-02-28,0.0,0.0,4.300000000000007,21.299999999999983,3.042857142857141,0
Madurai,2026-03-01,0.0,0.0,0.1000000000000071,19.999999999999982,2.857142857142855,0
Madurai,2026-03-02,0.0,0.0,0.0,19.899999999999988,2.842857142857141,0
Madurai,2026-03-03,0.0,0.0,0.0,19.899999999999988,2.842857142857141,0
Madurai,2026-03-04,0.0,0.0,0.0,4.299999999999989,0.6142857142857128,0
Madurai,2026-03-05,0.0,0.0,0.0,0.0999999999999893,0.0142857142857127,0
Madurai,2026-03-06,0.0,0.0,0.0,0.0,0.0,0
Madurai,2026-03-07,0.0,0.0,0.0,0.0,0.0,0
Madurai,2026-03-08,0.0,0.0,0.0,0.0,0.0,0
Madurai,2026-03-09,0.3,0.3,0.3000000000000071,0.2999999999999893,0.0428571428571413,0
Madurai,2026-03-10,2.1,2.1,2.400000000000007,2.3999999999999893,0.3428571428571413,0
Madurai,2026-03-11,0.7,0.7,3.1000000000000068,3.099999999999989,0.4428571428571413,0
Madurai,2026-03-12,0.1,0.1,2.900000000000007,3.199999999999989,0.4571428571428556,0
Madurai,2026-03-13,0.0,0.0,0.800000000000007,3.199999999999989,0.4571428571428556,0
Madurai,2026-03-14,0.1,0.1,0.2000000000000071,3.299999999999989,0.4714285714285698,0
Madurai,2026-03-15,0.1,0.1,0.2000000000000071,3.3999999999999893,0.4857142857142841,0
Madurai,2026-03-16,0.0,0.0,0.2000000000000071,3.099999999999989,0.4428571428571413,0
Madurai,2026-03-17,9.1,9.1,9.200000000000006,10.099999999999987,1.4428571428571413,0
Madurai,2026-03-18,7.2,7.2,16.300000000000008,16.59999999999999,2.37142857142857,0
Madurai,2026-03-19,1.9,1.9,18.200000000000006,18.399999999999988,2.628571428571427,0
Madurai,2026-03-20,0.7,0.7,9.800000000000008,19.099999999999987,2.728571428571427,0
Madurai,2026-03-21,0.0,0.0,2.6000000000000068,18.99999999999999,2.7142857142857126,0
Madurai,2026-03-22,0.3,0.3,1.000000000000007,19.19999999999999,2.742857142857141,0
Madurai,2026-03-23,0.0,0.0,0.3000000000000071,19.19999999999999,2.742857142857141,0
Madurai,2026-03-24,0.0,0.0,0.3000000000000071,10.099999999999987,1.4428571428571413,0
Madurai,2026-03-25,0.0,0.0,0.0,2.8999999999999893,0.4142857142857127,0
Madurai,2026-03-26,0.0,0.0,0.0,0.9999999999999892,0.1428571428571413,0
Madurai,2026-03-27,0.0,0.0,0.0,0.2999999999999893,0.0428571428571413,0
Madurai,2026-03-28,0.0,0.0,0.0,0.2999999999999893,0.0428571428571413,0
Madurai,2026-03-29,0.0,0.0,0.0,0.0,0.0,0
Madurai,2026-03-30,0.0,0.0,0.0,0.0,0.0,0
Madurai,2026-03-31,0.0,0.0,0.0,0.0,0.0,0
Madurai,2026-04-01,0.0,0.0,0.0,0.0,0.0,0
Madurai,2026-04-02,0.0,0.0,0.0,0.0,0.0,0
Madurai,2026-04-03,1.0,1.0,1.000000000000007,0.9999999999999892,0.1428571428571413,0
Madurai,2026-04-04,2.1,2.1,3.100000000000007,3.099999999999989,0.4428571428571413,0
Madurai,2026-04-05,0.6,0.6,3.7000000000000073,3.6999999999999895,0.528571428571427,0
Madurai,2026-04-06,1.5,1.5,4.200000000000007,5.1999999999999895,0.7428571428571413,0
Madurai,2026-04-07,0.8,0.8,2.9000000000000075,5.999999999999989,0.8571428571428557,0
Madurai,2026-04-08,3.3,3.3,5.600000000000007,9.29999999999999,1.3285714285714272,0
Madurai,2026-04-09,0.0,0.0,4.100000000000007,9.29999999999999,1.3285714285714272,0
Madurai,2026-04-10,0.0,0.0,3.300000000000008,8.29999999999999,1.1857142857142844,0
Madurai,2026-04-11,0.1,0.1,0.1000000000000075,6.299999999999989,0.8999999999999985,0
Madurai,2026-04-12,0.1,0.1,0.2000000000000075,5.799999999999989,0.8285714285714271,0
Madurai,2026-04-13,0.0,0.0,0.2000000000000075,4.299999999999989,0.6142857142857128,0
Madurai,2026-04-14,0.0,0.0,0.1000000000000075,3.4999999999999893,0.4999999999999985,0
Madurai,2026-04-15,0.0,0.0,0.0,0.1999999999999893,0.028571428571427,0
Madurai,2026-04-16,0.0,0.0,0.0,0.1999999999999893,0.028571428571427,0
Madurai,2026-04-17,0.0,0.0,0.0,0.1999999999999893,0.028571428571427,0
Madurai,2026-04-18,0.0,0.0,0.0,0.0999999999999893,0.0142857142857127,0
Madurai,2026-04-19,0.0,0.0,0.0,0.0,0.0,0
Madurai,2026-04-20,0.0,0.0,0.0,0.0,0.0,0
Madurai,2026-04-21,0.8,0.8,0.8000000000000076,0.7999999999999894,0.1142857142857127,0
Madurai,2026-04-22,0.0,0.0,0.8000000000000076,0.7999999999999894,0.1142857142857127,0
Madurai,2026-04-23,0.0,0.0,0.8000000000000076,0.7999999999999894,0.1142857142857127,0
Madurai,2026-04-24,0.0,0.0,0.0,0.7999999999999894,0.1142857142857127,0
Madurai,2026-04-25,0.0,0.0,0.0,0.7999999999999894,0.1142857142857127,0
Madurai,2026-04-26,0.0,0.0,0.0,0.7999999999999894,0.1142857142857127,0
Madurai,2026-04-27,0.0,0.0,0.0,0.7999999999999894,0.1142857142857127,0
Madurai,2026-04-28,0.2,0.2,0.2000000000000075,0.1999999999999893,0.028571428571427,0
Madurai,2026-04-29,0.5,0.5,0.7000000000000075,0.6999999999999893,0.0999999999999984,0
Madurai,2026-04-30,0.2,0.2,0.9000000000000076,0.8999999999999894,0.128571428571427,0
Madurai,2026-05-01,0.2,0.2,0.9000000000000075,1.0999999999999894,0.1571428571428556,0
Madurai,2026-05-02,1.5,1.5,1.9000000000000077,2.599999999999989,0.3714285714285699,0
Madurai,2026-05-03,0.3,0.3,2.0000000000000075,2.8999999999999893,0.4142857142857127,0
Madurai,2026-05-04,7.3,7.3,9.100000000000009,10.199999999999989,1.4571428571428555,0
Madurai,2026-05-05,12.2,12.2,19.800000000000004,22.19999999999999,3.17142857142857,0
Madurai,2026-05-06,8.3,8.3,27.800000000000004,29.99999999999999,4.285714285714284,0
Madurai,2026-05-07,9.0,9.0,29.500000000000007,38.79999999999999,5.542857142857142,0
Madurai,2026-05-08,11.1,11.1,28.40000000000001,49.69999999999999,7.099999999999999,0
Madurai,2026-05-09,15.4,15.4,35.50000000000001,63.59999999999999,9.085714285714284,1
Madurai,2026-05-10,0.0,0.0,26.500000000000007,63.29999999999999,9.04285714285714,1
Madurai,2026-05-11,0.2,0.2,15.600000000000009,56.19999999999999,8.028571428571427,1
Madurai,2026-05-12,0.2,0.2,0.4000000000000071,44.19999999999999,6.314285714285712,0
Madurai,2026-05-13,0.0,0.0,0.4000000000000071,35.89999999999999,5.128571428571427,0
Madurai,2026-05-14,0.5,0.5,0.7000000000000071,27.399999999999988,3.914285714285712,0
Madurai,2026-05-15,2.8,2.8,3.300000000000007,19.09999999999999,2.7285714285714278,0
Madurai,2026-05-16,0.4,0.4,3.700000000000007,4.099999999999989,0.5857142857142842,0
Madurai,2026-05-17,10.7,10.7,13.900000000000006,14.799999999999988,2.1142857142857125,0
Madurai,2026-05-18,0.9,0.9,12.000000000000004,15.49999999999999,2.2142857142857126,0
Madurai,2026-05-19,0.6,0.6,12.200000000000006,15.899999999999988,2.2714285714285696,0
Madurai,2026-05-20,1.4,1.4,2.900000000000007,17.299999999999986,2.4714285714285693,0
Madurai,2026-05-21,0.1,0.1,2.100000000000007,16.899999999999988,2.4142857142857124,0
Madurai,2026-05-22,0.2,0.2,1.700000000000007,14.299999999999988,2.0428571428571414,0
Madurai,2026-05-23,4.5,4.5,4.800000000000007,18.399999999999988,2.628571428571427,0
Madurai,2026-05-24,1.3,1.3,6.000000000000007,8.99999999999999,1.2857142857142845,0
Madurai,2026-05-25,0.0,0.0,5.800000000000007,8.099999999999989,1.1571428571428557,0
Madurai,2026-05-26,3.7,3.7,5.000000000000007,11.199999999999989,1.5999999999999983,0
Madurai,2026-05-27,0.6,0.6,4.300000000000007,10.39999999999999,1.4857142857142842,0
Madurai,2026-05-28,1.5,1.5,5.800000000000008,11.79999999999999,1.6857142857142844,0
Madurai,2026-05-29,2.1,2.1,4.200000000000007,13.69999999999999,1.957142857142856,0
Madurai,2026-05-30,1.0,1.0,4.600000000000007,10.199999999999989,1.4571428571428555,0
Madurai,2026-05-31,0.5,0.5,3.600000000000007,9.39999999999999,1.3428571428571414,0
Madurai,2026-06-01,0.7,0.7,2.2000000000000077,10.099999999999987,1.4428571428571413,0
Madurai,2026-06-02,1.9,1.9,3.1000000000000068,8.29999999999999,1.1857142857142844,0
Madurai,2026-06-03,0.0,0.0,2.6000000000000068,7.699999999999989,1.0999999999999983,0
Madurai,2026-06-04,2.7,2.7,4.600000000000007,8.899999999999988,1.2714285714285698,0
Madurai,2026-06-05,0.0,0.0,2.700000000000007,6.799999999999989,0.97142857142857,0
Madurai,2026-06-06,0.1,0.1,2.800000000000007,5.899999999999989,0.8428571428571413,0
Madurai,2026-06-07,2.0,2.0,2.1000000000000068,7.39999999999999,1.0571428571428556,0
Madurai,2026-06-08,0.0,0.0,2.1000000000000068,6.699999999999989,0.9571428571428556,0
Madurai,2026-06-09,0.5,0.5,2.5000000000000067,5.29999999999999,0.7571428571428557,0
Madurai,2026-06-10,0.1,0.1,0.6000000000000066,5.39999999999999,0.7714285714285699,0
Madurai,2026-06-11,3.0,3.0,3.6000000000000068,5.6999999999999895,0.8142857142857128,0
Madurai,2026-06-12,0.0,0.0,3.1000000000000068,5.6999999999999895,0.8142857142857128,0
Madurai,2026-06-13,2.3,2.3,5.300000000000006,7.89999999999999,1.128571428571427,0
Madurai,2026-06-14,0.9,0.9,3.2000000000000064,6.79999999999999,0.97142857142857,0
Madurai,2026-06-15,0.6,0.6,3.8000000000000074,7.39999999999999,1.0571428571428556,0
Madurai,2026-06-16,0.3,0.3,1.8000000000000067,7.1999999999999895,1.0285714285714271,0
Madurai,2026-06-17,1.9,1.9,2.8000000000000065,8.99999999999999,1.2857142857142845,0
Madurai,2026-06-18,1.0,1.0,3.2000000000000064,6.999999999999989,0.9999999999999984,0
Madurai,2026-06-19,3.1,3.1,6.000000000000007,10.099999999999987,1.4428571428571413,0
Madurai,2026-06-20,0.1,0.1,4.200000000000006,7.899999999999989,1.128571428571427,0
Madurai,2026-06-21,0.9,0.9,4.100000000000007,7.899999999999989,1.128571428571427,0
Madurai,2026-06-22,4.5,4.5,5.500000000000007,11.79999999999999,1.6857142857142844,0
Madurai,2026-06-23,0.0,0.0,5.400000000000008,11.49999999999999,1.6428571428571412,0
Madurai,2026-06-24,2.9,2.9,7.400000000000007,12.49999999999999,1.7857142857142845,0
Madurai,2026-06-25,0.5,0.5,3.400000000000007,11.99999999999999,1.7142857142857129,0
Madurai,2026-06-26,0.8,0.8,4.200000000000007,9.699999999999989,1.385714285714284,0
Madurai,2026-06-27,1.5,1.5,2.800000000000007,11.099999999999987,1.585714285714284,0
Madurai,2026-06-28,3.0,3.0,5.300000000000007,13.199999999999989,1.885714285714284,0
Madurai,2026-06-29,2.7,2.7,7.200000000000007,11.399999999999988,1.6285714285714268,0
Madurai,2026-06-30,8.5,8.5,14.200000000000006,19.899999999999988,2.842857142857141,0
Madurai,2026-07-01,0.6,0.6,11.800000000000006,17.59999999999999,2.514285714285713,0
Madurai,2026-07-02,0.1,0.1,9.200000000000005,17.19999999999999,2.4571428571428555,0
Madurai,2026-07-03,1.3,1.3,2.0000000000000053,17.69999999999999,2.528571428571427,0
Madurai,2026-07-04,3.0,3.0,4.400000000000006,19.19999999999999,2.742857142857141,0
Madurai,2026-07-05,0.0,0.0,4.300000000000006,16.19999999999999,2.3142857142857127,0
Madurai,2026-07-06,0.0,0.0,3.0000000000000053,13.49999999999999,1.928571428571427,0
Madurai,2026-07-07,0.0,0.0,0.0,4.999999999999989,0.7142857142857127,0
Madurai,2026-07-08,1.3,1.3,1.3000000000000054,5.6999999999999895,0.8142857142857128,0
Madurai,2026-07-09,1.2,1.2,2.5000000000000053,6.799999999999989,0.97142857142857,0
Madurai,2026-07-10,5.1,5.1,7.600000000000005,10.599999999999987,1.514285714285713,0
Madurai,2026-07-11,0.8,0.8,7.100000000000005,8.39999999999999,1.1999999999999986,0
Madurai,2026-07-12,0.1,0.1,6.000000000000005,8.49999999999999,1.2142857142857129,0
Madurai,2026-07-13,0.0,0.0,0.9000000000000054,8.49999999999999,1.2142857142857129,0
Madurai,2026-07-14,0.0,0.0,0.1000000000000053,8.49999999999999,1.2142857142857129,0
Madurai,2026-07-15,1.4,1.4,1.4000000000000052,8.599999999999989,1.228571428571427,0
Madurai,2026-07-16,0.2,0.2,1.6000000000000052,7.599999999999989,1.085714285714284,0
Madurai,2026-07-17,0.0,0.0,1.6000000000000052,2.4999999999999893,0.3571428571428556,0
Madurai,2026-07-18,1.7,1.7,1.9000000000000048,3.3999999999999893,0.4857142857142841,0
Madurai,2026-07-19,2.6,2.6,4.300000000000005,5.89999999999999,0.8428571428571414,0
Madurai,2026-07-20,0.2,0.2,4.500000000000005,6.099999999999989,0.8714285714285699,0
Madurai,2026-07-21,0.1,0.1,2.900000000000005,6.1999999999999895,0.8857142857142842,0
Madurai,2026-07-22,1.0,1.0,1.3000000000000058,5.79999999999999,0.8285714285714272,0
Madurai,2026-07-23,0.1,0.1,1.200000000000006,5.6999999999999895,0.8142857142857128,0
Madurai,2026-07-24,1.0,1.0,2.100000000000006,6.6999999999999895,0.9571428571428556,0
Madurai,2026-07-25,2.5,2.5,3.600000000000006,7.499999999999989,1.0714285714285698,0
Madurai,2026-07-26,0.0,0.0,3.5000000000000058,4.89999999999999,0.6999999999999985,0
Madurai,2026-07-27,1.5,1.5,4.000000000000005,6.1999999999999895,0.8857142857142842,0
Madurai,2026-07-28,1.5,1.5,3.0000000000000058,7.599999999999989,1.085714285714284,0
Madurai,2026-07-29,1.6,1.6,4.600000000000006,8.199999999999989,1.1714285714285697,0
Madurai,2026-07-30,0.4,0.4,3.5000000000000058,8.49999999999999,1.2142857142857129,0
Madurai,2026-07-31,7.0,7.0,9.000000000000005,14.49999999999999,2.07142857142857,0
Madurai,2026-08-01,8.1,8.1,15.500000000000004,20.099999999999987,2.8714285714285697,0
Madurai,2026-08-02,0.9,0.9,16.000000000000004,20.99999999999999,2.9999999999999987,0
Madurai,2026-08-03,0.2,0.2,9.200000000000005,19.69999999999999,2.8142857142857127,0
Madurai,2026-08-04,20.4,20.4,21.500000000000004,38.59999999999999,5.5142857142857125,0
Madurai,2026-08-05,0.3,0.3,20.90000000000001,37.29999999999998,5.3285714285714265,0
Madurai,2026-08-06,2.0,2.0,22.700000000000003,38.899999999999984,5.557142857142855,0
Madurai,2026-08-07,0.0,0.0,2.300000000000004,31.899999999999988,4.557142857142855,0
Salem,2020-01-07,0.0,0.0,1.1,3.1,0.4428571428571429,0
Salem,2020-01-08,0.0,0.0,0.9,2.3,0.3285714285714285,0
Salem,2020-01-09,0.0,0.0,0.0,1.9,0.2714285714285714,0
Salem,2020-01-10,0.0,0.0,0.0,1.8,0.2571428571428572,0
Salem,2020-01-11,0.0,0.0,0.0,1.1,0.1571428571428571,0
Salem,2020-01-12,0.0,0.0,0.0,0.9000000000000001,0.1285714285714286,0
Salem,2020-01-13,0.0,0.0,0.0,0.0,0.0,0
Salem,2020-01-14,0.0,0.0,0.0,0.0,0.0,0
Salem,2020-01-15,0.0,0.0,0.0,0.0,0.0,0
Salem,2020-01-16,0.0,0.0,0.0,0.0,0.0,0
Salem,2020-01-17,0.0,0.0,0.0,0.0,0.0,0
Salem,2020-01-18,1.7,1.7,1.6999999999999995,1.7,0.2428571428571428,0
Salem,2020-01-19,0.0,0.0,1.7,1.7,0.2428571428571428,0
Salem,2020-01-20,0.0,0.0,1.7,1.7,0.2428571428571428,0
Salem,2020-01-21,0.0,0.0,0.0,1.7,0.2428571428571428,0
Salem,2020-01-22,0.0,0.0,0.0,1.7,0.2428571428571428,0
Salem,2020-01-23,0.0,0.0,0.0,1.7,0.2428571428571428,0
Salem,2020-01-24,0.0,0.0,0.0,1.7,0.2428571428571428,0
Salem,2020-01-25,0.0,0.0,0.0,0.0,0.0,0
Salem,2020-01-26,0.0,0.0,0.0,0.0,0.0,0
Salem,2020-01-27,0.0,0.0,0.0,0.0,0.0,0
Salem,2020-01-28,0.0,0.0,0.0,0.0,0.0,0
Salem,2020-01-29,0.0,0.0,0.0,0.0,0.0,0
Salem,2020-01-30,0.0,0.0,0.0,0.0,0.0,0
Salem,2020-01-31,0.0,0.0,0.0,0.0,0.0,0
Salem,2020-02-01,0.2,0.2,0.2,0.2,0.0285714285714285,0
Salem,2020-02-02,0.0,0.0,0.2,0.2,0.0285714285714285,0
Salem,2020-02-03,0.0,0.0,0.2,0.2,0.0285714285714285,0
Salem,2020-02-04,0.0,0.0,0.0,0.2,0.0285714285714285,0
Salem,2020-02-05,0.0,0.0,0.0,0.2,0.0285714285714285,0
Salem,2020-02-06,0.0,0.0,0.0,0.2,0.0285714285714285,0
Salem,2020-02-07,0.0,0.0,0.0,0.2,0.0285714285714285,0
Salem,2020-02-08,0.0,0.0,0.0,0.0,0.0,0
Salem,2020-02-09,0.0,0.0,0.0,0.0,0.0,0
Salem,2020-02-10,0.0,0.0,0.0,0.0,0.0,0
Salem,2020-02-11,0.0,0.0,0.0,0.0,0.0,0
Salem,2020-02-12,0.0,0.0,0.0,0.0,0.0,0
Salem,2020-02-13,0.0,0.0,0.0,0.0,0.0,0
Salem,2020-02-14,0.0,0.0,0.0,0.0,0.0,0
Salem,2020-02-15,0.0,0.0,0.0,0.0,0.0,0
Salem,2020-02-16,0.0,0.0,0.0,0.0,0.0,0
Salem,2020-02-17,0.0,0.0,0.0,0.0,0.0,0
Salem,2020-02-18,0.0,0.0,0.0,0.0,0.0,0
Salem,2020-02-19,0.0,0.0,0.0,0.0,0.0,0
Salem,2020-02-20,0.0,0.0,0.0,0.0,0.0,0
Salem,2020-02-21,0.0,0.0,0.0,0.0,0.0,0
Salem,2020-02-22,0.0,0.0,0.0,0.0,0.0,0
Salem,2020-02-23,0.0,0.0,0.0,0.0,0.0,0
Salem,2020-02-24,0.0,0.0,0.0,0.0,0.0,0
Salem,2020-02-25,0.0,0.0,0.0,0.0,0.0,0
Salem,2020-02-26,0.0,0.0,0.0,0.0,0.0,0
Salem,2020-02-27,0.0,0.0,0.0,0.0,0.0,0
Salem,2020-02-28,0.0,0.0,0.0,0.0,0.0,0
Salem,2020-02-29,0.0,0.0,0.0,0.0,0.0,0
Salem,2020-03-01,0.0,0.0,0.0,0.0,0.0,0
Salem,2020-03-02,0.3,0.3,0.3,0.3,0.0428571428571428,0
Salem,2020-03-03,0.0,0.0,0.3,0.3,0.0428571428571428,0
Salem,2020-03-04,0.6,0.6,0.8999999999999999,0.8999999999999999,0.1285714285714285,0
Salem,2020-03-05,0.5,0.5,1.1,1.4,0.1999999999999999,0
Salem,2020-03-06,0.0,0.0,1.1,1.4,0.1999999999999999,0
Salem,2020-03-07,0.8,0.8,1.3000000000000005,2.2,0.3142857142857143,0
Salem,2020-03-08,1.2,1.2,2.0,3.4,0.4857142857142857,0
Salem,2020-03-09,0.1,0.1,2.1,3.2,0.4571428571428572,0
Salem,2020-03-10,0.0,0.0,1.3,3.2,0.4571428571428572,0
Salem,2020-03-11,0.0,0.0,0.1,2.6,0.3714285714285714,0
Salem,2020-03-12,0.0,0.0,0.0,2.1,0.3,0
Salem,2020-03-13,0.0,0.0,0.0,2.1,0.3,0
Salem,2020-03-14,0.0,0.0,0.0,1.3,0.1857142857142857,0
Salem,2020-03-15,0.0,0.0,0.0,0.1,0.0142857142857142,0
Salem,2020-03-16,0.0,0.0,0.0,0.0,0.0,0
Salem,2020-03-17,0.0,0.0,0.0,0.0,0.0,0
Salem,2020-03-18,0.0,0.0,0.0,0.0,0.0,0
Salem,2020-03-19,0.0,0.0,0.0,0.0,0.0,0
Salem,2020-03-20,0.0,0.0,0.0,0.0,0.0,0
Salem,2020-03-21,0.6,0.6,0.6,0.6,0.0857142857142857,0
Salem,2020-03-22,0.2,0.2,0.8,0.8,0.1142857142857143,0
Salem,2020-03-23,0.1,0.1,0.9,0.9,0.1285714285714286,0
Salem,2020-03-24,0.0,0.0,0.3,0.9,0.1285714285714286,0
Salem,2020-03-25,0.0,0.0,0.1,0.9,0.1285714285714286,0
Salem,2020-03-26,0.0,0.0,0.0,0.9,0.1285714285714286,0
Salem,2020-03-27,0.0,0.0,0.0,0.9,0.1285714285714286,0
Salem,2020-03-28,0.0,0.0,0.0,0.3,0.0428571428571428,0
Salem,2020-03-29,0.0,0.0,0.0,0.1,0.0142857142857142,0
Salem,2020-03-30,0.0,0.0,0.0,0.0,0.0,0
Salem,2020-03-31,0.0,0.0,0.0,0.0,0.0,0
Salem,2020-04-01,0.0,0.0,0.0,0.0,0.0,0
Salem,2020-04-02,0.0,0.0,0.0,0.0,0.0,0
Salem,2020-04-03,0.0,0.0,0.0,0.0,0.0,0
Salem,2020-04-04,0.0,0.0,0.0,0.0,0.0,0
Salem,2020-04-05,0.1,0.1,0.1,0.1,0.0142857142857142,0
Salem,2020-04-06,1.2,1.2,1.3,1.3,0.1857142857142857,0
Salem,2020-04-07,5.4,5.4,6.7,6.7,0.9571428571428572,0
Salem,2020-04-08,0.4,0.4,7.000000000000001,7.1000000000000005,1.0142857142857145,0
Salem,2020-04-09,5.2,5.2,11.0,12.3,1.7571428571428571,0
Salem,2020-04-10,0.2,0.2,5.800000000000001,12.5,1.7857142857142858,0
Salem,2020-04-11,0.0,0.0,5.4,12.5,1.7857142857142858,0
Salem,2020-04-12,0.0,0.0,0.2,12.4,1.7714285714285716,0
Salem,2020-04-13,0.0,0.0,0.0,11.2,1.6,0
Salem,2020-04-14,0.0,0.0,0.0,5.800000000000001,0.8285714285714286,0
Salem,2020-04-15,0.0,0.0,0.0,5.4,0.7714285714285715,0
Salem,2020-04-16,0.0,0.0,0.0,0.2,0.0285714285714285,0
Salem,2020-04-17,0.0,0.0,0.0,0.0,0.0,0
Salem,2020-04-18,0.0,0.0,0.0,0.0,0.0,0
Salem,2020-04-19,0.5,0.5,0.5,0.5,0.0714285714285714,0
Salem,2020-04-20,0.0,0.0,0.5,0.5,0.0714285714285714,0
Salem,2020-04-21,0.0,0.0,0.5,0.5,0.0714285714285714,0
Salem,2020-04-22,0.0,0.0,0.0,0.5,0.0714285714285714,0
Salem,2020-04-23,0.0,0.0,0.0,0.5,0.0714285714285714,0
Salem,2020-04-24,2.4,2.4,2.4,2.9,0.4142857142857142,0
Salem,2020-04-25,0.0,0.0,2.4,2.9,0.4142857142857142,0
Salem,2020-04-26,0.3,0.3,2.7,2.7,0.3857142857142857,0
Salem,2020-04-27,1.5,1.5,1.8,4.2,0.6,0
Salem,2020-04-28,11.6,11.6,13.4,15.8,2.257142857142857,0
Salem,2020-04-29,1.9,1.9,15.0,17.7,2.5285714285714285,0
Salem,2020-04-30,2.0,2.0,15.5,19.7,2.814285714285714,0
Salem,2020-05-01,0.0,0.0,3.9,17.3,2.4714285714285715,0
Salem,2020-05-02,0.4,0.4,2.4,17.7,2.5285714285714285,0
Salem,2020-05-03,0.0,0.0,0.4,17.4,2.4857142857142853,0
Salem,2020-05-04,0.0,0.0,0.4,15.9,2.271428571428572,0
Salem,2020-05-05,0.0,0.0,0.0,4.3,0.6142857142857142,0
Salem,2020-05-06,0.0,0.0,0.0,2.4,0.3428571428571428,0
Salem,2020-05-07,0.0,0.0,0.0,0.4,0.0571428571428571,0
Salem,2020-05-08,0.1,0.1,0.1,0.5,0.0714285714285714,0
Salem,2020-05-09,0.0,0.0,0.1,0.1,0.0142857142857142,0
Salem,2020-05-10,0.0,0.0,0.1,0.1,0.0142857142857142,0
Salem,2020-05-11,0.2,0.2,0.2,0.3,0.0428571428571428,0
Salem,2020-05-12,0.0,0.0,0.2,0.3,0.0428571428571428,0
Salem,2020-05-13,0.2,0.2,0.4,0.5,0.0714285714285714,0
Salem,2020-05-14,0.0,0.0,0.2,0.5,0.0714285714285714,0
Salem,2020-05-15,0.0,0.0,0.2,0.4,0.0571428571428571,0
Salem,2020-05-16,0.1,0.1,0.1,0.5,0.0714285714285714,0
Salem,2020-05-17,0.0,0.0,0.1,0.5,0.0714285714285714,0
Salem,2020-05-18,1.1,1.1,1.2000000000000002,1.4,0.1999999999999999,0
Salem,2020-05-19,0.3,0.3,1.4,1.7,0.2428571428571428,0
Salem,2020-05-20,0.0,0.0,1.4,1.5,0.2142857142857142,0
Salem,2020-05-21,0.0,0.0,0.3,1.5,0.2142857142857142,0
Salem,2020-05-22,0.0,0.0,0.0,1.5,0.2142857142857142,0
Salem,2020-05-23,0.0,0.0,0.0,1.4,0.1999999999999999,0
Salem,2020-05-24,0.0,0.0,0.0,1.4,0.1999999999999999,0
Salem,2020-05-25,0.0,0.0,0.0,0.2999999999999997,0.0428571428571428,0
Salem,2020-05-26,0.0,0.0,0.0,0.0,0.0,0
Salem,2020-05-27,2.0,2.0,2.0,2.0,0.2857142857142857,0
Salem,2020-05-28,16.5,16.5,18.5,18.5,2.642857142857143,0
Salem,2020-05-29,0.1,0.1,18.6,18.6,2.657142857142857,0
Salem,2020-05-30,0.1,0.1,16.7,18.7,2.6714285714285717,0
Salem,2020-05-31,4.5,4.5,4.7,23.2,3.314285714285714,0
Salem,2020-06-01,15.1,15.1,19.7,38.3,5.471428571428571,0
Salem,2020-06-02,2.9,2.9,22.5,41.2,5.885714285714286,0
Salem,2020-06-03,0.0,0.0,18.0,39.2,5.6000000000000005,0
Salem,2020-06-04,0.0,0.0,2.9000000000000017,22.7,3.242857142857143,0
Salem,2020-06-05,1.6,1.6,1.600000000000002,24.2,3.457142857142857,0
Salem,2020-06-06,4.5,4.5,6.100000000000001,28.6,4.085714285714286,0
Salem,2020-06-07,10.7,10.7,16.8,34.8,4.971428571428571,0
Salem,2020-06-08,0.0,0.0,15.2,19.7,2.814285714285714,0
Salem,2020-06-09,0.0,0.0,10.7,16.8,2.4,0
Salem,2020-06-10,2.7,2.7,2.700000000000002,19.5,2.7857142857142856,0
Salem,2020-06-11,0.7,0.7,3.400000000000002,20.2,2.8857142857142857,0
Salem,2020-06-12,0.1,0.1,3.5000000000000018,18.7,2.6714285714285717,0
Salem,2020-06-13,0.4,0.4,1.2000000000000015,14.6,2.085714285714286,0
Salem,2020-06-14,1.6,1.6,2.100000000000002,5.5,0.7857142857142857,0
Salem,2020-06-15,1.2,1.2,3.200000000000002,6.7,0.9571428571428572,0
Salem,2020-06-16,0.9,0.9,3.700000000000002,7.6,1.085714285714286,0
Salem,2020-06-17,0.9,0.9,3.0000000000000018,5.8,0.8285714285714285,0
Salem,2020-06-18,0.0,0.0,1.8000000000000018,5.1,0.7285714285714285,0
Salem,2020-06-19,0.5,0.5,1.4000000000000017,5.5,0.7857142857142857,0
Salem,2020-06-20,0.7,0.7,1.2000000000000015,5.8,0.8285714285714285,0
Salem,2020-06-21,2.7,2.7,3.900000000000002,6.9,0.9857142857142858,0
Salem,2020-06-22,5.2,5.2,8.600000000000001,10.9,1.5571428571428572,0
Salem,2020-06-23,0.1,0.1,8.000000000000002,10.1,1.4428571428571428,0
Salem,2020-06-24,9.0,9.0,14.3,18.2,2.6,0
Salem,2020-06-25,21.4,21.4,30.5,39.6,5.657142857142857,0
Salem,2020-06-26,19.9,19.9,50.3,59.0,8.428571428571429,1
Salem,2020-06-27,0.6,0.6,41.9,58.89999999999999,8.414285714285713,1
Salem,2020-06-28,5.5,5.5,26.0,61.7,8.814285714285713,1
Salem,2020-06-29,18.4,18.4,24.5,74.89999999999999,10.7,1
Salem,2020-06-30,1.8,1.8,25.7,76.6,10.94285714285714,1
Salem,2020-07-01,0.1,0.1,20.3,67.7,9.671428571428573,1
Salem,2020-07-02,4.0,4.0,5.900000000000004,50.29999999999999,7.185714285714284,1
Salem,2020-07-03,11.1,11.1,15.200000000000005,41.5,5.928571428571429,0
Salem,2020-07-04,2.0,2.0,17.100000000000005,42.89999999999999,6.128571428571427,0
Salem,2020-07-05,0.3,0.3,13.400000000000006,37.7,5.385714285714285,0
Salem,2020-07-06,3.4,3.4,5.700000000000003,22.7,3.2428571428571424,0
Salem,2020-07-07,0.5,0.5,4.200000000000003,21.399999999999995,3.0571428571428565,0
Salem,2020-07-08,3.5,3.5,7.400000000000004,24.8,3.5428571428571423,0
Salem,2020-07-09,4.6,4.6,8.600000000000003,25.4,3.628571428571429,0
Salem,2020-07-10,13.3,13.3,21.40000000000001,27.599999999999994,3.942857142857142,0
Salem,2020-07-11,1.8,1.8,19.700000000000003,27.399999999999995,3.9142857142857137,0
Salem,2020-07-12,3.8,3.8,18.90000000000001,30.899999999999995,4.414285714285714,0
Salem,2020-07-13,1.1,1.1,6.700000000000003,28.6,4.085714285714285,0
Salem,2020-07-14,0.5,0.5,5.400000000000004,28.6,4.085714285714285,0
Salem,2020-07-15,1.0,1.0,2.600000000000004,26.1,3.728571428571428,0
Salem,2020-07-16,2.6,2.6,4.100000000000003,24.1,3.4428571428571426,0
Salem,2020-07-17,0.2,0.2,3.800000000000004,10.999999999999996,1.571428571428571,0
Salem,2020-07-18,7.6,7.6,10.400000000000004,16.799999999999997,2.3999999999999995,0
Salem,2020-07-19,6.4,6.4,14.200000000000005,19.4,2.771428571428572,0
Salem,2020-07-20,3.4,3.4,17.400000000000002,21.7,3.099999999999999,0
Salem,2020-07-21,0.0,0.0,9.800000000000006,21.2,3.028571428571428,0
Salem,2020-07-22,0.0,0.0,3.4000000000000044,20.2,2.885714285714285,0
Salem,2020-07-23,12.9,12.9,12.900000000000006,30.5,4.357142857142857,0
Salem,2020-07-24,4.8,4.8,17.700000000000003,35.1,5.014285714285714,0
Salem,2020-07-25,11.2,11.2,28.9,38.7,5.528571428571428,0
Salem,2020-07-26,0.3,0.3,16.3,32.599999999999994,4.657142857142857,0
Salem,2020-07-27,0.4,0.4,11.900000000000002,29.599999999999994,4.228571428571428,0
Salem,2020-07-28,2.3,2.3,3.000000000000004,31.899999999999995,4.557142857142856,0
Salem,2020-07-29,10.1,10.1,12.800000000000004,41.99999999999999,5.999999999999999,0
Salem,2020-07-30,2.4,2.4,14.800000000000002,31.5,4.499999999999999,0
Salem,2020-07-31,11.8,11.8,24.300000000000004,38.5,5.5,0
Salem,2020-08-01,0.7,0.7,14.900000000000002,28.0,4.0,0
Salem,2020-08-02,6.5,6.5,19.000000000000004,34.2,4.885714285714285,0
Salem,2020-08-03,5.9,5.9,13.1,39.7,5.671428571428571,0
Salem,2020-08-04,0.7,0.7,13.100000000000003,38.1,5.442857142857142,0
Salem,2020-08-05,4.9,4.9,11.500000000000004,32.9,4.7,0
Salem,2020-08-06,1.6,1.6,7.200000000000003,32.1,4.585714285714286,0
Salem,2020-08-07,0.8,0.8,7.300000000000002,21.1,3.014285714285714,0
Salem,2020-08-08,4.8,4.8,7.200000000000002,25.2,3.6,0
Salem,2020-08-09,22.9,22.9,28.5,41.6,5.942857142857142,0
Salem,2020-08-10,2.6,2.6,30.3,38.3,5.471428571428571,0
Salem,2020-08-11,2.3,2.3,27.8,39.9,5.7,0
Salem,2020-08-12,0.7,0.7,5.6,35.7,5.1,0
Salem,2020-08-13,0.3,0.3,3.3,34.4,4.914285714285714,0
Salem,2020-08-14,0.1,0.1,1.1,33.7,4.814285714285714,0
Salem,2020-08-15,0.0,0.0,0.4,28.899999999999995,4.128571428571428,0
Salem,2020-08-16,0.0,0.0,0.1,5.9999999999999964,0.8571428571428567,0
Salem,2020-08-17,4.3,4.3,4.3,7.699999999999996,1.0999999999999994,0
Salem,2020-08-18,6.4,6.4,10.7,11.799999999999995,1.6857142857142853,0
Salem,2020-08-19,0.0,0.0,10.7,11.099999999999998,1.5857142857142854,0
Salem,2020-08-20,0.0,0.0,6.4,10.799999999999995,1.5428571428571425,0
Salem,2020-08-21,0.0,0.0,0.0,10.699999999999998,1.5285714285714282,0
Salem,2020-08-22,0.6,0.6,0.6,11.299999999999995,1.614285714285714,0
Salem,2020-08-23,19.4,19.4,20.0,30.7,4.385714285714285,0
Salem,2020-08-24,2.4,2.4,22.4,28.799999999999997,4.114285714285713,0
Salem,2020-08-25,0.0,0.0,21.8,22.399999999999995,3.1999999999999997,0
Salem,2020-08-26,1.5,1.5,3.9,23.899999999999995,3.4142857142857137,0
Salem,2020-08-27,0.2,0.2,1.7,24.1,3.4428571428571426,0
Salem,2020-08-28,0.2,0.2,1.9,24.3,3.471428571428571,0
Salem,2020-08-29,0.1,0.1,0.5,23.799999999999997,3.399999999999999,0
Salem,2020-08-30,5.1,5.1,5.4,9.499999999999996,1.3571428571428563,0
Salem,2020-08-31,21.0,21.0,26.2,28.099999999999994,4.014285714285713,0
Salem,2020-09-01,21.1,21.1,47.2,49.2,7.028571428571428,0
Salem,2020-09-02,54.0,54.0,96.1,101.7,14.528571428571428,2
Salem,2020-09-03,4.6,4.6,79.7,106.1,15.157142857142857,2
Salem,2020-09-04,12.3,12.3,70.9,118.2,16.885714285714283,2
Salem,2020-09-05,7.7,7.7,24.6,125.8,17.97142857142857,2
Salem,2020-09-06,14.8,14.8,34.8,135.5,19.357142857142858,2
Salem,2020-09-07,1.5,1.5,24.000000000000004,116.0,16.571428571428573,2
Salem,2020-09-08,1.0,1.0,17.3,95.9,13.7,1
Salem,2020-09-09,13.1,13.1,15.6,54.99999999999999,7.857142857142856,1
Salem,2020-09-10,15.7,15.7,29.8,66.1,9.44285714285714,1
Salem,2020-09-11,4.2,4.2,33.0,57.99999999999999,8.285714285714285,1
Salem,2020-09-12,13.8,13.8,33.7,64.1,9.157142857142857,1
Salem,2020-09-13,9.1,9.1,27.1,58.4,8.342857142857143,1
Salem,2020-09-14,1.5,1.5,24.4,58.39999999999999,8.342857142857142,1
Salem,2020-09-15,1.6,1.6,12.2,58.99999999999999,8.428571428571427,1
Salem,2020-09-16,0.2,0.2,3.3000000000000003,46.1,6.5857142857142845,0
Salem,2020-09-17,0.2,0.2,2.0,30.599999999999994,4.371428571428571,0
Salem,2020-09-18,9.9,9.9,10.3,36.3,5.185714285714285,0
Salem,2020-09-19,10.9,10.9,21.0,33.39999999999999,4.7714285714285705,0
Salem,2020-09-20,5.3,5.3,26.1,29.59999999999999,4.228571428571427,0
Salem,2020-09-21,3.8,3.8,20.0,31.899999999999995,4.557142857142856,0
Salem,2020-09-22,0.7,0.7,9.8,30.999999999999996,4.428571428571428,0
Salem,2020-09-23,0.1,0.1,4.6,30.899999999999995,4.414285714285714,0
Salem,2020-09-24,0.0,0.0,0.7999999999999999,30.699999999999992,4.385714285714284,0
Salem,2020-09-25,3.9,3.9,4.0,24.699999999999992,3.528571428571428,0
Salem,2020-09-26,0.9,0.9,4.8,14.699999999999992,2.0999999999999988,0
Salem,2020-09-27,0.0,0.0,4.8,9.399999999999991,1.3428571428571416,0
Salem,2020-09-28,3.2,3.2,4.1,8.799999999999994,1.2571428571428562,0
Salem,2020-09-29,25.9,25.9,29.1,33.99999999999999,4.857142857142856,0
Salem,2020-09-30,2.2,2.2,31.3,36.1,5.157142857142857,0
Salem,2020-10-01,0.0,0.0,28.1,36.1,5.157142857142857,0
Salem,2020-10-02,0.6,0.6,2.8000000000000003,32.79999999999999,4.685714285714284,0
Salem,2020-10-03,0.7,0.7,1.2999999999999998,32.599999999999994,4.657142857142857,0
Salem,2020-10-04,0.0,0.0,1.2999999999999998,32.599999999999994,4.657142857142857,0
Salem,2020-10-05,0.0,0.0,0.7,29.39999999999999,4.199999999999998,0
Salem,2020-10-06,0.1,0.1,0.1,3.599999999999993,0.5142857142857132,0
Salem,2020-10-07,0.3,0.3,0.4,1.6999999999999929,0.2428571428571418,0
Salem,2020-10-08,4.8,4.8,5.2,6.499999999999993,0.9285714285714276,0
Salem,2020-10-09,19.0,19.0,24.1,24.89999999999999,3.557142857142856,0
Salem,2020-10-10,1.3,1.3,25.1,25.499999999999996,3.642857142857142,0
Salem,2020-10-11,4.2,4.2,24.5,29.699999999999992,4.242857142857142,0
Salem,2020-10-12,1.7,1.7,7.2,31.39999999999999,4.485714285714285,0
Salem,2020-10-13,5.2,5.2,11.1,36.49999999999999,5.2142857142857135,0
Salem,2020-10-14,0.0,0.0,6.9,36.2,5.171428571428571,0
Salem,2020-10-15,0.0,0.0,5.2,31.39999999999999,4.485714285714285,0
Salem,2020-10-16,0.1,0.1,0.1,12.49999999999999,1.7857142857142845,0
Salem,2020-10-17,0.6,0.6,0.7,11.799999999999988,1.685714285714284,0
Salem,2020-10-18,4.9,4.9,5.6000000000000005,12.49999999999999,1.7857142857142845,0
Salem,2020-10-19,5.2,5.2,10.7,15.999999999999991,2.2857142857142843,0
Salem,2020-10-20,14.2,14.2,24.3,24.99999999999999,3.57142857142857,0
Salem,2020-10-21,6.2,6.2,25.6,31.19999999999999,4.457142857142856,0
Salem,2020-10-22,4.0,4.0,24.4,35.19999999999999,5.028571428571427,0
Salem,2020-10-23,0.5,0.5,10.7,35.59999999999999,5.085714285714284,0
Salem,2020-10-24,1.2,1.2,5.7,36.19999999999999,5.17142857142857,0
Salem,2020-10-25,1.0,1.0,2.7,32.29999999999999,4.614285714285713,0
Salem,2020-10-26,2.5,2.5,4.7,29.599999999999987,4.228571428571427,0
Salem,2020-10-27,0.8,0.8,4.3,16.19999999999999,2.3142857142857127,0
Salem,2020-10-28,0.1,0.1,3.4,10.09999999999999,1.4428571428571415,0
Salem,2020-10-29,0.0,0.0,0.9,6.09999999999999,0.87142857142857,0
Salem,2020-10-30,0.4,0.4,0.5,5.999999999999989,0.8571428571428557,0
Salem,2020-10-31,0.7,0.7,1.1,5.499999999999989,0.7857142857142841,0
Salem,2020-11-01,0.6,0.6,1.7,5.099999999999989,0.728571428571427,0
Salem,2020-11-02,1.1,1.1,2.4,3.6999999999999895,0.528571428571427,0
Salem,2020-11-03,0.9,0.9,2.6,3.7999999999999896,0.5428571428571414,0
Salem,2020-11-04,9.2,9.2,11.2,12.899999999999988,1.8428571428571408,0
Salem,2020-11-05,9.5,9.5,19.6,22.399999999999988,3.1999999999999984,0
Salem,2020-11-06,0.9,0.9,19.6,22.899999999999988,3.2714285714285696,0
Salem,2020-11-07,0.5,0.5,10.9,22.699999999999985,3.2428571428571407,0
Salem,2020-11-08,0.6,0.6,2.0,22.69999999999999,3.242857142857141,0
Salem,2020-11-09,0.0,0.0,1.1,21.599999999999987,3.085714285714284,0
Salem,2020-11-10,0.0,0.0,0.6,20.69999999999999,2.9571428571428555,0
Salem,2020-11-11,0.0,0.0,0.0,11.499999999999988,1.642857142857141,0
Salem,2020-11-12,1.6,1.6,1.6,3.599999999999988,0.5142857142857126,0
Salem,2020-11-13,9.3,9.3,10.9,11.99999999999999,1.7142857142857129,0
Salem,2020-11-14,0.3,0.3,11.2,11.79999999999999,1.6857142857142844,0
Salem,2020-11-15,18.2,18.2,27.8,29.39999999999999,4.199999999999998,0
Salem,2020-11-16,11.8,11.8,30.3,41.19999999999999,5.885714285714284,0
Salem,2020-11-17,6.5,6.5,36.5,47.69999999999999,6.814285714285712,0
Salem,2020-11-18,5.2,5.2,23.5,52.89999999999999,7.557142857142856,1
Salem,2020-11-19,0.0,0.0,11.7,51.29999999999999,7.328571428571427,1
Salem,2020-11-20,0.0,0.0,5.2,41.99999999999999,5.999999999999998,0
Salem,2020-11-21,0.0,0.0,0.0,41.69999999999999,5.957142857142856,0
Salem,2020-11-22,0.0,0.0,0.0,23.499999999999982,3.357142857142855,0
Salem,2020-11-23,0.0,0.0,0.0,11.699999999999983,1.6714285714285693,0
Salem,2020-11-24,0.8,0.8,0.8,5.999999999999986,0.8571428571428551,0
Salem,2020-11-25,4.9,4.9,5.7,5.699999999999986,0.8142857142857123,0
Salem,2020-11-26,56.9,56.9,62.6,62.59999999999999,8.942857142857141,1
Salem,2020-11-27,1.9,1.9,63.7,64.49999999999999,9.214285714285712,1
Salem,2020-11-28,1.8,1.8,60.6,66.29999999999998,9.47142857142857,1
Salem,2020-11-29,0.7,0.7,4.4,66.99999999999999,9.57142857142857,1
Salem,2020-11-30,1.7,1.7,4.2,68.69999999999999,9.814285714285711,1
Salem,2020-12-01,0.0,0.0,2.4000000000000004,67.89999999999999,9.7,1
Salem,2020-12-02,1.0,1.0,2.7,63.99999999999999,9.14285714285714,1
Salem,2020-12-03,33.1,33.1,34.1,40.19999999999999,5.742857142857141,0
Salem,2020-12-04,73.1,73.1,107.2,111.39999999999998,15.914285714285713,2
Salem,2020-12-05,4.4,4.4,110.6,114.0,16.285714285714285,2
Salem,2020-12-06,11.6,11.6,89.1,124.89999999999998,17.842857142857138,2
Salem,2020-12-07,16.9,16.9,32.9,140.09999999999997,20.01428571428571,2
Salem,2020-12-08,1.7,1.7,30.2,141.79999999999998,20.257142857142856,2
Salem,2020-12-09,0.0,0.0,18.6,140.79999999999998,20.11428571428571,2
Salem,2020-12-10,0.0,0.0,1.7,107.69999999999996,15.385714285714284,2
Salem,2020-12-11,0.0,0.0,0.0,34.59999999999999,4.942857142857141,0
Salem,2020-12-12,0.0,0.0,0.0,30.199999999999985,4.314285714285712,0
Salem,2020-12-13,0.0,0.0,0.0,18.599999999999984,2.657142857142855,0
Salem,2020-12-14,0.0,0.0,0.0,1.6999999999999855,0.2428571428571408,0
Salem,2020-12-15,0.0,0.0,0.0,0.0,0.0,0
Salem,2020-12-16,1.4,1.4,1.4,1.3999999999999857,0.1999999999999979,0
Salem,2020-12-17,13.1,13.1,14.5,14.499999999999986,2.0714285714285694,0
Salem,2020-12-18,0.4,0.4,14.9,14.899999999999986,2.128571428571427,0
Salem,2020-12-19,0.0,0.0,13.5,14.899999999999986,2.128571428571427,0
Salem,2020-12-20,0.2,0.2,0.6000000000000001,15.099999999999984,2.1571428571428557,0
Salem,2020-12-21,0.0,0.0,0.2,15.099999999999984,2.1571428571428557,0
Salem,2020-12-22,0.0,0.0,0.2,15.099999999999984,2.1571428571428557,0
Salem,2020-12-23,0.0,0.0,0.0,13.699999999999983,1.957142857142855,0
Salem,2020-12-24,0.0,0.0,0.0,0.5999999999999859,0.0857142857142837,0
Salem,2020-12-25,0.0,0.0,0.0,0.1999999999999858,0.0285714285714265,0
Salem,2020-12-26,0.0,0.0,0.0,0.1999999999999858,0.0285714285714265,0
Salem,2020-12-27,0.0,0.0,0.0,0.0,0.0,0
Salem,2020-12-28,0.0,0.0,0.0,0.0,0.0,0
Salem,2020-12-29,1.1,1.1,1.1,1.099999999999986,0.1571428571428551,0
Salem,2020-12-30,0.6,0.6,1.7000000000000002,1.699999999999986,0.2428571428571408,0
Salem,2020-12-31,5.5,5.5,7.2,7.199999999999986,1.0285714285714265,0
Salem,2021-01-01,0.0,0.0,6.1,7.199999999999986,1.0285714285714265,0
Salem,2021-01-02,1.3,1.3,6.8,8.499999999999986,1.2142857142857122,0
Salem,2021-01-03,3.1,3.1,4.4,11.599999999999987,1.6571428571428553,0
Salem,2021-01-04,0.7,0.7,5.1000000000000005,12.299999999999986,1.7571428571428551,0
Salem,2021-01-05,3.2,3.2,7.000000000000001,14.399999999999988,2.057142857142856,0
Salem,2021-01-06,3.3,3.3,7.2,17.099999999999987,2.442857142857141,0
Salem,2021-01-07,2.9,2.9,9.4,14.499999999999988,2.07142857142857,0
Salem,2021-01-08,4.0,4.0,10.2,18.499999999999982,2.642857142857141,0
Salem,2021-01-09,0.5,0.5,7.4,17.699999999999985,2.5285714285714262,0
Salem,2021-01-10,3.2,3.2,7.699999999999999,17.799999999999986,2.542857142857141,0
Salem,2021-01-11,7.5,7.5,11.2,24.599999999999987,3.5142857142857125,0
Salem,2021-01-12,2.7,2.7,13.4,24.099999999999984,3.4428571428571404,0
Salem,2021-01-13,0.8,0.8,11.0,21.599999999999984,3.085714285714283,0
Salem,2021-01-14,1.8,1.8,5.299999999999999,20.499999999999982,2.9285714285714266,0
Salem,2021-01-15,0.2,0.2,2.7999999999999994,16.699999999999985,2.3857142857142835,0
Salem,2021-01-16,0.2,0.2,2.1999999999999997,16.399999999999984,2.3428571428571408,0
Salem,2021-01-17,0.0,0.0,0.3999999999999991,13.199999999999989,1.885714285714284,0
Salem,2021-01-18,0.0,0.0,0.1999999999999991,5.699999999999986,0.8142857142857123,0
Salem,2021-01-19,0.0,0.0,0.0,2.999999999999986,0.4285714285714265,0
Salem,2021-01-20,0.0,0.0,0.0,2.199999999999986,0.3142857142857123,0
Salem,2021-01-21,0.0,0.0,0.0,0.3999999999999858,0.0571428571428551,0
Salem,2021-01-22,1.5,1.5,1.4999999999999991,1.6999999999999855,0.2428571428571408,0
Salem,2021-01-23,0.0,0.0,1.4999999999999991,1.4999999999999858,0.2142857142857122,0
Salem,2021-01-24,0.0,0.0,1.4999999999999991,1.4999999999999858,0.2142857142857122,0
Salem,2021-01-25,0.0,0.0,0.0,1.4999999999999858,0.2142857142857122,0
Salem,2021-01-26,0.0,0.0,0.0,1.4999999999999858,0.2142857142857122,0
Salem,2021-01-27,0.0,0.0,0.0,1.4999999999999858,0.2142857142857122,0
Salem,2021-01-28,0.0,0.0,0.0,1.4999999999999858,0.2142857142857122,0
Salem,2021-01-29,0.4,0.4,0.3999999999999991,0.3999999999999858,0.0571428571428551,0
Salem,2021-01-30,0.0,0.0,0.3999999999999991,0.3999999999999858,0.0571428571428551,0
Salem,2021-01-31,0.0,0.0,0.3999999999999991,0.3999999999999858,0.0571428571428551,0
Salem,2021-02-01,0.0,0.0,0.0,0.3999999999999858,0.0571428571428551,0
Salem,2021-02-02,0.0,0.0,0.0,0.3999999999999858,0.0571428571428551,0
Salem,2021-02-03,0.0,0.0,0.0,0.3999999999999858,0.0571428571428551,0
Salem,2021-02-04,0.0,0.0,0.0,0.3999999999999858,0.0571428571428551,0
Salem,2021-02-05,0.0,0.0,0.0,0.0,0.0,0
Salem,2021-02-06,0.0,0.0,0.0,0.0,0.0,0
Salem,2021-02-07,0.0,0.0,0.0,0.0,0.0,0
Salem,2021-02-08,0.0,0.0,0.0,0.0,0.0,0
Salem,2021-02-09,0.0,0.0,0.0,0.0,0.0,0
Salem,2021-02-10,0.0,0.0,0.0,0.0,0.0,0
Salem,2021-02-11,0.0,0.0,0.0,0.0,0.0,0
Salem,2021-02-12,0.0,0.0,0.0,0.0,0.0,0
Salem,2021-02-13,0.0,0.0,0.0,0.0,0.0,0
Salem,2021-02-14,0.0,0.0,0.0,0.0,0.0,0
Salem,2021-02-15,0.0,0.0,0.0,0.0,0.0,0
Salem,2021-02-16,0.0,0.0,0.0,0.0,0.0,0
Salem,2021-02-17,0.0,0.0,0.0,0.0,0.0,0
Salem,2021-02-18,0.0,0.0,0.0,0.0,0.0,0
Salem,2021-02-19,0.0,0.0,0.0,0.0,0.0,0
Salem,2021-02-20,4.7,4.7,4.699999999999999,4.699999999999986,0.6714285714285694,0
Salem,2021-02-21,0.9,0.9,5.6,5.599999999999986,0.799999999999998,0
Salem,2021-02-22,0.5,0.5,6.1,6.099999999999986,0.8714285714285694,0
Salem,2021-02-23,0.0,0.0,1.399999999999999,6.099999999999986,0.8714285714285694,0
Salem,2021-02-24,0.0,0.0,0.4999999999999991,6.099999999999986,0.8714285714285694,0
Salem,2021-02-25,0.0,0.0,0.0,6.099999999999986,0.8714285714285694,0
Salem,2021-02-26,0.0,0.0,0.0,6.099999999999986,0.8714285714285694,0
Salem,2021-02-27,0.0,0.0,0.0,1.3999999999999857,0.1999999999999979,0
Salem,2021-02-28,0.0,0.0,0.0,0.4999999999999858,0.0714285714285694,0
Salem,2021-03-01,0.0,0.0,0.0,0.0,0.0,0
Salem,2021-03-02,0.0,0.0,0.0,0.0,0.0,0
Salem,2021-03-03,0.0,0.0,0.0,0.0,0.0,0
Salem,2021-03-04,0.0,0.0,0.0,0.0,0.0,0
Salem,2021-03-05,0.0,0.0,0.0,0.0,0.0,0
Salem,2021-03-06,0.0,0.0,0.0,0.0,0.0,0
Salem,2021-03-07,0.0,0.0,0.0,0.0,0.0,0
Salem,2021-03-08,0.0,0.0,0.0,0.0,0.0,0
Salem,2021-03-09,0.1,0.1,0.0999999999999991,0.0999999999999858,0.0142857142857122,0
Salem,2021-03-10,0.0,0.0,0.0999999999999991,0.0999999999999858,0.0142857142857122,0
Salem,2021-03-11,0.0,0.0,0.0999999999999991,0.0999999999999858,0.0142857142857122,0
Salem,2021-03-12,0.0,0.0,0.0,0.0999999999999858,0.0142857142857122,0
Salem,2021-03-13,0.0,0.0,0.0,0.0999999999999858,0.0142857142857122,0
Salem,2021-03-14,0.0,0.0,0.0,0.0999999999999858,0.0142857142857122,0
Salem,2021-03-15,0.0,0.0,0.0,0.0999999999999858,0.0142857142857122,0
Salem,2021-03-16,0.0,0.0,0.0,0.0,0.0,0
Salem,2021-03-17,0.0,0.0,0.0,0.0,0.0,0
Salem,2021-03-18,0.0,0.0,0.0,0.0,0.0,0
Salem,2021-03-19,0.0,0.0,0.0,0.0,0.0,0
Salem,2021-03-20,0.0,0.0,0.0,0.0,0.0,0
Salem,2021-03-21,0.0,0.0,0.0,0.0,0.0,0
Salem,2021-03-22,0.0,0.0,0.0,0.0,0.0,0
Salem,2021-03-23,0.0,0.0,0.0,0.0,0.0,0
Salem,2021-03-24,0.0,0.0,0.0,0.0,0.0,0
Salem,2021-03-25,0.0,0.0,0.0,0.0,0.0,0
Salem,2021-03-26,0.0,0.0,0.0,0.0,0.0,0
Salem,2021-03-27,0.0,0.0,0.0,0.0,0.0,0
Salem,2021-03-28,0.0,0.0,0.0,0.0,0.0,0
Salem,2021-03-29,0.0,0.0,0.0,0.0,0.0,0
Salem,2021-03-30,0.0,0.0,0.0,0.0,0.0,0
Salem,2021-03-31,0.0,0.0,0.0,0.0,0.0,0
Salem,2021-04-01,0.0,0.0,0.0,0.0,0.0,0
Salem,2021-04-02,0.0,0.0,0.0,0.0,0.0,0
Salem,2021-04-03,0.0,0.0,0.0,0.0,0.0,0
Salem,2021-04-04,0.0,0.0,0.0,0.0,0.0,0
Salem,2021-04-05,2.0,2.0,1.9999999999999991,1.9999999999999856,0.2857142857142837,0
Salem,2021-04-06,0.0,0.0,1.9999999999999991,1.9999999999999856,0.2857142857142837,0
Salem,2021-04-07,0.0,0.0,1.9999999999999991,1.9999999999999856,0.2857142857142837,0
Salem,2021-04-08,0.0,0.0,0.0,1.9999999999999856,0.2857142857142837,0
Salem,2021-04-09,0.0,0.0,0.0,1.9999999999999856,0.2857142857142837,0
Salem,2021-04-10,0.0,0.0,0.0,1.9999999999999856,0.2857142857142837,0
Salem,2021-04-11,0.0,0.0,0.0,1.9999999999999856,0.2857142857142837,0
Salem,2021-04-12,0.5,0.5,0.4999999999999991,0.4999999999999858,0.0714285714285694,0
Salem,2021-04-13,0.0,0.0,0.4999999999999991,0.4999999999999858,0.0714285714285694,0
Salem,2021-04-14,21.2,21.2,21.7,21.699999999999985,3.099999999999998,0
Salem,2021-04-15,14.3,14.3,35.5,35.999999999999986,5.142857142857141,0
Salem,2021-04-16,1.0,1.0,36.5,36.99999999999999,5.285714285714284,0
Salem,2021-04-17,0.0,0.0,15.3,36.99999999999999,5.285714285714284,0
Salem,2021-04-18,0.0,0.0,1.0,36.99999999999999,5.285714285714284,0
Salem,2021-04-19,0.1,0.1,0.1,36.59999999999999,5.228571428571427,0
Salem,2021-04-20,0.5,0.5,0.6,37.09999999999999,5.299999999999998,0
Salem,2021-04-21,0.0,0.0,0.6,15.899999999999986,2.2714285714285696,0
Salem,2021-04-22,0.0,0.0,0.5,1.599999999999986,0.2285714285714265,0
Salem,2021-04-23,0.7,0.7,0.7,1.2999999999999856,0.1857142857142836,0
Salem,2021-04-24,2.8,2.8,3.5,4.099999999999985,0.5857142857142836,0
Salem,2021-04-25,0.2,0.2,3.7,4.299999999999986,0.6142857142857122,0
Salem,2021-04-26,0.1,0.1,3.1,4.299999999999986,0.6142857142857122,0
Salem,2021-04-27,0.1,0.1,0.4,3.899999999999985,0.557142857142855,0
Salem,2021-04-28,0.0,0.0,0.2,3.899999999999985,0.557142857142855,0
Salem,2021-04-29,0.0,0.0,0.1,3.899999999999985,0.557142857142855,0
Salem,2021-04-30,1.7,1.7,1.7,4.899999999999986,0.6999999999999981,0
Salem,2021-05-01,0.1,0.1,1.8,2.199999999999986,0.3142857142857123,0
Salem,2021-05-02,1.0,1.0,2.8,2.999999999999986,0.4285714285714265,0
Salem,2021-05-03,2.3,2.3,3.3999999999999995,5.199999999999985,0.7428571428571408,0
Salem,2021-05-04,5.3,5.3,8.6,10.399999999999986,1.4857142857142838,0
Salem,2021-05-05,0.0,0.0,7.599999999999999,10.399999999999986,1.4857142857142838,0
Salem,2021-05-06,0.0,0.0,5.299999999999999,10.399999999999986,1.4857142857142838,0
Salem,2021-05-07,1.4,1.4,1.399999999999999,10.099999999999984,1.4428571428571408,0
Salem,2021-05-08,0.1,0.1,1.4999999999999991,10.099999999999984,1.4428571428571408,0
Salem,2021-05-09,0.3,0.3,1.799999999999999,9.399999999999986,1.342857142857141,0
Salem,2021-05-10,1.4,1.4,1.799999999999999,8.499999999999986,1.2142857142857122,0
Salem,2021-05-11,1.4,1.4,3.0999999999999988,4.599999999999985,0.657142857142855,0
Salem,2021-05-12,0.6,0.6,3.399999999999999,5.199999999999985,0.7428571428571408,0
Salem,2021-05-13,0.1,0.1,2.099999999999999,5.299999999999986,0.7571428571428551,0
Salem,2021-05-14,1.0,1.0,1.699999999999999,4.899999999999985,0.6999999999999978,0
Salem,2021-05-15,13.3,13.3,14.4,18.099999999999987,2.585714285714284,0
Salem,2021-05-16,1.6,1.6,15.9,19.399999999999988,2.7714285714285696,0
Salem,2021-05-17,0.5,0.5,15.4,18.49999999999999,2.642857142857141,0
Salem,2021-05-18,0.0,0.0,2.1,17.099999999999987,2.442857142857141,0
Salem,2021-05-19,0.3,0.3,0.8,16.799999999999986,2.399999999999998,0
Salem,2021-05-20,4.0,4.0,4.3,20.69999999999999,2.9571428571428555,0
Salem,2021-05-21,6.6,6.6,10.9,26.299999999999983,3.7571428571428553,0
Salem,2021-05-22,0.6,0.6,11.2,13.599999999999984,1.9428571428571408,0
Salem,2021-05-23,0.1,0.1,7.3,12.099999999999984,1.7285714285714264,0
Salem,2021-05-24,0.0,0.0,0.7,11.599999999999984,1.657142857142855,0
Salem,2021-05-25,0.8,0.8,0.9,12.399999999999986,1.7714285714285694,0
Salem,2021-05-26,0.2,0.2,1.0,12.299999999999985,1.757142857142855,0
Salem,2021-05-27,0.0,0.0,1.0,8.299999999999985,1.1857142857142835,0
Salem,2021-05-28,0.0,0.0,0.2,1.6999999999999855,0.2428571428571408,0
Salem,2021-05-29,0.0,0.0,0.0,1.099999999999986,0.1571428571428551,0
Salem,2021-05-30,0.1,0.1,0.1,1.099999999999986,0.1571428571428551,0
Salem,2021-05-31,0.4,0.4,0.5,1.4999999999999858,0.2142857142857122,0
Salem,2021-06-01,0.2,0.2,0.7,0.8999999999999859,0.1285714285714265,0
Salem,2021-06-02,7.2,7.2,7.8,7.899999999999986,1.1285714285714266,0
Salem,2021-06-03,20.1,20.1,27.5,27.999999999999982,3.999999999999998,0
Salem,2021-06-04,37.7,37.7,65.0,65.69999999999999,9.385714285714284,1
Salem,2021-06-05,16.9,16.9,74.69999999999999,82.6,11.8,1
Salem,2021-06-06,2.7,2.7,57.3,85.19999999999999,12.171428571428567,1
Salem,2021-06-07,0.1,0.1,19.7,84.89999999999999,12.128571428571428,1
Salem,2021-06-08,0.0,0.0,2.8000000000000003,84.69999999999999,12.099999999999998,1
Salem,2021-06-09,0.1,0.1,0.2,77.59999999999998,11.085714285714284,1
Salem,2021-06-10,0.2,0.2,0.3,57.69999999999999,8.242857142857142,1
Salem,2021-06-11,0.0,0.0,0.3,19.999999999999982,2.857142857142855,0
Salem,2021-06-12,0.4,0.4,0.6000000000000001,3.499999999999986,0.4999999999999979,0
Salem,2021-06-13,3.5,3.5,3.9,4.299999999999986,0.6142857142857122,0
Salem,2021-06-14,2.5,2.5,6.4,6.699999999999986,0.9571428571428552,0
Salem,2021-06-15,1.8,1.8,7.8,8.499999999999986,1.2142857142857122,0
Salem,2021-06-16,0.3,0.3,4.6000000000000005,8.699999999999987,1.2428571428571409,0
Salem,2021-06-17,1.8,1.8,3.9,10.299999999999985,1.4714285714285693,0
Salem,2021-06-18,0.1,0.1,2.2,10.399999999999986,1.4857142857142838,0
Salem,2021-06-19,0.0,0.0,1.9,9.999999999999986,1.4285714285714266,0
Salem,2021-06-20,0.0,0.0,0.1,6.499999999999986,0.9285714285714264,0
Salem,2021-06-21,0.4,0.4,0.4,4.399999999999986,0.6285714285714266,0
Salem,2021-06-22,1.4,1.4,1.7999999999999998,3.999999999999986,0.5714285714285694,0
Salem,2021-06-23,1.5,1.5,3.3,5.199999999999986,0.7428571428571409,0
Salem,2021-06-24,0.0,0.0,2.9,3.399999999999986,0.4857142857142837,0
Salem,2021-06-25,0.0,0.0,1.5,3.2999999999999856,0.4714285714285693,0
Salem,2021-06-26,0.0,0.0,0.0,3.2999999999999856,0.4714285714285693,0
Salem,2021-06-27,0.1,0.1,0.1,3.3999999999999857,0.4857142857142836,0
Salem,2021-06-28,0.0,0.0,0.1,2.999999999999986,0.4285714285714265,0
Salem,2021-06-29,1.4,1.4,1.5,2.999999999999986,0.4285714285714265,0
Salem,2021-06-30,0.3,0.3,1.7,1.7999999999999858,0.2571428571428551,0
Salem,2021-07-01,19.0,19.0,20.7,20.799999999999983,2.9714285714285693,0
Salem,2021-07-02,11.3,11.3,30.6,32.09999999999999,4.585714285714284,0
Salem,2021-07-03,0.1,0.1,30.4,32.19999999999999,4.599999999999999,0
Salem,2021-07-04,11.3,11.3,22.700000000000003,43.399999999999984,6.1999999999999975,0
Salem,2021-07-05,0.9,0.9,12.3,44.29999999999998,6.3285714285714265,0
Salem,2021-07-06,0.4,0.4,12.6,43.29999999999999,6.185714285714284,0
Salem,2021-07-07,2.6,2.6,3.9,45.6,6.514285714285713,0
Salem,2021-07-08,1.6,1.6,4.6000000000000005,28.19999999999999,4.028571428571427,0
Salem,2021-07-09,12.4,12.4,16.6,29.299999999999983,4.185714285714284,0
Salem,2021-07-10,5.8,5.8,19.8,34.999999999999986,4.999999999999998,0
Salem,2021-07-11,0.4,0.4,18.6,24.099999999999987,3.442857142857141,0
Salem,2021-07-12,0.8,0.8,7.0,23.999999999999982,3.4285714285714266,0
Salem,2021-07-13,0.6,0.6,1.8,24.19999999999999,3.4571428571428555,0
Salem,2021-07-14,3.8,3.8,5.199999999999999,25.399999999999984,3.6285714285714255,0
Salem,2021-07-15,5.0,5.0,9.4,28.799999999999983,4.114285714285712,0
Salem,2021-07-16,12.9,12.9,21.700000000000003,29.299999999999983,4.185714285714284,0
Salem,2021-07-17,5.1,5.1,23.0,28.599999999999987,4.085714285714284,0
Salem,2021-07-18,10.8,10.8,28.8,38.99999999999999,5.571428571428569,0
Salem,2021-07-19,2.3,2.3,18.2,40.49999999999999,5.785714285714285,0
Salem,2021-07-20,0.5,0.5,13.6,40.39999999999999,5.7714285714285705,0
Salem,2021-07-21,0.5,0.5,3.3,37.09999999999999,5.299999999999998,0
Salem,2021-07-22,4.8,4.8,5.8,36.899999999999984,5.27142857142857,0
Salem,2021-07-23,1.1,1.1,6.4,25.099999999999987,3.585714285714284,0
Salem,2021-07-24,0.4,0.4,6.3,20.399999999999984,2.914285714285712,0
Salem,2021-07-25,4.2,4.2,5.7,13.799999999999986,1.9714285714285693,0
Salem,2021-07-26,0.2,0.2,4.8,11.699999999999983,1.6714285714285693,0
Salem,2021-07-27,0.5,0.5,4.9,11.699999999999983,1.6714285714285693,0
Salem,2021-07-28,0.1,0.1,0.8,11.299999999999985,1.614285714285712,0
Salem,2021-07-29,0.0,0.0,0.6000000000000001,6.499999999999986,0.9285714285714264,0
Salem,2021-07-30,0.1,0.1,0.2,5.499999999999987,0.7857142857142838,0
Salem,2021-07-31,0.1,0.1,0.2,5.199999999999986,0.7428571428571409,0
Salem,2021-08-01,0.8,0.8,1.0,1.7999999999999858,0.2571428571428551,0
Salem,2021-08-02,0.1,0.1,1.0000000000000002,1.699999999999986,0.2428571428571408,0
Salem,2021-08-03,0.1,0.1,1.0,1.2999999999999858,0.1857142857142837,0
Salem,2021-08-04,1.3,1.3,1.5,2.499999999999986,0.3571428571428551,0
Salem,2021-08-05,1.1,1.1,2.5,3.599999999999986,0.5142857142857122,0
Salem,2021-08-06,1.5,1.5,3.9,4.999999999999986,0.7142857142857123,0
Salem,2021-08-07,1.7,1.7,4.3,6.599999999999986,0.942857142857141,0
Salem,2021-08-08,1.1,1.1,4.3,6.899999999999986,0.9857142857142838,0
Salem,2021-08-09,7.6,7.6,10.4,14.399999999999984,2.0571428571428547,0
Salem,2021-08-10,5.1,5.1,13.8,19.399999999999984,2.771428571428569,0
Salem,2021-08-11,5.5,5.5,18.2,23.599999999999984,3.371428571428569,0
Salem,2021-08-12,6.6,6.6,17.2,29.099999999999987,4.157142857142856,0
Salem,2021-08-13,3.5,3.5,15.599999999999998,31.099999999999987,4.442857142857141,0
Salem,2021-08-14,4.3,4.3,14.4,33.69999999999998,4.814285714285711,0
Salem,2021-08-15,0.0,0.0,7.8,32.59999999999998,4.657142857142854,0
Salem,2021-08-16,0.3,0.3,4.6,25.299999999999983,3.614285714285712,0
Salem,2021-08-17,3.6,3.6,3.9,23.799999999999983,3.399999999999998,0
Salem,2021-08-18,0.0,0.0,3.9,18.299999999999983,2.6142857142857125,0
Salem,2021-08-19,0.5,0.5,4.1,12.199999999999983,1.7428571428571409,0
Salem,2021-08-20,0.0,0.0,0.5,8.699999999999985,1.2428571428571409,0
Salem,2021-08-21,5.5,5.5,6.0,9.899999999999986,1.4142857142857124,0
Salem,2021-08-22,2.9,2.9,8.4,12.799999999999986,1.8285714285714267,0
Salem,2021-08-23,9.4,9.4,17.8,21.899999999999984,3.1285714285714263,0
Salem,2021-08-24,0.0,0.0,12.3,18.29999999999999,2.614285714285713,0
Salem,2021-08-25,0.1,0.1,9.5,18.399999999999988,2.628571428571427,0
Salem,2021-08-26,0.2,0.2,0.3,18.099999999999987,2.585714285714284,0
Salem,2021-08-27,8.1,8.1,8.4,26.19999999999999,3.742857142857141,0
Salem,2021-08-28,6.4,6.4,14.7,27.099999999999987,3.8714285714285697,0
Salem,2021-08-29,26.3,26.3,40.8,50.49999999999999,7.214285714285713,1
Salem,2021-08-30,5.0,5.0,37.7,46.1,6.5857142857142845,0
Salem,2021-08-31,0.8,0.8,32.1,46.89999999999999,6.699999999999998,0
Salem,2021-09-01,0.5,0.5,6.3,47.29999999999999,6.757142857142855,0
Salem,2021-09-02,29.3,29.3,30.6,76.39999999999999,10.914285714285713,1
Salem,2021-09-03,15.1,15.1,44.9,83.39999999999999,11.914285714285713,1
Salem,2021-09-04,6.8,6.8,51.2,83.79999999999998,11.97142857142857,1
Salem,2021-09-05,8.7,8.7,30.6,66.19999999999999,9.457142857142856,1
Salem,2021-09-06,8.1,8.1,23.6,69.29999999999998,9.899999999999997,1
Salem,2021-09-07,1.4,1.4,18.2,69.89999999999999,9.985714285714284,1
Salem,2021-09-08,1.5,1.5,10.999999999999998,70.89999999999999,10.128571428571428,1
Salem,2021-09-09,0.5,0.5,3.399999999999998,42.09999999999999,6.0142857142857125,0
Salem,2021-09-10,0.7,0.7,2.6999999999999984,27.699999999999985,3.957142857142855,0
Salem,2021-09-11,0.1,0.1,1.2999999999999985,20.99999999999999,2.9999999999999987,0
Salem,2021-09-12,2.8,2.8,3.599999999999998,15.099999999999987,2.157142857142856,0
Salem,2021-09-13,0.0,0.0,2.8999999999999977,6.999999999999989,0.9999999999999984,0
Salem,2021-09-14,0.3,0.3,3.099999999999998,5.899999999999989,0.8428571428571413,0
Salem,2021-09-15,0.6,0.6,0.8999999999999981,4.999999999999989,0.7142857142857127,0
Salem,2021-09-16,3.2,3.2,4.099999999999998,7.699999999999989,1.0999999999999983,0
Salem,2021-09-17,0.2,0.2,3.999999999999999,7.1999999999999895,1.0285714285714271,0
Salem,2021-09-18,0.5,0.5,3.899999999999999,7.599999999999989,1.085714285714284,0
Salem,2021-09-19,1.5,1.5,2.1999999999999984,6.29999999999999,0.8999999999999986,0
Salem,2021-09-20,3.9,3.9,5.899999999999998,10.199999999999989,1.4571428571428555,0
Salem,2021-09-21,1.6,1.6,6.999999999999998,11.49999999999999,1.6428571428571412,0
Salem,2021-09-22,0.1,0.1,5.599999999999998,10.99999999999999,1.5714285714285698,0
Salem,2021-09-23,6.0,6.0,7.699999999999997,13.79999999999999,1.97142857142857,0
Salem,2021-09-24,1.6,1.6,7.699999999999997,15.19999999999999,2.17142857142857,0
Salem,2021-09-25,7.1,7.1,14.699999999999996,21.79999999999999,3.114285714285713,0
Salem,2021-09-26,0.1,0.1,8.799999999999997,20.39999999999999,2.9142857142857133,0
Salem,2021-09-27,6.5,6.5,13.699999999999996,22.999999999999996,3.2857142857142847,0
Salem,2021-09-28,0.5,0.5,7.099999999999997,21.89999999999999,3.1285714285714272,0
Salem,2021-09-29,0.3,0.3,7.299999999999997,22.099999999999987,3.1571428571428557,0
Salem,2021-09-30,2.6,2.6,3.399999999999997,18.69999999999999,2.67142857142857,0
Salem,2021-10-01,4.2,4.2,7.099999999999998,21.29999999999999,3.0428571428571414,0
Salem,2021-10-02,16.7,16.7,23.5,30.899999999999988,4.414285714285713,0
Salem,2021-10-03,3.6,3.6,24.5,34.399999999999984,4.914285714285712,0
Salem,2021-10-04,9.6,9.6,29.899999999999995,37.49999999999999,5.357142857142855,0
Salem,2021-10-05,13.0,13.0,26.2,49.99999999999999,7.142857142857141,0
Salem,2021-10-06,12.5,12.5,35.099999999999994,62.19999999999999,8.885714285714284,1
Salem,2021-10-07,2.0,2.0,27.5,61.59999999999999,8.799999999999999,1
Salem,2021-10-08,12.7,12.7,27.2,70.1,10.014285714285714,1
Salem,2021-10-09,9.9,9.9,24.599999999999994,63.29999999999999,9.04285714285714,1
Salem,2021-10-10,14.6,14.6,37.2,74.29999999999998,10.614285714285712,1
Salem,2021-10-11,33.3,33.3,57.8,98.0,13.999999999999998,1
Salem,2021-10-12,26.3,26.3,74.2,111.29999999999998,15.899999999999997,2
Salem,2021-10-13,3.2,3.2,62.8,102.0,14.57142857142857,2
Salem,2021-10-14,1.1,1.1,30.6,101.09999999999998,14.44285714285714,2
Salem,2021-10-15,0.6,0.6,4.9,88.99999999999999,12.714285714285712,1
Salem,2021-10-16,3.9,3.9,5.6,82.99999999999997,11.857142857142852,1
Salem,2021-10-17,5.1,5.1,9.6,73.49999999999999,10.499999999999998,1
Salem,2021-10-18,2.6,2.6,11.6,42.79999999999999,6.114285714285713,0
Salem,2021-10-19,0.8,0.8,8.5,17.299999999999986,2.4714285714285693,0
Salem,2021-10-20,5.1,5.1,8.5,19.19999999999999,2.742857142857141,0
Salem,2021-10-21,10.3,10.3,16.200000000000003,28.399999999999984,4.057142857142855,0
Salem,2021-10-22,2.6,2.6,18.0,30.399999999999988,4.342857142857141,0
Salem,2021-10-23,24.5,24.5,37.4,50.99999999999999,7.285714285714284,1
Salem,2021-10-24,1.4,1.4,28.5,47.29999999999998,6.757142857142855,0
Salem,2021-10-25,5.5,5.5,31.4,50.19999999999998,7.171428571428569,1
Salem,2021-10-26,1.6,1.6,8.499999999999996,50.99999999999999,7.285714285714284,1
Salem,2021-10-27,4.3,4.3,11.399999999999997,50.19999999999999,7.17142857142857,1
Salem,2021-10-28,0.3,0.3,6.199999999999997,40.19999999999999,5.742857142857141,0
Salem,2021-10-29,2.4,2.4,6.9999999999999964,39.99999999999999,5.714285714285713,0
Salem,2021-10-30,7.0,7.0,9.699999999999998,22.499999999999982,3.214285714285712,0
Salem,2021-10-31,4.7,4.7,14.099999999999998,25.799999999999983,3.685714285714284,0
Salem,2021-11-01,8.4,8.4,20.1,28.699999999999985,4.099999999999998,0
Salem,2021-11-02,0.3,0.3,13.4,27.399999999999988,3.914285714285712,0
Salem,2021-11-03,7.7,7.7,16.4,30.799999999999983,4.399999999999998,0
Salem,2021-11-04,21.6,21.6,29.6,52.09999999999999,7.442857142857141,1
Salem,2021-11-05,9.5,9.5,38.8,59.19999999999999,8.457142857142856,1
Salem,2021-11-06,14.6,14.6,45.7,66.79999999999998,9.54285714285714,1
Salem,2021-11-07,9.3,9.3,33.4,71.39999999999999,10.2,1
Salem,2021-11-08,18.3,18.3,42.2,81.29999999999998,11.614285714285712,1
Salem,2021-11-09,12.0,12.0,39.6,93.0,13.285714285714286,1
Salem,2021-11-10,20.8,20.8,51.1,106.1,15.157142857142857,2
Salem,2021-11-11,7.9,7.9,40.7,92.4,13.2,1
Salem,2021-11-12,2.2,2.2,30.899999999999995,85.09999999999998,12.157142857142857,1
Salem,2021-11-13,17.6,17.6,27.7,88.1,12.585714285714284,1
Salem,2021-11-14,5.5,5.5,25.3,84.3,12.042857142857144,1
Salem,2021-11-15,8.6,8.6,31.7,74.6,10.657142857142857,1
Salem,2021-11-16,26.5,26.5,40.6,89.1,12.728571428571428,1
Salem,2021-11-17,25.8,25.8,60.89999999999999,94.1,13.44285714285714,1
Salem,2021-11-18,22.2,22.2,74.5,108.39999999999998,15.485714285714282,2
Salem,2021-11-19,29.3,29.3,77.3,135.49999999999997,19.35714285714285,2
Salem,2021-11-20,4.8,4.8,56.3,122.7,17.52857142857143,2
Salem,2021-11-21,0.0,0.0,34.099999999999994,117.2,16.74285714285714,2
Salem,2021-11-22,3.7,3.7,8.499999999999993,112.29999999999998,16.04285714285714,2
Salem,2021-11-23,3.7,3.7,7.399999999999993,89.49999999999999,12.785714285714285,1
Salem,2021-11-24,0.1,0.1,7.499999999999993,63.79999999999998,9.114285714285712,1
Salem,2021-11-25,6.3,6.3,10.099999999999993,47.899999999999984,6.842857142857141,0
Salem,2021-11-26,11.8,11.8,18.199999999999992,30.399999999999984,4.342857142857141,0
Salem,2021-11-27,14.8,14.8,32.89999999999999,40.399999999999984,5.77142857142857,0
Salem,2021-11-28,10.5,10.5,37.1,50.899999999999984,7.27142857142857,1
Salem,2021-11-29,5.2,5.2,30.499999999999996,52.39999999999999,7.485714285714285,1
Salem,2021-11-30,1.4,1.4,17.099999999999994,50.09999999999999,7.157142857142856,1
Salem,2021-12-01,2.0,2.0,8.599999999999993,51.99999999999999,7.428571428571426,1
Salem,2021-12-02,0.8,0.8,4.199999999999993,46.49999999999999,6.642857142857141,0
Salem,2021-12-03,3.0,3.0,5.799999999999994,37.69999999999999,5.385714285714284,0
Salem,2021-12-04,7.8,7.8,11.599999999999993,30.69999999999999,4.385714285714284,0
Salem,2021-12-05,1.6,1.6,12.399999999999991,21.799999999999983,3.1142857142857125,0
Salem,2021-12-06,6.1,6.1,15.499999999999991,22.699999999999985,3.2428571428571407,0
Salem,2021-12-07,0.2,0.2,7.899999999999992,21.499999999999982,3.0714285714285694,0
Salem,2021-12-08,0.4,0.4,6.699999999999991,19.899999999999988,2.842857142857141,0
Salem,2021-12-09,1.7,1.7,2.299999999999992,20.799999999999983,2.9714285714285693,0
Salem,2021-12-10,0.1,0.1,2.199999999999992,17.899999999999984,2.5571428571428547,0
Salem,2021-12-11,1.1,1.1,2.8999999999999924,11.199999999999983,1.599999999999998,0
Salem,2021-12-12,1.2,1.2,2.3999999999999924,10.799999999999986,1.542857142857141,0
Salem,2021-12-13,2.2,2.2,4.499999999999993,6.899999999999986,0.9857142857142838,0
Salem,2021-12-14,2.3,2.3,5.699999999999992,8.999999999999986,1.2857142857142836,0
Salem,2021-12-15,0.1,0.1,4.599999999999992,8.699999999999985,1.2428571428571409,0
Salem,2021-12-16,0.0,0.0,2.399999999999992,6.999999999999986,0.999999999999998,0
Salem,2021-12-17,0.0,0.0,0.099999999999992,6.899999999999985,0.9857142857142835,0
Salem,2021-12-18,0.0,0.0,0.0,5.799999999999986,0.8285714285714265,0
Salem,2021-12-19,0.0,0.0,0.0,4.599999999999985,0.657142857142855,0
Salem,2021-12-20,0.0,0.0,0.0,2.3999999999999857,0.3428571428571408,0
Salem,2021-12-21,0.0,0.0,0.0,0.0999999999999858,0.0142857142857122,0
Salem,2021-12-22,0.0,0.0,0.0,0.0,0.0,0
Salem,2021-12-23,0.0,0.0,0.0,0.0,0.0,0
Salem,2021-12-24,0.0,0.0,0.0,0.0,0.0,0
Salem,2021-12-25,0.0,0.0,0.0,0.0,0.0,0
Salem,2021-12-26,0.0,0.0,0.0,0.0,0.0,0
Salem,2021-12-27,0.0,0.0,0.0,0.0,0.0,0
Salem,2021-12-28,0.0,0.0,0.0,0.0,0.0,0
Salem,2021-12-29,0.0,0.0,0.0,0.0,0.0,0
Salem,2021-12-30,2.7,2.7,2.699999999999992,2.699999999999986,0.3857142857142837,0
Salem,2021-12-31,0.7,0.7,3.3999999999999924,3.399999999999986,0.4857142857142837,0
Salem,2022-01-01,3.5,3.5,6.899999999999992,6.899999999999986,0.9857142857142838,0
Salem,2022-01-02,0.0,0.0,4.199999999999992,6.899999999999986,0.9857142857142838,0
Salem,2022-01-03,0.0,0.0,3.499999999999992,6.899999999999986,0.9857142857142838,0
Salem,2022-01-04,0.0,0.0,0.0,6.899999999999986,0.9857142857142838,0
Salem,2022-01-05,0.0,0.0,0.0,6.899999999999986,0.9857142857142838,0
Salem,2022-01-06,0.0,0.0,0.0,4.199999999999986,0.599999999999998,0
Salem,2022-01-07,0.0,0.0,0.0,3.499999999999986,0.4999999999999979,0
Salem,2022-01-08,0.0,0.0,0.0,0.0,0.0,0
Salem,2022-01-09,0.0,0.0,0.0,0.0,0.0,0
Salem,2022-01-10,0.0,0.0,0.0,0.0,0.0,0
Salem,2022-01-11,0.0,0.0,0.0,0.0,0.0,0
Salem,2022-01-12,0.0,0.0,0.0,0.0,0.0,0
Salem,2022-01-13,0.2,0.2,0.199999999999992,0.1999999999999858,0.0285714285714265,0
Salem,2022-01-14,0.3,0.3,0.499999999999992,0.4999999999999858,0.0714285714285694,0
Salem,2022-01-15,0.1,0.1,0.599999999999992,0.5999999999999858,0.0857142857142836,0
Salem,2022-01-16,0.5,0.5,0.8999999999999919,1.099999999999986,0.1571428571428551,0
Salem,2022-01-17,0.3,0.3,0.8999999999999919,1.3999999999999857,0.1999999999999979,0
Salem,2022-01-18,0.0,0.0,0.7999999999999919,1.3999999999999857,0.1999999999999979,0
Salem,2022-01-19,0.0,0.0,0.2999999999999919,1.3999999999999857,0.1999999999999979,0
Salem,2022-01-20,0.0,0.0,0.0,1.1999999999999855,0.1714285714285694,0
Salem,2022-01-21,0.0,0.0,0.0,0.8999999999999857,0.1285714285714265,0
Salem,2022-01-22,0.0,0.0,0.0,0.7999999999999858,0.1142857142857122,0
Salem,2022-01-23,0.0,0.0,0.0,0.2999999999999858,0.0428571428571408,0
Salem,2022-01-24,0.0,0.0,0.0,0.0,0.0,0
Salem,2022-01-25,0.0,0.0,0.0,0.0,0.0,0
Salem,2022-01-26,0.0,0.0,0.0,0.0,0.0,0
Salem,2022-01-27,0.1,0.1,0.0999999999999919,0.0999999999999858,0.0142857142857122,0
Salem,2022-01-28,0.8,0.8,0.899999999999992,0.8999999999999858,0.1285714285714265,0
Salem,2022-01-29,0.0,0.0,0.899999999999992,0.8999999999999858,0.1285714285714265,0
Salem,2022-01-30,0.5,0.5,1.299999999999992,1.3999999999999857,0.1999999999999979,0
Salem,2022-01-31,0.0,0.0,0.499999999999992,1.3999999999999857,0.1999999999999979,0
Salem,2022-02-01,0.0,0.0,0.499999999999992,1.3999999999999857,0.1999999999999979,0
Salem,2022-02-02,0.0,0.0,0.0,1.3999999999999857,0.1999999999999979,0
Salem,2022-02-03,0.0,0.0,0.0,1.2999999999999856,0.1857142857142836,0
Salem,2022-02-04,0.0,0.0,0.0,0.4999999999999858,0.0714285714285694,0
Salem,2022-02-05,0.0,0.0,0.0,0.4999999999999858,0.0714285714285694,0
Salem,2022-02-06,0.1,0.1,0.099999999999992,0.0999999999999858,0.0142857142857122,0
Salem,2022-02-07,0.0,0.0,0.099999999999992,0.0999999999999858,0.0142857142857122,0
Salem,2022-02-08,0.0,0.0,0.099999999999992,0.0999999999999858,0.0142857142857122,0
Salem,2022-02-09,0.0,0.0,0.0,0.0999999999999858,0.0142857142857122,0
Salem,2022-02-10,0.0,0.0,0.0,0.0999999999999858,0.0142857142857122,0
Salem,2022-02-11,0.0,0.0,0.0,0.0999999999999858,0.0142857142857122,0
Salem,2022-02-12,0.0,0.0,0.0,0.0999999999999858,0.0142857142857122,0
Salem,2022-02-13,0.0,0.0,0.0,0.0,0.0,0
Salem,2022-02-14,0.0,0.0,0.0,0.0,0.0,0
Salem,2022-02-15,0.0,0.0,0.0,0.0,0.0,0
Salem,2022-02-16,0.0,0.0,0.0,0.0,0.0,0
Salem,2022-02-17,0.0,0.0,0.0,0.0,0.0,0
Salem,2022-02-18,0.0,0.0,0.0,0.0,0.0,0
Salem,2022-02-19,0.0,0.0,0.0,0.0,0.0,0
Salem,2022-02-20,0.0,0.0,0.0,0.0,0.0,0
Salem,2022-02-21,0.0,0.0,0.0,0.0,0.0,0
Salem,2022-02-22,0.0,0.0,0.0,0.0,0.0,0
Salem,2022-02-23,0.0,0.0,0.0,0.0,0.0,0
Salem,2022-02-24,0.0,0.0,0.0,0.0,0.0,0
Salem,2022-02-25,0.0,0.0,0.0,0.0,0.0,0
Salem,2022-02-26,0.0,0.0,0.0,0.0,0.0,0
Salem,2022-02-27,0.0,0.0,0.0,0.0,0.0,0
Salem,2022-02-28,0.0,0.0,0.0,0.0,0.0,0
Salem,2022-03-01,0.0,0.0,0.0,0.0,0.0,0
Salem,2022-03-02,0.0,0.0,0.0,0.0,0.0,0
Salem,2022-03-03,0.0,0.0,0.0,0.0,0.0,0
Salem,2022-03-04,0.0,0.0,0.0,0.0,0.0,0
Salem,2022-03-05,0.0,0.0,0.0,0.0,0.0,0
Salem,2022-03-06,0.0,0.0,0.0,0.0,0.0,0
Salem,2022-03-07,4.3,4.3,4.299999999999992,4.299999999999986,0.6142857142857122,0
Salem,2022-03-08,0.0,0.0,4.299999999999992,4.299999999999986,0.6142857142857122,0
Salem,2022-03-09,0.0,0.0,4.299999999999992,4.299999999999986,0.6142857142857122,0
Salem,2022-03-10,0.0,0.0,0.0,4.299999999999986,0.6142857142857122,0
Salem,2022-03-11,0.0,0.0,0.0,4.299999999999986,0.6142857142857122,0
Salem,2022-03-12,0.0,0.0,0.0,4.299999999999986,0.6142857142857122,0
Salem,2022-03-13,0.0,0.0,0.0,4.299999999999986,0.6142857142857122,0
Salem,2022-03-14,0.0,0.0,0.0,0.0,0.0,0
Salem,2022-03-15,0.0,0.0,0.0,0.0,0.0,0
Salem,2022-03-16,0.0,0.0,0.0,0.0,0.0,0
Salem,2022-03-17,0.0,0.0,0.0,0.0,0.0,0
Salem,2022-03-18,0.0,0.0,0.0,0.0,0.0,0
Salem,2022-03-19,0.0,0.0,0.0,0.0,0.0,0
Salem,2022-03-20,0.0,0.0,0.0,0.0,0.0,0
Salem,2022-03-21,0.0,0.0,0.0,0.0,0.0,0
Salem,2022-03-22,0.3,0.3,0.299999999999992,0.2999999999999858,0.0428571428571408,0
Salem,2022-03-23,0.3,0.3,0.599999999999992,0.5999999999999858,0.0857142857142836,0
Salem,2022-03-24,0.0,0.0,0.599999999999992,0.5999999999999858,0.0857142857142836,0
Salem,2022-03-25,0.2,0.2,0.499999999999992,0.7999999999999858,0.1142857142857122,0
Salem,2022-03-26,0.1,0.1,0.299999999999992,0.8999999999999858,0.1285714285714265,0
Salem,2022-03-27,0.0,0.0,0.299999999999992,0.8999999999999858,0.1285714285714265,0
Salem,2022-03-28,0.0,0.0,0.099999999999992,0.8999999999999858,0.1285714285714265,0
Salem,2022-03-29,0.0,0.0,0.0,0.5999999999999859,0.0857142857142837,0
Salem,2022-03-30,0.0,0.0,0.0,0.2999999999999858,0.0428571428571408,0
Salem,2022-03-31,0.0,0.0,0.0,0.2999999999999858,0.0428571428571408,0
Salem,2022-04-01,0.0,0.0,0.0,0.0999999999999858,0.0142857142857122,0
Salem,2022-04-02,0.1,0.1,0.099999999999992,0.0999999999999858,0.0142857142857122,0
Salem,2022-04-03,0.0,0.0,0.099999999999992,0.0999999999999858,0.0142857142857122,0
Salem,2022-04-04,0.0,0.0,0.099999999999992,0.0999999999999858,0.0142857142857122,0
Salem,2022-04-05,0.0,0.0,0.0,0.0999999999999858,0.0142857142857122,0
Salem,2022-04-06,0.0,0.0,0.0,0.0999999999999858,0.0142857142857122,0
Salem,2022-04-07,0.0,0.0,0.0,0.0999999999999858,0.0142857142857122,0
Salem,2022-04-08,1.5,1.5,1.499999999999992,1.599999999999986,0.2285714285714265,0
Salem,2022-04-09,1.2,1.2,2.699999999999992,2.699999999999986,0.3857142857142837,0
Salem,2022-04-10,0.9,0.9,3.599999999999992,3.599999999999986,0.5142857142857122,0
Salem,2022-04-11,1.9,1.9,3.999999999999992,5.499999999999986,0.7857142857142837,0
Salem,2022-04-12,3.6,3.6,6.399999999999992,9.099999999999984,1.2999999999999978,0
Salem,2022-04-13,2.7,2.7,8.199999999999992,11.799999999999986,1.6857142857142835,0
Salem,2022-04-14,3.9,3.9,10.199999999999992,15.699999999999983,2.2428571428571407,0
Salem,2022-04-15,1.5,1.5,8.099999999999993,15.699999999999983,2.2428571428571407,0
Salem,2022-04-16,3.2,3.2,8.59999999999999,17.69999999999999,2.528571428571427,0
Salem,2022-04-17,11.8,11.8,16.499999999999993,28.599999999999987,4.085714285714284,0
Salem,2022-04-18,12.1,12.1,27.099999999999994,38.79999999999998,5.54285714285714,0
Salem,2022-04-19,0.3,0.3,24.199999999999992,35.499999999999986,5.071428571428569,0
Salem,2022-04-20,0.0,0.0,12.399999999999991,32.79999999999999,4.685714285714284,0
Salem,2022-04-21,0.0,0.0,0.2999999999999929,28.899999999999988,4.128571428571427,0
Salem,2022-04-22,0.0,0.0,0.0,27.399999999999988,3.914285714285712,0
Salem,2022-04-23,2.2,2.2,2.199999999999993,26.399999999999988,3.7714285714285696,0
Salem,2022-04-24,0.4,0.4,2.599999999999993,14.999999999999986,2.142857142857141,0
Salem,2022-04-25,0.0,0.0,2.599999999999993,2.8999999999999857,0.4142857142857122,0
Salem,2022-04-26,0.0,0.0,0.3999999999999929,2.599999999999986,0.3714285714285694,0
Salem,2022-04-27,0.0,0.0,0.0,2.599999999999986,0.3714285714285694,0
Salem,2022-04-28,0.0,0.0,0.0,2.599999999999986,0.3714285714285694,0
Salem,2022-04-29,0.0,0.0,0.0,2.599999999999986,0.3714285714285694,0
Salem,2022-04-30,0.0,0.0,0.0,0.3999999999999858,0.0571428571428551,0
Salem,2022-05-01,0.1,0.1,0.0999999999999929,0.0999999999999858,0.0142857142857122,0
Salem,2022-05-02,0.0,0.0,0.0999999999999929,0.0999999999999858,0.0142857142857122,0
Salem,2022-05-03,0.0,0.0,0.0999999999999929,0.0999999999999858,0.0142857142857122,0
Salem,2022-05-04,9.0,9.0,8.999999999999993,9.099999999999984,1.2999999999999978,0
Salem,2022-05-05,0.4,0.4,9.399999999999991,9.499999999999986,1.3571428571428552,0
Salem,2022-05-06,0.0,0.0,9.399999999999991,9.499999999999986,1.3571428571428552,0
Salem,2022-05-07,0.0,0.0,0.3999999999999929,9.499999999999986,1.3571428571428552,0
Salem,2022-05-08,0.1,0.1,0.0999999999999929,9.499999999999986,1.3571428571428552,0
Salem,2022-05-09,0.6,0.6,0.6999999999999929,10.099999999999984,1.4428571428571408,0
Salem,2022-05-10,0.2,0.2,0.8999999999999928,10.299999999999986,1.4714285714285695,0
Salem,2022-05-11,0.2,0.2,0.9999999999999928,1.4999999999999858,0.2142857142857122,0
Salem,2022-05-12,19.0,19.0,19.39999999999999,20.099999999999987,2.8714285714285697,0
Salem,2022-05-13,5.5,5.5,24.699999999999992,25.599999999999987,3.6571428571428553,0
Salem,2022-05-14,14.5,14.5,38.99999999999999,40.09999999999999,5.728571428571427,0
Salem,2022-05-15,15.3,15.3,35.3,55.29999999999998,7.899999999999998,1
Salem,2022-05-16,13.4,13.4,43.2,68.09999999999998,9.728571428571426,1
Salem,2022-05-17,4.4,4.4,33.099999999999994,72.29999999999998,10.328571428571426,1
Salem,2022-05-18,4.9,4.9,22.7,77.0,11.0,1
Salem,2022-05-19,1.3,1.3,10.599999999999994,59.29999999999999,8.47142857142857,1
Salem,2022-05-20,9.6,9.6,15.799999999999994,63.39999999999999,9.057142857142855,1
Salem,2022-05-21,12.3,12.3,23.2,61.19999999999999,8.742857142857142,1
Salem,2022-05-22,15.5,15.5,37.39999999999999,61.39999999999999,8.77142857142857,1
Salem,2022-05-23,0.0,0.0,27.79999999999999,47.99999999999999,6.857142857142855,0
Salem,2022-05-24,0.0,0.0,15.499999999999991,43.59999999999999,6.228571428571427,0
Salem,2022-05-25,1.0,1.0,0.9999999999999928,39.69999999999999,5.67142857142857,0
Salem,2022-05-26,10.2,10.2,11.199999999999992,48.59999999999998,6.94285714285714,0
Salem,2022-05-27,0.7,0.7,11.899999999999991,39.69999999999999,5.67142857142857,0
Salem,2022-05-28,0.3,0.3,11.199999999999992,27.699999999999985,3.957142857142855,0
Salem,2022-05-29,0.7,0.7,1.6999999999999929,12.899999999999984,1.8428571428571403,0
Salem,2022-05-30,0.9,0.9,1.8999999999999928,13.799999999999985,1.9714285714285693,0
Salem,2022-05-31,0.5,0.5,2.099999999999993,14.299999999999985,2.0428571428571405,0
Salem,2022-06-01,0.5,0.5,1.8999999999999928,13.799999999999985,1.9714285714285693,0
Salem,2022-06-02,0.2,0.2,1.1999999999999929,3.7999999999999856,0.5428571428571408,0
Salem,2022-06-03,0.7,0.7,1.3999999999999928,3.7999999999999856,0.5428571428571408,0
Salem,2022-06-04,0.1,0.1,0.9999999999999928,3.599999999999986,0.5142857142857122,0
Salem,2022-06-05,0.3,0.3,1.0999999999999928,3.199999999999986,0.4571428571428551,0
Salem,2022-06-06,2.3,2.3,2.6999999999999926,4.599999999999985,0.657142857142855,0
Salem,2022-06-07,0.6,0.6,3.1999999999999926,4.699999999999985,0.6714285714285693,0
Salem,2022-06-08,0.0,0.0,2.899999999999993,4.199999999999985,0.5999999999999979,0
Salem,2022-06-09,14.5,14.5,15.099999999999993,18.499999999999982,2.642857142857141,0
Salem,2022-06-10,0.1,0.1,14.599999999999993,17.899999999999988,2.557142857142856,0
Salem,2022-06-11,0.3,0.3,14.899999999999991,18.099999999999984,2.585714285714283,0
Salem,2022-06-12,25.8,25.8,26.2,43.59999999999998,6.228571428571426,0
Salem,2022-06-13,0.2,0.2,26.29999999999999,41.49999999999999,5.928571428571426,0
Salem,2022-06-14,1.0,1.0,26.999999999999996,41.899999999999984,5.985714285714283,0
Salem,2022-06-15,20.6,20.6,21.799999999999997,62.49999999999999,8.928571428571427,1
Salem,2022-06-16,19.0,19.0,40.6,66.99999999999999,9.57142857142857,1
Salem,2022-06-17,1.3,1.3,40.89999999999999,68.19999999999999,9.742857142857142,1
Salem,2022-06-18,15.1,15.1,35.39999999999999,82.99999999999999,11.857142857142856,1
Salem,2022-06-19,5.2,5.2,21.599999999999994,62.399999999999984,8.914285714285713,1
Salem,2022-06-20,6.7,6.7,26.999999999999996,68.89999999999999,9.842857142857142,1
Salem,2022-06-21,12.8,12.8,24.7,80.69999999999999,11.528571428571428,1
Salem,2022-06-22,2.3,2.3,21.799999999999997,62.399999999999984,8.914285714285713,1
Salem,2022-06-23,0.7,0.7,15.799999999999994,44.09999999999999,6.299999999999998,0
Salem,2022-06-24,0.2,0.2,3.1999999999999926,42.99999999999999,6.1428571428571415,0
Salem,2022-06-25,0.5,0.5,1.3999999999999928,28.399999999999988,4.057142857142855,0
Salem,2022-06-26,0.2,0.2,0.8999999999999928,23.399999999999984,3.3428571428571408,0
Salem,2022-06-27,0.5,0.5,1.1999999999999929,17.199999999999985,2.457142857142855,0
Salem,2022-06-28,4.3,4.3,4.999999999999993,8.699999999999985,1.2428571428571409,0
Salem,2022-06-29,0.2,0.2,4.999999999999993,6.599999999999985,0.9428571428571408,0
Salem,2022-06-30,0.8,0.8,5.299999999999993,6.699999999999985,0.957142857142855,0
Salem,2022-07-01,2.0,2.0,2.999999999999993,8.499999999999986,1.2142857142857122,0
Salem,2022-07-02,1.4,1.4,4.199999999999992,9.399999999999984,1.3428571428571403,0
Salem,2022-07-03,1.4,1.4,4.799999999999993,10.599999999999984,1.5142857142857122,0
Salem,2022-07-04,0.4,0.4,3.1999999999999926,10.499999999999986,1.499999999999998,0
Salem,2022-07-05,4.6,4.6,6.399999999999992,10.799999999999986,1.542857142857141,0
Salem,2022-07-06,5.2,5.2,10.199999999999992,15.799999999999986,2.257142857142856,0
Salem,2022-07-07,3.8,3.8,13.599999999999993,18.799999999999983,2.685714285714284,0
Salem,2022-07-08,0.5,0.5,9.499999999999991,17.299999999999986,2.4714285714285693,0
Salem,2022-07-09,15.5,15.5,19.799999999999997,31.399999999999984,4.485714285714283,0
Salem,2022-07-10,6.0,6.0,21.999999999999996,35.999999999999986,5.142857142857141,0
Salem,2022-07-11,11.3,11.3,32.8,46.89999999999999,6.699999999999998,0
Salem,2022-07-12,0.9,0.9,18.199999999999992,43.19999999999999,6.17142857142857,0
Salem,2022-07-13,1.9,1.9,14.099999999999994,39.899999999999984,5.6999999999999975,0
Salem,2022-07-14,1.8,1.8,4.5999999999999925,37.89999999999999,5.414285714285713,0
Salem,2022-07-15,4.2,4.2,7.899999999999993,41.59999999999999,5.942857142857141,0
Salem,2022-07-16,1.1,1.1,7.0999999999999925,27.19999999999999,3.885714285714284,0
Salem,2022-07-17,1.5,1.5,6.799999999999992,22.69999999999999,3.242857142857141,0
Salem,2022-07-18,10.0,10.0,12.59999999999999,21.399999999999988,3.057142857142856,0
Salem,2022-07-19,1.6,1.6,13.09999999999999,22.09999999999999,3.157142857142856,0
Salem,2022-07-20,12.2,12.2,23.79999999999999,32.399999999999984,4.628571428571426,0
Salem,2022-07-21,8.0,8.0,21.79999999999999,38.59999999999999,5.5142857142857125,0
Salem,2022-07-22,2.1,2.1,22.29999999999999,36.49999999999999,5.2142857142857135,0
Salem,2022-07-23,6.6,6.6,16.69999999999999,41.99999999999999,5.999999999999998,0
Salem,2022-07-24,2.1,2.1,10.79999999999999,42.59999999999999,6.085714285714284,0
Salem,2022-07-25,0.0,0.0,8.69999999999999,32.59999999999999,4.657142857142856,0
Salem,2022-07-26,1.0,1.0,3.099999999999991,31.999999999999982,4.571428571428569,0
Salem,2022-07-27,15.3,15.3,16.29999999999999,35.09999999999999,5.0142857142857125,0
Salem,2022-07-28,3.2,3.2,19.499999999999996,30.299999999999983,4.3285714285714265,0
Salem,2022-07-29,0.8,0.8,19.299999999999997,28.999999999999982,4.142857142857141,0
Salem,2022-07-30,7.5,7.5,11.499999999999991,29.899999999999988,4.27142857142857,0
Salem,2022-07-31,33.7,33.7,41.99999999999999,61.49999999999999,8.785714285714283,1
Salem,2022-08-01,33.8,33.8,75.0,95.29999999999998,13.614285714285712,1
Salem,2022-08-02,5.7,5.7,73.19999999999999,100.0,14.285714285714285,2
Salem,2022-08-03,15.7,15.7,55.19999999999999,100.39999999999998,14.34285714285714,2
Salem,2022-08-04,15.9,15.9,37.29999999999999,113.09999999999998,16.157142857142855,2
Salem,2022-08-05,15.1,15.1,46.69999999999999,127.39999999999998,18.2,2
Salem,2022-08-06,1.4,1.4,32.39999999999999,121.29999999999998,17.328571428571426,2
Salem,2022-08-07,13.5,13.5,29.999999999999996,101.09999999999998,14.44285714285714,2
Salem,2022-08-08,3.6,3.6,18.499999999999996,70.89999999999999,10.128571428571428,1
Salem,2022-08-09,0.5,0.5,17.599999999999994,65.69999999999999,9.385714285714284,1
Salem,2022-08-10,0.5,0.5,4.5999999999999925,50.49999999999999,7.214285714285713,1
Salem,2022-08-11,0.9,0.9,1.8999999999999928,35.499999999999986,5.071428571428569,0
Salem,2022-08-12,0.4,0.4,1.799999999999993,20.799999999999983,2.9714285714285693,0
Salem,2022-08-13,0.4,0.4,1.699999999999993,19.799999999999983,2.8285714285714265,0
Salem,2022-08-14,0.0,0.0,0.7999999999999929,6.299999999999986,0.8999999999999979,0
Salem,2022-08-15,0.0,0.0,0.3999999999999929,2.699999999999986,0.3857142857142837,0
Salem,2022-08-16,3.1,3.1,3.099999999999993,5.2999999999999865,0.7571428571428552,0
Salem,2022-08-17,0.0,0.0,3.099999999999993,4.7999999999999865,0.6857142857142838,0
Salem,2022-08-18,3.6,3.6,6.699999999999993,7.499999999999986,1.0714285714285694,0
Salem,2022-08-19,1.2,1.2,4.799999999999993,8.299999999999986,1.1857142857142835,0
Salem,2022-08-20,0.0,0.0,4.799999999999993,7.899999999999986,1.1285714285714266,0
Salem,2022-08-21,1.8,1.8,2.999999999999993,9.699999999999989,1.385714285714284,0
Salem,2022-08-22,7.7,7.7,9.499999999999991,17.399999999999984,2.4857142857142835,0
Salem,2022-08-23,6.0,6.0,15.499999999999991,20.299999999999983,2.8999999999999977,0
Salem,2022-08-24,15.9,15.9,29.599999999999994,36.19999999999999,5.17142857142857,0
Salem,2022-08-25,16.4,16.4,38.3,48.99999999999999,6.999999999999998,0
Salem,2022-08-26,36.6,36.6,68.89999999999999,84.39999999999998,12.057142857142852,1
Salem,2022-08-27,14.4,14.4,67.39999999999999,98.79999999999998,14.114285714285712,1
Salem,2022-08-28,14.0,14.0,65.0,111.0,15.857142857142856,2
Salem,2022-08-29,18.4,18.4,46.79999999999999,121.7,17.385714285714283,2
Salem,2022-08-30,0.4,0.4,32.79999999999999,116.09999999999998,16.585714285714282,2
Salem,2022-08-31,8.4,8.4,27.199999999999992,108.59999999999998,15.51428571428571,2
Salem,2022-09-01,10.6,10.6,19.39999999999999,102.79999999999998,14.685714285714283,2
Salem,2022-09-02,5.0,5.0,23.999999999999996,71.19999999999997,10.171428571428567,1
Salem,2022-09-03,0.0,0.0,15.599999999999993,56.799999999999976,8.11428571428571,1
Salem,2022-09-04,12.5,12.5,17.499999999999993,55.299999999999976,7.899999999999997,1
Salem,2022-09-05,3.8,3.8,16.299999999999994,40.69999999999998,5.814285714285711,0
Salem,2022-09-06,6.8,6.8,23.099999999999994,47.09999999999998,6.728571428571426,0
Salem,2022-09-07,2.8,2.8,13.399999999999991,41.49999999999997,5.928571428571424,0
Salem,2022-09-08,2.4,2.4,11.999999999999991,33.29999999999998,4.757142857142855,0
Salem,2022-09-09,1.2,1.2,6.399999999999992,29.49999999999998,4.214285714285711,0
Salem,2022-09-10,1.6,1.6,5.199999999999993,31.09999999999998,4.44285714285714,0
Salem,2022-09-11,0.4,0.4,3.199999999999993,18.99999999999998,2.7142857142857117,0
Salem,2022-09-12,0.8,0.8,2.799999999999993,15.99999999999998,2.2857142857142825,0
Salem,2022-09-13,0.2,0.2,1.399999999999993,9.39999999999998,1.34285714285714,0
Salem,2022-09-14,0.2,0.2,1.199999999999993,6.7999999999999785,0.9714285714285684,0
Salem,2022-09-15,0.1,0.1,0.4999999999999929,4.49999999999998,0.6428571428571399,0
Salem,2022-09-16,0.0,0.0,0.2999999999999929,3.299999999999979,0.4714285714285684,0
Salem,2022-09-17,0.0,0.0,0.0999999999999929,1.6999999999999789,0.2428571428571398,0
Salem,2022-09-18,0.0,0.0,0.0,1.299999999999979,0.1857142857142827,0
Salem,2022-09-19,0.1,0.1,0.0999999999999929,0.5999999999999788,0.0857142857142826,0
Salem,2022-09-20,0.1,0.1,0.1999999999999929,0.4999999999999787,0.0714285714285683,0
Salem,2022-09-21,0.1,0.1,0.3,0.3999999999999787,0.0571428571428541,0
Salem,2022-09-22,0.0,0.0,0.1999999999999929,0.2999999999999787,0.0428571428571398,0
Salem,2022-09-23,0.0,0.0,0.0999999999999929,0.2999999999999787,0.0428571428571398,0
Salem,2022-09-24,0.3,0.3,0.2999999999999929,0.5999999999999788,0.0857142857142826,0
Salem,2022-09-25,0.8,0.8,1.099999999999993,1.3999999999999788,0.1999999999999969,0
Salem,2022-09-26,3.0,3.0,4.0999999999999925,4.2999999999999785,0.6142857142857112,0
Salem,2022-09-27,0.7,0.7,4.499999999999993,4.899999999999979,0.699999999999997,0
Salem,2022-09-28,4.0,4.0,7.699999999999992,8.79999999999998,1.2571428571428542,0
Salem,2022-09-29,2.5,2.5,7.199999999999992,11.29999999999998,1.6142857142857114,0
Salem,2022-09-30,0.2,0.2,6.699999999999992,11.49999999999998,1.64285714285714,0
Salem,2022-10-01,0.7,0.7,3.3999999999999924,11.89999999999998,1.699999999999997,0
Salem,2022-10-02,3.1,3.1,3.999999999999993,14.199999999999978,2.0285714285714254,0
Salem,2022-10-03,0.0,0.0,3.799999999999992,11.199999999999978,1.5999999999999968,0
Salem,2022-10-04,0.2,0.2,3.2999999999999927,10.69999999999998,1.5285714285714256,0
Salem,2022-10-05,3.9,3.9,4.0999999999999925,10.599999999999978,1.5142857142857111,0
Salem,2022-10-06,6.4,6.4,10.499999999999991,14.49999999999998,2.0714285714285685,0
Salem,2022-10-07,0.0,0.0,10.299999999999994,14.29999999999998,2.04285714285714,0
Salem,2022-10-08,0.0,0.0,6.399999999999993,13.599999999999978,1.94285714285714,0
Salem,2022-10-09,26.0,26.0,25.999999999999996,36.49999999999998,5.214285714285711,0
Salem,2022-10-10,4.5,4.5,30.499999999999996,40.99999999999998,5.857142857142854,0
Salem,2022-10-11,13.7,13.7,44.19999999999999,54.49999999999997,7.785714285714282,1
Salem,2022-10-12,23.4,23.4,41.6,73.99999999999997,10.571428571428568,1
Salem,2022-10-13,26.1,26.1,63.19999999999999,93.69999999999996,13.385714285714284,1
Salem,2022-10-14,1.2,1.2,50.69999999999999,94.9,13.557142857142855,1
Salem,2022-10-15,29.2,29.2,56.49999999999999,124.09999999999997,17.728571428571424,2
Salem,2022-10-16,22.0,22.0,52.39999999999999,120.09999999999997,17.15714285714285,2
Salem,2022-10-17,8.3,8.3,59.49999999999999,123.89999999999998,17.699999999999996,2
Salem,2022-10-18,4.8,4.8,35.099999999999994,115.0,16.428571428571427,2
Salem,2022-10-19,26.9,26.9,39.99999999999999,118.49999999999996,16.928571428571423,2
Salem,2022-10-20,13.6,13.6,45.29999999999999,106.0,15.14285714285714,2
Salem,2022-10-21,20.5,20.5,60.99999999999999,125.29999999999998,17.9,2
Salem,2022-10-22,0.7,0.7,34.8,96.79999999999995,13.828571428571424,1
Salem,2022-10-23,0.2,0.2,21.39999999999999,74.99999999999997,10.71428571428571,1
Salem,2022-10-24,0.0,0.0,0.8999999999999928,66.69999999999997,9.528571428571423,1
Salem,2022-10-25,0.0,0.0,0.1999999999999929,61.89999999999998,8.84285714285714,1
Salem,2022-10-26,0.0,0.0,0.0,34.99999999999997,4.999999999999996,0
Salem,2022-10-27,0.0,0.0,0.0,21.399999999999977,3.057142857142854,0
Salem,2022-10-28,0.3,0.3,0.2999999999999929,1.1999999999999786,0.1714285714285683,0
Salem,2022-10-29,8.1,8.1,8.399999999999993,8.599999999999978,1.2285714285714255,0
Salem,2022-10-30,5.8,5.8,14.199999999999992,14.199999999999978,2.0285714285714254,0
Salem,2022-10-31,0.0,0.0,13.899999999999991,14.199999999999978,2.0285714285714254,0
Salem,2022-11-01,19.4,19.4,25.19999999999999,33.59999999999998,4.799999999999997,0
Salem,2022-11-02,7.2,7.2,26.599999999999987,40.799999999999976,5.828571428571425,0
Salem,2022-11-03,11.7,11.7,38.29999999999998,52.49999999999997,7.499999999999996,1
Salem,2022-11-04,14.2,14.2,33.09999999999999,66.39999999999998,9.485714285714282,1
Salem,2022-11-05,0.5,0.5,26.399999999999988,58.799999999999976,8.399999999999997,1
Salem,2022-11-06,1.2,1.2,15.899999999999988,54.19999999999997,7.742857142857139,1
Salem,2022-11-07,9.1,9.1,10.799999999999988,63.29999999999997,9.04285714285714,1
Salem,2022-11-08,6.1,6.1,16.399999999999988,49.99999999999998,7.14285714285714,0
Salem,2022-11-09,0.4,0.4,15.599999999999987,43.19999999999997,6.171428571428568,0
Salem,2022-11-10,1.0,1.0,7.499999999999989,32.49999999999998,4.64285714285714,0
Salem,2022-11-11,46.1,46.1,47.49999999999999,64.39999999999998,9.199999999999998,1
Salem,2022-11-12,12.4,12.4,59.49999999999999,76.29999999999998,10.899999999999997,1
Salem,2022-11-13,0.1,0.1,58.6,75.19999999999999,10.742857142857142,1
Salem,2022-11-14,0.5,0.5,12.999999999999991,66.6,9.514285714285714,1
Salem,2022-11-15,3.2,3.2,3.799999999999993,63.69999999999999,9.099999999999998,1
Salem,2022-11-16,0.7,0.7,4.399999999999993,63.99999999999999,9.14285714285714,1
Salem,2022-11-17,0.0,0.0,3.899999999999993,62.99999999999999,8.999999999999998,1
Salem,2022-11-18,0.0,0.0,0.6999999999999929,16.899999999999988,2.4142857142857124,0
Salem,2022-11-19,0.0,0.0,0.0,4.499999999999986,0.6428571428571408,0
Salem,2022-11-20,0.0,0.0,0.0,4.399999999999986,0.6285714285714266,0
Salem,2022-11-21,0.0,0.0,0.0,3.899999999999986,0.5571428571428552,0
Salem,2022-11-22,0.0,0.0,0.0,0.6999999999999857,0.0999999999999979,0
Salem,2022-11-23,1.7,1.7,1.6999999999999929,1.6999999999999855,0.2428571428571408,0
Salem,2022-11-24,0.1,0.1,1.799999999999993,1.7999999999999858,0.2571428571428551,0
Salem,2022-11-25,0.8,0.8,2.599999999999993,2.599999999999986,0.3714285714285694,0
Salem,2022-11-26,0.3,0.3,1.1999999999999929,2.8999999999999857,0.4142857142857122,0
Salem,2022-11-27,4.9,4.9,5.999999999999993,7.799999999999986,1.1142857142857123,0
Salem,2022-11-28,3.0,3.0,8.199999999999992,10.799999999999986,1.542857142857141,0
Salem,2022-11-29,2.6,2.6,10.499999999999991,13.399999999999986,1.9142857142857124,0
Salem,2022-11-30,0.0,0.0,5.5999999999999925,11.699999999999989,1.6714285714285697,0
Salem,2022-12-01,1.1,1.1,3.699999999999993,12.699999999999983,1.814285714285712,0
Salem,2022-12-02,0.6,0.6,1.699999999999993,12.499999999999988,1.785714285714284,0
Salem,2022-12-03,1.7,1.7,3.399999999999993,13.899999999999986,1.985714285714284,0
Salem,2022-12-04,10.3,10.3,12.599999999999994,19.299999999999983,2.757142857142856,0
Salem,2022-12-05,0.0,0.0,11.999999999999996,16.299999999999986,2.3285714285714265,0
Salem,2022-12-06,0.2,0.2,10.499999999999991,13.899999999999986,1.985714285714284,0
Salem,2022-12-07,0.0,0.0,0.1999999999999929,13.899999999999986,1.985714285714284,0
Salem,2022-12-08,0.6,0.6,0.7999999999999929,13.399999999999988,1.9142857142857128,0
Salem,2022-12-09,8.0,8.0,8.599999999999993,20.799999999999983,2.9714285714285693,0
Salem,2022-12-10,6.7,6.7,15.299999999999994,25.799999999999983,3.685714285714284,0
Salem,2022-12-11,10.0,10.0,24.7,25.499999999999982,3.642857142857141,0
Salem,2022-12-12,21.1,21.1,37.8,46.59999999999999,6.657142857142856,0
Salem,2022-12-13,25.5,25.5,56.6,71.89999999999998,10.271428571428569,1
Salem,2022-12-14,0.0,0.0,46.6,71.89999999999998,10.271428571428569,1
Salem,2022-12-15,0.0,0.0,25.5,71.29999999999998,10.185714285714283,1
Salem,2022-12-16,0.0,0.0,0.0,63.29999999999999,9.04285714285714,1
Salem,2022-12-17,0.0,0.0,0.0,56.59999999999999,8.085714285714284,1
Salem,2022-12-18,0.9,0.9,0.8999999999999965,47.49999999999999,6.785714285714284,0
Salem,2022-12-19,0.0,0.0,0.8999999999999965,26.399999999999984,3.771428571428569,0
Salem,2022-12-20,0.0,0.0,0.8999999999999965,0.8999999999999858,0.1285714285714265,0
Salem,2022-12-21,0.6,0.6,0.5999999999999964,1.4999999999999858,0.2142857142857122,0
Salem,2022-12-22,0.0,0.0,0.5999999999999964,1.4999999999999858,0.2142857142857122,0
Salem,2022-12-23,0.0,0.0,0.5999999999999964,1.4999999999999858,0.2142857142857122,0
Salem,2022-12-24,0.0,0.0,0.0,1.4999999999999858,0.2142857142857122,0
Salem,2022-12-25,3.7,3.7,3.6999999999999966,4.299999999999986,0.6142857142857122,0
Salem,2022-12-26,1.1,1.1,4.799999999999997,5.399999999999986,0.7714285714285695,0
Salem,2022-12-27,0.8,0.8,5.599999999999997,6.199999999999986,0.8857142857142837,0
Salem,2022-12-28,0.0,0.0,1.8999999999999968,5.599999999999986,0.799999999999998,0
Salem,2022-12-29,0.0,0.0,0.7999999999999965,5.599999999999986,0.799999999999998,0
Salem,2022-12-30,0.0,0.0,0.0,5.599999999999986,0.799999999999998,0
Salem,2022-12-31,0.0,0.0,0.0,5.599999999999986,0.799999999999998,0
Salem,2023-01-01,0.0,0.0,0.0,1.899999999999986,0.2714285714285694,0
Salem,2023-01-02,0.0,0.0,0.0,0.7999999999999858,0.1142857142857122,0
Salem,2023-01-03,0.0,0.0,0.0,0.0,0.0,0
Salem,2023-01-04,0.0,0.0,0.0,0.0,0.0,0
Salem,2023-01-05,0.1,0.1,0.0999999999999964,0.0999999999999858,0.0142857142857122,0
Salem,2023-01-06,0.0,0.0,0.0999999999999964,0.0999999999999858,0.0142857142857122,0
Salem,2023-01-07,0.0,0.0,0.0999999999999964,0.0999999999999858,0.0142857142857122,0
Salem,2023-01-08,0.0,0.0,0.0,0.0999999999999858,0.0142857142857122,0
Salem,2023-01-09,0.0,0.0,0.0,0.0999999999999858,0.0142857142857122,0
Salem,2023-01-10,0.0,0.0,0.0,0.0999999999999858,0.0142857142857122,0
Salem,2023-01-11,0.0,0.0,0.0,0.0999999999999858,0.0142857142857122,0
Salem,2023-01-12,0.0,0.0,0.0,0.0,0.0,0
Salem,2023-01-13,0.0,0.0,0.0,0.0,0.0,0
Salem,2023-01-14,0.0,0.0,0.0,0.0,0.0,0
Salem,2023-01-15,0.0,0.0,0.0,0.0,0.0,0
Salem,2023-01-16,0.0,0.0,0.0,0.0,0.0,0
Salem,2023-01-17,0.0,0.0,0.0,0.0,0.0,0
Salem,2023-01-18,0.0,0.0,0.0,0.0,0.0,0
Salem,2023-01-19,0.0,0.0,0.0,0.0,0.0,0
Salem,2023-01-20,0.0,0.0,0.0,0.0,0.0,0
Salem,2023-01-21,0.0,0.0,0.0,0.0,0.0,0
Salem,2023-01-22,0.0,0.0,0.0,0.0,0.0,0
Salem,2023-01-23,0.7,0.7,0.6999999999999964,0.6999999999999857,0.0999999999999979,0
Salem,2023-01-24,0.0,0.0,0.6999999999999964,0.6999999999999857,0.0999999999999979,0
Salem,2023-01-25,0.0,0.0,0.6999999999999964,0.6999999999999857,0.0999999999999979,0
Salem,2023-01-26,0.0,0.0,0.0,0.6999999999999857,0.0999999999999979,0
Salem,2023-01-27,0.0,0.0,0.0,0.6999999999999857,0.0999999999999979,0
Salem,2023-01-28,0.0,0.0,0.0,0.6999999999999857,0.0999999999999979,0
Salem,2023-01-29,0.0,0.0,0.0,0.6999999999999857,0.0999999999999979,0
Salem,2023-01-30,4.0,4.0,3.999999999999997,3.999999999999986,0.5714285714285694,0
Salem,2023-01-31,0.1,0.1,4.099999999999996,4.099999999999985,0.5857142857142836,0
Salem,2023-02-01,0.0,0.0,4.099999999999996,4.099999999999985,0.5857142857142836,0
Salem,2023-02-02,0.0,0.0,0.0999999999999964,4.099999999999985,0.5857142857142836,0
Salem,2023-02-03,23.1,23.1,23.1,27.19999999999999,3.885714285714284,0
Salem,2023-02-04,0.0,0.0,23.1,27.19999999999999,3.885714285714284,0
Salem,2023-02-05,0.0,0.0,23.1,27.19999999999999,3.885714285714284,0
Salem,2023-02-06,0.0,0.0,0.0,23.19999999999999,3.3142857142857127,0
Salem,2023-02-07,0.0,0.0,0.0,23.099999999999987,3.299999999999998,0
Salem,2023-02-08,0.0,0.0,0.0,23.099999999999987,3.299999999999998,0
Salem,2023-02-09,0.0,0.0,0.0,23.099999999999987,3.299999999999998,0
Salem,2023-02-10,0.0,0.0,0.0,0.0,0.0,0
Salem,2023-02-11,0.0,0.0,0.0,0.0,0.0,0
Salem,2023-02-12,0.0,0.0,0.0,0.0,0.0,0
Salem,2023-02-13,0.0,0.0,0.0,0.0,0.0,0
Salem,2023-02-14,0.0,0.0,0.0,0.0,0.0,0
Salem,2023-02-15,0.0,0.0,0.0,0.0,0.0,0
Salem,2023-02-16,0.0,0.0,0.0,0.0,0.0,0
Salem,2023-02-17,0.0,0.0,0.0,0.0,0.0,0
Salem,2023-02-18,0.0,0.0,0.0,0.0,0.0,0
Salem,2023-02-19,0.0,0.0,0.0,0.0,0.0,0
Salem,2023-02-20,0.0,0.0,0.0,0.0,0.0,0
Salem,2023-02-21,0.0,0.0,0.0,0.0,0.0,0
Salem,2023-02-22,0.0,0.0,0.0,0.0,0.0,0
Salem,2023-02-23,0.0,0.0,0.0,0.0,0.0,0
Salem,2023-02-24,0.0,0.0,0.0,0.0,0.0,0
Salem,2023-02-25,0.0,0.0,0.0,0.0,0.0,0
Salem,2023-02-26,0.0,0.0,0.0,0.0,0.0,0
Salem,2023-02-27,0.0,0.0,0.0,0.0,0.0,0
Salem,2023-02-28,0.4,0.4,0.3999999999999964,0.3999999999999858,0.0571428571428551,0
Salem,2023-03-01,0.0,0.0,0.3999999999999964,0.3999999999999858,0.0571428571428551,0
Salem,2023-03-02,0.0,0.0,0.3999999999999964,0.3999999999999858,0.0571428571428551,0
Salem,2023-03-03,0.0,0.0,0.0,0.3999999999999858,0.0571428571428551,0
Salem,2023-03-04,0.0,0.0,0.0,0.3999999999999858,0.0571428571428551,0
Salem,2023-03-05,0.0,0.0,0.0,0.3999999999999858,0.0571428571428551,0
Salem,2023-03-06,0.0,0.0,0.0,0.3999999999999858,0.0571428571428551,0
Salem,2023-03-07,0.0,0.0,0.0,0.0,0.0,0
Salem,2023-03-08,0.0,0.0,0.0,0.0,0.0,0
Salem,2023-03-09,0.0,0.0,0.0,0.0,0.0,0
Salem,2023-03-10,0.0,0.0,0.0,0.0,0.0,0
Salem,2023-03-11,0.0,0.0,0.0,0.0,0.0,0
Salem,2023-03-12,0.0,0.0,0.0,0.0,0.0,0
Salem,2023-03-13,0.0,0.0,0.0,0.0,0.0,0
Salem,2023-03-14,0.0,0.0,0.0,0.0,0.0,0
Salem,2023-03-15,0.0,0.0,0.0,0.0,0.0,0
Salem,2023-03-16,0.2,0.2,0.1999999999999964,0.1999999999999858,0.0285714285714265,0
Salem,2023-03-17,8.7,8.7,8.899999999999995,8.899999999999984,1.2714285714285691,0
Salem,2023-03-18,4.0,4.0,12.899999999999997,12.899999999999984,1.8428571428571403,0
Salem,2023-03-19,16.1,16.1,28.8,28.999999999999982,4.142857142857141,0
Salem,2023-03-20,0.2,0.2,20.3,29.199999999999985,4.171428571428569,0
Salem,2023-03-21,0.1,0.1,16.4,29.299999999999983,4.185714285714284,0
Salem,2023-03-22,0.0,0.0,0.2999999999999965,29.299999999999983,4.185714285714284,0
Salem,2023-03-23,7.5,7.5,7.599999999999996,36.59999999999999,5.228571428571427,0
Salem,2023-03-24,1.3,1.3,8.799999999999997,29.19999999999999,4.17142857142857,0
Salem,2023-03-25,1.5,1.5,10.299999999999995,26.69999999999999,3.8142857142857127,0
Salem,2023-03-26,6.8,6.8,9.599999999999996,17.399999999999984,2.4857142857142835,0
Salem,2023-03-27,0.7,0.7,8.999999999999995,17.899999999999984,2.5571428571428547,0
Salem,2023-03-28,0.7,0.7,8.199999999999996,18.499999999999982,2.642857142857141,0
Salem,2023-03-29,3.1,3.1,4.4999999999999964,21.599999999999984,3.085714285714283,0
Salem,2023-03-30,0.1,0.1,3.899999999999997,14.199999999999983,2.0285714285714262,0
Salem,2023-03-31,0.0,0.0,3.1999999999999966,12.899999999999986,1.842857142857141,0
Salem,2023-04-01,0.0,0.0,0.0999999999999964,11.399999999999986,1.6285714285714266,0
Salem,2023-04-02,4.9,4.9,4.899999999999997,9.499999999999986,1.3571428571428552,0
Salem,2023-04-03,0.0,0.0,4.899999999999997,8.799999999999986,1.2571428571428551,0
Salem,2023-04-04,0.2,0.2,5.099999999999997,8.299999999999985,1.1857142857142835,0
Salem,2023-04-05,0.0,0.0,0.1999999999999964,5.199999999999986,0.7428571428571409,0
Salem,2023-04-06,0.0,0.0,0.1999999999999964,5.099999999999986,0.7285714285714266,0
Salem,2023-04-07,0.0,0.0,0.0,5.099999999999986,0.7285714285714266,0
Salem,2023-04-08,0.0,0.0,0.0,5.099999999999986,0.7285714285714266,0
Salem,2023-04-09,0.0,0.0,0.0,0.1999999999999858,0.0285714285714265,0
Salem,2023-04-10,0.0,0.0,0.0,0.1999999999999858,0.0285714285714265,0
Salem,2023-04-11,0.0,0.0,0.0,0.0,0.0,0
Salem,2023-04-12,0.0,0.0,0.0,0.0,0.0,0
Salem,2023-04-13,0.0,0.0,0.0,0.0,0.0,0
Salem,2023-04-14,0.0,0.0,0.0,0.0,0.0,0
Salem,2023-04-15,0.0,0.0,0.0,0.0,0.0,0
Salem,2023-04-16,0.0,0.0,0.0,0.0,0.0,0
Salem,2023-04-17,0.0,0.0,0.0,0.0,0.0,0
Salem,2023-04-18,0.0,0.0,0.0,0.0,0.0,0
Salem,2023-04-19,0.0,0.0,0.0,0.0,0.0,0
Salem,2023-04-20,0.0,0.0,0.0,0.0,0.0,0
Salem,2023-04-21,0.0,0.0,0.0,0.0,0.0,0
Salem,2023-04-22,0.9,0.9,0.8999999999999965,0.8999999999999858,0.1285714285714265,0
Salem,2023-04-23,3.2,3.2,4.099999999999997,4.099999999999986,0.5857142857142837,0
Salem,2023-04-24,0.5,0.5,4.599999999999996,4.599999999999985,0.657142857142855,0
Salem,2023-04-25,2.6,2.6,6.299999999999997,7.199999999999986,1.0285714285714265,0
Salem,2023-04-26,0.5,0.5,3.5999999999999965,7.699999999999986,1.099999999999998,0
Salem,2023-04-27,1.1,1.1,4.199999999999997,8.799999999999986,1.2571428571428551,0
Salem,2023-04-28,0.2,0.2,1.7999999999999965,8.999999999999986,1.2857142857142836,0
Salem,2023-04-29,13.2,13.2,14.499999999999996,21.299999999999983,3.0428571428571405,0
Salem,2023-04-30,5.7,5.7,19.1,23.799999999999983,3.399999999999998,0
Salem,2023-05-01,16.8,16.8,35.7,40.09999999999999,5.728571428571427,0
Salem,2023-05-02,7.5,7.5,30.0,44.99999999999999,6.428571428571426,0
Salem,2023-05-03,6.7,6.7,31.0,51.19999999999999,7.314285714285712,1
Salem,2023-05-04,14.8,14.8,29.0,64.89999999999998,9.271428571428569,1
Salem,2023-05-05,2.9,2.9,24.399999999999995,67.59999999999998,9.657142857142857,1
Salem,2023-05-06,9.7,9.7,27.4,64.09999999999998,9.157142857142857,1
Salem,2023-05-07,16.1,16.1,28.7,74.5,10.642857142857142,1
Salem,2023-05-08,15.3,15.3,41.1,72.99999999999999,10.428571428571429,1
Salem,2023-05-09,9.6,9.6,41.0,75.1,10.728571428571428,1
Salem,2023-05-10,0.0,0.0,24.9,68.39999999999999,9.77142857142857,1
Salem,2023-05-11,0.6,0.6,10.199999999999996,54.19999999999999,7.742857142857141,1
Salem,2023-05-12,0.0,0.0,0.5999999999999964,51.29999999999999,7.328571428571427,1
Salem,2023-05-13,0.0,0.0,0.5999999999999964,41.59999999999999,5.942857142857141,0
Salem,2023-05-14,0.0,0.0,0.0,25.499999999999982,3.642857142857141,0
Salem,2023-05-15,0.0,0.0,0.0,10.199999999999983,1.457142857142855,0
Salem,2023-05-16,0.0,0.0,0.0,0.5999999999999858,0.0857142857142836,0
Salem,2023-05-17,2.1,2.1,2.0999999999999965,2.699999999999986,0.3857142857142837,0
Salem,2023-05-18,0.2,0.2,2.2999999999999967,2.299999999999986,0.3285714285714265,0
Salem,2023-05-19,0.0,0.0,2.2999999999999967,2.299999999999986,0.3285714285714265,0
Salem,2023-05-20,0.0,0.0,0.1999999999999964,2.299999999999986,0.3285714285714265,0
Salem,2023-05-21,0.3,0.3,0.2999999999999964,2.599999999999986,0.3714285714285694,0
Salem,2023-05-22,0.6,0.6,0.8999999999999964,3.199999999999986,0.4571428571428551,0
Salem,2023-05-23,0.0,0.0,0.8999999999999965,3.199999999999986,0.4571428571428551,0
Salem,2023-05-24,3.2,3.2,3.7999999999999967,4.2999999999999865,0.6142857142857123,0
Salem,2023-05-25,0.2,0.2,3.399999999999997,4.299999999999986,0.6142857142857122,0
Salem,2023-05-26,1.0,1.0,4.399999999999997,5.299999999999986,0.7571428571428551,0
Salem,2023-05-27,0.9,0.9,2.0999999999999965,6.199999999999986,0.8857142857142837,0
Salem,2023-05-28,0.6,0.6,2.4999999999999964,6.499999999999986,0.9285714285714264,0
Salem,2023-05-29,0.0,0.0,1.4999999999999964,5.899999999999986,0.8428571428571409,0
Salem,2023-05-30,1.2,1.2,1.7999999999999965,7.099999999999986,1.0142857142857122,0
Salem,2023-05-31,0.2,0.2,1.3999999999999964,4.099999999999985,0.5857142857142836,0
Salem,2023-06-01,6.5,6.5,7.899999999999997,10.399999999999984,1.4857142857142835,0
Salem,2023-06-02,1.4,1.4,8.099999999999998,10.799999999999985,1.5428571428571407,0
Salem,2023-06-03,1.4,1.4,9.299999999999995,11.299999999999985,1.614285714285712,0
Salem,2023-06-04,2.4,2.4,5.1999999999999975,13.099999999999984,1.8714285714285692,0
Salem,2023-06-05,1.2,1.2,4.999999999999997,14.299999999999985,2.0428571428571405,0
Salem,2023-06-06,0.0,0.0,3.599999999999997,13.099999999999984,1.8714285714285692,0
Salem,2023-06-07,0.2,0.2,1.3999999999999972,13.099999999999984,1.8714285714285692,0
Salem,2023-06-08,0.0,0.0,0.1999999999999973,6.599999999999985,0.9428571428571408,0
Salem,2023-06-09,0.1,0.1,0.2999999999999974,5.299999999999985,0.757142857142855,0
Salem,2023-06-10,0.1,0.1,0.1999999999999973,3.999999999999986,0.5714285714285694,0
Salem,2023-06-11,0.4,0.4,0.5999999999999974,1.9999999999999856,0.2857142857142837,0
Salem,2023-06-12,4.7,4.7,5.1999999999999975,5.499999999999986,0.7857142857142837,0
Salem,2023-06-13,5.6,5.6,10.699999999999998,11.099999999999984,1.5857142857142836,0
Salem,2023-06-14,0.1,0.1,10.399999999999997,10.999999999999986,1.5714285714285694,0
Salem,2023-06-15,0.0,0.0,5.699999999999997,10.999999999999986,1.5714285714285694,0
Salem,2023-06-16,0.0,0.0,0.0999999999999973,10.899999999999984,1.557142857142855,0
Salem,2023-06-17,0.4,0.4,0.3999999999999973,11.199999999999983,1.599999999999998,0
Salem,2023-06-18,3.4,3.4,3.799999999999997,14.199999999999983,2.0285714285714262,0
Salem,2023-06-19,12.8,12.8,16.599999999999998,22.299999999999983,3.185714285714284,0
Salem,2023-06-20,0.9,0.9,17.099999999999998,17.599999999999987,2.5142857142857125,0
Salem,2023-06-21,10.0,10.0,23.7,27.499999999999982,3.9285714285714266,0
Salem,2023-06-22,1.7,1.7,12.599999999999996,29.19999999999999,4.17142857142857,0
Salem,2023-06-23,1.2,1.2,12.899999999999997,30.399999999999988,4.342857142857141,0
Salem,2023-06-24,0.1,0.1,2.9999999999999964,30.099999999999984,4.299999999999998,0
Salem,2023-06-25,0.0,0.0,1.2999999999999965,26.699999999999985,3.814285714285712,0
Salem,2023-06-26,0.4,0.4,0.4999999999999964,14.299999999999986,2.042857142857141,0
Salem,2023-06-27,2.9,2.9,3.2999999999999963,16.299999999999986,2.3285714285714265,0
Salem,2023-06-28,6.6,6.6,9.899999999999997,12.899999999999984,1.8428571428571403,0
Salem,2023-06-29,4.1,4.1,13.599999999999994,15.299999999999986,2.185714285714284,0
Salem,2023-06-30,0.3,0.3,10.999999999999996,14.399999999999984,2.0571428571428547,0
Salem,2023-07-01,1.1,1.1,5.4999999999999964,15.399999999999984,2.199999999999998,0
Salem,2023-07-02,7.4,7.4,8.799999999999997,22.799999999999983,3.257142857142856,0
Salem,2023-07-03,9.2,9.2,17.699999999999996,31.599999999999987,4.5142857142857125,0
Salem,2023-07-04,12.7,12.7,29.3,41.399999999999984,5.914285714285712,0
Salem,2023-07-05,7.5,7.5,29.399999999999995,42.29999999999998,6.04285714285714,0
Salem,2023-07-06,10.5,10.5,30.7,48.69999999999999,6.957142857142856,0
Salem,2023-07-07,5.1,5.1,23.099999999999994,53.49999999999999,7.642857142857141,1
Salem,2023-07-08,9.8,9.8,25.4,62.19999999999998,8.885714285714283,1
Salem,2023-07-09,0.4,0.4,15.299999999999995,55.19999999999998,7.8857142857142835,1
Salem,2023-07-10,6.8,6.8,16.999999999999996,52.79999999999999,7.542857142857142,1
Salem,2023-07-11,3.2,3.2,10.399999999999997,43.29999999999998,6.185714285714283,0
Salem,2023-07-12,0.6,0.6,10.599999999999996,36.399999999999984,5.1999999999999975,0
Salem,2023-07-13,3.5,3.5,7.299999999999997,29.399999999999988,4.199999999999998,0
Salem,2023-07-14,2.6,2.6,6.699999999999997,26.899999999999988,3.842857142857141,0
Salem,2023-07-15,0.8,0.8,6.899999999999997,17.899999999999988,2.557142857142856,0
Salem,2023-07-16,0.2,0.2,3.5999999999999965,17.699999999999985,2.5285714285714262,0
Salem,2023-07-17,0.1,0.1,1.0999999999999963,10.999999999999986,1.5714285714285694,0
Salem,2023-07-18,0.1,0.1,0.3999999999999964,7.899999999999986,1.1285714285714266,0
Salem,2023-07-19,0.5,0.5,0.6999999999999964,7.799999999999986,1.1142857142857123,0
Salem,2023-07-20,0.2,0.2,0.7999999999999965,4.499999999999987,0.6428571428571409,0
Salem,2023-07-21,1.4,1.4,2.099999999999996,3.2999999999999856,0.4714285714285693,0
Salem,2023-07-22,2.7,2.7,4.299999999999996,5.199999999999986,0.7428571428571409,0
Salem,2023-07-23,2.2,2.2,6.299999999999996,7.199999999999986,1.0285714285714265,0
Salem,2023-07-24,8.8,8.8,13.699999999999998,15.899999999999988,2.2714285714285696,0
Salem,2023-07-25,14.9,14.9,25.9,30.69999999999999,4.385714285714284,0
Salem,2023-07-26,3.3,3.3,27.0,33.499999999999986,4.785714285714284,0
Salem,2023-07-27,0.2,0.2,18.399999999999995,33.499999999999986,4.785714285714284,0
Salem,2023-07-28,0.3,0.3,3.799999999999996,32.399999999999984,4.628571428571426,0
Salem,2023-07-29,0.0,0.0,0.4999999999999964,29.69999999999999,4.242857142857141,0
Salem,2023-07-30,0.0,0.0,0.2999999999999964,27.49999999999999,3.928571428571427,0
Salem,2023-07-31,0.0,0.0,0.0,18.69999999999999,2.67142857142857,0
Salem,2023-08-01,0.0,0.0,0.0,3.7999999999999874,0.542857142857141,0
Salem,2023-08-02,0.0,0.0,0.0,0.4999999999999875,0.0714285714285696,0
Salem,2023-08-03,0.0,0.0,0.0,0.2999999999999875,0.042857142857141,0
Salem,2023-08-04,0.7,0.7,0.6999999999999964,0.6999999999999875,0.0999999999999982,0
Salem,2023-08-05,0.5,0.5,1.1999999999999964,1.1999999999999875,0.1714285714285696,0
Salem,2023-08-06,0.5,0.5,1.6999999999999964,1.6999999999999875,0.242857142857141,0
Salem,2023-08-07,0.7,0.7,1.6999999999999964,2.3999999999999875,0.3428571428571411,0
Salem,2023-08-08,0.3,0.3,1.4999999999999964,2.6999999999999877,0.3857142857142839,0
Salem,2023-08-09,1.6,1.6,2.5999999999999965,4.299999999999987,0.6142857142857124,0
Salem,2023-08-10,10.7,10.7,12.599999999999996,14.999999999999986,2.142857142857141,0
Salem,2023-08-11,17.1,17.1,29.4,31.399999999999988,4.485714285714284,0
Salem,2023-08-12,2.8,2.8,30.6,33.69999999999999,4.814285714285712,0
Salem,2023-08-13,0.1,0.1,20.0,33.29999999999999,4.757142857142855,0
Salem,2023-08-14,0.0,0.0,2.8999999999999964,32.59999999999999,4.657142857142856,0
Salem,2023-08-15,0.0,0.0,0.0999999999999964,32.29999999999999,4.614285714285713,0
Salem,2023-08-16,0.0,0.0,0.0,30.699999999999985,4.385714285714284,0
Salem,2023-08-17,0.2,0.2,0.1999999999999964,20.19999999999999,2.885714285714284,0
Salem,2023-08-18,0.7,0.7,0.8999999999999964,3.7999999999999856,0.5428571428571408,0
Salem,2023-08-19,0.1,0.1,0.9999999999999964,1.099999999999986,0.1571428571428551,0
Salem,2023-08-20,1.0,1.0,1.7999999999999965,1.9999999999999856,0.2857142857142837,0
Salem,2023-08-21,0.2,0.2,1.2999999999999965,2.199999999999986,0.3142857142857123,0
Salem,2023-08-22,9.1,9.1,10.299999999999995,11.299999999999986,1.6142857142857123,0
Salem,2023-08-23,4.3,4.3,13.599999999999994,15.599999999999984,2.2285714285714264,0
Salem,2023-08-24,0.0,0.0,13.399999999999997,15.399999999999984,2.199999999999998,0
Salem,2023-08-25,0.0,0.0,4.299999999999996,14.699999999999983,2.099999999999998,0
Salem,2023-08-26,0.0,0.0,0.0,14.599999999999984,2.085714285714283,0
Salem,2023-08-27,0.0,0.0,0.0,13.599999999999984,1.9428571428571408,0
Salem,2023-08-28,3.7,3.7,3.6999999999999966,17.099999999999987,2.442857142857141,0
Salem,2023-08-29,3.1,3.1,6.799999999999997,11.099999999999984,1.5857142857142836,0
Salem,2023-08-30,1.7,1.7,8.499999999999996,8.499999999999986,1.2142857142857122,0
Salem,2023-08-31,9.4,9.4,14.199999999999996,17.899999999999984,2.5571428571428547,0
Salem,2023-09-01,9.6,9.6,20.7,27.499999999999982,3.9285714285714266,0
Salem,2023-09-02,13.0,13.0,32.0,40.49999999999999,5.785714285714284,0
Salem,2023-09-03,4.6,4.6,27.2,45.09999999999999,6.442857142857141,0
Salem,2023-09-04,0.1,0.1,17.699999999999996,41.49999999999999,5.928571428571426,0
Salem,2023-09-05,3.8,3.8,8.499999999999996,42.19999999999999,6.028571428571427,0
Salem,2023-09-06,6.0,6.0,9.899999999999997,46.49999999999999,6.642857142857141,0
Salem,2023-09-07,9.7,9.7,19.5,46.79999999999998,6.685714285714283,0
Salem,2023-09-08,0.8,0.8,16.499999999999996,37.99999999999999,5.428571428571426,0
Salem,2023-09-09,0.1,0.1,10.599999999999996,25.099999999999984,3.585714285714283,0
Salem,2023-09-10,3.7,3.7,4.599999999999996,24.19999999999999,3.4571428571428555,0
Salem,2023-09-11,2.1,2.1,5.899999999999997,26.199999999999985,3.7428571428571407,0
Salem,2023-09-12,16.6,16.6,22.4,38.99999999999999,5.571428571428569,0
Salem,2023-09-13,2.6,2.6,21.3,35.59999999999999,5.085714285714284,0
Salem,2023-09-14,4.4,4.4,23.6,30.299999999999983,4.3285714285714265,0
Salem,2023-09-15,3.7,3.7,10.699999999999996,33.19999999999999,4.742857142857141,0
Salem,2023-09-16,6.1,6.1,14.199999999999996,39.19999999999998,5.599999999999997,0
Salem,2023-09-17,11.3,11.3,21.099999999999994,46.79999999999999,6.685714285714284,0
Salem,2023-09-18,9.1,9.1,26.5,53.79999999999999,7.685714285714284,1
Salem,2023-09-19,1.2,1.2,21.599999999999994,38.399999999999984,5.485714285714283,0
Salem,2023-09-20,0.5,0.5,10.799999999999994,36.29999999999998,5.185714285714283,0
Salem,2023-09-21,0.1,0.1,1.7999999999999947,31.999999999999982,4.571428571428569,0
Salem,2023-09-22,4.4,4.4,4.999999999999995,32.69999999999999,4.67142857142857,0
Salem,2023-09-23,16.3,16.3,20.8,42.89999999999999,6.128571428571427,0
Salem,2023-09-24,2.9,2.9,23.59999999999999,34.499999999999986,4.928571428571426,0
Salem,2023-09-25,5.3,5.3,24.499999999999996,30.699999999999985,4.385714285714284,0
Salem,2023-09-26,0.2,0.2,8.399999999999991,29.699999999999985,4.242857142857141,0
Salem,2023-09-27,8.8,8.8,14.299999999999992,37.99999999999999,5.428571428571426,0
Salem,2023-09-28,8.6,8.6,17.599999999999994,46.49999999999999,6.642857142857141,0
Salem,2023-09-29,3.3,3.3,20.699999999999992,45.399999999999984,6.485714285714283,0
Salem,2023-09-30,2.2,2.2,14.099999999999993,31.299999999999983,4.471428571428569,0
Salem,2023-10-01,1.9,1.9,7.399999999999993,30.299999999999983,4.3285714285714265,0
Salem,2023-10-02,0.7,0.7,4.799999999999993,25.699999999999985,3.6714285714285695,0
Salem,2023-10-03,0.1,0.1,2.6999999999999926,25.599999999999987,3.6571428571428553,0
Salem,2023-10-04,0.0,0.0,0.7999999999999928,16.799999999999986,2.399999999999998,0
Salem,2023-10-05,0.0,0.0,0.0999999999999929,8.199999999999985,1.1714285714285693,0
Salem,2023-10-06,0.1,0.1,0.0999999999999929,4.999999999999986,0.7142857142857123,0
Salem,2023-10-07,0.5,0.5,0.5999999999999929,3.2999999999999856,0.4714285714285693,0
Salem,2023-10-08,3.1,3.1,3.699999999999993,4.499999999999986,0.6428571428571408,0
Salem,2023-10-09,13.7,13.7,17.299999999999994,17.499999999999986,2.499999999999998,0
Salem,2023-10-10,0.6,0.6,17.39999999999999,17.999999999999986,2.5714285714285694,0
Salem,2023-10-11,10.0,10.0,24.29999999999999,27.999999999999982,3.999999999999998,0
Salem,2023-10-12,0.1,0.1,10.699999999999992,28.099999999999984,4.014285714285712,0
Salem,2023-10-13,0.0,0.0,10.099999999999993,27.999999999999982,3.999999999999998,0
Salem,2023-10-14,21.4,21.4,21.499999999999996,48.899999999999984,6.985714285714283,0
Salem,2023-10-15,5.9,5.9,27.29999999999999,51.69999999999998,7.3857142857142835,1
Salem,2023-10-16,18.0,18.0,45.29999999999999,55.99999999999999,7.999999999999998,1
Salem,2023-10-17,3.1,3.1,26.999999999999996,58.49999999999999,8.357142857142856,1
Salem,2023-10-18,1.7,1.7,22.799999999999997,50.19999999999998,7.171428571428569,1
Salem,2023-10-19,0.0,0.0,4.799999999999993,50.09999999999998,7.157142857142854,1
Salem,2023-10-20,0.0,0.0,1.6999999999999929,50.09999999999998,7.157142857142854,1
Salem,2023-10-21,1.3,1.3,1.299999999999993,29.999999999999982,4.285714285714284,0
Salem,2023-10-22,0.3,0.3,1.599999999999993,24.399999999999984,3.4857142857142835,0
Salem,2023-10-23,0.4,0.4,1.999999999999993,6.799999999999986,0.9714285714285694,0
Salem,2023-10-24,0.5,0.5,1.1999999999999929,4.199999999999986,0.599999999999998,0
Salem,2023-10-25,0.1,0.1,0.9999999999999928,2.599999999999985,0.3714285714285693,0
Salem,2023-10-26,0.0,0.0,0.5999999999999928,2.599999999999985,0.3714285714285693,0
Salem,2023-10-27,0.0,0.0,0.0999999999999928,2.599999999999985,0.3714285714285693,0
Salem,2023-10-28,0.1,0.1,0.0999999999999928,1.3999999999999857,0.1999999999999979,0
Salem,2023-10-29,0.3,0.3,0.3999999999999928,1.3999999999999857,0.1999999999999979,0
Salem,2023-10-30,2.7,2.7,3.099999999999993,3.699999999999986,0.5285714285714266,0
Salem,2023-10-31,13.9,13.9,16.89999999999999,17.099999999999987,2.442857142857141,0
Salem,2023-11-01,8.3,8.3,24.89999999999999,25.299999999999983,3.614285714285712,0
Salem,2023-11-02,3.6,3.6,25.799999999999997,28.899999999999984,4.128571428571426,0
Salem,2023-11-03,18.1,18.1,29.999999999999996,46.99999999999999,6.714285714285713,0
Salem,2023-11-04,21.2,21.2,42.89999999999999,68.09999999999998,9.728571428571426,1
Salem,2023-11-05,2.3,2.3,41.59999999999999,70.09999999999998,10.01428571428571,1
Salem,2023-11-06,6.7,6.7,30.19999999999999,74.09999999999998,10.585714285714284,1
Salem,2023-11-07,17.8,17.8,26.79999999999999,77.99999999999999,11.14285714285714,1
Salem,2023-11-08,11.4,11.4,35.89999999999999,81.1,11.585714285714284,1
Salem,2023-11-09,8.2,8.2,37.39999999999999,85.69999999999997,12.242857142857138,1
Salem,2023-11-10,1.9,1.9,21.49999999999999,69.49999999999999,9.928571428571429,1
Salem,2023-11-11,0.2,0.2,10.299999999999988,48.49999999999999,6.928571428571426,0
Salem,2023-11-12,0.0,0.0,2.099999999999989,46.19999999999999,6.599999999999999,0
Salem,2023-11-13,0.0,0.0,0.1999999999999893,39.49999999999999,5.642857142857141,0
Salem,2023-11-14,8.8,8.8,8.79999999999999,30.499999999999982,4.357142857142855,0
Salem,2023-11-15,0.0,0.0,8.79999999999999,19.09999999999998,2.728571428571425,0
Salem,2023-11-16,0.5,0.5,9.29999999999999,11.399999999999984,1.628571428571426,0
Salem,2023-11-17,0.1,0.1,0.5999999999999893,9.599999999999982,1.3714285714285688,0
Salem,2023-11-18,0.3,0.3,0.8999999999999894,9.699999999999983,1.3857142857142832,0
Salem,2023-11-19,0.0,0.0,0.3999999999999893,9.699999999999983,1.3857142857142832,0
Salem,2023-11-20,2.1,2.1,2.3999999999999897,11.799999999999985,1.6857142857142833,0
Salem,2023-11-21,7.7,7.7,9.79999999999999,10.699999999999982,1.528571428571426,0
Salem,2023-11-22,16.4,16.4,26.19999999999999,27.09999999999998,3.8714285714285688,0
Salem,2023-11-23,21.2,21.2,45.29999999999998,47.79999999999998,6.8285714285714265,0
Salem,2023-11-24,1.8,1.8,39.399999999999984,49.49999999999998,7.0714285714285685,0
Salem,2023-11-25,1.5,1.5,24.49999999999999,50.69999999999998,7.24285714285714,1
Salem,2023-11-26,2.4,2.4,5.6999999999999895,53.09999999999998,7.585714285714283,1
Salem,2023-11-27,0.0,0.0,3.8999999999999897,50.99999999999998,7.285714285714283,1
Salem,2023-11-28,0.6,0.6,2.99999999999999,43.89999999999998,6.271428571428568,0
Salem,2023-11-29,2.2,2.2,2.7999999999999896,29.69999999999998,4.24285714285714,0
Salem,2023-11-30,0.5,0.5,3.2999999999999896,8.999999999999982,1.2857142857142831,0
Salem,2023-12-01,2.6,2.6,5.29999999999999,9.799999999999985,1.3999999999999977,0
Salem,2023-12-02,3.4,3.4,6.499999999999989,11.699999999999983,1.671428571428569,0
Salem,2023-12-03,1.3,1.3,7.299999999999989,10.599999999999982,1.5142857142857118,0
Salem,2023-12-04,0.0,0.0,4.699999999999989,10.599999999999982,1.5142857142857118,0
Salem,2023-12-05,0.0,0.0,1.2999999999999894,9.999999999999982,1.428571428571426,0
Salem,2023-12-06,0.3,0.3,0.2999999999999893,8.099999999999982,1.1571428571428546,0
Salem,2023-12-07,0.7,0.7,0.9999999999999892,8.299999999999981,1.185714285714283,0
Salem,2023-12-08,4.9,4.9,5.89999999999999,10.599999999999984,1.514285714285712,0
Salem,2023-12-09,2.1,2.1,7.69999999999999,9.299999999999985,1.328571428571426,0
Salem,2023-12-10,0.3,0.3,7.29999999999999,8.299999999999983,1.1857142857142833,0
Salem,2023-12-11,0.0,0.0,2.3999999999999893,8.299999999999983,1.1857142857142833,0
Salem,2023-12-12,0.0,0.0,0.2999999999999893,8.299999999999983,1.1857142857142833,0
Salem,2023-12-13,0.0,0.0,0.0,7.999999999999983,1.1428571428571404,0
Salem,2023-12-14,0.0,0.0,0.0,7.299999999999983,1.0428571428571405,0
Salem,2023-12-15,0.6,0.6,0.5999999999999893,2.9999999999999822,0.428571428571426,0
Salem,2023-12-16,1.5,1.5,2.099999999999989,2.399999999999982,0.3428571428571403,0
Salem,2023-12-17,0.7,0.7,2.799999999999989,2.799999999999982,0.3999999999999974,0
Salem,2023-12-18,0.0,0.0,2.199999999999989,2.799999999999982,0.3999999999999974,0
Salem,2023-12-19,0.1,0.1,0.7999999999999893,2.899999999999982,0.4142857142857117,0
Salem,2023-12-20,0.0,0.0,0.0999999999999893,2.899999999999982,0.4142857142857117,0
Salem,2023-12-21,0.0,0.0,0.0999999999999893,2.899999999999982,0.4142857142857117,0
Salem,2023-12-22,0.0,0.0,0.0,2.299999999999982,0.328571428571426,0
Salem,2023-12-23,0.0,0.0,0.0,0.7999999999999822,0.1142857142857117,0
Salem,2023-12-24,0.4,0.4,0.3999999999999893,0.4999999999999822,0.0714285714285688,0
Salem,2023-12-25,0.5,0.5,0.8999999999999894,0.9999999999999822,0.1428571428571403,0
Salem,2023-12-26,0.0,0.0,0.8999999999999894,0.8999999999999823,0.128571428571426,0
Salem,2023-12-27,0.0,0.0,0.4999999999999893,0.8999999999999823,0.128571428571426,0
Salem,2023-12-28,0.0,0.0,0.0,0.8999999999999823,0.128571428571426,0
Salem,2023-12-29,0.0,0.0,0.0,0.8999999999999823,0.128571428571426,0
Salem,2023-12-30,0.0,0.0,0.0,0.8999999999999823,0.128571428571426,0
Salem,2023-12-31,0.0,0.0,0.0,0.4999999999999822,0.0714285714285688,0
Salem,2024-01-01,0.0,0.0,0.0,0.0,0.0,0
Salem,2024-01-02,0.0,0.0,0.0,0.0,0.0,0
Salem,2024-01-03,0.0,0.0,0.0,0.0,0.0,0
Salem,2024-01-04,0.6,0.6,0.5999999999999893,0.5999999999999822,0.0857142857142831,0
Salem,2024-01-05,0.1,0.1,0.6999999999999893,0.6999999999999822,0.0999999999999974,0
Salem,2024-01-06,0.7,0.7,1.3999999999999893,1.399999999999982,0.1999999999999974,0
Salem,2024-01-07,1.6,1.6,2.3999999999999893,2.9999999999999822,0.428571428571426,0
Salem,2024-01-08,43.3,43.3,45.59999999999999,46.29999999999998,6.614285714285712,0
Salem,2024-01-09,1.4,1.4,46.29999999999998,47.69999999999998,6.814285714285711,0
Salem,2024-01-10,1.1,1.1,45.79999999999999,48.79999999999998,6.971428571428569,0
Salem,2024-01-11,0.0,0.0,2.499999999999993,48.19999999999998,6.885714285714284,0
Salem,2024-01-12,0.0,0.0,1.099999999999993,48.09999999999998,6.871428571428568,0
Salem,2024-01-13,0.0,0.0,0.0,47.399999999999984,6.77142857142857,0
Salem,2024-01-14,0.0,0.0,0.0,45.79999999999998,6.54285714285714,0
Salem,2024-01-15,0.0,0.0,0.0,2.499999999999986,0.3571428571428551,0
Salem,2024-01-16,0.0,0.0,0.0,1.099999999999986,0.1571428571428551,0
Salem,2024-01-17,0.0,0.0,0.0,0.0,0.0,0
Salem,2024-01-18,0.0,0.0,0.0,0.0,0.0,0
Salem,2024-01-19,0.0,0.0,0.0,0.0,0.0,0
Salem,2024-01-20,0.0,0.0,0.0,0.0,0.0,0
Salem,2024-01-21,0.0,0.0,0.0,0.0,0.0,0
Salem,2024-01-22,0.0,0.0,0.0,0.0,0.0,0
Salem,2024-01-23,0.0,0.0,0.0,0.0,0.0,0
Salem,2024-01-24,0.0,0.0,0.0,0.0,0.0,0
Salem,2024-01-25,0.0,0.0,0.0,0.0,0.0,0
Salem,2024-01-26,0.0,0.0,0.0,0.0,0.0,0
Salem,2024-01-27,0.0,0.0,0.0,0.0,0.0,0
Salem,2024-01-28,0.0,0.0,0.0,0.0,0.0,0
Salem,2024-01-29,0.0,0.0,0.0,0.0,0.0,0
Salem,2024-01-30,0.0,0.0,0.0,0.0,0.0,0
Salem,2024-01-31,0.0,0.0,0.0,0.0,0.0,0
Salem,2024-02-01,0.0,0.0,0.0,0.0,0.0,0
Salem,2024-02-02,0.4,0.4,0.3999999999999929,0.3999999999999858,0.0571428571428551,0
Salem,2024-02-03,0.0,0.0,0.3999999999999929,0.3999999999999858,0.0571428571428551,0
Salem,2024-02-04,0.0,0.0,0.3999999999999929,0.3999999999999858,0.0571428571428551,0
Salem,2024-02-05,0.0,0.0,0.0,0.3999999999999858,0.0571428571428551,0
Salem,2024-02-06,0.0,0.0,0.0,0.3999999999999858,0.0571428571428551,0
Salem,2024-02-07,0.0,0.0,0.0,0.3999999999999858,0.0571428571428551,0
Salem,2024-02-08,0.0,0.0,0.0,0.3999999999999858,0.0571428571428551,0
Salem,2024-02-09,0.0,0.0,0.0,0.0,0.0,0
Salem,2024-02-10,0.0,0.0,0.0,0.0,0.0,0
Salem,2024-02-11,0.0,0.0,0.0,0.0,0.0,0
Salem,2024-02-12,0.0,0.0,0.0,0.0,0.0,0
Salem,2024-02-13,0.0,0.0,0.0,0.0,0.0,0
Salem,2024-02-14,0.0,0.0,0.0,0.0,0.0,0
Salem,2024-02-15,0.0,0.0,0.0,0.0,0.0,0
Salem,2024-02-16,0.0,0.0,0.0,0.0,0.0,0
Salem,2024-02-17,0.0,0.0,0.0,0.0,0.0,0
Salem,2024-02-18,0.0,0.0,0.0,0.0,0.0,0
Salem,2024-02-19,0.0,0.0,0.0,0.0,0.0,0
Salem,2024-02-20,0.0,0.0,0.0,0.0,0.0,0
Salem,2024-02-21,0.0,0.0,0.0,0.0,0.0,0
Salem,2024-02-22,0.1,0.1,0.0999999999999929,0.0999999999999858,0.0142857142857122,0
Salem,2024-02-23,0.0,0.0,0.0999999999999929,0.0999999999999858,0.0142857142857122,0
Salem,2024-02-24,0.0,0.0,0.0999999999999929,0.0999999999999858,0.0142857142857122,0
Salem,2024-02-25,0.0,0.0,0.0,0.0999999999999858,0.0142857142857122,0
Salem,2024-02-26,0.4,0.4,0.3999999999999929,0.4999999999999858,0.0714285714285694,0
Salem,2024-02-27,0.0,0.0,0.3999999999999929,0.4999999999999858,0.0714285714285694,0
Salem,2024-02-28,0.0,0.0,0.3999999999999929,0.4999999999999858,0.0714285714285694,0
Salem,2024-02-29,0.0,0.0,0.0,0.3999999999999858,0.0571428571428551,0
Salem,2024-03-01,0.0,0.0,0.0,0.3999999999999858,0.0571428571428551,0
Salem,2024-03-02,0.0,0.0,0.0,0.3999999999999858,0.0571428571428551,0
Salem,2024-03-03,0.0,0.0,0.0,0.3999999999999858,0.0571428571428551,0
Salem,2024-03-04,0.0,0.0,0.0,0.0,0.0,0
Salem,2024-03-05,0.0,0.0,0.0,0.0,0.0,0
Salem,2024-03-06,0.0,0.0,0.0,0.0,0.0,0
Salem,2024-03-07,0.0,0.0,0.0,0.0,0.0,0
Salem,2024-03-08,0.0,0.0,0.0,0.0,0.0,0
Salem,2024-03-09,0.0,0.0,0.0,0.0,0.0,0
Salem,2024-03-10,0.0,0.0,0.0,0.0,0.0,0
Salem,2024-03-11,0.0,0.0,0.0,0.0,0.0,0
Salem,2024-03-12,0.0,0.0,0.0,0.0,0.0,0
Salem,2024-03-13,0.0,0.0,0.0,0.0,0.0,0
Salem,2024-03-14,0.0,0.0,0.0,0.0,0.0,0
Salem,2024-03-15,0.0,0.0,0.0,0.0,0.0,0
Salem,2024-03-16,0.0,0.0,0.0,0.0,0.0,0
Salem,2024-03-17,0.0,0.0,0.0,0.0,0.0,0
Salem,2024-03-18,0.0,0.0,0.0,0.0,0.0,0
Salem,2024-03-19,0.0,0.0,0.0,0.0,0.0,0
Salem,2024-03-20,0.0,0.0,0.0,0.0,0.0,0
Salem,2024-03-21,0.0,0.0,0.0,0.0,0.0,0
Salem,2024-03-22,0.0,0.0,0.0,0.0,0.0,0
Salem,2024-03-23,0.0,0.0,0.0,0.0,0.0,0
Salem,2024-03-24,0.0,0.0,0.0,0.0,0.0,0
Salem,2024-03-25,0.0,0.0,0.0,0.0,0.0,0
Salem,2024-03-26,0.0,0.0,0.0,0.0,0.0,0
Salem,2024-03-27,0.0,0.0,0.0,0.0,0.0,0
Salem,2024-03-28,0.0,0.0,0.0,0.0,0.0,0
Salem,2024-03-29,0.0,0.0,0.0,0.0,0.0,0
Salem,2024-03-30,0.0,0.0,0.0,0.0,0.0,0
Salem,2024-03-31,0.0,0.0,0.0,0.0,0.0,0
Salem,2024-04-01,0.0,0.0,0.0,0.0,0.0,0
Salem,2024-04-02,0.0,0.0,0.0,0.0,0.0,0
Salem,2024-04-03,0.0,0.0,0.0,0.0,0.0,0
Salem,2024-04-04,0.0,0.0,0.0,0.0,0.0,0
Salem,2024-04-05,0.0,0.0,0.0,0.0,0.0,0
Salem,2024-04-06,0.0,0.0,0.0,0.0,0.0,0
Salem,2024-04-07,0.0,0.0,0.0,0.0,0.0,0
Salem,2024-04-08,0.0,0.0,0.0,0.0,0.0,0
Salem,2024-04-09,0.0,0.0,0.0,0.0,0.0,0
Salem,2024-04-10,0.0,0.0,0.0,0.0,0.0,0
Salem,2024-04-11,0.0,0.0,0.0,0.0,0.0,0
Salem,2024-04-12,1.5,1.5,1.499999999999993,1.4999999999999858,0.2142857142857122,0
Salem,2024-04-13,1.3,1.3,2.7999999999999927,2.7999999999999856,0.3999999999999979,0
Salem,2024-04-14,0.0,0.0,2.7999999999999927,2.7999999999999856,0.3999999999999979,0
Salem,2024-04-15,0.0,0.0,1.299999999999993,2.7999999999999856,0.3999999999999979,0
Salem,2024-04-16,0.0,0.0,0.0,2.7999999999999856,0.3999999999999979,0
Salem,2024-04-17,0.0,0.0,0.0,2.7999999999999856,0.3999999999999979,0
Salem,2024-04-18,0.0,0.0,0.0,2.7999999999999856,0.3999999999999979,0
Salem,2024-04-19,0.0,0.0,0.0,1.2999999999999858,0.1857142857142837,0
Salem,2024-04-20,0.0,0.0,0.0,0.0,0.0,0
Salem,2024-04-21,0.0,0.0,0.0,0.0,0.0,0
Salem,2024-04-22,0.0,0.0,0.0,0.0,0.0,0
Salem,2024-04-23,0.0,0.0,0.0,0.0,0.0,0
Salem,2024-04-24,0.0,0.0,0.0,0.0,0.0,0
Salem,2024-04-25,0.0,0.0,0.0,0.0,0.0,0
Salem,2024-04-26,0.0,0.0,0.0,0.0,0.0,0
Salem,2024-04-27,0.0,0.0,0.0,0.0,0.0,0
Salem,2024-04-28,0.0,0.0,0.0,0.0,0.0,0
Salem,2024-04-29,0.0,0.0,0.0,0.0,0.0,0
Salem,2024-04-30,0.1,0.1,0.0999999999999929,0.0999999999999858,0.0142857142857122,0
Salem,2024-05-01,0.0,0.0,0.0999999999999929,0.0999999999999858,0.0142857142857122,0
Salem,2024-05-02,0.0,0.0,0.0999999999999929,0.0999999999999858,0.0142857142857122,0
Salem,2024-05-03,0.0,0.0,0.0,0.0999999999999858,0.0142857142857122,0
Salem,2024-05-04,0.4,0.4,0.3999999999999929,0.4999999999999858,0.0714285714285694,0
Salem,2024-05-05,1.0,1.0,1.3999999999999928,1.4999999999999858,0.2142857142857122,0
Salem,2024-05-06,0.0,0.0,1.3999999999999928,1.4999999999999858,0.2142857142857122,0
Salem,2024-05-07,0.0,0.0,0.9999999999999928,1.3999999999999857,0.1999999999999979,0
Salem,2024-05-08,0.5,0.5,0.4999999999999929,1.8999999999999857,0.2714285714285694,0
Salem,2024-05-09,4.4,4.4,4.899999999999993,6.2999999999999865,0.899999999999998,0
Salem,2024-05-10,25.2,25.2,30.099999999999994,31.499999999999982,4.499999999999998,0
Salem,2024-05-11,14.8,14.8,44.39999999999999,45.89999999999999,6.557142857142856,0
Salem,2024-05-12,4.7,4.7,44.7,49.59999999999999,7.085714285714284,0
Salem,2024-05-13,9.3,9.3,28.79999999999999,58.89999999999999,8.414285714285713,1
Salem,2024-05-14,2.0,2.0,15.99999999999999,60.89999999999999,8.7,1
Salem,2024-05-15,8.3,8.3,19.59999999999999,68.69999999999999,9.814285714285711,1
Salem,2024-05-16,11.1,11.1,21.39999999999999,75.39999999999998,10.771428571428569,1
Salem,2024-05-17,9.1,9.1,28.49999999999999,59.29999999999998,8.47142857142857,1
Salem,2024-05-18,16.0,16.0,36.19999999999999,60.49999999999999,8.64285714285714,1
Salem,2024-05-19,10.9,10.9,35.999999999999986,66.69999999999999,9.528571428571428,1
Salem,2024-05-20,24.4,24.4,51.29999999999998,81.79999999999998,11.685714285714283,1
Salem,2024-05-21,18.6,18.6,53.89999999999999,98.4,14.057142857142855,1
Salem,2024-05-22,25.4,25.4,68.39999999999999,115.5,16.5,2
Salem,2024-05-23,8.7,8.7,52.69999999999999,113.09999999999998,16.157142857142855,2
Salem,2024-05-24,5.8,5.8,39.899999999999984,109.79999999999998,15.685714285714283,2
Salem,2024-05-25,0.0,0.0,14.49999999999999,93.79999999999998,13.399999999999997,1
Salem,2024-05-26,0.2,0.2,5.999999999999989,83.09999999999998,11.871428571428568,1
Salem,2024-05-27,0.0,0.0,0.1999999999999893,58.69999999999998,8.385714285714283,1
Salem,2024-05-28,0.2,0.2,0.3999999999999893,40.29999999999998,5.757142857142855,0
Salem,2024-05-29,0.0,0.0,0.1999999999999893,14.899999999999984,2.1285714285714263,0
Salem,2024-05-30,0.4,0.4,0.5999999999999894,6.599999999999985,0.9428571428571408,0
Salem,2024-05-31,10.1,10.1,10.49999999999999,10.899999999999984,1.557142857142855,0
Salem,2024-06-01,7.4,7.4,17.89999999999999,18.299999999999983,2.6142857142857125,0
Salem,2024-06-02,7.7,7.7,25.199999999999992,25.799999999999983,3.685714285714284,0
Salem,2024-06-03,7.5,7.5,22.59999999999999,33.29999999999999,4.757142857142855,0
Salem,2024-06-04,14.5,14.5,29.69999999999999,47.59999999999998,6.799999999999997,0
Salem,2024-06-05,14.9,14.9,36.89999999999999,62.49999999999999,8.928571428571427,1
Salem,2024-06-06,19.0,19.0,48.39999999999999,81.1,11.585714285714284,1
Salem,2024-06-07,7.6,7.6,41.49999999999999,78.6,11.228571428571428,1
Salem,2024-06-08,7.6,7.6,34.19999999999999,78.79999999999998,11.257142857142854,1
Salem,2024-06-09,2.3,2.3,17.499999999999993,73.39999999999998,10.485714285714282,1
Salem,2024-06-10,2.9,2.9,12.799999999999992,68.79999999999998,9.828571428571426,1
Salem,2024-06-11,1.9,1.9,7.0999999999999925,56.19999999999998,8.028571428571427,1
Salem,2024-06-12,3.8,3.8,8.599999999999993,45.09999999999999,6.442857142857141,0
Salem,2024-06-13,1.8,1.8,7.499999999999992,27.899999999999984,3.985714285714284,0
Salem,2024-06-14,0.0,0.0,5.5999999999999925,20.299999999999983,2.8999999999999977,0
Salem,2024-06-15,0.0,0.0,1.799999999999993,12.699999999999983,1.814285714285712,0
Salem,2024-06-16,0.1,0.1,0.0999999999999929,10.499999999999984,1.4999999999999978,0
Salem,2024-06-17,0.2,0.2,0.2999999999999929,7.799999999999986,1.1142857142857123,0
Salem,2024-06-18,1.6,1.6,1.899999999999993,7.499999999999986,1.0714285714285694,0
Salem,2024-06-19,32.2,32.2,33.99999999999999,35.89999999999999,5.128571428571427,0
Salem,2024-06-20,17.2,17.2,50.99999999999999,51.3,7.328571428571428,1
Salem,2024-06-21,0.9,0.9,50.3,52.2,7.457142857142856,1
Salem,2024-06-22,1.2,1.2,19.299999999999997,53.39999999999999,7.628571428571427,1
Salem,2024-06-23,1.5,1.5,3.599999999999993,54.79999999999999,7.828571428571427,1
Salem,2024-06-24,3.4,3.4,6.0999999999999925,57.99999999999999,8.285714285714283,1
Salem,2024-06-25,4.7,4.7,9.599999999999994,61.09999999999999,8.728571428571426,1
Salem,2024-06-26,1.8,1.8,9.899999999999991,30.699999999999985,4.385714285714284,0
Salem,2024-06-27,0.3,0.3,6.799999999999993,13.799999999999986,1.9714285714285693,0
Salem,2024-06-28,0.1,0.1,2.199999999999994,12.999999999999986,1.8571428571428552,0
Salem,2024-06-29,0.3,0.3,0.6999999999999937,12.099999999999987,1.7285714285714266,0
Salem,2024-06-30,3.4,3.4,3.7999999999999936,13.999999999999986,1.999999999999998,0
Salem,2024-07-01,0.9,0.9,4.599999999999993,11.499999999999986,1.6428571428571408,0
Salem,2024-07-02,0.0,0.0,4.299999999999994,6.799999999999986,0.9714285714285694,0
Salem,2024-07-03,14.6,14.6,15.499999999999991,19.599999999999987,2.799999999999998,0
Salem,2024-07-04,9.1,9.1,23.699999999999992,28.399999999999984,4.057142857142855,0
Salem,2024-07-05,0.9,0.9,24.59999999999999,29.199999999999985,4.171428571428569,0
Salem,2024-07-06,2.0,2.0,11.999999999999991,30.899999999999984,4.414285714285712,0
Salem,2024-07-07,1.4,1.4,4.299999999999993,28.899999999999984,4.128571428571426,0
Salem,2024-07-08,1.1,1.1,4.499999999999993,29.099999999999984,4.157142857142855,0
Salem,2024-07-09,0.3,0.3,2.7999999999999927,29.399999999999984,4.1999999999999975,0
Salem,2024-07-10,1.1,1.1,2.499999999999993,15.899999999999986,2.2714285714285696,0
Salem,2024-07-11,0.2,0.2,1.599999999999993,6.999999999999986,0.999999999999998,0
Salem,2024-07-12,13.0,13.0,14.299999999999994,19.099999999999987,2.728571428571427,0
Salem,2024-07-13,5.2,5.2,18.399999999999995,22.299999999999983,3.185714285714284,0
Salem,2024-07-14,1.7,1.7,19.899999999999995,22.599999999999987,3.228571428571427,0
Salem,2024-07-15,18.2,18.2,25.099999999999994,39.69999999999999,5.67142857142857,0
Salem,2024-07-16,4.2,4.2,24.09999999999999,43.59999999999999,6.228571428571427,0
Salem,2024-07-17,3.2,3.2,25.599999999999994,45.69999999999999,6.528571428571427,0
Salem,2024-07-18,5.5,5.5,12.899999999999991,50.99999999999999,7.285714285714284,1
Salem,2024-07-19,6.3,6.3,14.999999999999991,44.29999999999998,6.3285714285714265,0
Salem,2024-07-20,0.0,0.0,11.799999999999994,39.09999999999999,5.585714285714284,0
Salem,2024-07-21,0.6,0.6,6.899999999999992,37.99999999999999,5.428571428571426,0
Salem,2024-07-22,1.3,1.3,1.8999999999999928,21.099999999999987,3.0142857142857125,0
Salem,2024-07-23,1.4,1.4,3.2999999999999927,18.299999999999983,2.6142857142857125,0
Salem,2024-07-24,0.9,0.9,3.5999999999999925,15.999999999999986,2.285714285714284,0
Salem,2024-07-25,10.1,10.1,12.399999999999991,20.599999999999987,2.942857142857141,0
Salem,2024-07-26,1.2,1.2,12.199999999999992,15.499999999999984,2.214285714285712,0
Salem,2024-07-27,0.0,0.0,11.299999999999992,15.499999999999986,2.214285714285712,0
Salem,2024-07-28,0.1,0.1,1.299999999999993,14.999999999999986,2.142857142857141,0
Salem,2024-07-29,6.2,6.2,6.299999999999994,19.899999999999984,2.8428571428571408,0
Salem,2024-07-30,4.1,4.1,10.399999999999991,22.599999999999987,3.228571428571427,0
Salem,2024-07-31,20.0,20.0,30.29999999999999,41.69999999999999,5.957142857142856,0
Salem,2024-08-01,3.3,3.3,27.39999999999999,34.899999999999984,4.985714285714283,0
Salem,2024-08-02,7.0,7.0,30.29999999999999,40.69999999999999,5.814285714285712,0
Salem,2024-08-03,0.1,0.1,10.39999999999999,40.79999999999999,5.828571428571427,0
Salem,2024-08-04,4.3,4.3,11.399999999999988,44.99999999999999,6.428571428571426,0
Salem,2024-08-05,4.1,4.1,8.49999999999999,42.899999999999984,6.128571428571426,0
Salem,2024-08-06,1.5,1.5,9.899999999999988,40.29999999999998,5.757142857142855,0
Salem,2024-08-07,14.3,14.3,19.899999999999988,34.59999999999999,4.942857142857141,0
Salem,2024-08-08,5.1,5.1,20.899999999999988,36.399999999999984,5.1999999999999975,0
Salem,2024-08-09,12.8,12.8,32.19999999999999,42.19999999999999,6.028571428571427,0
Salem,2024-08-10,7.3,7.3,25.19999999999999,49.399999999999984,7.057142857142855,0
Salem,2024-08-11,1.9,1.9,21.999999999999982,46.99999999999999,6.714285714285713,0
Salem,2024-08-12,23.8,23.8,32.999999999999986,66.69999999999999,9.528571428571428,1
Salem,2024-08-13,8.9,8.9,34.59999999999999,74.09999999999998,10.585714285714284,1
Salem,2024-08-14,18.2,18.2,50.89999999999999,77.99999999999999,11.14285714285714,1
Salem,2024-08-15,1.5,1.5,28.59999999999999,74.39999999999998,10.628571428571425,1
Salem,2024-08-16,16.1,16.1,35.79999999999999,77.69999999999999,11.099999999999998,1
Salem,2024-08-17,7.0,7.0,24.599999999999994,77.39999999999998,11.057142857142852,1
Salem,2024-08-18,0.5,0.5,23.599999999999994,75.99999999999997,10.857142857142852,1
Salem,2024-08-19,14.4,14.4,21.89999999999999,66.59999999999998,9.51428571428571,1
Salem,2024-08-20,3.9,3.9,18.799999999999997,61.59999999999998,8.799999999999997,1
Salem,2024-08-21,6.3,6.3,24.599999999999994,49.69999999999999,7.099999999999999,0
Salem,2024-08-22,0.0,0.0,10.199999999999992,48.19999999999999,6.885714285714284,0
Salem,2024-08-23,0.0,0.0,6.299999999999992,32.09999999999999,4.585714285714284,0
Salem,2024-08-24,0.8,0.8,0.7999999999999929,25.899999999999984,3.699999999999998,0
Salem,2024-08-25,0.2,0.2,0.9999999999999928,25.599999999999987,3.6571428571428553,0
Salem,2024-08-26,0.0,0.0,0.9999999999999928,11.199999999999983,1.599999999999998,0
Salem,2024-08-27,2.2,2.2,2.399999999999993,9.499999999999986,1.3571428571428552,0
Salem,2024-08-28,0.5,0.5,2.699999999999993,3.699999999999986,0.5285714285714266,0
Salem,2024-08-29,12.2,12.2,14.899999999999991,15.899999999999984,2.271428571428569,0
Salem,2024-08-30,5.7,5.7,18.39999999999999,21.599999999999984,3.085714285714283,0
Salem,2024-08-31,0.2,0.2,18.09999999999999,20.999999999999982,2.9999999999999973,0
Salem,2024-09-01,4.2,4.2,10.099999999999994,24.999999999999982,3.5714285714285694,0
Salem,2024-09-02,0.6,0.6,4.999999999999993,25.599999999999984,3.657142857142855,0
Salem,2024-09-03,0.7,0.7,5.499999999999993,24.099999999999987,3.442857142857141,0
Salem,2024-09-04,0.0,0.0,1.2999999999999927,23.599999999999987,3.3714285714285697,0
Salem,2024-09-05,0.0,0.0,0.6999999999999929,11.399999999999986,1.6285714285714266,0
Salem,2024-09-06,0.7,0.7,0.6999999999999929,6.399999999999986,0.9142857142857124,0
Salem,2024-09-07,0.3,0.3,0.9999999999999928,6.499999999999986,0.9285714285714264,0
Salem,2024-09-08,6.1,6.1,7.0999999999999925,8.399999999999984,1.1999999999999975,0
Salem,2024-09-09,1.1,1.1,7.499999999999993,8.899999999999986,1.2714285714285694,0
Salem,2024-09-10,0.5,0.5,7.699999999999992,8.699999999999985,1.2428571428571409,0
Salem,2024-09-11,0.5,0.5,2.099999999999993,9.199999999999983,1.314285714285712,0
Salem,2024-09-12,0.3,0.3,1.299999999999993,9.499999999999984,1.3571428571428548,0
Salem,2024-09-13,0.1,0.1,0.8999999999999929,8.899999999999986,1.2714285714285694,0
Salem,2024-09-14,0.9,0.9,1.299999999999993,9.499999999999984,1.3571428571428548,0
Salem,2024-09-15,1.6,1.6,2.599999999999993,4.999999999999986,0.7142857142857123,0
Salem,2024-09-16,0.0,0.0,2.499999999999993,3.899999999999986,0.5571428571428552,0
Salem,2024-09-17,0.7,0.7,2.2999999999999927,4.099999999999985,0.5857142857142836,0
Salem,2024-09-18,0.0,0.0,0.6999999999999929,3.599999999999986,0.5142857142857122,0
Salem,2024-09-19,0.9,0.9,1.599999999999993,4.199999999999986,0.599999999999998,0
Salem,2024-09-20,1.3,1.3,2.199999999999993,5.399999999999986,0.7714285714285695,0
Salem,2024-09-21,0.2,0.2,2.399999999999993,4.699999999999986,0.6714285714285694,0
Salem,2024-09-22,0.0,0.0,1.499999999999993,3.099999999999986,0.4428571428571408,0
Salem,2024-09-23,1.3,1.3,1.499999999999993,4.399999999999986,0.6285714285714266,0
Salem,2024-09-24,7.2,7.2,8.499999999999993,10.899999999999986,1.5571428571428552,0
Salem,2024-09-25,0.0,0.0,8.499999999999993,10.899999999999986,1.5571428571428552,0
Salem,2024-09-26,0.0,0.0,7.199999999999993,9.999999999999986,1.4285714285714266,0
Salem,2024-09-27,7.9,7.9,7.899999999999993,16.599999999999987,2.3714285714285697,0
Salem,2024-09-28,4.4,4.4,12.299999999999994,20.799999999999983,2.9714285714285693,0
Salem,2024-09-29,4.6,4.6,16.89999999999999,25.399999999999984,3.6285714285714255,0
Salem,2024-09-30,0.3,0.3,9.299999999999994,24.399999999999984,3.4857142857142835,0
Salem,2024-10-01,2.2,2.2,7.0999999999999925,19.399999999999984,2.771428571428569,0
Salem,2024-10-02,6.1,6.1,8.599999999999993,25.499999999999982,3.642857142857141,0
Salem,2024-10-03,0.9,0.9,9.199999999999992,26.399999999999984,3.771428571428569,0
Salem,2024-10-04,26.7,26.7,33.69999999999999,45.19999999999999,6.457142857142856,0
Salem,2024-10-05,8.6,8.6,36.19999999999999,49.39999999999998,7.057142857142854,0
Salem,2024-10-06,0.2,0.2,35.49999999999999,44.99999999999999,6.428571428571426,0
Salem,2024-10-07,12.6,12.6,21.39999999999999,57.29999999999998,8.185714285714283,1
Salem,2024-10-08,3.7,3.7,16.499999999999993,58.79999999999998,8.399999999999997,1
Salem,2024-10-09,14.2,14.2,30.499999999999996,66.89999999999998,9.557142857142852,1
Salem,2024-10-10,14.4,14.4,32.29999999999999,80.39999999999998,11.485714285714282,1
Salem,2024-10-11,20.4,20.4,48.99999999999999,74.1,10.585714285714284,1
Salem,2024-10-12,9.5,9.5,44.29999999999998,74.99999999999997,10.71428571428571,1
Salem,2024-10-13,3.9,3.9,33.79999999999999,78.69999999999999,11.242857142857142,1
Salem,2024-10-14,23.6,23.6,36.99999999999999,89.69999999999999,12.814285714285711,1
Salem,2024-10-15,31.7,31.7,59.19999999999999,117.69999999999996,16.81428571428571,2
Salem,2024-10-16,1.3,1.3,56.59999999999999,104.79999999999998,14.97142857142857,2
Salem,2024-10-17,0.7,0.7,33.69999999999999,91.09999999999998,13.01428571428571,1
Salem,2024-10-18,1.0,1.0,2.9999999999999893,71.69999999999999,10.242857142857142,1
Salem,2024-10-19,0.8,0.8,2.4999999999999893,62.99999999999999,8.999999999999998,1
Salem,2024-10-20,5.6,5.6,7.399999999999989,64.69999999999999,9.242857142857142,1
Salem,2024-10-21,6.2,6.2,12.599999999999987,47.29999999999998,6.757142857142855,0
Salem,2024-10-22,29.3,29.3,41.09999999999999,44.89999999999999,6.414285714285713,0
Salem,2024-10-23,0.4,0.4,35.89999999999999,43.99999999999999,6.285714285714285,0
Salem,2024-10-24,0.0,0.0,29.699999999999992,43.29999999999999,6.185714285714284,0
Salem,2024-10-25,0.3,0.3,0.6999999999999893,42.59999999999999,6.085714285714284,0
Salem,2024-10-26,0.1,0.1,0.3999999999999893,41.89999999999999,5.985714285714285,0
Salem,2024-10-27,0.0,0.0,0.3999999999999893,36.29999999999999,5.185714285714284,0
Salem,2024-10-28,0.2,0.2,0.2999999999999894,30.299999999999983,4.3285714285714265,0
Salem,2024-10-29,0.1,0.1,0.2999999999999894,1.0999999999999894,0.1571428571428556,0
Salem,2024-10-30,0.1,0.1,0.3999999999999893,0.7999999999999894,0.1142857142857127,0
Salem,2024-10-31,1.4,1.4,1.5999999999999892,2.199999999999989,0.3142857142857128,0
Salem,2024-11-01,7.0,7.0,8.49999999999999,8.89999999999999,1.27142857142857,0
Salem,2024-11-02,13.0,13.0,21.39999999999999,21.79999999999999,3.114285714285713,0
Salem,2024-11-03,3.2,3.2,23.199999999999992,24.99999999999999,3.57142857142857,0
Salem,2024-11-04,4.8,4.8,20.999999999999982,29.59999999999999,4.228571428571427,0
Salem,2024-11-05,0.8,0.8,8.79999999999999,30.29999999999999,4.328571428571427,0
Salem,2024-11-06,0.0,0.0,5.599999999999989,30.199999999999992,4.314285714285713,0
Salem,2024-11-07,3.5,3.5,4.299999999999989,32.29999999999999,4.614285714285713,0
Salem,2024-11-08,0.3,0.3,3.799999999999989,25.59999999999999,3.657142857142856,0
Salem,2024-11-09,0.1,0.1,3.899999999999989,12.699999999999989,1.8142857142857127,0
Salem,2024-11-10,0.1,0.1,0.4999999999999893,9.59999999999999,1.37142857142857,0
Salem,2024-11-11,0.0,0.0,0.1999999999999893,4.799999999999989,0.6857142857142842,0
Salem,2024-11-12,0.1,0.1,0.1999999999999893,4.099999999999989,0.5857142857142842,0
Salem,2024-11-13,1.8,1.8,1.8999999999999893,5.89999999999999,0.8428571428571414,0
Salem,2024-11-14,3.6,3.6,5.499999999999989,5.999999999999989,0.8571428571428557,0
Salem,2024-11-15,0.5,0.5,5.89999999999999,6.1999999999999895,0.8857142857142842,0
Salem,2024-11-16,1.7,1.7,5.799999999999989,7.799999999999989,1.1142857142857128,0
Salem,2024-11-17,3.7,3.7,5.89999999999999,11.39999999999999,1.628571428571427,0
Salem,2024-11-18,0.1,0.1,5.499999999999989,11.49999999999999,1.6428571428571412,0
Salem,2024-11-19,0.0,0.0,3.7999999999999896,11.39999999999999,1.628571428571427,0
Salem,2024-11-20,0.0,0.0,0.0999999999999893,9.599999999999987,1.37142857142857,0
Salem,2024-11-21,0.0,0.0,0.0,5.999999999999989,0.8571428571428557,0
Salem,2024-11-22,0.0,0.0,0.0,5.499999999999989,0.7857142857142841,0
Salem,2024-11-23,0.2,0.2,0.1999999999999893,3.999999999999989,0.57142857142857,0
Salem,2024-11-24,0.2,0.2,0.3999999999999893,0.4999999999999893,0.0714285714285699,0
Salem,2024-11-25,0.0,0.0,0.3999999999999893,0.3999999999999893,0.0571428571428556,0
Salem,2024-11-26,15.5,15.5,15.699999999999989,15.89999999999999,2.27142857142857,0
Salem,2024-11-27,0.8,0.8,16.29999999999999,16.69999999999999,2.385714285714284,0
Salem,2024-11-28,0.0,0.0,16.29999999999999,16.69999999999999,2.385714285714284,0
Salem,2024-11-29,1.5,1.5,2.299999999999989,18.19999999999999,2.5999999999999983,0
Salem,2024-11-30,13.2,13.2,14.699999999999989,31.19999999999999,4.457142857142856,0
Salem,2024-12-01,72.6,72.6,87.29999999999998,103.59999999999998,14.799999999999995,2
Salem,2024-12-02,94.2,94.2,180.0,197.8,28.257142857142856,2
Salem,2024-12-03,1.9,1.9,168.7,184.2,26.314285714285717,2
Salem,2024-12-04,0.0,0.0,96.1,183.4,26.2,2
Salem,2024-12-05,0.7,0.7,2.599999999999985,184.1,26.299999999999997,2
Salem,2024-12-06,0.0,0.0,0.6999999999999857,182.6,26.08571428571428,2
Salem,2024-12-07,1.0,1.0,1.6999999999999855,170.39999999999998,24.342857142857135,2
Salem,2024-12-08,0.0,0.0,0.9999999999999858,97.79999999999998,13.97142857142857,1
Salem,2024-12-09,0.7,0.7,1.6999999999999855,4.299999999999986,0.6142857142857122,0
Salem,2024-12-10,0.5,0.5,1.1999999999999855,2.8999999999999857,0.4142857142857122,0
Salem,2024-12-11,5.0,5.0,6.199999999999986,7.899999999999986,1.1285714285714266,0
Salem,2024-12-12,26.3,26.3,31.799999999999983,33.499999999999986,4.785714285714284,0
Salem,2024-12-13,8.0,8.0,39.29999999999998,41.49999999999999,5.928571428571426,0
Salem,2024-12-14,0.6,0.6,34.899999999999984,41.09999999999999,5.871428571428569,0
Salem,2024-12-15,0.0,0.0,8.599999999999985,41.09999999999999,5.871428571428569,0
Salem,2024-12-16,0.0,0.0,0.5999999999999858,40.399999999999984,5.77142857142857,0
Salem,2024-12-17,0.0,0.0,0.0,39.899999999999984,5.6999999999999975,0
Salem,2024-12-18,0.0,0.0,0.0,34.89999999999999,4.985714285714285,0
Salem,2024-12-19,0.3,0.3,0.2999999999999858,8.899999999999986,1.2714285714285694,0
Salem,2024-12-20,0.4,0.4,0.6999999999999857,1.2999999999999858,0.1857142857142837,0
Salem,2024-12-21,0.0,0.0,0.6999999999999857,0.6999999999999857,0.0999999999999979,0
Salem,2024-12-22,0.3,0.3,0.6999999999999857,0.9999999999999858,0.1428571428571408,0
Salem,2024-12-23,4.4,4.4,4.699999999999986,5.399999999999986,0.7714285714285695,0
Salem,2024-12-24,0.1,0.1,4.799999999999986,5.499999999999986,0.7857142857142837,0
Salem,2024-12-25,0.0,0.0,4.499999999999986,5.499999999999986,0.7857142857142837,0
Salem,2024-12-26,1.4,1.4,1.4999999999999858,6.599999999999986,0.942857142857141,0
Salem,2024-12-27,4.0,4.0,5.399999999999986,10.199999999999983,1.457142857142855,0
Salem,2024-12-28,0.3,0.3,5.699999999999986,10.499999999999986,1.499999999999998,0
Salem,2024-12-29,0.0,0.0,4.2999999999999865,10.199999999999983,1.457142857142855,0
Salem,2024-12-30,0.2,0.2,0.4999999999999867,5.999999999999986,0.8571428571428551,0
Salem,2024-12-31,0.0,0.0,0.1999999999999867,5.899999999999986,0.8428571428571409,0
Salem,2025-01-01,0.0,0.0,0.1999999999999867,5.899999999999986,0.8428571428571409,0
Salem,2025-01-02,0.0,0.0,0.0,4.499999999999986,0.6428571428571408,0
Salem,2025-01-03,0.0,0.0,0.0,0.4999999999999858,0.0714285714285694,0
Salem,2025-01-04,0.0,0.0,0.0,0.1999999999999858,0.0285714285714265,0
Salem,2025-01-05,0.0,0.0,0.0,0.1999999999999858,0.0285714285714265,0
Salem,2025-01-06,0.0,0.0,0.0,0.0,0.0,0
Salem,2025-01-07,0.0,0.0,0.0,0.0,0.0,0
Salem,2025-01-08,0.0,0.0,0.0,0.0,0.0,0
Salem,2025-01-09,0.0,0.0,0.0,0.0,0.0,0
Salem,2025-01-10,0.0,0.0,0.0,0.0,0.0,0
Salem,2025-01-11,0.0,0.0,0.0,0.0,0.0,0
Salem,2025-01-12,0.2,0.2,0.1999999999999867,0.1999999999999858,0.0285714285714265,0
Salem,2025-01-13,4.9,4.9,5.099999999999987,5.099999999999986,0.7285714285714266,0
Salem,2025-01-14,0.5,0.5,5.599999999999987,5.599999999999986,0.799999999999998,0
Salem,2025-01-15,0.0,0.0,5.399999999999987,5.599999999999986,0.799999999999998,0
Salem,2025-01-16,0.0,0.0,0.4999999999999867,5.599999999999986,0.799999999999998,0
Salem,2025-01-17,0.0,0.0,0.0,5.599999999999986,0.799999999999998,0
Salem,2025-01-18,0.0,0.0,0.0,5.599999999999986,0.799999999999998,0
Salem,2025-01-19,15.7,15.7,15.699999999999983,21.099999999999987,3.0142857142857125,0
Salem,2025-01-20,0.0,0.0,15.699999999999983,16.19999999999999,2.3142857142857127,0
Salem,2025-01-21,0.0,0.0,15.699999999999983,15.699999999999983,2.2428571428571407,0
Salem,2025-01-22,0.0,0.0,0.0,15.699999999999983,2.2428571428571407,0
Salem,2025-01-23,0.0,0.0,0.0,15.699999999999983,2.2428571428571407,0
Salem,2025-01-24,0.0,0.0,0.0,15.699999999999983,2.2428571428571407,0
Salem,2025-01-25,0.0,0.0,0.0,15.699999999999983,2.2428571428571407,0
Salem,2025-01-26,0.0,0.0,0.0,0.0,0.0,0
Salem,2025-01-27,0.0,0.0,0.0,0.0,0.0,0
Salem,2025-01-28,0.0,0.0,0.0,0.0,0.0,0
Salem,2025-01-29,0.0,0.0,0.0,0.0,0.0,0
Salem,2025-01-30,0.0,0.0,0.0,0.0,0.0,0
Salem,2025-01-31,0.1,0.1,0.0999999999999858,0.0999999999999858,0.0142857142857122,0
Salem,2025-02-01,0.0,0.0,0.0999999999999858,0.0999999999999858,0.0142857142857122,0
Salem,2025-02-02,0.0,0.0,0.0999999999999858,0.0999999999999858,0.0142857142857122,0
Salem,2025-02-03,0.0,0.0,0.0,0.0999999999999858,0.0142857142857122,0
Salem,2025-02-04,0.0,0.0,0.0,0.0999999999999858,0.0142857142857122,0
Salem,2025-02-05,0.0,0.0,0.0,0.0999999999999858,0.0142857142857122,0
Salem,2025-02-06,0.0,0.0,0.0,0.0999999999999858,0.0142857142857122,0
Salem,2025-02-07,0.0,0.0,0.0,0.0,0.0,0
Salem,2025-02-08,0.0,0.0,0.0,0.0,0.0,0
Salem,2025-02-09,0.0,0.0,0.0,0.0,0.0,0
Salem,2025-02-10,0.0,0.0,0.0,0.0,0.0,0
Salem,2025-02-11,0.0,0.0,0.0,0.0,0.0,0
Salem,2025-02-12,0.0,0.0,0.0,0.0,0.0,0
Salem,2025-02-13,0.0,0.0,0.0,0.0,0.0,0
Salem,2025-02-14,0.0,0.0,0.0,0.0,0.0,0
Salem,2025-02-15,0.0,0.0,0.0,0.0,0.0,0
Salem,2025-02-16,0.0,0.0,0.0,0.0,0.0,0
Salem,2025-02-17,0.0,0.0,0.0,0.0,0.0,0
Salem,2025-02-18,0.0,0.0,0.0,0.0,0.0,0
Salem,2025-02-19,0.0,0.0,0.0,0.0,0.0,0
Salem,2025-02-20,0.0,0.0,0.0,0.0,0.0,0
Salem,2025-02-21,0.0,0.0,0.0,0.0,0.0,0
Salem,2025-02-22,0.1,0.1,0.0999999999999858,0.0999999999999858,0.0142857142857122,0
Salem,2025-02-23,0.0,0.0,0.0999999999999858,0.0999999999999858,0.0142857142857122,0
Salem,2025-02-24,0.0,0.0,0.0999999999999858,0.0999999999999858,0.0142857142857122,0
Salem,2025-02-25,0.0,0.0,0.0,0.0999999999999858,0.0142857142857122,0
Salem,2025-02-26,0.0,0.0,0.0,0.0999999999999858,0.0142857142857122,0
Salem,2025-02-27,0.0,0.0,0.0,0.0999999999999858,0.0142857142857122,0
Salem,2025-02-28,0.0,0.0,0.0,0.0999999999999858,0.0142857142857122,0
Salem,2025-03-01,0.5,0.5,0.4999999999999858,0.4999999999999858,0.0714285714285694,0
Salem,2025-03-02,0.0,0.0,0.4999999999999858,0.4999999999999858,0.0714285714285694,0
Salem,2025-03-03,0.1,0.1,0.5999999999999858,0.5999999999999858,0.0857142857142836,0
Salem,2025-03-04,0.0,0.0,0.0999999999999858,0.5999999999999858,0.0857142857142836,0
Salem,2025-03-05,0.0,0.0,0.0999999999999858,0.5999999999999858,0.0857142857142836,0
Salem,2025-03-06,0.0,0.0,0.0,0.5999999999999858,0.0857142857142836,0
Salem,2025-03-07,0.0,0.0,0.0,0.5999999999999858,0.0857142857142836,0
Salem,2025-03-08,0.0,0.0,0.0,0.0999999999999858,0.0142857142857122,0
Salem,2025-03-09,0.0,0.0,0.0,0.0999999999999858,0.0142857142857122,0
Salem,2025-03-10,0.0,0.0,0.0,0.0,0.0,0
Salem,2025-03-11,4.2,4.2,4.199999999999986,4.199999999999986,0.599999999999998,0
Salem,2025-03-12,2.9,2.9,7.099999999999985,7.099999999999985,1.0142857142857122,0
Salem,2025-03-13,0.3,0.3,7.399999999999986,7.399999999999986,1.0571428571428552,0
Salem,2025-03-14,0.0,0.0,3.199999999999985,7.399999999999986,1.0571428571428552,0
Salem,2025-03-15,0.0,0.0,0.2999999999999858,7.399999999999986,1.0571428571428552,0
Salem,2025-03-16,0.0,0.0,0.0,7.399999999999986,1.0571428571428552,0
Salem,2025-03-17,0.0,0.0,0.0,7.399999999999986,1.0571428571428552,0
Salem,2025-03-18,0.0,0.0,0.0,3.199999999999985,0.4571428571428551,0
Salem,2025-03-19,0.0,0.0,0.0,0.2999999999999858,0.0428571428571408,0
Salem,2025-03-20,0.0,0.0,0.0,0.0,0.0,0
Salem,2025-03-21,0.3,0.3,0.2999999999999858,0.2999999999999858,0.0428571428571408,0
Salem,2025-03-22,7.3,7.3,7.599999999999985,7.599999999999985,1.0857142857142836,0
Salem,2025-03-23,7.1,7.1,14.699999999999983,14.699999999999983,2.099999999999998,0
Salem,2025-03-24,1.5,1.5,15.899999999999984,16.199999999999985,2.3142857142857123,0
Salem,2025-03-25,0.0,0.0,8.599999999999985,16.199999999999985,2.3142857142857123,0
Salem,2025-03-26,0.0,0.0,1.4999999999999858,16.199999999999985,2.3142857142857123,0
Salem,2025-03-27,0.0,0.0,0.0,16.199999999999985,2.3142857142857123,0
Salem,2025-03-28,0.0,0.0,0.0,15.899999999999984,2.271428571428569,0
Salem,2025-03-29,0.0,0.0,0.0,8.599999999999985,1.2285714285714264,0
Salem,2025-03-30,0.0,0.0,0.0,1.4999999999999858,0.2142857142857122,0
Salem,2025-03-31,0.0,0.0,0.0,0.0,0.0,0
Salem,2025-04-01,0.0,0.0,0.0,0.0,0.0,0
Salem,2025-04-02,6.3,6.3,6.299999999999986,6.299999999999986,0.8999999999999979,0
Salem,2025-04-03,5.0,5.0,11.299999999999986,11.299999999999986,1.6142857142857123,0
Salem,2025-04-04,29.1,29.1,40.39999999999999,40.39999999999999,5.7714285714285705,0
Salem,2025-04-05,2.5,2.5,36.6,42.89999999999999,6.128571428571427,0
Salem,2025-04-06,0.3,0.3,31.899999999999988,43.19999999999999,6.17142857142857,0
Salem,2025-04-07,0.3,0.3,3.099999999999986,43.49999999999999,6.214285714285713,0
Salem,2025-04-08,0.0,0.0,0.5999999999999858,43.49999999999999,6.214285714285713,0
Salem,2025-04-09,0.0,0.0,0.2999999999999858,37.19999999999999,5.314285714285712,0
Salem,2025-04-10,0.0,0.0,0.0,32.19999999999999,4.599999999999999,0
Salem,2025-04-11,0.4,0.4,0.3999999999999858,3.499999999999986,0.4999999999999979,0
Salem,2025-04-12,0.0,0.0,0.3999999999999858,0.9999999999999858,0.1428571428571408,0
Salem,2025-04-13,1.0,1.0,1.3999999999999857,1.6999999999999855,0.2428571428571408,0
Salem,2025-04-14,1.3,1.3,2.299999999999986,2.699999999999986,0.3857142857142837,0
Salem,2025-04-15,0.0,0.0,2.299999999999986,2.699999999999986,0.3857142857142837,0
Salem,2025-04-16,0.2,0.2,1.499999999999986,2.8999999999999857,0.4142857142857122,0
Salem,2025-04-17,0.0,0.0,0.199999999999986,2.8999999999999857,0.4142857142857122,0
Salem,2025-04-18,0.9,0.9,1.099999999999986,3.399999999999986,0.4857142857142837,0
Salem,2025-04-19,0.0,0.0,0.899999999999986,3.399999999999986,0.4857142857142837,0
Salem,2025-04-20,0.0,0.0,0.8999999999999859,2.399999999999986,0.3428571428571408,0
Salem,2025-04-21,0.0,0.0,0.0,1.099999999999986,0.1571428571428551,0
Salem,2025-04-22,0.0,0.0,0.0,1.099999999999986,0.1571428571428551,0
Salem,2025-04-23,0.0,0.0,0.0,0.8999999999999859,0.1285714285714265,0
Salem,2025-04-24,0.0,0.0,0.0,0.8999999999999859,0.1285714285714265,0
Salem,2025-04-25,0.0,0.0,0.0,0.0,0.0,0
Salem,2025-04-26,0.1,0.1,0.099999999999986,0.0999999999999858,0.0142857142857122,0
Salem,2025-04-27,0.0,0.0,0.099999999999986,0.0999999999999858,0.0142857142857122,0
Salem,2025-04-28,0.0,0.0,0.099999999999986,0.0999999999999858,0.0142857142857122,0
Salem,2025-04-29,0.0,0.0,0.0,0.0999999999999858,0.0142857142857122,0
Salem,2025-04-30,0.0,0.0,0.0,0.0999999999999858,0.0142857142857122,0
Salem,2025-05-01,0.0,0.0,0.0,0.0999999999999858,0.0142857142857122,0
Salem,2025-05-02,0.1,0.1,0.099999999999986,0.1999999999999858,0.0285714285714265,0
Salem,2025-05-03,0.0,0.0,0.099999999999986,0.0999999999999858,0.0142857142857122,0
Salem,2025-05-04,0.1,0.1,0.199999999999986,0.1999999999999858,0.0285714285714265,0
Salem,2025-05-05,0.0,0.0,0.099999999999986,0.1999999999999858,0.0285714285714265,0
Salem,2025-05-06,0.0,0.0,0.099999999999986,0.1999999999999858,0.0285714285714265,0
Salem,2025-05-07,0.0,0.0,0.0,0.1999999999999858,0.0285714285714265,0
Salem,2025-05-08,0.0,0.0,0.0,0.1999999999999858,0.0285714285714265,0
Salem,2025-05-09,0.0,0.0,0.0,0.0999999999999858,0.0142857142857122,0
Salem,2025-05-10,0.1,0.1,0.099999999999986,0.1999999999999858,0.0285714285714265,0
Salem,2025-05-11,0.1,0.1,0.199999999999986,0.1999999999999858,0.0285714285714265,0
Salem,2025-05-12,6.0,6.0,6.199999999999986,6.199999999999986,0.8857142857142837,0
Salem,2025-05-13,0.2,0.2,6.2999999999999865,6.399999999999986,0.9142857142857124,0
Salem,2025-05-14,0.3,0.3,6.499999999999986,6.699999999999986,0.9571428571428552,0
Salem,2025-05-15,0.0,0.0,0.4999999999999858,6.699999999999986,0.9571428571428552,0
Salem,2025-05-16,0.3,0.3,0.5999999999999858,6.999999999999986,0.999999999999998,0
Salem,2025-05-17,48.9,48.9,49.19999999999998,55.79999999999998,7.971428571428569,1
Salem,2025-05-18,24.7,24.7,73.89999999999998,80.39999999999998,11.485714285714282,1
Salem,2025-05-19,21.0,21.0,94.59999999999998,95.39999999999998,13.628571428571425,1
Salem,2025-05-20,8.9,8.9,54.59999999999999,104.09999999999998,14.871428571428568,2
Salem,2025-05-21,0.0,0.0,29.899999999999984,103.79999999999998,14.828571428571426,2
Salem,2025-05-22,0.0,0.0,8.899999999999986,103.79999999999998,14.828571428571426,2
Salem,2025-05-23,1.7,1.7,1.6999999999999855,105.2,15.028571428571428,2
Salem,2025-05-24,4.0,4.0,5.699999999999986,60.29999999999998,8.614285714285712,1
Salem,2025-05-25,13.6,13.6,19.299999999999983,49.19999999999998,7.028571428571426,0
Salem,2025-05-26,12.0,12.0,29.599999999999987,40.19999999999999,5.742857142857141,0
Salem,2025-05-27,1.2,1.2,26.799999999999983,32.499999999999986,4.642857142857141,0
Salem,2025-05-28,2.8,2.8,15.999999999999984,35.29999999999998,5.04285714285714,0
Salem,2025-05-29,5.5,5.5,9.499999999999984,40.79999999999998,5.8285714285714265,0
Salem,2025-05-30,3.9,3.9,12.199999999999983,42.99999999999999,6.142857142857141,0
Salem,2025-05-31,0.0,0.0,9.399999999999984,38.99999999999999,5.571428571428569,0
Salem,2025-06-01,0.5,0.5,4.399999999999984,25.899999999999984,3.699999999999998,0
Salem,2025-06-02,0.3,0.3,0.7999999999999841,14.199999999999983,2.0285714285714262,0
Salem,2025-06-03,0.3,0.3,1.099999999999984,13.299999999999986,1.899999999999998,0
Salem,2025-06-04,0.4,0.4,0.999999999999984,10.899999999999986,1.5571428571428552,0
Salem,2025-06-05,0.0,0.0,0.699999999999984,5.399999999999986,0.7714285714285695,0
Salem,2025-06-06,0.0,0.0,0.399999999999984,1.4999999999999858,0.2142857142857122,0
Salem,2025-06-07,0.0,0.0,0.0,1.4999999999999858,0.2142857142857122,0
Salem,2025-06-08,0.0,0.0,0.0,0.9999999999999858,0.1428571428571408,0
Salem,2025-06-09,2.7,2.7,2.699999999999984,3.399999999999986,0.4857142857142837,0
Salem,2025-06-10,0.5,0.5,3.199999999999984,3.5999999999999863,0.5142857142857123,0
Salem,2025-06-11,9.8,9.8,12.999999999999986,12.999999999999986,1.8571428571428552,0
Salem,2025-06-12,1.3,1.3,11.599999999999987,14.299999999999986,2.042857142857141,0
Salem,2025-06-13,3.2,3.2,14.299999999999986,17.499999999999986,2.499999999999998,0
Salem,2025-06-14,2.4,2.4,6.899999999999986,19.899999999999984,2.8428571428571408,0
Salem,2025-06-15,0.6,0.6,6.199999999999986,20.499999999999982,2.9285714285714266,0
Salem,2025-06-16,2.4,2.4,5.399999999999986,20.199999999999985,2.8857142857142835,0
Salem,2025-06-17,1.0,1.0,3.999999999999986,20.699999999999985,2.957142857142855,0
Salem,2025-06-18,1.4,1.4,4.799999999999986,12.299999999999986,1.7571428571428551,0
Salem,2025-06-19,0.1,0.1,2.499999999999986,11.099999999999984,1.5857142857142836,0
Salem,2025-06-20,0.1,0.1,1.5999999999999857,7.999999999999986,1.1428571428571408,0
Salem,2025-06-21,0.1,0.1,0.3,5.699999999999985,0.8142857142857122,0
Salem,2025-06-22,0.6,0.6,0.7999999999999858,5.699999999999986,0.8142857142857123,0
Salem,2025-06-23,0.0,0.0,0.6999999999999859,3.2999999999999856,0.4714285714285693,0
Salem,2025-06-24,0.4,0.4,0.999999999999986,2.699999999999986,0.3857142857142837,0
Salem,2025-06-25,5.7,5.7,6.099999999999986,6.999999999999986,0.999999999999998,0
Salem,2025-06-26,1.0,1.0,7.099999999999986,7.899999999999987,1.1285714285714268,0
Salem,2025-06-27,0.2,0.2,6.899999999999986,7.999999999999987,1.142857142857141,0
Salem,2025-06-28,2.1,2.1,3.299999999999986,9.999999999999988,1.4285714285714268,0
Salem,2025-06-29,0.0,0.0,2.299999999999986,9.399999999999988,1.3428571428571412,0
Salem,2025-06-30,0.0,0.0,2.099999999999986,9.399999999999988,1.3428571428571412,0
Salem,2025-07-01,0.5,0.5,0.4999999999999858,9.499999999999988,1.3571428571428554,0
Salem,2025-07-02,4.4,4.4,4.899999999999986,8.199999999999989,1.1714285714285697,0
Salem,2025-07-03,0.0,0.0,4.899999999999986,7.199999999999988,1.028571428571427,0
Salem,2025-07-04,0.2,0.2,4.599999999999986,7.199999999999988,1.028571428571427,0
Salem,2025-07-05,1.0,1.0,1.1999999999999855,6.099999999999987,0.8714285714285696,0
Salem,2025-07-06,0.2,0.2,1.3999999999999857,6.299999999999987,0.8999999999999982,0
Salem,2025-07-07,0.0,0.0,1.1999999999999855,6.299999999999988,0.8999999999999984,0
Salem,2025-07-08,0.3,0.3,0.4999999999999858,6.099999999999988,0.8714285714285698,0
Salem,2025-07-09,0.3,0.3,0.5999999999999858,1.999999999999988,0.2857142857142839,0
Salem,2025-07-10,0.6,0.6,1.1999999999999855,2.599999999999987,0.3714285714285696,0
Salem,2025-07-11,20.7,20.7,21.599999999999984,23.099999999999987,3.299999999999998,0
Salem,2025-07-12,0.2,0.2,21.499999999999982,22.299999999999983,3.185714285714284,0
Salem,2025-07-13,1.8,1.8,22.699999999999985,23.899999999999988,3.4142857142857124,0
Salem,2025-07-14,1.5,1.5,3.499999999999986,25.399999999999988,3.628571428571427,0
Salem,2025-07-15,1.0,1.0,4.299999999999986,26.099999999999987,3.728571428571427,0
Salem,2025-07-16,26.1,26.1,28.599999999999987,51.89999999999999,7.414285714285713,1
Salem,2025-07-17,2.0,2.0,29.099999999999987,53.29999999999998,7.614285714285712,1
Salem,2025-07-18,8.0,8.0,36.09999999999999,40.6,5.799999999999999,0
Salem,2025-07-19,6.9,6.9,16.899999999999984,47.29999999999999,6.757142857142855,0
Salem,2025-07-20,11.8,11.8,26.69999999999999,57.29999999999999,8.185714285714285,1
Salem,2025-07-21,5.9,5.9,24.599999999999987,61.69999999999999,8.814285714285713,1
Salem,2025-07-22,0.1,0.1,17.79999999999999,60.79999999999999,8.685714285714285,1
Salem,2025-07-23,16.6,16.6,22.599999999999987,51.3,7.328571428571428,1
Salem,2025-07-24,0.3,0.3,16.99999999999999,49.6,7.0857142857142845,0
Salem,2025-07-25,0.1,0.1,16.999999999999986,41.7,5.957142857142856,0
Salem,2025-07-26,2.5,2.5,2.8999999999999857,37.3,5.328571428571428,0
Salem,2025-07-27,0.7,0.7,3.2999999999999856,26.199999999999992,3.7428571428571416,0
Salem,2025-07-28,0.4,0.4,3.599999999999986,20.699999999999992,2.957142857142856,0
Salem,2025-07-29,0.5,0.5,1.599999999999986,21.09999999999999,3.014285714285713,0
Salem,2025-07-30,1.0,1.0,1.8999999999999857,5.499999999999989,0.7857142857142841,0
Salem,2025-07-31,1.4,1.4,2.8999999999999857,6.599999999999989,0.9428571428571412,0
Salem,2025-08-01,0.3,0.3,2.699999999999985,6.799999999999989,0.97142857142857,0
Salem,2025-08-02,10.9,10.9,12.599999999999984,15.19999999999999,2.17142857142857,0
Salem,2025-08-03,20.6,20.6,31.799999999999983,35.099999999999994,5.014285714285713,0
Salem,2025-08-04,5.1,5.1,36.59999999999999,39.79999999999999,5.685714285714284,0
Salem,2025-08-05,15.0,15.0,40.69999999999999,54.29999999999999,7.757142857142855,1
Salem,2025-08-06,0.5,0.5,20.599999999999987,53.79999999999999,7.685714285714284,1
Salem,2025-08-07,0.0,0.0,15.499999999999986,52.39999999999999,7.485714285714285,1
Salem,2025-08-08,7.1,7.1,7.599999999999985,59.19999999999999,8.457142857142856,1
Salem,2025-08-09,3.7,3.7,10.799999999999986,51.99999999999999,7.428571428571428,1
Salem,2025-08-10,2.9,2.9,13.699999999999983,34.29999999999999,4.899999999999999,0
Salem,2025-08-11,0.9,0.9,7.499999999999986,30.099999999999987,4.299999999999998,0
Salem,2025-08-12,15.5,15.5,19.299999999999983,30.599999999999987,4.371428571428569,0
Salem,2025-08-13,0.6,0.6,16.99999999999999,30.69999999999999,4.385714285714284,0
Salem,2025-08-14,0.9,0.9,16.999999999999986,31.599999999999987,4.5142857142857125,0
Salem,2025-08-15,28.7,28.7,30.199999999999985,53.19999999999999,7.599999999999999,1
Salem,2025-08-16,2.5,2.5,32.09999999999998,51.99999999999999,7.428571428571428,1
Salem,2025-08-17,10.3,10.3,41.49999999999999,59.39999999999999,8.485714285714284,1
Salem,2025-08-18,1.3,1.3,14.099999999999987,59.79999999999999,8.542857142857141,1
Salem,2025-08-19,0.1,0.1,11.699999999999989,44.39999999999999,6.342857142857142,0
Salem,2025-08-20,0.2,0.2,1.599999999999986,43.99999999999999,6.285714285714284,0
Salem,2025-08-21,0.0,0.0,0.2999999999999858,43.09999999999999,6.157142857142856,0
Salem,2025-08-22,5.5,5.5,5.699999999999986,19.89999999999999,2.8428571428571416,0
Salem,2025-08-23,0.9,0.9,6.399999999999986,18.299999999999997,2.614285714285713,0
Salem,2025-08-24,0.0,0.0,6.399999999999986,7.999999999999993,1.142857142857142,0
Salem,2025-08-25,0.0,0.0,0.8999999999999858,6.699999999999993,0.9571428571428562,0
Salem,2025-08-26,0.3,0.3,0.2999999999999858,6.899999999999992,0.9857142857142848,0
Salem,2025-08-27,20.0,20.0,20.299999999999983,26.699999999999992,3.814285714285713,0
Salem,2025-08-28,5.2,5.2,25.499999999999982,31.89999999999999,4.557142857142856,0
Salem,2025-08-29,4.5,4.5,29.699999999999985,30.89999999999999,4.414285714285713,0
Salem,2025-08-30,0.8,0.8,10.499999999999986,30.799999999999997,4.4,0
Salem,2025-08-31,8.5,8.5,13.799999999999986,39.3,5.614285714285714,0
Salem,2025-09-01,4.6,4.6,13.899999999999986,43.89999999999999,6.2714285714285705,0
Salem,2025-09-02,0.4,0.4,13.499999999999986,43.99999999999999,6.285714285714284,0
Salem,2025-09-03,17.0,17.0,21.999999999999982,40.99999999999999,5.857142857142856,0
Salem,2025-09-04,0.3,0.3,17.699999999999985,36.09999999999999,5.157142857142856,0
Salem,2025-09-05,1.1,1.1,18.399999999999984,32.7,4.671428571428571,0
Salem,2025-09-06,2.1,2.1,3.499999999999986,33.99999999999999,4.857142857142856,0
Salem,2025-09-07,4.7,4.7,7.899999999999986,30.199999999999992,4.314285714285713,0
Salem,2025-09-08,0.3,0.3,7.099999999999985,25.899999999999995,3.6999999999999993,0
Salem,2025-09-09,0.2,0.2,5.199999999999986,25.699999999999992,3.6714285714285695,0
Salem,2025-09-10,16.1,16.1,16.599999999999987,24.799999999999997,3.542857142857142,0
Salem,2025-09-11,15.0,15.0,31.299999999999983,39.49999999999999,5.6428571428571415,0
Salem,2025-09-12,0.0,0.0,31.099999999999987,38.39999999999999,5.485714285714285,0
Salem,2025-09-13,0.5,0.5,15.499999999999986,36.8,5.257142857142857,0
Salem,2025-09-14,0.0,0.0,0.4999999999999858,32.099999999999994,4.5857142857142845,0
Salem,2025-09-15,0.4,0.4,0.8999999999999858,32.2,4.6,0
Salem,2025-09-16,4.8,4.8,5.199999999999986,36.8,5.257142857142857,0
Salem,2025-09-17,20.8,20.8,25.999999999999982,41.49999999999999,5.928571428571428,0
Salem,2025-09-18,16.3,16.3,41.89999999999999,42.8,6.114285714285714,0
Salem,2025-09-19,19.3,19.3,56.399999999999984,62.1,8.87142857142857,1
Salem,2025-09-20,2.7,2.7,38.29999999999999,64.3,9.185714285714283,1
Salem,2025-09-21,7.7,7.7,29.69999999999999,72.0,10.285714285714286,1
Salem,2025-09-22,6.5,6.5,16.899999999999984,78.1,11.157142857142857,1
Salem,2025-09-23,15.3,15.3,29.499999999999982,88.6,12.657142857142857,1
Salem,2025-09-24,1.8,1.8,23.599999999999984,69.6,9.94285714285714,1
Salem,2025-09-25,3.9,3.9,20.99999999999999,57.2,8.17142857142857,1
Salem,2025-09-26,1.2,1.2,6.899999999999986,39.1,5.5857142857142845,0
Salem,2025-09-27,1.7,1.7,6.7999999999999865,38.1,5.442857142857142,0
Salem,2025-09-28,0.1,0.1,2.999999999999986,30.5,4.357142857142857,0
Salem,2025-09-29,0.0,0.0,1.7999999999999858,23.999999999999996,3.4285714285714275,0
Salem,2025-09-30,0.0,0.0,0.0999999999999858,8.699999999999992,1.2428571428571418,0
Salem,2025-10-01,0.0,0.0,0.0,6.899999999999993,0.9857142857142848,0
Salem,2025-10-02,0.3,0.3,0.2999999999999858,3.2999999999999927,0.4714285714285703,0
Salem,2025-10-03,0.0,0.0,0.2999999999999858,2.0999999999999925,0.2999999999999989,0
Salem,2025-10-04,14.9,14.9,15.199999999999989,15.299999999999994,2.1857142857142846,0
Salem,2025-10-05,0.1,0.1,14.999999999999986,15.299999999999994,2.1857142857142846,0
Salem,2025-10-06,0.0,0.0,14.999999999999986,15.299999999999994,2.1857142857142846,0
Salem,2025-10-07,0.6,0.6,0.6999999999999857,15.899999999999991,2.2714285714285705,0
Salem,2025-10-08,7.9,7.9,8.499999999999986,23.799999999999997,3.399999999999999,0
Salem,2025-10-09,4.8,4.8,13.299999999999986,28.299999999999997,4.042857142857142,0
Salem,2025-10-10,6.5,6.5,19.199999999999985,34.8,4.971428571428571,0
Salem,2025-10-11,7.3,7.3,18.599999999999987,27.2,3.885714285714285,0
Salem,2025-10-12,0.9,0.9,14.699999999999983,27.999999999999996,3.999999999999999,0
Salem,2025-10-13,4.9,4.9,13.099999999999984,32.89999999999999,4.699999999999998,0
Salem,2025-10-14,4.2,4.2,9.999999999999986,36.49999999999999,5.2142857142857135,0
Salem,2025-10-15,4.9,4.9,13.999999999999986,33.49999999999999,4.785714285714285,0
Salem,2025-10-16,1.3,1.3,10.399999999999986,29.999999999999996,4.285714285714285,0
Salem,2025-10-17,10.8,10.8,16.999999999999986,34.3,4.9,0
Salem,2025-10-18,2.9,2.9,14.999999999999986,29.899999999999995,4.2714285714285705,0
Salem,2025-10-19,2.1,2.1,15.799999999999985,31.099999999999994,4.442857142857142,0
Salem,2025-10-20,3.3,3.3,8.299999999999983,29.499999999999996,4.2142857142857135,0
Salem,2025-10-21,11.7,11.7,17.09999999999998,36.99999999999999,5.285714285714285,0
Salem,2025-10-22,41.3,41.3,56.299999999999976,73.39999999999999,10.485714285714284,1
Salem,2025-10-23,2.3,2.3,55.299999999999976,74.39999999999999,10.628571428571428,1
Salem,2025-10-24,1.1,1.1,44.69999999999997,64.69999999999999,9.242857142857142,1
Salem,2025-10-25,0.0,0.0,3.3999999999999786,61.79999999999999,8.828571428571427,1
Salem,2025-10-26,0.0,0.0,1.0999999999999788,59.69999999999999,8.528571428571427,1
Salem,2025-10-27,1.3,1.3,1.2999999999999787,57.69999999999999,8.242857142857142,1
Salem,2025-10-28,0.7,0.7,1.999999999999979,46.69999999999999,6.67142857142857,0
Salem,2025-10-29,0.0,0.0,1.999999999999979,5.399999999999993,0.7714285714285705,0
Salem,2025-10-30,0.0,0.0,0.6999999999999786,3.099999999999993,0.4428571428571418,0
Salem,2025-10-31,0.0,0.0,0.0,1.999999999999993,0.2857142857142847,0
Salem,2025-11-01,0.0,0.0,0.0,1.999999999999993,0.2857142857142847,0
Salem,2025-11-02,0.0,0.0,0.0,1.999999999999993,0.2857142857142847,0
Salem,2025-11-03,0.0,0.0,0.0,0.6999999999999929,0.0999999999999989,0
Salem,2025-11-04,0.0,0.0,0.0,0.0,0.0,0
Salem,2025-11-05,6.3,6.3,6.2999999999999785,6.299999999999993,0.8999999999999989,0
Salem,2025-11-06,2.6,2.6,8.899999999999979,8.899999999999993,1.2714285714285705,0
Salem,2025-11-07,0.7,0.7,9.599999999999978,9.599999999999993,1.3714285714285703,0
Salem,2025-11-08,0.7,0.7,3.9999999999999782,10.299999999999994,1.4714285714285704,0
Salem,2025-11-09,0.0,0.0,1.3999999999999786,10.299999999999994,1.4714285714285704,0
Salem,2025-11-10,0.0,0.0,0.6999999999999786,10.299999999999994,1.4714285714285704,0
Salem,2025-11-11,1.7,1.7,1.6999999999999786,11.999999999999991,1.7142857142857133,0
Salem,2025-11-12,1.3,1.3,2.9999999999999787,6.999999999999993,0.999999999999999,0
Salem,2025-11-13,1.7,1.7,4.699999999999979,6.099999999999993,0.8714285714285704,0
Salem,2025-11-14,1.9,1.9,4.899999999999978,7.299999999999993,1.0428571428571418,0
Salem,2025-11-15,0.0,0.0,3.5999999999999783,6.5999999999999925,0.9428571428571418,0
Salem,2025-11-16,1.0,1.0,2.8999999999999786,7.599999999999992,1.0857142857142847,0
Salem,2025-11-17,2.0,2.0,2.9999999999999787,9.599999999999993,1.3714285714285703,0
Salem,2025-11-18,4.4,4.4,7.399999999999979,12.299999999999994,1.7571428571428562,0
Salem,2025-11-19,2.7,2.7,9.09999999999998,13.699999999999992,1.957142857142856,0
Salem,2025-11-20,0.3,0.3,7.399999999999979,12.299999999999994,1.7571428571428562,0
Salem,2025-11-21,6.1,6.1,9.099999999999978,16.499999999999993,2.3571428571428563,0
Salem,2025-11-22,1.5,1.5,7.899999999999978,17.999999999999993,2.5714285714285703,0
Salem,2025-11-23,5.8,5.8,13.399999999999975,22.79999999999999,3.257142857142856,0
Salem,2025-11-24,8.4,8.4,15.69999999999998,29.199999999999992,4.17142857142857,0
Salem,2025-11-25,1.0,1.0,15.19999999999998,25.799999999999997,3.6857142857142846,0
Salem,2025-11-26,0.0,0.0,9.39999999999998,23.099999999999994,3.2999999999999994,0
Salem,2025-11-27,0.1,0.1,1.0999999999999788,22.899999999999995,3.271428571428571,0
Salem,2025-11-28,0.0,0.0,0.0999999999999786,16.799999999999994,2.399999999999999,0
Salem,2025-11-29,11.9,11.9,11.99999999999998,27.199999999999992,3.885714285714285,0
Salem,2025-11-30,11.3,11.3,23.19999999999998,32.69999999999999,4.67142857142857,0
Salem,2025-12-01,1.1,1.1,24.29999999999998,25.399999999999995,3.628571428571428,0
Salem,2025-12-02,1.3,1.3,13.69999999999998,25.699999999999992,3.6714285714285695,0
Salem,2025-12-03,6.8,6.8,9.199999999999978,32.49999999999999,4.6428571428571415,0
Salem,2025-12-04,0.6,0.6,8.69999999999998,32.99999999999999,4.7142857142857135,0
Salem,2025-12-05,4.8,4.8,12.199999999999978,37.79999999999999,5.399999999999999,0
Salem,2025-12-06,0.1,0.1,5.499999999999978,25.999999999999996,3.714285714285713,0
Salem,2025-12-07,0.7,0.7,5.599999999999978,15.399999999999991,2.199999999999999,0
Salem,2025-12-08,0.0,0.0,0.7999999999999786,14.299999999999994,2.042857142857142,0
Salem,2025-12-09,0.0,0.0,0.6999999999999786,12.999999999999991,1.857142857142856,0
Salem,2025-12-10,0.0,0.0,0.0,6.199999999999992,0.8857142857142846,0
Salem,2025-12-11,0.0,0.0,0.0,5.5999999999999925,0.7999999999999989,0
Salem,2025-12-12,0.0,0.0,0.0,0.7999999999999928,0.1142857142857132,0
Salem,2025-12-13,0.0,0.0,0.0,0.6999999999999929,0.0999999999999989,0
Salem,2025-12-14,0.0,0.0,0.0,0.0,0.0,0
Salem,2025-12-15,0.0,0.0,0.0,0.0,0.0,0
Salem,2025-12-16,1.4,1.4,1.3999999999999786,1.3999999999999928,0.1999999999999989,0
Salem,2025-12-17,0.3,0.3,1.6999999999999786,1.6999999999999929,0.2428571428571418,0
Salem,2025-12-18,0.0,0.0,1.6999999999999786,1.6999999999999929,0.2428571428571418,0
Salem,2025-12-19,0.0,0.0,0.2999999999999787,1.6999999999999929,0.2428571428571418,0
Salem,2025-12-20,0.0,0.0,0.0,1.6999999999999929,0.2428571428571418,0
Salem,2025-12-21,0.0,0.0,0.0,1.6999999999999929,0.2428571428571418,0
Salem,2025-12-22,0.0,0.0,0.0,1.6999999999999929,0.2428571428571418,0
Salem,2025-12-23,0.0,0.0,0.0,0.2999999999999929,0.0428571428571418,0
Salem,2025-12-24,0.0,0.0,0.0,0.0,0.0,0
Salem,2025-12-25,0.0,0.0,0.0,0.0,0.0,0
Salem,2025-12-26,0.0,0.0,0.0,0.0,0.0,0
Salem,2025-12-27,0.0,0.0,0.0,0.0,0.0,0
Salem,2025-12-28,0.0,0.0,0.0,0.0,0.0,0
Salem,2025-12-29,0.0,0.0,0.0,0.0,0.0,0
Salem,2025-12-30,0.0,0.0,0.0,0.0,0.0,0
Salem,2025-12-31,0.4,0.4,0.3999999999999787,0.3999999999999929,0.0571428571428561,0
Salem,2026-01-01,1.6,1.6,1.999999999999979,1.999999999999993,0.2857142857142847,0
Salem,2026-01-02,1.3,1.3,3.2999999999999785,3.2999999999999927,0.4714285714285703,0
Salem,2026-01-03,0.0,0.0,2.899999999999979,3.2999999999999927,0.4714285714285703,0
Salem,2026-01-04,0.0,0.0,1.2999999999999787,3.2999999999999927,0.4714285714285703,0
Salem,2026-01-05,0.0,0.0,0.0,3.2999999999999927,0.4714285714285703,0
Salem,2026-01-06,0.0,0.0,0.0,3.2999999999999927,0.4714285714285703,0
Salem,2026-01-07,0.0,0.0,0.0,2.899999999999993,0.4142857142857133,0
Salem,2026-01-08,0.0,0.0,0.0,1.299999999999993,0.1857142857142847,0
Salem,2026-01-09,0.0,0.0,0.0,0.0,0.0,0
Salem,2026-01-10,1.6,1.6,1.5999999999999788,1.599999999999993,0.2285714285714275,0
Salem,2026-01-11,0.0,0.0,1.5999999999999788,1.599999999999993,0.2285714285714275,0
Salem,2026-01-12,0.3,0.3,1.8999999999999788,1.899999999999993,0.2714285714285704,0
Salem,2026-01-13,0.2,0.2,0.4999999999999787,2.099999999999993,0.299999999999999,0
Salem,2026-01-14,0.2,0.2,0.6999999999999786,2.299999999999993,0.3285714285714275,0
Salem,2026-01-15,0.0,0.0,0.3999999999999787,2.299999999999993,0.3285714285714275,0
Salem,2026-01-16,0.0,0.0,0.1999999999999787,2.299999999999993,0.3285714285714275,0
Salem,2026-01-17,0.0,0.0,0.0,0.6999999999999929,0.0999999999999989,0
Salem,2026-01-18,0.0,0.0,0.0,0.6999999999999929,0.0999999999999989,0
Salem,2026-01-19,0.0,0.0,0.0,0.3999999999999929,0.0571428571428561,0
Salem,2026-01-20,0.0,0.0,0.0,0.1999999999999929,0.0285714285714275,0
Salem,2026-01-21,0.0,0.0,0.0,0.0,0.0,0
Salem,2026-01-22,0.0,0.0,0.0,0.0,0.0,0
Salem,2026-01-23,0.0,0.0,0.0,0.0,0.0,0
Salem,2026-01-24,0.1,0.1,0.0999999999999786,0.0999999999999929,0.0142857142857132,0
Salem,2026-01-25,0.2,0.2,0.2999999999999787,0.2999999999999929,0.0428571428571418,0
Salem,2026-01-26,0.9,0.9,1.1999999999999789,1.199999999999993,0.1714285714285704,0
Salem,2026-01-27,0.0,0.0,1.0999999999999788,1.199999999999993,0.1714285714285704,0
Salem,2026-01-28,0.0,0.0,0.8999999999999787,1.199999999999993,0.1714285714285704,0
Salem,2026-01-29,0.0,0.0,0.0,1.199999999999993,0.1714285714285704,0
Salem,2026-01-30,0.0,0.0,0.0,1.199999999999993,0.1714285714285704,0
Salem,2026-01-31,0.0,0.0,0.0,1.099999999999993,0.1571428571428561,0
Salem,2026-02-01,0.0,0.0,0.0,0.8999999999999929,0.1285714285714275,0
Salem,2026-02-02,0.0,0.0,0.0,0.0,0.0,0
Salem,2026-02-03,0.0,0.0,0.0,0.0,0.0,0
Salem,2026-02-04,0.0,0.0,0.0,0.0,0.0,0
Salem,2026-02-05,0.2,0.2,0.1999999999999787,0.1999999999999929,0.0285714285714275,0
Salem,2026-02-06,0.0,0.0,0.1999999999999787,0.1999999999999929,0.0285714285714275,0
Salem,2026-02-07,0.0,0.0,0.1999999999999787,0.1999999999999929,0.0285714285714275,0
Salem,2026-02-08,0.0,0.0,0.0,0.1999999999999929,0.0285714285714275,0
Salem,2026-02-09,0.0,0.0,0.0,0.1999999999999929,0.0285714285714275,0
Salem,2026-02-10,0.0,0.0,0.0,0.1999999999999929,0.0285714285714275,0
Salem,2026-02-11,0.0,0.0,0.0,0.1999999999999929,0.0285714285714275,0
Salem,2026-02-12,0.0,0.0,0.0,0.0,0.0,0
Salem,2026-02-13,0.0,0.0,0.0,0.0,0.0,0
Salem,2026-02-14,0.0,0.0,0.0,0.0,0.0,0
Salem,2026-02-15,0.0,0.0,0.0,0.0,0.0,0
Salem,2026-02-16,0.0,0.0,0.0,0.0,0.0,0
Salem,2026-02-17,0.0,0.0,0.0,0.0,0.0,0
Salem,2026-02-18,0.0,0.0,0.0,0.0,0.0,0
Salem,2026-02-19,0.0,0.0,0.0,0.0,0.0,0
Salem,2026-02-20,0.5,0.5,0.4999999999999787,0.4999999999999929,0.0714285714285704,0
Salem,2026-02-21,0.0,0.0,0.4999999999999787,0.4999999999999929,0.0714285714285704,0
Salem,2026-02-22,0.0,0.0,0.4999999999999787,0.4999999999999929,0.0714285714285704,0
Salem,2026-02-23,0.0,0.0,0.0,0.4999999999999929,0.0714285714285704,0
Salem,2026-02-24,0.0,0.0,0.0,0.4999999999999929,0.0714285714285704,0
Salem,2026-02-25,0.0,0.0,0.0,0.4999999999999929,0.0714285714285704,0
Salem,2026-02-26,0.1,0.1,0.0999999999999786,0.5999999999999929,0.0857142857142847,0
Salem,2026-02-27,0.1,0.1,0.1999999999999787,0.1999999999999929,0.0285714285714275,0
Salem,2026-02-28,0.0,0.0,0.1999999999999787,0.1999999999999929,0.0285714285714275,0
Salem,2026-03-01,0.0,0.0,0.0999999999999786,0.1999999999999929,0.0285714285714275,0
Salem,2026-03-02,0.0,0.0,0.0,0.1999999999999929,0.0285714285714275,0
Salem,2026-03-03,0.0,0.0,0.0,0.1999999999999929,0.0285714285714275,0
Salem,2026-03-04,0.0,0.0,0.0,0.1999999999999929,0.0285714285714275,0
Salem,2026-03-05,0.0,0.0,0.0,0.0999999999999929,0.0142857142857132,0
Salem,2026-03-06,0.0,0.0,0.0,0.0,0.0,0
Salem,2026-03-07,0.0,0.0,0.0,0.0,0.0,0
Salem,2026-03-08,0.0,0.0,0.0,0.0,0.0,0
Salem,2026-03-09,0.0,0.0,0.0,0.0,0.0,0
Salem,2026-03-10,0.0,0.0,0.0,0.0,0.0,0
Salem,2026-03-11,0.0,0.0,0.0,0.0,0.0,0
Salem,2026-03-12,0.0,0.0,0.0,0.0,0.0,0
Salem,2026-03-13,0.0,0.0,0.0,0.0,0.0,0
Salem,2026-03-14,0.0,0.0,0.0,0.0,0.0,0
Salem,2026-03-15,0.0,0.0,0.0,0.0,0.0,0
Salem,2026-03-16,0.0,0.0,0.0,0.0,0.0,0
Salem,2026-03-17,0.0,0.0,0.0,0.0,0.0,0
Salem,2026-03-18,23.0,23.0,22.99999999999998,22.999999999999996,3.2857142857142847,0
Salem,2026-03-19,5.3,5.3,28.29999999999998,28.299999999999997,4.042857142857142,0
Salem,2026-03-20,0.1,0.1,28.399999999999977,28.39999999999999,4.057142857142856,0
Salem,2026-03-21,0.2,0.2,5.599999999999978,28.599999999999994,4.0857142857142845,0
Salem,2026-03-22,0.0,0.0,0.2999999999999787,28.599999999999994,4.0857142857142845,0
Salem,2026-03-23,0.0,0.0,0.1999999999999787,28.599999999999994,4.0857142857142845,0
Salem,2026-03-24,0.0,0.0,0.0,28.599999999999994,4.0857142857142845,0
Salem,2026-03-25,0.0,0.0,0.0,5.5999999999999925,0.7999999999999989,0
Salem,2026-03-26,0.0,0.0,0.0,0.2999999999999929,0.0428571428571418,0
Salem,2026-03-27,0.0,0.0,0.0,0.1999999999999929,0.0285714285714275,0
Salem,2026-03-28,0.0,0.0,0.0,0.0,0.0,0
Salem,2026-03-29,0.0,0.0,0.0,0.0,0.0,0
Salem,2026-03-30,0.0,0.0,0.0,0.0,0.0,0
Salem,2026-03-31,0.0,0.0,0.0,0.0,0.0,0
Salem,2026-04-01,0.0,0.0,0.0,0.0,0.0,0
Salem,2026-04-02,0.0,0.0,0.0,0.0,0.0,0
Salem,2026-04-03,0.0,0.0,0.0,0.0,0.0,0
Salem,2026-04-04,0.9,0.9,0.8999999999999787,0.8999999999999929,0.1285714285714275,0
Salem,2026-04-05,0.5,0.5,1.3999999999999786,1.3999999999999928,0.1999999999999989,0
Salem,2026-04-06,0.0,0.0,1.3999999999999786,1.3999999999999928,0.1999999999999989,0
Salem,2026-04-07,0.0,0.0,0.4999999999999787,1.3999999999999928,0.1999999999999989,0
Salem,2026-04-08,0.0,0.0,0.0,1.3999999999999928,0.1999999999999989,0
Salem,2026-04-09,0.1,0.1,0.0999999999999786,1.499999999999993,0.2142857142857132,0
Salem,2026-04-10,0.1,0.1,0.1999999999999787,1.599999999999993,0.2285714285714275,0
Salem,2026-04-11,0.0,0.0,0.1999999999999787,0.6999999999999929,0.0999999999999989,0
Salem,2026-04-12,0.0,0.0,0.0999999999999786,0.1999999999999929,0.0285714285714275,0
Salem,2026-04-13,0.0,0.0,0.0,0.1999999999999929,0.0285714285714275,0
Salem,2026-04-14,0.0,0.0,0.0,0.1999999999999929,0.0285714285714275,0
Salem,2026-04-15,0.0,0.0,0.0,0.1999999999999929,0.0285714285714275,0
Salem,2026-04-16,0.0,0.0,0.0,0.0999999999999929,0.0142857142857132,0
Salem,2026-04-17,0.0,0.0,0.0,0.0,0.0,0
Salem,2026-04-18,0.0,0.0,0.0,0.0,0.0,0
Salem,2026-04-19,0.0,0.0,0.0,0.0,0.0,0
Salem,2026-04-20,0.0,0.0,0.0,0.0,0.0,0
Salem,2026-04-21,0.0,0.0,0.0,0.0,0.0,0
Salem,2026-04-22,0.0,0.0,0.0,0.0,0.0,0
Salem,2026-04-23,0.0,0.0,0.0,0.0,0.0,0
Salem,2026-04-24,0.0,0.0,0.0,0.0,0.0,0
Salem,2026-04-25,0.0,0.0,0.0,0.0,0.0,0
Salem,2026-04-26,0.0,0.0,0.0,0.0,0.0,0
Salem,2026-04-27,0.0,0.0,0.0,0.0,0.0,0
Salem,2026-04-28,0.0,0.0,0.0,0.0,0.0,0
Salem,2026-04-29,0.0,0.0,0.0,0.0,0.0,0
Salem,2026-04-30,0.2,0.2,0.1999999999999787,0.1999999999999929,0.0285714285714275,0
Salem,2026-05-01,0.0,0.0,0.1999999999999787,0.1999999999999929,0.0285714285714275,0
Salem,2026-05-02,0.0,0.0,0.1999999999999787,0.1999999999999929,0.0285714285714275,0
Salem,2026-05-03,0.0,0.0,0.0,0.1999999999999929,0.0285714285714275,0
Salem,2026-05-04,0.4,0.4,0.3999999999999787,0.599999999999993,0.0857142857142847,0
Salem,2026-05-05,0.0,0.0,0.3999999999999787,0.599999999999993,0.0857142857142847,0
Salem,2026-05-06,11.5,11.5,11.89999999999998,12.099999999999993,1.7285714285714275,0
Salem,2026-05-07,0.6,0.6,12.099999999999978,12.499999999999991,1.7857142857142847,0
Salem,2026-05-08,9.4,9.4,21.49999999999998,21.89999999999999,3.1285714285714272,0
Salem,2026-05-09,4.1,4.1,14.099999999999978,25.999999999999996,3.714285714285713,0
Salem,2026-05-10,0.6,0.6,14.099999999999978,26.599999999999994,3.8,0
Salem,2026-05-11,0.2,0.2,4.899999999999978,26.39999999999999,3.77142857142857,0
Salem,2026-05-12,0.2,0.2,0.9999999999999788,26.59999999999999,3.7999999999999994,0
Salem,2026-05-13,0.9,0.9,1.2999999999999787,15.999999999999991,2.2857142857142847,0
Salem,2026-05-14,0.9,0.9,1.999999999999979,16.299999999999994,2.328571428571428,0
Salem,2026-05-15,1.7,1.7,3.4999999999999787,8.599999999999993,1.2285714285714275,0
Salem,2026-05-16,0.7,0.7,3.2999999999999785,5.199999999999993,0.7428571428571419,0
Salem,2026-05-17,1.6,1.6,3.9999999999999782,6.199999999999993,0.8857142857142847,0
Salem,2026-05-18,3.2,3.2,5.499999999999979,9.199999999999992,1.3142857142857132,0
Salem,2026-05-19,1.8,1.8,6.599999999999978,10.799999999999994,1.542857142857142,0
Salem,2026-05-20,2.6,2.6,7.599999999999979,12.499999999999991,1.7857142857142847,0
Salem,2026-05-21,0.2,0.2,4.599999999999979,11.799999999999994,1.6857142857142848,0
Salem,2026-05-22,1.5,1.5,4.299999999999979,11.599999999999994,1.6571428571428564,0
Salem,2026-05-23,1.2,1.2,2.8999999999999786,12.099999999999993,1.7285714285714275,0
Salem,2026-05-24,7.2,7.2,9.89999999999998,17.699999999999996,2.528571428571428,0
Salem,2026-05-25,0.4,0.4,8.799999999999978,14.899999999999997,2.128571428571428,0
Salem,2026-05-26,0.1,0.1,7.699999999999979,13.199999999999994,1.8857142857142848,0
Salem,2026-05-27,3.8,3.8,4.299999999999978,14.399999999999997,2.0571428571428565,0
Salem,2026-05-28,0.1,0.1,3.999999999999978,14.299999999999994,2.042857142857142,0
Salem,2026-05-29,12.4,12.4,16.29999999999998,25.2,3.599999999999999,0
Salem,2026-05-30,0.4,0.4,12.899999999999975,24.399999999999995,3.485714285714285,0
Salem,2026-05-31,0.8,0.8,13.599999999999977,17.999999999999996,2.5714285714285707,0
Salem,2026-06-01,6.5,6.5,7.699999999999977,24.099999999999994,3.442857142857142,0
Salem,2026-06-02,0.8,0.8,8.099999999999977,24.799999999999997,3.542857142857142,0
Salem,2026-06-03,2.3,2.3,9.599999999999977,23.299999999999997,3.328571428571428,0
Salem,2026-06-04,2.2,2.2,5.299999999999977,25.39999999999999,3.6285714285714272,0
Salem,2026-06-05,2.1,2.1,6.5999999999999766,15.099999999999993,2.157142857142856,0
Salem,2026-06-06,2.5,2.5,6.799999999999978,17.199999999999992,2.457142857142856,0
Salem,2026-06-07,1.8,1.8,6.399999999999977,18.199999999999992,2.5999999999999988,0
Salem,2026-06-08,0.1,0.1,4.399999999999977,11.799999999999992,1.6857142857142846,0
Salem,2026-06-09,0.5,0.5,2.399999999999977,11.499999999999991,1.642857142857142,0
Salem,2026-06-10,0.9,0.9,1.499999999999977,10.099999999999993,1.4428571428571415,0
Salem,2026-06-11,3.7,3.7,5.0999999999999766,11.599999999999994,1.6571428571428564,0
Salem,2026-06-12,1.9,1.9,6.499999999999977,11.399999999999991,1.6285714285714277,0
Salem,2026-06-13,5.1,5.1,10.699999999999976,13.999999999999991,1.999999999999999,0
Salem,2026-06-14,4.8,4.8,11.799999999999976,16.999999999999993,2.4285714285714275,0
Salem,2026-06-15,0.0,0.0,9.899999999999975,16.89999999999999,2.4142857142857133,0
Salem,2026-06-16,0.4,0.4,5.199999999999977,16.79999999999999,2.3999999999999986,0
Salem,2026-06-17,2.0,2.0,2.399999999999977,17.89999999999999,2.557142857142856,0
Salem,2026-06-18,10.6,10.6,12.999999999999975,24.79999999999999,3.5428571428571414,0
Salem,2026-06-19,4.2,4.2,16.799999999999976,27.09999999999999,3.87142857142857,0
Salem,2026-06-20,1.5,1.5,16.299999999999976,23.499999999999996,3.3571428571428563,0
Salem,2026-06-21,0.2,0.2,5.899999999999977,18.89999999999999,2.699999999999999,0
Salem,2026-06-22,16.7,16.7,18.399999999999977,35.599999999999994,5.0857142857142845,0
Salem,2026-06-23,0.9,0.9,17.799999999999976,36.1,5.157142857142857,0
Salem,2026-06-24,0.4,0.4,17.99999999999998,34.49999999999999,4.928571428571428,0
Salem,2026-06-25,1.8,1.8,3.0999999999999788,25.699999999999992,3.6714285714285695,0
Salem,2026-06-26,2.4,2.4,4.599999999999978,23.89999999999999,3.4142857142857133,0
Salem,2026-06-27,4.9,4.9,9.099999999999978,27.29999999999999,3.899999999999999,0
Salem,2026-06-28,9.2,9.2,16.49999999999998,36.29999999999999,5.185714285714284,0
Salem,2026-06-29,15.2,15.2,29.299999999999976,34.79999999999999,4.97142857142857,0
Salem,2026-06-30,1.2,1.2,25.59999999999998,35.099999999999994,5.014285714285713,0
Salem,2026-07-01,2.6,2.6,18.99999999999997,37.3,5.328571428571428,0
Salem,2026-07-02,0.0,0.0,3.7999999999999785,35.49999999999999,5.07142857142857,0
Salem,2026-07-03,18.6,18.6,21.19999999999998,51.69999999999999,7.385714285714284,1
Salem,2026-07-04,5.1,5.1,23.69999999999998,51.89999999999999,7.414285714285713,1
Salem,2026-07-05,0.3,0.3,23.99999999999998,42.99999999999999,6.1428571428571415,0
Salem,2026-07-06,0.3,0.3,5.699999999999978,28.099999999999994,4.014285714285713,0
Salem,2026-07-07,0.1,0.1,0.6999999999999786,26.999999999999996,3.857142857142856,0
Salem,2026-07-08,0.5,0.5,0.8999999999999786,24.899999999999995,3.5571428571428565,0
Salem,2026-07-09,1.7,1.7,2.2999999999999785,26.599999999999994,3.8,0
Salem,2026-07-10,5.8,5.8,7.999999999999979,13.799999999999992,1.9714285714285704,0
Salem,2026-07-11,1.7,1.7,9.199999999999978,10.399999999999991,1.4857142857142844,0
Salem,2026-07-12,0.0,0.0,7.499999999999979,10.09999999999999,1.4428571428571415,0
Salem,2026-07-13,0.0,0.0,1.6999999999999778,9.799999999999992,1.3999999999999988,0
Salem,2026-07-14,0.0,0.0,0.0,9.699999999999992,1.3857142857142846,0
Salem,2026-07-15,0.0,0.0,0.0,9.199999999999992,1.3142857142857132,0
Salem,2026-07-16,0.0,0.0,0.0,7.499999999999992,1.0714285714285705,0
Salem,2026-07-17,4.1,4.1,4.099999999999977,5.799999999999993,0.8285714285714275,0
Salem,2026-07-18,1.1,1.1,5.199999999999978,5.199999999999992,0.7428571428571418,0
Salem,2026-07-19,3.1,3.1,8.299999999999978,8.299999999999994,1.1857142857142848,0
Salem,2026-07-20,1.3,1.3,5.499999999999978,9.599999999999993,1.3714285714285703,0
Salem,2026-07-21,0.1,0.1,4.499999999999978,9.699999999999992,1.3857142857142846,0
Salem,2026-07-22,0.3,0.3,1.699999999999978,9.999999999999991,1.4285714285714275,0
Salem,2026-07-23,0.2,0.2,0.5999999999999779,10.199999999999992,1.457142857142856,0
Salem,2026-07-24,1.2,1.2,1.699999999999978,7.299999999999994,1.042857142857142,0
Salem,2026-07-25,0.0,0.0,1.3999999999999777,6.199999999999994,0.8857142857142849,0
Salem,2026-07-26,0.3,0.3,1.4999999999999778,3.399999999999993,0.4857142857142847,0
Salem,2026-07-27,0.8,0.8,1.099999999999978,2.899999999999993,0.4142857142857132,0
Salem,2026-07-28,1.2,1.2,2.2999999999999776,3.999999999999993,0.5714285714285704,0
Salem,2026-07-29,2.3,2.3,4.299999999999978,5.999999999999993,0.8571428571428561,0
Salem,2026-07-30,0.8,0.8,4.299999999999978,6.5999999999999925,0.9428571428571418,0
Salem,2026-07-31,5.6,5.6,8.699999999999978,10.999999999999991,1.5714285714285705,0
Salem,2026-08-01,10.8,10.8,17.199999999999978,21.799999999999997,3.114285714285713,0
Salem,2026-08-02,1.3,1.3,17.699999999999978,22.799999999999997,3.257142857142856,0
Salem,2026-08-03,12.9,12.9,24.99999999999998,34.89999999999999,4.985714285714285,0
Salem,2026-08-04,13.6,13.6,27.79999999999998,47.3,6.757142857142857,0
Salem,2026-08-05,2.7,2.7,29.199999999999974,47.7,6.814285714285714,0
Salem,2026-08-06,8.1,8.1,24.399999999999977,55.0,7.857142857142857,1
Salem,2026-08-07,3.9,3.9,14.69999999999998,53.3,7.614285714285714,1
